corpus,session,start_frac,dur_s,min_nose_gap,lag_s,height_match,ordinal
mouse-dyad-10m,20250827_152238,0.14782623183898344,0.33976194013394617,0.24452886918205496,0.3730719342647252,0.6402586838646785,1
mouse-dyad-10m,20250827_152238,0.23667081352468122,0.6661998826155807,0.18620712027599576,0.20652196361083003,0.6724984921838936,2
mouse-dyad-10m,20250827_152238,0.23761496423334963,0.8727218462264107,0.32167148427600273,1.3390617640573172,0.7184845876462348,3
mouse-dyad-10m,20250827_152238,0.31356355800417646,0.8860458438787223,0.07958834887205063,1.0792438098372408,0.811394048181279,4
mouse-dyad-10m,20250827_152238,0.3144521704358644,1.971951652542119,0.030970563179407433,2.14516362202217,0.8289497514098082,5
mouse-dyad-10m,20250827_152238,0.5153674412405029,3.0178854682485805,0.006675689308941245,0.1798739683062068,0.8612076344227011,6
mouse-dyad-10m,20250827_152238,0.6091660372328609,1.1591877957511105,0.03637866692736073,0.5462839037447762,0.7870832039611565,7
mouse-dyad-10m,20250827_152238,0.6690307459901365,1.1258778016203315,0.18833883137837706,0.41304392722166006,0.7574194232147584,8
mouse-dyad-10m,20250827_152238,0.8588994535033545,0.8127638567910085,0.18589144985643344,0.4996499119616855,0.6782003295179811,9
mouse-dyad-10m,20250827_152238,0.8678799928911005,0.7461438685294504,0.1877964767561889,0.5262979072663088,0.7626116590941521,10
mouse-dyad-10m,20250827_152238,0.8733671746567735,1.1858357910557338,0.09246774527595134,0.2598179542200765,0.7610058967446254,11
mouse-dyad-10m,20250827_162428,0.1002793559817169,0.7794543819326472,0.32161598319470563,0.6262283068518704,0.7734386411901492,1
mouse-dyad-10m,20250827_172440,0.4450288240455853,0.26648030810453227,0.29850763887941595,0.059958069323519755,0.6901246390447966,1
mouse-dyad-10m,20250829_134647,0.11668535023363708,0.4530153165810934,0.0866459849819952,2.0052589748663103,0.6312418529250129,1
mouse-dyad-10m,20250829_134647,0.47512680777384375,0.5729311356760887,0.2886562052462849,1.8453712160729834,0.5178815678193821,2
mouse-dyad-10m,20250829_134647,0.688940808240008,0.7861148140671915,0.7651348870385976,10.212830592923767,0.3706448721266263,3
mouse-dyad-10m,20250829_141847,0.10177502304864096,0.4730022317710936,0.05884049443907452,0.3264381599546984,0.8304967778310515,1
mouse-dyad-10m,20250829_141847,0.11761471558532441,0.3397621664834616,0.20991418989542535,5.4495186702641485,0.987783743520521,2
mouse-dyad-10m,20250829_141847,0.1184422451042465,0.4263682089204224,0.04216459267263958,6.58205922520902,0.9306145750598994,3
mouse-dyad-10m,20250829_141847,0.13224366023526277,0.299790146897172,0.17786810873474473,7.714599780153892,0.9979785981326926,4
mouse-dyad-10m,20250829_141847,0.13360991702489253,1.032610505979148,0.04500669459450443,0.3464241697478432,0.8210936706995027,5
mouse-dyad-10m,20250829_141847,0.22556566363424305,0.2531561240465008,0.020265292556852207,0.5795942840011992,0.8953604270600435,6
mouse-dyad-10m,20250829_141847,0.22595998978084353,1.3790346757269911,0.01777050782687281,0.4730022317710936,0.9030809733098323,7
mouse-dyad-10m,20250829_144840,0.004260046099586214,0.2864663312123722,0.0779889528059164,0.27314231580714554,0.9095494104452505,1
mouse-dyad-10m,20250829_144840,0.036190952261934514,0.9726531245815427,0.17211174681101005,0.6062427009378109,0.7662522009914795,2
mouse-dyad-10m,20250829_144840,0.08215723846816074,0.47966455458815804,0.19574821288895425,0.5529466393169045,0.727622694808446,3
mouse-dyad-10m,20250829_144840,0.11839817823321948,0.3464244005358919,0.15905909141126143,0.07994409243135968,0.911655497367996,4
mouse-dyad-10m,20250829_144840,0.13096170401843985,0.6062427009378109,0.0817964417403505,0.3464244005358919,0.7698352213073143,5
mouse-dyad-10m,20250829_144840,0.13711016690271877,0.7727928935031435,0.11315168457171192,0.15322617716010606,0.8455720660669442,6
mouse-dyad-10m,20250829_144840,0.1739009692021439,0.7061728164770105,0.03026566101922248,0.35974841594111856,0.8139346155556537,7
mouse-dyad-10m,20250829_144840,0.20241606265100393,1.67216393335594,0.10992677877119392,0.16655019256533266,0.8774138697581154,8
mouse-dyad-10m,20250829_144840,0.38901941181371325,0.26648030810453227,0.2570274648067035,0.9193570629606362,0.6410951268723187,9
mouse-dyad-10m,20250829_162253,0.04786235546323962,0.32643881237562844,0.03548198908594934,0.13324033158188917,0.861959147503583,1
mouse-dyad-10m,20250829_162253,0.09835719601461751,1.2990932329234193,0.0835237447779288,0.6795256910676347,0.9011902813151035,2
mouse-dyad-10m,20250829_162253,0.18703417787601773,1.0659226526551133,0.18924340724427502,0.7594698900167682,0.9207368285617258,3
mouse-dyad-10m,20250829_162253,0.22582167968099168,0.55294737606484,0.03140271780681404,1.0592606360760188,0.9465469458185496,4
mouse-dyad-10m,20250829_162253,0.23304712925835008,0.4463551107993287,0.03339818289918369,0.013324033158188918,0.9253121626281476,5
mouse-dyad-10m,20250829_162253,0.28183696364504773,0.8460761055449962,0.21419721378140807,0.6328915750139735,0.7991658560606398,6
mouse-dyad-10m,20250829_162253,0.29757078274778126,0.3331008289547229,0.30614608284015915,0.26648066316377833,0.7756815339770489,7
mouse-dyad-10m,20250829_162253,0.32031900831954147,2.4249740347903828,0.13096049698075118,0.05995814921185012,0.8653164451760781,8
mouse-dyad-10m,20250829_162253,0.3252896288973553,1.145866851604247,0.20720485832092897,1.1258808018669635,0.7150154361803935,9
mouse-dyad-10m,20250829_162253,0.34666607426495905,1.032612569759641,0.0722276702555034,0.0,0.921281353398758,10
mouse-dyad-10m,20250829_162253,0.44045252085439135,0.7528078734376737,0.2539739458129265,1.3990234816098364,0.7416891972350832,11
mouse-dyad-10m,20250829_162253,0.45502004909529153,0.27980469632196725,0.3568524894974489,0.8394140889659018,0.6534537833884865,12
mouse-dyad-10m,20250829_162253,0.46102922391673795,2.21178950425936,0.2936301430448185,0.6728636744885403,0.5901630181673694,13
mouse-dyad-10m,20250829_162253,0.5329227248997546,0.7861179563331461,0.022245952244717444,1.3390653323979862,0.7579896941395088,14
mouse-dyad-10m,20250829_162253,0.6229215030712326,1.0525986194969243,0.06873332795720857,0.2198465471101171,0.9599201798992401,15
mouse-dyad-10m,20250829_162253,0.6250485954525764,0.712835773963107,0.21180102283305363,0.5929194755394068,0.6246847296905551,16
mouse-dyad-10m,20250829_162253,0.6434704373035355,0.319776795796534,0.10535815989667748,0.1265783150027947,0.7824617048791048,17
mouse-dyad-10m,20250829_162253,0.7290484177320641,0.9060342547568463,0.13593758383842336,0.28646671290106174,0.7722853264575879,18
mouse-dyad-10m,20250829_162253,0.7299870041875396,1.1991629842370024,0.21838563320529658,1.4123475147680251,0.7840657547060809,19
mouse-dyad-10m,20250829_162253,0.7322196181230493,0.46634116053661206,0.7046804957458352,4.0904781795639975,0.5575506412678887,20
mouse-dyad-10m,20250829_162253,0.7355907540903487,1.845378592409165,0.046714541256434414,0.319776795796534,0.998296589936898,21
mouse-dyad-10m,20250829_162253,0.8001977140699108,0.9060342547568463,0.15091564689920467,0.6462156081721625,0.7829541327154012,22
mouse-dyad-10m,20250829_162253,0.8026358173477435,1.1925009676579081,0.06555581479785784,0.22650856368921157,0.9539330249253581,23
mouse-dyad-10m,20250829_162253,0.8202301480634018,1.0459366029178299,0.03539288750539374,0.20652251395192822,0.9878327396798252,24
mouse-dyad-10m,20250829_162253,0.8340867942551844,0.7194977905422015,0.10135991307817847,0.5063132600111788,0.6081350677143105,25
mouse-dyad-10m,20250829_162253,0.8759621899610126,0.9060342547568463,0.06175682327287949,1.0592606360760188,0.9271061874949751,26
mouse-dyad-10m,20250829_162253,0.8852980706216885,0.5795954423812179,0.056839437683100964,0.11991629842370025,0.9103911186470294,27
mouse-dyad-10m,20250829_162253,0.9469670883826322,1.6122080121408588,0.08990798443076328,0.2731426797428728,0.804799680747727,28
mouse-dyad-10m,20250829_162253,0.9601017449932799,1.0126265200223576,0.056665121090475404,0.159888397898267,0.931714757400472,29
mouse-dyad-10m,20250829_162253,0.9611014228748515,1.4589816308216863,0.05669233640115648,1.3590513821352694,0.9844787014520324,30
mouse-dyad-10m,20250829_162253,0.9876928545246532,0.55294737606484,0.10183373175806408,0.4396930942202342,0.6438890530862059,31
mouse-dyad-10m,20250903_143938,0.0801459521601253,0.2531583165504914,0.09049552108922594,0.0066620609618550375,0.9196077921492006,1
mouse-dyad-10m,20250903_143938,0.08775456933560666,0.8260955592700246,0.042198606372706164,0.2464962555886364,0.8337352157067353,2
mouse-dyad-10m,20250903_143938,0.08903192842346119,0.9926470833164006,0.03029077532224181,0.1598894630845209,0.825043038138089,3
mouse-dyad-10m,20250903_143938,0.21252478354317195,0.7861231934988944,0.025138866373427583,0.34642717001646195,0.8263251642646524,4
mouse-dyad-10m,20250903_143938,0.2220938692317518,0.9926470833164006,0.15235477826717872,0.8527438031174448,0.7446291468357298,5
mouse-dyad-10m,20250903_143938,0.2497959002327015,0.89937822985043,0.01569431941074555,3.53089230978317,0.7734060425955119,6
mouse-dyad-10m,20250903_143938,0.441172060269134,1.2191571560194718,0.054217114572781555,0.699516400994779,0.8452265724947612,7
mouse-dyad-10m,20250903_143938,0.4552785475871798,0.532964876948403,0.05155302628970693,0.3797374748257371,0.8783325264558661,8
mouse-dyad-10m,20250903_143938,0.5409560199712317,0.6395578523380836,0.02798987442089735,1.065929753896806,0.82729151752754,9
mouse-dyad-10m,20250903_150657,0.08308526236282046,0.8594035739196998,0.07033832699862867,0.11325473454755734,0.7544811635988772,1
mouse-dyad-10m,20250903_150657,0.09825831963389167,0.2931299011819131,0.13557597099909105,0.7794590554155417,0.8800330259985922,2
mouse-dyad-10m,20250903_150657,0.10503398942551206,0.4130466789381503,0.05272480458448757,0.48632915423362855,0.9556310586260962,3
mouse-dyad-10m,20250903_150657,0.13248100590927267,0.299791944390593,0.16751093422411142,0.5396254999030673,0.8636903139038243,4
mouse-dyad-10m,20250903_150657,0.13716843648642643,1.578904240457123,0.05635802614956005,0.03997225925207906,0.8891140874280085,5
mouse-dyad-10m,20250903_150657,0.21666037232860888,0.5196393702770278,0.05545661366581883,0.48632915423362855,0.7528708107868269,6
mouse-dyad-10m,20250903_150657,0.24447394144044074,0.6129079751985456,0.13514592198218847,0.9460101356325378,0.8345330681723798,7
mouse-dyad-10m,20250903_150657,0.24521260052428134,2.4516319007941823,0.07338691565741291,1.832061882386957,0.683222611206488,8
mouse-dyad-10m,20250903_150657,0.2512273959212689,1.0392787405540556,0.013098210125107526,1.6521867157526011,0.7940874509677047,9
mouse-dyad-10m,20250903_150657,0.2554205358332963,0.639556148033265,0.0643542548619558,0.6662043208679843,0.7980067754820908,10
mouse-dyad-10m,20250903_150657,0.25708668414271113,0.35975033326871153,0.15266974386873666,0.07994451850415812,0.7420162152309546,11
mouse-dyad-10m,20250903_150657,0.4490769538365842,0.3664123764773914,0.20049062748815188,0.25315764192983403,0.8540035885290616,12
mouse-dyad-10m,20250903_150657,0.4572355267250189,0.7061765801200633,0.009616916515340187,0.07994451850415812,0.8830328878485407,13
mouse-dyad-10m,20250903_150657,0.4580574932243302,0.35975033326871153,0.4897714038294385,0.9859823948846168,0.648853491365206,14
mouse-dyad-10m,20250903_150657,0.7560036877415915,0.3530882900600317,0.06760102332518432,0.17987516663435577,0.8856735678521366,15
mouse-dyad-10m,20250903_153433,0.031251214893061645,0.5529492179432688,0.01304190512762823,0.11325465909681409,0.937803650320136,1
mouse-dyad-10m,20250903_153433,0.03243972741965044,0.6928520321216862,0.044356347635596004,0.1865370855712232,0.9734094086290417,2
mouse-dyad-10m,20250903_153433,0.03533880937703061,1.239139211294554,0.2170813062318157,0.6795279545808846,0.8336258839289867,3
mouse-dyad-10m,20250903_153433,0.3458904680184608,0.7994446524480995,0.04640365443110013,0.0466342713928058,0.8562063745411245,4
mouse-dyad-10m,20250903_153433,0.540084528788106,0.6062455281064754,0.07977612596919233,0.17987504680082236,0.9561547469737379,5
mouse-dyad-10m,20250903_153433,0.9574967926823172,0.47966679146885965,0.05239650472990722,0.17987504680082236,0.8812223989297931,6
mouse-dyad-10m,20250904_140306,0.0,0.7661283338240996,0.051366340081419326,0.0,0.9182682379387129,1
mouse-dyad-10m,20250904_140306,0.05514459014755909,0.31311331904115375,0.014655485475229383,0.09326779716119474,0.9669097454380129,2
mouse-dyad-10m,20250904_140306,0.056937052924822006,0.9326779716119473,0.04368150203100032,1.5722285807172827,0.6779564200864034,3
mouse-dyad-10m,20250904_140306,0.062109112703178156,0.27314140597207026,0.10271077537387628,0.18653559432238948,0.7769583370870712,4
mouse-dyad-10m,20250904_140306,0.0629137786558194,0.31977530455266767,0.1745698096518481,0.9659878991695169,0.822648073166689,5
mouse-dyad-10m,20250904_140306,0.08185395035488544,0.2664794204605564,0.28712616502636806,1.1192135659343367,0.7938061277673658,6
mouse-dyad-10m,20250904_140306,0.08506151532472433,0.806100246893183,0.01850085938192491,0.10659176818422256,0.9634009549379572,7
mouse-dyad-10m,20250904_140306,0.11248675075888323,0.42636707273689023,0.021626335119435472,0.6528745801283631,0.8851916558934267,8
mouse-dyad-10m,20250904_140306,0.11311938468027015,0.44635302927143194,0.1809513783659463,1.4123409284409487,0.685441395956235,9
mouse-dyad-10m,20250904_140306,0.12122153841031304,0.5063108988750571,0.0843970583220094,0.1399016957417921,0.9624071372871946,10
mouse-dyad-10m,20250904_140306,0.12735364791147566,0.33309927557569546,0.12895384446965966,0.42636707273689023,0.8572836983677915,11
mouse-dyad-10m,20250904_140306,0.13633261005887934,1.2058193775840176,0.07003962941849966,0.01998595653454173,0.7858348794487551,12
mouse-dyad-10m,20250904_140306,0.13934594531601174,0.3397612610872094,0.033473822739312084,0.02664794204605564,0.9350901735954575,13
mouse-dyad-10m,20250904_140306,0.14139923085033768,1.1192135659343367,0.07675933332976198,0.14656368125330602,0.7717440478288611,14
mouse-dyad-10m,20250904_140306,0.144789926692157,0.8527341454737805,0.10525335415324788,0.3530852321102372,0.7916178132789018,15
mouse-dyad-10m,20250904_140306,0.14583876714077215,0.5596067829671684,0.1734911420509824,1.612200493786366,0.7263225274803278,16
mouse-dyad-10m,20250904_140306,0.14969006487272404,0.25981743494904247,0.1411964281782554,0.18653559432238948,0.725908057927708,17
mouse-dyad-10m,20250904_140306,0.1500452277759588,0.45301501478294587,0.10521643822965793,0.6129026670592796,0.7801173821772821,18
mouse-dyad-10m,20250904_140306,0.1533415834716064,0.6528745801283631,0.23616710956223513,0.4730009713174876,0.7511564713600627,19
mouse-dyad-10m,20250904_140306,0.1568710148225018,0.9793118701925447,0.06858562868693052,1.1591854790034202,0.9584086120092155,20
mouse-dyad-10m,20250904_140306,0.1633249907047209,0.7594663483125856,0.03426848909367357,0.04663389858059737,0.9119553403221251,21
mouse-dyad-10m,20250904_140306,0.18250378747939777,0.7261564207550161,0.23262593878064983,0.9260159861004335,0.7343719420875408,22
mouse-dyad-10m,20250904_140306,0.1858944833212171,1.7121302764590747,0.056571183796639224,0.11991573920725036,0.9467513640501639,23
mouse-dyad-10m,20250904_140306,0.21031748233896969,0.6861845076859326,0.08008462713025512,0.18653559432238948,0.7858098209662653,24
mouse-dyad-10m,20250904_140306,0.21117764249524137,1.092565623888281,0.09824873365055992,1.032607754284656,0.8623665619798256,25
mouse-dyad-10m,20250904_140306,0.21996237492993856,1.1525234934919064,0.0657103935459671,0.3064513335296398,0.8366917617667748,26
mouse-dyad-10m,20250904_140306,0.27936891991631474,1.7121302764590747,0.06039967230573571,0.44635302927143194,0.8793131518278103,27
mouse-dyad-10m,20250904_140306,0.29866425451861556,0.8194242179162109,0.13961784029756394,0.366409203133265,0.7375580437356422,28
mouse-dyad-10m,20250904_140306,0.30959106321344737,0.45967700029445974,0.04639290153300023,0.04663389858059737,0.895472460436207,29
mouse-dyad-10m,20250904_140306,0.3104734210511712,0.8593961309852943,0.10155464328539893,1.0592556963307116,0.9718806641995245,30
mouse-dyad-10m,20250904_140306,0.31972985421672706,1.5589046096942547,0.23884256711871935,1.105889594911309,0.8635812218656086,31
mouse-dyad-10m,20250904_140306,0.32552899849610706,0.73281840626653,0.25497733070292306,0.4330290582484041,0.7384849997057362,32
mouse-dyad-10m,20250904_140306,0.36391433914727606,2.6114983205134523,0.027511625834262483,0.11991573920725036,0.894677283423793,33
mouse-dyad-10m,20250904_140306,0.36705531107275846,1.3390590878142958,0.04685461689232304,0.5063108988750571,0.9554033345139659,34
mouse-dyad-10m,20250904_140306,0.3882596462799461,0.44635302927143194,0.0672759836760236,0.05995786960362518,0.9386914947119435,35
mouse-dyad-10m,20250904_140306,0.42136748816586106,0.9793118701925447,0.15551601656454622,0.31977530455266767,0.8026329775938265,36
mouse-dyad-10m,20250904_140306,0.4266560857718411,1.1991573920725036,0.13717077501383348,0.7528043628010718,0.7886948272784605,37
mouse-dyad-10m,20250904_140306,0.4376272898295773,2.9112876685315783,0.06554768036350367,0.16654963778784773,0.923293334278752,38
mouse-dyad-10m,20250904_140306,0.4435540707773073,1.2324673196300733,0.056379799576207146,0.05995786960362518,0.820022234511444,39
mouse-dyad-10m,20250904_140306,0.4468837229951332,0.366409203133265,0.030440578915331747,1.9319757983390338,0.9590502225501233,40
mouse-dyad-10m,20250904_140306,0.4518615530607828,0.4929869278520293,0.10632476049476257,0.07328184062665301,0.8645795895576023,41
mouse-dyad-10m,20250904_140306,0.4855853806069956,3.171105103480621,0.048138256701115496,0.11991573920725036,0.8320376592643433,42
mouse-dyad-10m,20250904_140306,0.5159795559353826,0.7261564207550161,0.054601213694939255,0.04663389858059737,0.8476941537759592,43
mouse-dyad-10m,20250904_140306,0.5528221577256256,1.911989841804492,0.08030710481715016,0.03997191306908346,0.7494069823475358,44
mouse-dyad-10m,20250904_140306,0.5628333120605553,0.2864653769950981,0.03896977969876422,0.21318353636844511,0.9004560960106736,45
mouse-dyad-10m,20250904_140306,0.5810187625902474,1.2857632037221844,0.15528538437616665,0.0,0.8829436612160735,46
mouse-dyad-10m,20250904_140306,0.6227615025610574,0.7461423772895579,0.26841273925834047,0.2664794204605564,0.8147831447345263,47
mouse-dyad-10m,20250904_140306,0.6331888634232155,0.5795927395017101,0.08092460693107395,0.16654963778784773,0.9318803553254945,48
mouse-dyad-10m,20250904_140306,0.6372454897086,0.3464232465987233,0.23250011089149228,0.9126920150774056,0.7140272368357016,49
mouse-dyad-10m,20250904_140306,0.6412965665736214,0.5196348698980849,0.04076610255744812,0.11991573920725036,0.8777315467485207,50
mouse-dyad-10m,20250904_140306,0.642273264557517,0.806100246893183,0.029122872013932138,1.2924251892336984,0.9147531622271005,51
mouse-dyad-10m,20250904_140306,0.6434330934133929,0.7128324497319883,0.2533795342454813,2.6847801611401056,0.6930739471593615,52
mouse-dyad-10m,20250904_140306,0.7287554314951803,1.2657772471876427,0.016149538762184827,0.05329588409211128,0.8972995770300142,53
mouse-dyad-10m,20250904_140306,0.7476123618888008,0.2798033914835842,0.09446311357063379,0.0666198551151391,0.8098666139644973,54
mouse-dyad-10m,20250904_140306,0.7557422627206588,0.7528043628010718,0.02578825490536606,0.25315544943752855,0.938251058800775,55
mouse-dyad-10m,20250904_140306,0.7840276583110894,0.7994382613816692,0.10914386876480855,0.1399016957417921,0.9213039751843025,56
mouse-dyad-10m,20250904_140306,0.7921076143596801,2.93127362506612,0.02308410277034418,0.03330992755756955,0.8987415911937581,57
mouse-dyad-10m,20250904_140306,0.8033562894355685,1.5922145372518244,0.026081132962838476,0.18653559432238948,0.8611308858838359,58
mouse-dyad-10m,20250904_140306,0.848634010177637,1.2391293051415873,0.008884351330717848,0.03997191306908346,0.9387058844709779,59
mouse-dyad-10m,20250904_140306,0.8533843140084019,1.5855525517403104,0.002791098448348956,0.01998595653454173,0.7725649390366949,60
mouse-dyad-10m,20250904_140306,0.876081443293248,1.2191433486070453,0.04954210022636618,0.09326779716119474,0.8771871592183407,61
mouse-dyad-10m,20250904_140306,0.8802990027691607,0.6129026670592796,0.2642238756244288,0.73281840626653,0.7890535266770583,62
mouse-dyad-10m,20250904_140306,0.9412371877757368,0.38639515966780674,0.0524483300226684,0.17321162329936166,0.8207937387260156,63
mouse-dyad-10m,20250904_140306,0.965732329258209,0.8194242179162109,0.04664734159859414,0.14656368125330602,0.9659938746000294,64
mouse-dyad-10m,20250904_150414,0.6369124646631825,0.4063824698594117,0.18500577780035307,1.0459352093102892,0.7542932194084369,1
mouse-dyad-10m,20250904_174232,0.023967680534514237,2.218444131182664,0.04193329210740961,0.43969162960377123,0.7255067897334995,1
mouse-dyad-10m,20250904_174232,0.0661372578398566,0.4730016015434509,0.10337897218789381,0.37973368011234787,0.7466842619113916,2
mouse-dyad-10m,20250904_174232,0.37198461717748516,1.5922166587166868,0.05577246975963184,0.09326792143110299,0.823791052399535,3
mouse-dyad-10m,20250904_174232,0.37359948058001896,0.4796635959313868,0.045135715136998246,1.938640366889355,0.7293947753621763,4
mouse-dyad-10m,20250904_174232,0.37554730550884846,0.3064517418450527,0.10407599927340912,0.37307168572441196,0.6856622770189793,5
mouse-dyad-10m,20250904_174232,0.4935155742753925,0.3530857025606042,0.07307161396729094,1.4922867428976478,0.7757466281343524,6
mouse-dyad-10m,20250904_174232,0.49428693514464406,1.0525951132938767,0.07296301515540071,2.4183039628207417,0.7869494371172304,7
mouse-dyad-10m,20250904_181215,0.23507425385153674,0.27980432350975887,0.2133185154420219,0.2198462541862391,0.5827514245391658,1
mouse-dyad-10m,20250904_183921,0.16094258516700174,1.4123475147680251,0.03588340243112373,0.26648066316377833,0.9228474706861808,1
mouse-dyad-10m,20250904_183921,0.18286885336946984,0.8860482050195629,0.02950814998316821,1.2324730671324748,0.9825355403510723,2
mouse-dyad-10m,20250904_183921,0.2147974541536616,1.3324033158188917,0.07790551807154189,0.15322638131917254,0.7777219254622953,3
mouse-dyad-10m,20250904_183921,0.21746326183785225,0.566271409223029,0.050220986625531316,3.19776795796534,0.8083618018792266,4
mouse-dyad-10m,20250904_183921,0.21836297193126658,2.3850019353158163,0.0038472873556055394,4.277014643778642,0.9828362363211471,5
mouse-dyad-10m,20250904_183921,0.23481878061513511,0.47300317711570655,0.2982596199579146,0.479665193694801,0.6893424850640009,6
mouse-dyad-10m,20250904_183921,0.2361794532872741,0.40638301132476196,0.05653781408949322,0.11991629842370025,0.9316874463094759,7
mouse-dyad-10m,20250904_183921,0.23670150729209477,0.42636906106204536,0.050559604142300284,0.626229558434879,0.8974780403296099,8
mouse-dyad-10m,20250904_183921,0.23808439502826867,0.26648066316377833,0.00044081833479493575,2.2850716866293994,0.8387209044483626,9
mouse-dyad-10m,20250904_183921,0.3148429950349332,0.6595396413303514,0.017182272677415483,0.3997209947456675,0.994672364211757,10
mouse-dyad-10m,20250904_183921,0.3905630407979651,0.7794559397540516,0.014978052861609938,1.685490194510898,0.8852208861214893,11
mouse-dyad-10m,20250904_183921,0.4351986582101323,0.5063132600111788,0.012327901635049349,0.28646671290106174,0.8415904864391152,12
mouse-dyad-10m,20250904_183921,0.4544924413244621,0.2598186465846839,0.09181874883197891,0.8127660226495239,0.8836854940005553,13
mouse-dyad-10m,20250904_183921,0.5211820635572982,2.658144615058689,0.03880502253940451,0.6728636744885403,0.9346534162402459,14
mouse-dyad-10m,20250904_183921,0.5717046729387197,0.5396233429066511,0.029826393550925867,1.0259505531805466,0.9711767294415327,15
mouse-dyad-10m,20250904_183921,0.5726543669262126,0.4197070444829509,0.0697621445328806,2.165155388205699,0.982009713447986,16
mouse-dyad-10m,20250904_183921,0.5948361083650824,0.5262993097484622,0.10959476208700732,0.11325428184460579,0.9234074398766678,17
mouse-dyad-10m,20250904_183921,0.5955803130102523,0.2997907460592506,0.14917616075133672,0.8927102215986574,0.9042031462833958,18
mouse-dyad-10m,20250904_183921,0.6162292150307124,0.5795954423812179,0.1336064155305903,1.0525986194969243,0.7280539599876727,19
mouse-dyad-10m,20250904_183921,0.6176454253629386,0.9726544205477909,0.038608658382665244,0.21318453053102268,0.9378277114799127,20
mouse-dyad-10m,20250904_183921,0.6411878394739473,0.4396930942202342,0.026015820080240757,0.16655041447736146,0.873503405428291,21
mouse-dyad-10m,20250904_183921,0.6502404780681781,0.41304502790385644,0.2090719864869476,0.23317058026830603,0.9787281617951654,22
mouse-dyad-10m,20250904_183921,0.6511346343955836,0.40638301132476196,0.008870621026886807,0.04663411605366121,0.8610695282577426,23
mouse-dyad-10m,20250904_183921,0.6691232824978618,0.48632721027389547,0.059424258682716516,0.09993024868641688,0.7787251506869212,24
mouse-dyad-10m,20250904_183921,0.6700174388252674,1.365713398714364,0.22540323196428738,1.1725149179206247,0.8325117286170303,25
mouse-dyad-10m,20250904_183921,0.6857623654600185,0.8727241718613741,0.15906138293204916,0.14656436474007808,0.842542205608197,26
mouse-dyad-10m,20250904_183921,0.7143864754690156,0.319776795796534,0.04620628795220714,0.27980469632196725,0.8786330320842397,27
mouse-dyad-10m,20250904_183921,0.7437992202512523,0.3664109118501952,0.03702950138664774,1.425671547926214,0.9335131081742635,28
mouse-dyad-10m,20250904_183921,0.7462484310611025,1.9053367416210152,0.030048108926407645,0.319776795796534,0.7649712547485009,29
mouse-dyad-10m,20250904_183921,0.757594775016939,0.2598186465846839,0.10130078070408613,0.7061737573840126,0.8168729949319617,30
mouse-dyad-10m,20250904_183921,0.8059458618889469,1.352389365556175,0.3845334769866959,0.5262993097484622,0.9113301572502146,31
mouse-dyad-10m,20250904_183921,0.8129769296559998,4.1371122956176585,0.01815446319262372,0.2731426797428728,0.9293032557156331,32
mouse-dyad-10m,20250904_183921,0.8286496573326373,3.2244160242817177,0.0475406569913228,0.16655041447736146,0.8479015071400138,33
mouse-dyad-10m,20250904_183921,0.8347976763043019,0.6462156081721625,0.06878470357392005,1.3124172660816082,0.9418182941025265,34
mouse-dyad-10m,20250904_183921,0.8371524730920037,2.851343095852428,0.018850961732675264,0.23317058026830603,0.8873251061186533,35
mouse-dyad-10m,20250904_183921,0.8493318819491498,1.0792466858133023,0.09841350144612726,0.3064527626383451,0.9348873774585316,36
mouse-dyad-10m,20250904_183921,0.8547412500416532,2.531566300055894,0.039368923740485826,0.28646671290106174,0.9350262574876945,37
mouse-dyad-10m,20250904_183921,0.8629330549045308,0.42636906106204536,0.1054237177686907,0.566271409223029,0.9343281001428481,38
mouse-dyad-10m,20250904_183921,0.9017205567095047,1.1392048350251525,0.07323224357674009,1.8387165758300705,0.9115045354584154,39
mouse-dyad-10m,20250904_183921,0.9040975685612413,1.0592606360760188,0.15499609207441153,0.3530868786920063,0.7432895278012941,40
mouse-dyad-10m,20250904_183921,0.9854047029290562,0.3331008289547229,0.3031542064095852,1.2391350837115693,0.6609920825344692,41
mouse-dyad-10m,20250904_183921,0.9880427417832032,0.5196372931693678,0.02751207351273608,0.11991629842370025,0.8707244491470029,42
mouse-dyad-10m,20250905_165151,0.10096359445724917,0.6062447203413092,0.3003361705797842,0.6861890790676356,0.7155413703087666,1
mouse-dyad-10m,20250905_165151,0.24372552831079392,0.9126980954588939,0.07918584261983676,0.3464255544807481,0.7611719604994553,2
mouse-dyad-10m,20250905_165151,0.2731054400044431,0.6328928399167513,0.1433774235914305,0.4996522420395405,0.6959176406116685,3
mouse-dyad-10m,20250905_165151,0.2924828524617478,0.42636991320707457,0.17448661585529746,0.3863977338439113,0.7574772139883175,4
mouse-dyad-10m,20250905_171829,0.05416678237205298,1.738793277465439,0.051392940651888416,0.20652333946907514,0.81099309168686,1
mouse-dyad-10m,20250905_171829,0.0716780983588348,0.5196393702770278,0.055632088882580776,0.2464955987211542,0.7758075388693259,2
mouse-dyad-10m,20250905_171829,0.15585237843992114,0.9993064813019765,0.12222142500422753,0.2464955987211542,0.7555760353699925,3
mouse-dyad-10m,20250905_171829,0.22322068256921496,0.2798058147645534,0.12915320421491983,0.3264401172253123,0.7892247483069201,4
mouse-dyad-10m,20250905_171829,0.23458387714864903,0.8460794875023401,0.4282791445696884,1.958640703351874,0.7692776714195158,5
mouse-dyad-10m,20250905_171829,0.25151203798839245,0.552949586320427,0.27529966015964497,0.9260240060064983,0.6494186597687535,6
mouse-dyad-10m,20250905_171829,0.2551942462025492,0.47966711102494874,0.06714042969677281,0.08660656171283797,0.7528512575700219,7
mouse-dyad-10m,20250905_171829,0.3492488406320291,0.2731437715558736,0.05009893638915373,0.28646785797323326,0.7591900140714968,8
mouse-dyad-10m,20250905_174513,0.016622513981683577,0.8194302228517105,0.03494042261717323,0.1931989956317041,0.944828426672823,1
mouse-dyad-10m,20250905_174513,0.02706920586258796,0.49965257490957954,0.10591897898964199,0.04663424032489409,0.8236049201320793,2
mouse-dyad-10m,20250905_174513,0.02830770256085573,1.2924346604327792,0.009218652914856493,0.37307392259915273,0.9266203084584171,3
mouse-dyad-10m,20250905_174513,0.03409475888190962,2.5582211835370474,0.05304846330093868,0.08660644631766046,0.9180688875884442,4
mouse-dyad-10m,20250905_174513,0.03919314439316439,0.6328932615521341,0.06164579623108094,0.02664813732851091,0.9201405368124902,5
mouse-dyad-10m,20250905_174513,0.05667649688709686,0.3863979912634082,0.16238747343137286,0.039972205992766366,0.8769438936351632,6
mouse-dyad-10m,20250905_174513,0.07049434345790499,0.8327542915159659,0.04206518186850678,0.42637019725617453,0.9718736488908161,7
mouse-dyad-10m,20250905_174513,0.087661129531204,0.3797359569312805,0.03691044085131337,0.13324068664255453,0.9517484351519733,8
mouse-dyad-10m,20250905_174513,0.09590851785823379,1.0392773558119255,0.015606304198260201,0.906036669169371,0.9859249041378345,9
mouse-dyad-10m,20250905_174513,0.100840289463892,0.25981933895298137,0.06324111866852834,0.4130461285919191,0.9754440568385462,10
mouse-dyad-10m,20250905_174513,0.1035449885314095,0.5729349525629845,0.039548211406271586,1.2391383857757572,0.9591424191303719,11
mouse-dyad-10m,20250905_174513,0.10929316827449086,1.8720316473278915,0.05338911086656276,0.26648137328510907,0.935743075271336,12
mouse-dyad-10m,20250905_174513,0.14787539501380118,0.8260922571838382,0.025712233066719065,0.219847132960215,0.8590778827619763,13
mouse-dyad-10m,20250905_174513,0.15878305203352272,1.5789021367142715,0.04190225943057643,0.1399027209746823,0.9855771830921674,14
mouse-dyad-10m,20250905_174513,0.19550475682700477,0.5329627465702181,0.08563723373022847,0.11325458364617137,0.8097390183708034,15
mouse-dyad-10m,20250905_174513,0.19802062680151286,0.512976643573835,0.1433465309197287,0.09326848064978818,0.814026505500813,16
mouse-dyad-10m,20250905_174513,0.19932576906201924,0.6195691928878786,0.10067522492513127,0.3530878196027695,0.8068896419188665,17
mouse-dyad-10m,20250905_174513,0.20283576867325348,2.071892677291723,0.07825339286132223,0.2997915449457477,0.8366724104157066,18
mouse-dyad-10m,20250905_174513,0.21223834674575273,0.6462173302163896,0.19226203025225308,0.15322678963893774,0.9677240046521403,19
mouse-dyad-10m,20250905_174513,0.2203024597766263,0.7661339481946886,0.044904058078054664,0.5929210555593677,0.7848548473160135,20
mouse-dyad-10m,20250905_174513,0.22230182664378503,1.2324763514436297,0.025176209891459026,0.2731434076172368,0.906739932396945,21
mouse-dyad-10m,20250905_174513,0.22456222196304504,0.9126987035014986,0.034787939570236515,0.006662034332127727,0.9970018461494325,22
mouse-dyad-10m,20250905_174513,0.27142515981050447,2.318387947580449,0.059479439763720235,0.8594024288444768,0.8266657746324828,23
mouse-dyad-10m,20250905_174513,0.2743131341741782,0.3131156136100032,0.2717209074828936,0.39306002559553593,0.7198974636878942,24
mouse-dyad-10m,20250905_174513,0.33681001016344825,0.47300443758106864,0.06312734665698186,0.2997915449457477,0.9750431992817159,25
mouse-dyad-10m,20250905_174513,0.39299777292746185,1.1392078707938413,0.16408975221166858,0.25981933895298137,0.8986755114108324,26
mouse-dyad-10m,20250905_174513,0.40220041431324527,0.8993746348372432,0.15479126991323205,0.17321289263532091,0.9120198302335626,27
mouse-dyad-10m,20250905_174513,0.42026136167991246,0.37307392259915273,1.6646965202380026,1.1392078707938413,0.8607590493138382,28
mouse-dyad-10m,20250905_174513,0.4353232587458416,1.7254668920210814,0.04619529034650841,0.1665508583031932,0.7764617275552543,29
mouse-dyad-10m,20250905_174513,0.45153479176038697,1.1925041454508631,0.11312032852728632,0.05329627465702182,0.8977793024697726,30
mouse-dyad-10m,20250905_174513,0.5681756332716862,0.3064535792778755,0.04603715519293884,0.7927820855231995,0.9533259107787402,31
mouse-dyad-10m,20250905_174513,0.632238679973564,0.58625902122724,0.020318057641385504,0.21318509862808727,0.9315303113177907,32
mouse-dyad-10m,20250905_174513,0.6358430941313029,0.6262312272200063,0.15833616003213993,0.05329627465702182,0.8544565844194655,33
mouse-dyad-10m,20250905_174513,0.6518824594433985,0.8394163258480937,0.15417136420605065,0.2531573046208536,0.9015270788965997,34
mouse-dyad-10m,20250905_174513,0.6889040692669544,1.072587527472564,0.044698583772613036,0.08660644631766046,0.88092740613734,35
mouse-dyad-10m,20250905_174513,0.7532614672020527,0.9859810811549037,0.012259429219679178,0.19986102996383182,0.9592284656634145,36
mouse-dyad-10m,20250905_174513,0.7671959435067784,1.02595328714767,0.43993648215488584,0.44635630025255774,0.8387729139174317,37
mouse-dyad-10m,20250905_174513,0.7869452451168241,0.6062451242236232,0.26914609176836835,0.6062451242236232,0.7961994781784565,38
mouse-dyad-10m,20250905_174513,0.8070166669443565,1.17251804245448,0.07777655850119047,0.1399027209746823,0.7958575118696027,39
mouse-dyad-10m,20250905_174513,0.810865448163637,3.0645357927787544,0.047839978473743015,0.039972205992766366,0.9785936256948494,40
mouse-dyad-10m,20250905_174513,0.8210788805767063,4.097151114258552,0.04261980203926843,0.15322678963893774,0.8824969052784669,41
mouse-dyad-10m,20250905_174513,0.8253053199820057,0.7194997078697946,0.09239447968294862,0.05995830898914955,0.8375739063596073,42
mouse-dyad-10m,20250905_174513,0.8277934209722477,1.0326153214797977,0.0185132009163407,0.19986102996383182,0.9194551668379934,43
mouse-dyad-10m,20250905_174513,0.8288208733900931,1.492295690396611,0.12328481646260618,1.4323373814074614,0.7841098541940011,44
mouse-dyad-10m,20250905_174513,0.8985043625074282,0.4530183345846855,0.32611189286044145,1.1058976991332028,0.6759099001614025,45
mouse-dyad-10m,20250905_174513,0.9006036977179449,0.87938853184086,0.3062539454755763,0.4063840942597914,0.7696886931241148,46
mouse-dyad-10m,20250905_174513,0.9078514026113953,0.5795969868951123,0.04786047034445541,0.4596803689168132,0.9177755303979557,47
mouse-dyad-10m,20250905_174513,0.9502324263983072,0.5529488495666014,0.04948881761088374,0.006662034332127727,0.7901243963517449,48
mouse-dyad-10m,20250905_174513,0.9555196410025714,0.9393468408300095,0.03726852189581361,0.219847132960215,0.8410076486544602,49
mouse-dyad-10m,20250905_174513,0.9594850519557696,0.8460783601802214,0.31051423428841796,0.36641188826702503,0.8302012008724994,50
mouse-dyad-10m,20250905_174513,0.996190095358692,1.2657865231042682,0.05586869000012568,0.2398332359565982,0.9386767299847725,51
mouse-dyad-10m,20250905_181402,0.02615881902096038,0.759471913862561,0.07762128426198914,3.937262290287487,0.831178875930943,1
mouse-dyad-10m,20250905_181402,0.03314005798260522,0.49965257490957954,0.08117662398446396,0.1399027209746823,0.9930424260026249,2
mouse-dyad-10m,20250905_181402,0.06462505692736624,0.4063840942597914,0.06446178609411331,0.5329627465702181,0.8128093145806161,3
mouse-dyad-10m,20250905_181402,0.0682573005876015,0.6062451242236232,0.040676583536946934,0.9859810811549037,0.9388781987175893,4
mouse-dyad-10m,20250905_181402,0.07044553300676464,0.6528793645485172,0.08799240188948862,3.6108226080132284,0.8565632746972857,5
mouse-dyad-10m,20250905_181402,0.08357492752174348,1.5522539993857605,0.05531861366557371,0.8527403945123491,0.8661070440034263,6
mouse-dyad-10m,20250905_181402,0.14773901162984437,1.0126292184834145,0.1200154272342463,0.612907158555751,0.8944261977419855,7
mouse-dyad-10m,20250905_181402,0.14898863674231064,1.145869905125969,0.02328363307393139,0.073282377653405,0.9848000863931903,8
mouse-dyad-10m,20250905_181402,0.15599209126151042,1.8453835099993805,0.020039003397632402,0.8460783601802214,0.985460032899528,9
mouse-dyad-10m,20250905_181402,0.15830250924722583,0.9193607378336264,0.08759500199397859,3.617484642345356,0.8775627884464187,10
mouse-dyad-10m,20250905_181402,0.17634709587123862,0.49965257490957954,0.11731663793395912,1.2524624544400127,0.9937460137134811,11
mouse-dyad-10m,20250905_181402,0.18060137514301264,0.49299054057745184,0.32937941127232856,0.9126987035014986,0.7150162191081754,12
mouse-dyad-10m,20250905_181402,0.18988192431159542,0.9260227721657541,0.04203140463481237,0.6195691928878786,0.9699483368975608,13
mouse-dyad-10m,20250905_181402,0.19183133948704278,0.3197776479421309,0.06697415741854022,0.07994441198553273,0.9464922041327276,14
mouse-dyad-10m,20250905_191445,0.31489472778064725,0.7594703959772052,0.02741273779330747,0.47966551324876117,0.9496498397852344,1
mouse-dyad-10m,20250905_200953,0.08898490999872259,0.6328936831880787,0.36419725057007146,0.6328936831880787,0.8335038370808704,1
mouse-dyad-10m,20250905_200953,0.19705864384375713,0.273143589586434,0.04767160837277027,0.24649543450483066,0.9794079939189998,2
mouse-dyad-10m,20250905_200953,0.2466329358577752,0.6462177607288804,0.0777100624479324,0.1399028141784174,0.9256463916646457,3
mouse-dyad-10m,20250905_200953,0.27089801336273206,0.7727964973664961,0.027452272488924602,0.0066620387704008285,0.8935398969419032,4
mouse-dyad-10m,20250905_200953,0.27485240456976556,0.5596112567136696,0.22784280614332705,0.5063149465504629,0.6793720813437362,5
mouse-dyad-10m,20250905_200953,0.2952575075116771,0.739486303514492,0.10312056416444777,0.03997223262240497,0.9771033673158157,6
mouse-dyad-10m,20250905_200953,0.39525584133560676,0.6262316444176779,0.17511158117059047,0.5929214505656737,0.7979594521631246,7
mouse-dyad-10m,20250905_200953,0.4945488272897425,1.1058984358865376,0.023903490035519507,0.20652320188242568,0.8498523679749308,8
mouse-dyad-10m,20250905_200953,0.49649269937185164,0.6328936831880787,0.08699817502665173,0.5329631016320663,0.7760909747993999,9
mouse-dyad-10m,20250905_200953,0.4981199980005887,0.6528797994992812,0.4114282205096747,0.49965290778006216,0.8754616010998817,10
mouse-dyad-10m,20250905_200953,0.508466951397644,0.7994446524480995,0.05197442379413615,0.11991669786721491,0.9199810459582147,11
mouse-dyad-10m,20250905_200953,0.5288498386586172,0.31977786097923977,0.004514796751687817,0.23983339573442983,0.94705453219663,12
mouse-dyad-10m,20250905_200953,0.530066147189994,0.852740962611306,0.08627584370984025,0.17987504680082236,0.9491881636674601,13
mouse-dyad-10m,20250905_200953,0.5659722415066675,0.739486303514492,0.11579601934529239,0.7461483422848928,0.8408871231389448,14
mouse-dyad-10m,20250905_200953,0.5808400859746853,0.9393474666265168,0.041456226767318916,0.0066620387704008285,0.9974167103227256,15
mouse-dyad-10m,20250905_200953,0.6115421570315407,1.1392086297385418,0.07501018540368294,0.36641213237204556,0.9627290146229449,16
mouse-dyad-10m,20250905_200953,0.6544461908438071,0.8327548463001035,0.13544201461399524,0.619569605647277,0.7896562720272079,17
mouse-dyad-10m,20250905_200953,0.6685920256813271,0.852740962611306,0.059696776526230455,0.3464260160608431,0.9678189307676496,18
mouse-dyad-10m,20250905_200953,0.6709246721798582,0.26648155081603314,0.03767532104391732,0.0932685427856116,0.8986534981271882,19
mouse-dyad-10m,20250905_200953,0.68477059532471,0.47966679146885965,0.10234813265284716,0.11325465909681409,0.8634716218391685,20
mouse-dyad-10m,20250905_200953,0.7132899757293686,0.5129769853208638,0.1015839583746614,0.19319912434162403,0.8115498727165176,21
mouse-dyad-10m,20250905_200953,0.7506012118653952,1.0326160094121284,0.10054218016461601,1.6788337701410088,0.8666699170351249,22
mouse-dyad-10m,20250905_200953,0.7552498431017534,0.6728659158104837,0.044614493116241,0.1399028141784174,0.9304270093146134,23
mouse-dyad-10m,20250905_200953,0.772922417288243,0.6062455281064754,0.1718829757132869,0.14656485294881824,0.73506791263067,24
mouse-dyad-10m,20250905_200953,0.7774821858008475,0.5263010628616654,0.28727643168473127,0.7727964973664961,0.7745400244599905,25
mouse-dyad-10m,20250905_200953,0.8523101531215809,0.6062455281064754,0.41035959492919316,0.33310193852004144,0.9946105899274941,26
mouse-dyad-10m,20250905_200953,0.8630070034934159,0.38639824868324807,0.026786751695160024,0.06662038770400829,0.9048099960584918,27
mouse-dyad-10m,20250905_200953,0.9739909915413795,0.3597500936016447,0.04831037567258894,0.29979174466803726,0.862639422681069,28
mouse-dyad-10m,20250905_200953,0.9769901084680622,1.132546590968141,0.17705102560258804,0.25315747327523147,0.766322766821117,29
mouse-dyad-10m,20250905_203607,0.02244807286460069,0.33310193852004144,0.26089725392910096,0.4197084425352522,0.8682267195364638,1
mouse-dyad-10m,20250905_210254,0.07770532957145714,0.7261622259736903,0.03736078458614394,0.28646766712723565,0.992677903915256,1
mouse-dyad-10m,20250905_210254,0.07845511296736499,1.0326160094121284,0.03711292793456018,1.1858429011313474,0.9569468171571567,2
mouse-dyad-10m,20250905_210254,0.0923011130117966,1.0659262032641326,0.03757712447525065,0.0466342713928058,0.9775553534968316,3
mouse-dyad-10m,20250905_210254,0.09334525581498679,1.2924355214577607,0.030383228315435037,1.2524632888353557,0.971122165110843,4
mouse-dyad-10m,20250905_210254,0.18265834314531357,0.3264398997496406,0.005185003711410539,0.3397639772904423,0.9147348155999101,5
mouse-dyad-10m,20250905_210254,0.18764023726479018,0.37973620991284723,0.030553900883305604,0.13324077540801657,0.9570238434387024,6
mouse-dyad-10m,20250905_210254,0.19431053251282962,0.2798056283568348,0.030444265126664833,0.426370481305653,0.9043350081220788,7
mouse-dyad-10m,20250905_210254,0.19530468975629262,0.8460789238409052,0.03612837774325404,0.3930602874536489,0.9665927389219032,8
mouse-dyad-10m,20250905_210254,0.23049452380423432,1.165856784820145,0.0691659837662853,0.05329631016320663,0.9212764723356232,9
mouse-dyad-10m,20250905_210254,0.30838313376135784,1.172518823590546,0.05022972810432486,0.17321300803042156,0.8016040461495411,10
mouse-dyad-10m,20250905_210254,0.3219292204474263,0.5596112567136696,0.049490391785515266,0.09993058155601243,0.9949974020406167,11
mouse-dyad-10m,20250905_210254,0.3239453046897563,0.9793196992489218,0.044977424333207484,0.013324077540801657,0.9795082211044229,12
mouse-dyad-10m,20250905_210254,0.33156532557261237,0.2798056283568348,0.4032608999108743,0.9526715441673185,0.8962259849875488,13
mouse-dyad-10m,20250905_210254,0.3337924599560127,0.779458536136897,0.08720483783270379,0.4929908690096613,0.9458583230341038,14
mouse-dyad-10m,20250905_210254,0.35330904405394,0.3464260160608431,0.3801576833330457,1.512282800880988,0.8358326533173418,15
mouse-dyad-10m,20250905_210254,0.3612956257081288,0.5196390240912646,0.03638117497583487,0.1399028141784174,0.8354606189810162,16
mouse-dyad-10m,20250905_210254,0.362173149978895,0.6062455281064754,0.3080749261299653,1.1925049399017482,0.7893294434043091,17
mouse-dyad-10m,20250905_210254,0.4063103992180037,1.085912319575335,0.02432828159337276,0.05995834893360746,0.9650744108769669,18
mouse-dyad-10m,20250905_210254,0.41989536356163776,0.6528797994992812,0.058979454521417264,0.45968067515765715,0.863031406654486,19
mouse-dyad-10m,20250905_210254,0.49475151622864505,1.9919495923498478,0.0017933170907732025,0.39972232622404974,0.9924166259145935,20
mouse-dyad-10m,20250905_210254,0.49699531246528783,1.9653014372682445,0.011558981069075724,2.691463663241935,0.9500353515939276,21
mouse-dyad-10m,20250905_210254,0.5741785706351499,0.31311582220883893,0.029174136231189224,1.0992363971161367,0.9602580639427671,22
mouse-dyad-10m,20250905_210254,0.6010208162086509,0.8460789238409052,0.27667947237588286,0.699514070892087,0.8625119841042214,23
mouse-dyad-10m,20250905_210254,0.6033257059071824,2.205134833002674,0.048521392120391964,0.36641213237204556,0.8869625331363552,24
mouse-dyad-10m,20250905_210254,0.7562537489169795,1.132546590968141,0.011919162170670707,0.09993058155601243,0.9397105315416568,25
mouse-dyad-10m,20250905_210254,0.772093617399418,0.9859817380193227,0.31040009165702986,0.2598195120456323,0.7531582001909055,26
mouse-dyad-10m,20250905_210254,0.7879279319307756,0.466342713928058,0.04397774632971581,0.9659956217081201,0.9926393803545274,27
mouse-dyad-10m,20250905_210254,0.7884555572834514,0.6129075668768762,0.03475658790700154,0.6328936831880787,0.9755666152688166,28
mouse-dyad-10m,20250905_210254,0.8451225201608424,1.2191530949833516,0.03765373737443521,0.13324077540801657,0.984770837253824,29
mouse-dyad-10m,20250905_210254,0.8882489503032457,1.3523938703913683,0.049247209832933625,0.14656485294881824,0.912559044656079,30
mouse-dyad-10m,20250905_210254,0.9178348477106614,3.963913068388493,0.027163629735435634,3.950588990847691,0.8661987519184174,31
mouse-dyad-10m,20250905_210254,0.9235942949814498,0.7528103810552936,0.18128817052883467,0.43303252007605386,0.9276148184223932,32
mouse-dyad-10m,20250905_210254,0.9247772865616599,1.985287553579447,0.06366444660676013,1.4190142580953764,0.8671318270855635,33
mouse-dyad-10m,20250905_210254,0.9271988092328882,1.2990975602281616,0.025227726480513628,4.323663161990138,0.7599511879481958,34
mouse-dyad-10m,20250905_210254,0.9563015128962744,0.2598195120456323,0.0636612077652614,0.09993058155601243,0.9817142693163347,35
mouse-dyad-10m,20250905_210254,0.9674594006175994,0.7328242647440911,1.523299887304607,0.019986116311202486,0.7830445412264755,36
mouse-dyad-10m,20250905_210254,0.9688145646813143,1.0326160094121284,0.038457916447057705,0.17321300803042156,0.9548173629441025,37
mouse-dyad-10m,20250905_210254,0.9712971808144314,0.6861899933512854,0.300284349300674,0.19319912434162403,0.7492836057633055,38
mouse-dyad-10m,20250905_210254,0.972907826627863,0.2598195120456323,0.2579060476642257,0.3064537834384381,0.7346672809719706,39
mouse-dyad-10m,20250905_210254,0.9734687756870237,0.7994446524480995,0.31404920515582074,0.9793196992489218,0.8967289938042371,40
mouse-dyad-10m,20250907_143021,0.0022468544038346315,1.2790926969136558,0.28451691749657404,0.6995038186246555,0.743820862550451,1
mouse-dyad-10m,20250907_143021,0.010452033819319619,1.4323173428981042,0.1883784362053717,0.18653435163324147,0.7543278256033383,2
mouse-dyad-10m,20250907_143021,0.044282449015822296,0.4396881145640692,0.06314371020096513,0.39305452665575885,0.9131358590616341,3
mouse-dyad-10m,20250907_143021,0.056742782326964475,0.36640676213672435,0.08075329890809037,0.7194896420139314,0.8920401465351206,4
mouse-dyad-10m,20250907_143021,0.06291192330736968,1.2391210501351042,0.04700151985755279,1.3590359904707594,0.8728436521014107,5
mouse-dyad-10m,20250907_143021,0.06716707720302688,1.6987949880884492,0.08339986753392631,6.468744836995624,0.6672260144682624,6
mouse-dyad-10m,20250907_143021,0.0692863324678783,0.39305452665575885,0.04001129883947993,9.01360634856342,0.8968942656574219,7
mouse-dyad-10m,20250907_143021,0.07016288307480638,0.39305452665575885,0.13505087852206343,10.066193047065282,0.5993721470877335,8
mouse-dyad-10m,20250907_143021,0.07507822381998536,1.0259389339828282,0.067594406093093,0.26647764519034495,0.9667746100954706,9
mouse-dyad-10m,20250907_143021,0.08652331180791337,0.25981570406058635,0.022506787789861198,0.5596030548997244,0.8273265552693699,10
mouse-dyad-10m,20250907_143021,0.09911679204669019,1.1591777565780006,0.06084144680280971,0.20652017502251735,0.9755461133389757,11
mouse-dyad-10m,20250907_143021,0.10228457936666445,0.39971646778551745,0.08262193818288538,0.07328135242734486,0.9582156035962782,12
mouse-dyad-10m,20250907_143021,0.11146062179615206,0.6595321718461038,0.16030077914857951,0.9859672872042764,0.8625152035911806,13
mouse-dyad-10m,20250907_143021,0.1130972194483279,0.2731395863201036,0.13264395506223317,0.6128985839377934,0.9977073741633558,14
mouse-dyad-10m,20250907_143021,0.11470053036859508,0.3064492919688967,0.10428661974662515,0.19985823389275872,0.9758628784647047,15
mouse-dyad-10m,20250907_143021,0.1271164813705257,1.0192769928530696,0.05373877023263357,0.13323882259517247,0.8336316861772415,16
mouse-dyad-10m,20250907_143021,0.13187093624481283,0.5795888782890003,0.024501188372062367,5.842522370798314,0.7270534312445269,17
mouse-dyad-10m,20250907_143021,0.14726050196391718,0.2997873508391381,0.008739127399877077,3.657405680237485,0.9447227615941242,18
mouse-dyad-10m,20250907_143021,0.14837005969420589,0.2798015274498622,0.3282682587696452,4.98979390618921,0.9001266419119104,19
mouse-dyad-10m,20250907_143021,0.18115749062423717,0.3863925855260002,0.05857471861977861,19.153080748056045,0.9406199835621191,20
mouse-dyad-10m,20250907_143021,0.18263320240552117,0.36640676213672435,0.010998315818386565,0.8660523468686211,0.7966291587399851,21
mouse-dyad-10m,20250907_143021,0.18476910103632693,0.7061657597544142,0.39003264771768836,0.6262224661973107,0.8741749078495376,22
mouse-dyad-10m,20250907_143021,0.1871879368883563,0.31977317422841395,0.08212725422163464,0.7128277008841728,0.9562833618622482,23
mouse-dyad-10m,20250907_143021,0.1929576370858576,0.5995747016782762,0.05581368255752907,0.8593904057388625,0.9599583013126629,24
mouse-dyad-10m,20250907_143021,0.20942347380334198,0.6128985839377934,0.21801105183336378,0.42636423230455195,0.7962288379113961,25
mouse-dyad-10m,20250907_143021,0.21344562057563854,0.36640676213672435,0.14455417464608178,2.484904041399967,0.9772536392743537,26
mouse-dyad-10m,20250907_143021,0.2356145840268069,1.6788091646991734,0.039027032026407525,0.3330970564879312,0.8605003209303125,27
mouse-dyad-10m,20250907_143021,0.2623937598473249,0.25981570406058635,0.11171816720377024,0.11325299920589661,0.9664134911362725,28
mouse-dyad-10m,20250907_143021,0.30007434036792935,1.0392628162423454,0.052763250187533535,0.6861799363651383,0.9534694428946338,29
mouse-dyad-10m,20250907_143021,0.3725894858309478,1.0659105807613798,0.07484302837397273,0.8260807000900694,0.9394650707572839,30
mouse-dyad-10m,20250907_143021,0.38908860928034084,0.5662649960294831,0.0892890615221374,0.37306870326648295,0.8727625491307726,31
mouse-dyad-10m,20250907_143021,0.3923063266981781,0.4063784089152761,0.09415871873133574,1.0059531105935522,0.9911871697934767,32
mouse-dyad-10m,20250907_143021,0.3939595677163083,0.3797306443962416,0.05579454551769471,0.013323882259517248,0.9939394746670156,33
mouse-dyad-10m,20250907_143021,0.3950080997714311,1.0858964041506558,0.03746801996972176,0.22650599841179322,0.9886073293198183,34
mouse-dyad-10m,20250907_143021,0.39744912677806626,0.6995038186246555,0.0631894970817635,0.07994329355710349,0.9839611185372209,35
mouse-dyad-10m,20250907_143021,0.4171104897587822,0.5396172315104486,0.08139273543627389,0.18653435163324147,0.9776591677408938,36
mouse-dyad-10m,20250907_143021,0.4198954796618068,2.5715092760868288,0.045647572483695116,0.39971646778551745,0.994205714852967,37
mouse-dyad-10m,20250907_143021,0.4227414952399973,0.8993620525174143,0.11297212284922772,0.6795179952353797,0.8901918121592897,38
mouse-dyad-10m,20250907_143021,0.42468322126800256,0.42636423230455195,0.05174718509761762,0.4663358790831037,0.94233804609659,39
mouse-dyad-10m,20250907_143021,0.42533231254022147,0.5529411137699658,0.015636887396616124,1.2457829912648628,0.8383432991339845,40
mouse-dyad-10m,20250907_143021,0.433581874264918,0.31977317422841395,0.21543890630177792,0.42636423230455195,0.940669432872209,41
mouse-dyad-10m,20250907_143021,0.43473581430441827,1.345712108211242,0.009290063482925753,0.3597448210069657,0.9669008578442958,42
mouse-dyad-10m,20250907_143021,0.4388078911745778,0.8927001113876556,0.08026522233035537,0.31977317422841395,0.9051331128059791,43
mouse-dyad-10m,20250907_143021,0.44018374276013583,0.4063784089152761,0.15578763450603908,1.6521614001801388,0.7819578461989559,44
mouse-dyad-10m,20250907_143021,0.44670239442558196,0.8127568178305522,0.0603795691795548,0.26647764519034495,0.9968383421931633,45
mouse-dyad-10m,20250907_143021,0.4489825355613253,0.31977317422841395,0.0896791608380894,1.1458538743184834,0.9793688652151485,46
mouse-dyad-10m,20250907_143021,0.4530878991633935,0.6595321718461038,0.007395090004944477,0.6661941129758624,0.8775974735819014,47
mouse-dyad-10m,20250907_143021,0.4596065508288396,0.5063075258616554,0.18563841357068347,1.632175576790863,0.937165588464232,48
mouse-dyad-10m,20250907_143021,0.4651487916916317,3.6773915036267604,0.11185084903237422,3.350956388268588,0.6588156648600176,49
mouse-dyad-10m,20250907_143021,0.4702083749417482,0.9593195226852419,0.07219938010585673,1.6255136356611044,0.8468639694937389,50
mouse-dyad-10m,20250907_143021,0.4729989126334243,1.4922748130659318,0.010763146917048935,3.350956388268588,0.7759973239157173,51
mouse-dyad-10m,20250907_143021,0.4808323902092626,0.7128277008841728,0.22512382421022448,0.026647764519034497,0.5547234872554806,52
mouse-dyad-10m,20250907_143021,0.6697956194660808,0.992629228334035,0.04851968625010738,0.21318211615227597,0.929654086062469,53
mouse-dyad-10m,20250907_143021,0.7742216452522025,0.3597448210069657,0.09229897836857985,0.9193478759066901,0.9656215095399654,54
mouse-dyad-10m,20250907_143021,0.7769955395779242,0.5596030548997244,0.05286900321026015,0.2731395863201036,0.9312172205904828,55
mouse-dyad-10m,20250907_143021,0.8848778376938952,0.41970229117479335,0.049802271083164755,0.2798015274498622,0.9278364026598622,56
mouse-dyad-10m,20250907_143021,0.9224973925393338,0.4396881145640692,0.03148080972634217,0.7061657597544142,0.9968848761917174,57
mouse-dyad-10m,20250907_151901,0.09258704314143332,2.0319001664159546,0.01233435151447106,0.6728587436328244,0.9352138646417275,1
mouse-dyad-10m,20250907_151901,0.09458484555877424,0.606239066045416,0.004666814167701055,3.071167136779525,0.9347866909856736,2
mouse-dyad-10m,20250907_151901,0.21568496875658996,0.40638003328319094,0.09390669470312037,0.36640822673074597,0.8743240655720509,3
mouse-dyad-10m,20250907_151901,0.7177160678808866,2.105181811762104,0.021947905322594306,1.785407359342544,0.991129044787585,4
mouse-dyad-10m,20250907_154801,0.011168933591775754,0.8127638567910085,0.07143729502882612,1.0659198121849291,0.8566314601768097,1
mouse-dyad-10m,20250907_154801,0.021560318350707847,0.33309994130779036,0.0941489914310457,0.13323997652311614,0.9619190199030503,2
mouse-dyad-10m,20250907_154801,0.025648003643371674,0.5729318990493995,0.05485514065833659,0.03997199295693484,0.8865910079248909,3
mouse-dyad-10m,20250907_154801,0.030296634879729858,0.6595378837894249,0.185096931322812,0.726157872050983,0.8217938171138423,4
mouse-dyad-10m,20250907_154801,0.04059915691490839,1.2657797769696033,0.12007502796881617,0.6595378837894249,0.7157521127749178,5
mouse-dyad-10m,20250907_154801,0.12296379399399066,0.43969192252628325,0.11037033956154615,0.8061018579648527,0.8002562074743693,6
mouse-dyad-10m,20250907_154801,0.1415694267798926,0.33976194013394617,0.07288758863674827,1.1125538039680198,0.8742416646336777,7
mouse-dyad-10m,20250907_154801,0.17601484007486684,0.9193558380095014,0.03840006463234539,0.07994398591386968,0.9033434421698131,8
mouse-dyad-10m,20250907_154801,0.187605871604472,0.999299823923371,0.03304652280922962,0.13990197534927196,0.9360952612230978,9
mouse-dyad-10m,20250907_154801,0.19123813543789883,0.9526658321402804,0.04298546069667518,0.4663399178309065,0.9242895118275731,10
mouse-dyad-10m,20250907_154801,0.26062881484896117,1.478963739406589,0.16506938902240265,1.1192158027941757,0.8465127092608241,11
mouse-dyad-10m,20250907_154801,0.2637167944993974,0.6062418931801784,0.05920320377633308,0.059957989435402266,0.923258147680224,12
mouse-dyad-10m,20250907_154801,0.27193104252636724,0.3530859377862578,0.04089160448452736,0.23983195774160906,0.8672662327488314,13
mouse-dyad-10m,20250907_154801,0.3443763780664582,0.6595378837894249,0.1076985980669365,0.15322597300158355,0.7961803117824549,14
mouse-dyad-10m,20250907_154801,0.3515242734083853,0.25315595539392066,0.059054978308917996,0.5329599060924646,0.9700107899199979,15
mouse-dyad-10m,20250907_154801,0.40299800614263576,1.7387816936266656,0.03237127216484198,0.6262278896586458,0.909710351481554,16
mouse-dyad-10m,20250907_154801,0.419943016778393,0.4663399178309065,0.09094935342884188,0.1931979659585184,0.7247544895410993,17
mouse-dyad-10m,20250907_154801,0.44725164257190936,0.5462839037447762,0.013870616761899015,0.20652196361083003,0.9473447213328935,18
mouse-dyad-10m,20250907_154801,0.4700782547361055,1.5389217288419914,0.036680132096906716,0.6995098767463598,0.9754526787211533,19
mouse-dyad-10m,20250907_154801,0.47155004359827385,1.2724417757957591,0.1304550318086148,1.7654296889312888,0.9504102479867904,20
mouse-dyad-10m,20250907_154801,0.5344648520157953,0.33976194013394617,0.045027385211438994,0.06661998826155807,0.948091913945391,21
mouse-dyad-10m,20250907_154801,0.5468167706175404,0.4663399178309065,0.07802117150763295,0.8727218462264107,0.7637823609518498,22
mouse-dyad-10m,20250907_154801,0.5600462086163519,0.3597479366124136,0.06145159814698579,0.1798739683062068,0.8295045164735236,23
mouse-dyad-10m,20250907_154801,0.6329303038549761,0.552945902570932,0.025274229958337557,0.1931979659585184,0.977978277091117,24
mouse-dyad-10m,20250907_154801,0.676861812910643,1.452315744101966,0.11884291406851206,0.5396219049186204,0.8669330846412662,25
mouse-dyad-10m,20250907_154801,0.9181407696622661,0.379733933090881,0.0501198390044304,0.3530859377862578,0.9568931960004918,26
mouse-dyad-10m,20250907_161657,0.01988803607726399,0.6328911533808379,0.16376540478984974,0.2131843885072296,0.750522342153823,1
mouse-dyad-10m,20250907_161657,0.035138677537238004,1.785419253748048,0.035843631568471465,1.3124163917476321,0.8194075958491412,2
mouse-dyad-10m,20250907_161657,0.052677470592808986,0.5662710319723286,0.024576976006009745,0.07328213354936018,0.8317521060915605,3
mouse-dyad-10m,20250907_161657,0.06477912672583279,0.4263687770144592,0.11479101519341289,0.3730726798876518,0.689115812711479,4
mouse-dyad-10m,20250907_161657,0.10860944806673405,0.4996509105638194,0.07318402434883625,0.5129749348455213,0.8934363535667861,5
mouse-dyad-10m,20250907_161657,0.1259760743760344,1.0925699910995517,0.03932432990029698,0.4996509105638194,0.8322295285359371,6
mouse-dyad-10m,20250907_161657,0.5563651712226061,0.5063129227046703,0.06455142935777365,2.1584919336356996,0.9199845823259266,7
mouse-dyad-10m,20250907_161657,0.5580590698552689,1.3790365131561415,0.04565206457059817,4.190405636595232,0.8581766807227704,8
mouse-dyad-10m,20250907_161657,0.8352753001810528,0.6662012140850925,0.09146658113078791,0.5795950562540305,0.735537257489811,9
mouse-dyad-10m,20250907_161657,0.8368969998556021,0.6328911533808379,0.10808832219905687,2.5249026013825007,0.9205726011083676,10
mouse-dyad-10m,20250907_161657,0.8657876906330183,0.27980450991573885,0.10779196440909392,1.052597918254446,0.8543662085417323,11
mouse-dyad-10m,20250907_164826,0.13172568534233794,0.4330305006698649,0.014130579024097563,0.14656416945749273,0.9945560827827128,1
mouse-dyad-10m,20250907_164826,0.13228106811214288,1.1192172940390355,0.04842059404926239,0.8127649397188234,0.9904421786466158,2
mouse-dyad-10m,20250907_164826,0.46128982094459503,0.3464244005358919,0.37532899011142284,0.03997204621567984,0.7382052677849914,3
mouse-dyad-10m,20250907_171538,0.0009830220430197105,0.40638328205797825,0.2899268667846907,1.0326132576883054,0.5692121907501431,1
mouse-dyad-10m,20250907_171538,0.05684866458954664,0.912696879376115,0.07366580979821481,0.353087113919227,0.7912677674284054,2
mouse-dyad-10m,20250907_171538,0.09809671381840195,0.36641115595391477,0.052151918557066926,0.8327526271679881,0.7523422471261044,3
mouse-dyad-10m,20250907_171538,0.1871685077503235,0.7394843329251735,0.8227375858918933,0.026648084069375622,0.32851043553786013,4
mouse-dyad-10m,20250907_171538,0.21104428042231071,0.5662717864742319,0.24391053966899703,0.4730034922314173,0.36643274295366707,5
mouse-dyad-10m,20250907_171538,0.412225017633305,0.5995818915609514,0.05194373791767449,0.20652265153766106,0.9879659133780582,6
mouse-dyad-10m,20250907_171538,0.41343019155045346,0.7261602908904857,0.26052147800605613,1.6521812123012884,0.6092290605842053,7
mouse-dyad-10m,20250907_171538,0.7390604086483724,1.3857003716075322,0.10718274382502173,0.29312892476313185,0.9781134823368343,8
mouse-dyad-10m,20250907_171538,0.7653076525766841,0.3397630718845392,0.2925059694176592,0.006662021017343906,0.5332036513657662,9
mouse-dyad-10m,20250907_174343,0.049651495376412766,1.0725860983514819,0.004684661307693158,0.4796658328031471,0.8613869843738172,1
mouse-dyad-10m,20250907_174343,0.6161228513509761,2.078551942146971,0.06609706368865476,1.6721683893554158,0.9241262803782206,2
mouse-dyad-10m,20250907_174343,0.618161117436339,1.1991645820078678,0.09157637887895434,4.117131731560346,0.9499837266749297,3
mouse-dyad-10m,20250907_174343,0.7026130904445864,1.7787607966450039,0.05876772106135626,1.3457291420310518,0.8535333943267212,4
mouse-dyad-10m,20250907_174343,0.7062619755074838,0.4463557055251508,0.046161581277223925,0.6328924182819302,0.9904407502969489,5
mouse-dyad-10m,20250907_174343,0.7207742078809253,1.9319873821237872,0.0879531917930908,0.0799443054671912,0.9042040037688216,6
mouse-dyad-10m,20250907_174343,0.736913720807531,0.3797354509691582,0.4582210447094056,0.9260215383282979,0.9635438211015604,7
mouse-dyad-10m,20250907_174343,0.7427730415706312,0.43969368006955156,0.07130161446727609,0.5929202655483347,0.8458454380099526,8
mouse-dyad-10m,20250907_174343,0.7436949820888062,0.41970760370275373,0.11784082203120247,1.6988164911778127,0.9152201356050357,9
mouse-dyad-10m,20250907_174343,0.8959151370414595,0.2931291200463677,0.07436098538913359,0.7394848255715185,0.7768938816194508,10
mouse-dyad-10m,20250907_181225,0.09147103417251204,0.8727253346835038,0.03149190063825637,0.26648101822397063,0.9817729139622838,1
mouse-dyad-10m,20250907_181225,0.27771761164520126,0.43303165461395227,0.06371541920200557,0.2331708909459743,0.8640294329525361,2
mouse-dyad-10m,20250907_183823,0.016961483991002748,0.29312931532986375,0.044676560189172106,0.4463560028886562,0.9899100806470851,1
mouse-dyad-10m,20250907_183823,0.0173613618061148,0.32643946479916647,0.08187879020973227,0.9193601253527545,0.9930865333719653,2
mouse-dyad-10m,20250907_183823,0.01956068978923107,0.4396939729947956,0.0706016304756004,0.10659247830176864,0.706551122556632,3
mouse-dyad-10m,20250907_183823,0.05849323817722363,1.1925033510010365,0.06648845074829647,0.33310149469302697,0.9409385309261487,4
mouse-dyad-10m,20250907_183823,0.2068367998667074,0.2798052555421427,0.05342222520486199,0.01332405978772108,0.9052348712734111,5
mouse-dyad-10m,20250908_154926,0.606250277691385,0.3397630718845392,0.19967875042139882,0.22650871458969277,0.9354235518922361,1
mouse-dyad-10m,20250908_154926,0.6068723063935665,0.36641115595391477,0.02243545900031141,0.7461463539425174,0.8560031899950216,2
mouse-dyad-10m,20250908_154926,0.7115619585017995,0.7394843329251735,0.04519905389812301,0.2864669037457879,0.8639647584599132,3
mouse-dyad-10m,20250908_154926,0.9817001377349269,0.2997909457804757,0.12867931571947247,0.10659233627750249,0.9522055680582301,4
mouse-dyad-10m,20250908_161812,0.01280150174666911,2.2850732089489596,0.038280031820108196,0.2664808406937562,0.7636300160796821,1
mouse-dyad-10m,20250908_161812,0.0500952476160327,0.4130453030753221,0.04751053186564057,1.272446014312686,0.7756466087716741,2
mouse-dyad-10m,20250908_161812,0.05096163992513482,0.2864669037457879,0.20410471377896872,2.3117212930183353,0.6179539141470018,3
mouse-dyad-10m,20250908_161812,0.07228821984149464,0.9926411315842419,0.06637706112319085,0.2531567986590684,0.7995016474524018,4
mouse-dyad-10m,20250908_161812,0.08127981694685572,0.40638328205797825,0.0761503365484894,0.1265783993295342,0.9437659971514357,5
mouse-dyad-10m,20250908_161812,0.22402905746513604,0.2598188196764123,0.1147700517049068,1.0659233627750249,0.7787702522477695,6
mouse-dyad-10m,20250908_161812,0.2706976124227328,2.5648780916774037,0.03071445805728496,0.026648084069375622,0.7828166821558158,7
mouse-dyad-10m,20250908_161812,0.28630378158027736,2.0252543892725474,0.03450536670208766,0.6129059335956393,0.985109821372413,8
mouse-dyad-10m,20250908_161812,0.3359325102606397,1.7854216326481667,0.04630753273485659,0.0,0.8888303867054708,9
mouse-dyad-10m,20250908_161812,0.37514786984121695,1.5988850441625373,0.05894735939312511,0.07994425220812687,0.8070179274586753,10
mouse-dyad-10m,20250908_161812,0.41610156783685165,0.6528780596997027,0.041918049812247685,0.18653658848562935,0.7490013155899784,11
mouse-dyad-10m,20250908_161812,0.47658241556840336,0.9460069844628346,0.05751363950839504,0.1265783993295342,0.8059313795369053,12
mouse-dyad-10m,20250908_161812,0.5554963150557879,0.5795958285089198,0.051799986347704864,0.23983275662438058,0.9031837075754752,13
mouse-dyad-10m,20250908_161812,0.7104639086511494,0.706174227838454,0.1457501970871632,0.19319860950297327,0.7330125382559469,14
mouse-dyad-10m,20250908_161812,0.7575378907790311,0.4330313661273538,0.08049912603612007,0.8860487953067394,0.8442269785591765,15
mouse-dyad-10m,20250908_161812,0.8934059769961734,0.9926411315842419,0.08403835939184176,0.6728641227517345,0.8469644130261376,16
mouse-dyad-10m,20250908_161812,0.9007258812487157,0.8061045430986126,0.25004917513422087,0.09326829424281467,0.6864504950133684,17
mouse-dyad-10m,20250908_161812,0.929733362213077,0.8860487953067394,0.005071218723490915,0.1332404203468781,0.8823916063034496,18
mouse-dyad-10m,20250908_161812,0.9385527916159883,0.8061045430986126,0.07542964657497425,0.43969338714469774,0.8857344187560007,19
mouse-dyad-10m,20250908_161812,0.948094214609818,0.5329616813875124,0.08660547092270637,0.07994425220812687,0.7828763568829474,20
mouse-dyad-10m,20250908_161812,0.9796064579549809,0.7661324169945491,0.040547182078157884,0.026648084069375622,0.9174753679226471,21
mouse-dyad-10m,20250908_161812,0.9892422954953154,1.1791777200698712,0.12112161968611088,0.09993031526015858,0.7687652575741515,22
mouse-dyad-10m,20250908_161812,0.9908973269575746,0.5462857234222003,0.5091582800955179,2.085212578428642,0.8789446956617458,23
mouse-dyad-10m,20250908_164528,0.005814889894754381,1.225812683830265,0.04651993692667487,0.3530873491467611,0.8073472182924992,1
mouse-dyad-10m,20250908_164528,0.1739301879981117,1.052600021984684,0.056756535099103195,0.23983291640157356,0.9300713902097011,2
mouse-dyad-10m,20250908_164528,0.4972147399405737,0.8394152074055075,0.0629030408400805,0.4130455782471545,0.9158199541698493,3
mouse-dyad-10m,20250908_171240,0.03327242737102838,0.3797357039500508,0.25606046008255456,0.4663420925702378,0.751874561898253,1
mouse-dyad-10m,20250908_171240,0.0999505717570352,0.4063838235254929,0.05348604366302786,0.04663420925702378,0.8711528939654114,2
mouse-dyad-10m,20250908_171240,0.2251595310426027,0.3197774349053059,0.05660011449480422,0.35308758437460863,0.9708888328610102,3
mouse-dyad-10m,20250908_171240,0.34681965355800043,0.5329623915088432,0.03946036050018417,0.5462864512965643,0.8009653770111369,4
mouse-dyad-10m,20250908_171240,0.5348580187605174,1.2924337994089448,0.04466153780285576,0.08660638862018702,0.923241994660121,5
mouse-dyad-10m,20250908_171240,0.5506472878334324,0.29312931532986375,0.050556726551343564,0.15322668755879243,0.888997099904288,6
mouse-dyad-10m,20250908_171240,0.5518691095696411,0.999304484079081,0.15962936754221624,1.4656465766493187,0.708755378043265,7
mouse-dyad-10m,20250908_171240,0.5869742695449824,0.35974961426846913,0.05610772945902374,0.1332405978772108,0.7820746609274983,8
mouse-dyad-10m,20250908_171240,0.5882349674273433,0.5063142719334011,0.2105684164691501,1.6455213837835534,0.8337168961467412,9
mouse-dyad-10m,20250908_171240,0.6629882427426566,1.0392766634422441,0.20547270998198042,0.09326841851404756,0.9583367315820849,10
mouse-dyad-10m,20250908_171240,0.6641045435107381,1.2990958293028052,0.0032636907858481943,1.3390680086659685,0.8861013936121307,11
mouse-dyad-10m,20250908_171240,0.7141214824029901,0.7461473481123805,0.07094953394373486,0.45301803278251673,0.9637743809129845,12
mouse-dyad-10m,20250908_171240,0.7801276248340822,0.6328928399167513,0.04991845611389782,9.913100482064483,0.8652275933695268,13
mouse-dyad-10m,20250908_171240,0.9019821280802404,0.7794574975816831,0.22529872363728798,1.5789010848449478,0.7617529478183067,14
mouse-dyad-10m,20250908_171240,0.9032539334329304,2.198469864973978,0.054152203402595266,3.1045059305390117,0.8893282974629008,15
mouse-dyad-10m,20250908_171240,0.9244969704374677,0.5729345708720064,0.06786870949132345,0.19319886692195565,0.7835969391592698,16
mouse-dyad-10m,20250908_171240,0.9252189560088637,0.9859804242913599,0.040950124125634,1.059262753123826,0.8131827880032505,17
mouse-dyad-10m,20250908_171240,0.9868320939247691,0.9859804242913599,0.0630716298561265,2.2184559546555596,0.9422293897443714,18
mouse-dyad-10m,20250908_173928,0.004187516314097046,1.185841321107176,0.05903459813403996,0.09326841851404756,0.8807271777712239,1
mouse-dyad-10m,20250908_173928,0.053826801215157254,0.3464255544807481,0.15114930711259178,1.4523225168615976,0.7212072920986247,2
mouse-dyad-10m,20250908_173928,0.05432108364480531,1.1525311716378734,0.14760474565584691,2.045243177415186,0.8857188926163616,3
mouse-dyad-10m,20250908_173928,0.09485779661111081,0.8460777965202886,0.061316198228030805,0.2198469864973978,0.828420006774006,4
mouse-dyad-10m,20250908_173928,0.11729488667603397,1.3723781581352712,0.10721793265131299,3.2244224686285015,0.8512722196546091,5
mouse-dyad-10m,20250908_173928,0.1771030606634492,0.5729345708720064,0.035875242369291224,0.39305976373777185,0.9147817668000844,6
mouse-dyad-10m,20250908_173928,0.3405217178813611,0.35974961426846913,0.03775626084938015,0.1332405978772108,0.8845704413829067,7
mouse-dyad-10m,20250908_173928,0.6486207298718754,0.35308758437460863,0.03687754610986683,0.3397635245868875,0.9889082655468073,8
slap-2m,2022-10-07/10072022131531,0.05727434020847195,1.2333333333333332,3.174504585324303,0.16666666666666666,0.9512699821813537,1
slap-2m,2022-10-07/10072022131531,0.2083610556664449,0.5666666666666667,3.2988594606158492,0.6666666666666666,0.9514521269964832,2
slap-2m,2022-10-07/10072022131531,0.6092814371257484,1.8666666666666665,1.0592603346306115,0.8999999999999999,0.9866560588781964,3
slap-2m,2022-10-07/10072022131531,0.6147150144156133,0.6666666666666666,0.9069073351027521,3.266666666666666,0.7857769765958037,4
slap-2m,2022-10-07/10072022131531,0.9780993568418718,0.5333333333333332,1.1706085870800578,1.9666666666666663,0.939066617830045,5
slap-2m,2022-10-07/10072022132603,0.045241077019411394,0.4333333334690044,0.5334506687007041,0.8000000002504696,0.8984122416673699,1
slap-2m,2022-10-07/10072022132603,0.3969421832602797,0.5000000001565436,0.6794589529368071,1.1666666670319348,0.8576156937958119,2
slap-2m,2022-10-07/10072022132603,0.3981423502400334,0.23333333340638698,0.2523243742662599,0.7666666669067,0.891954095726239,3
slap-2m,2022-10-07/10072022132603,0.5783239407221874,0.4333333334690044,0.3032419718502675,0.23333333340638698,0.9021518118602005,4
slap-2m,2022-10-07/10072022132603,0.6486119807973283,1.2666666670632436,0.4345143836550693,6.300000001972449,0.6353175411275465,5
slap-2m,2022-10-07/10072022133702,0.6156024430871738,2.166666667629095,2.389572837050495,0.800000000355358,0.8593971596932485,1
slap-2m,2022-10-07/10072022133702,0.9630760688506386,2.366666667717934,0.13749497212720813,1.0333333337923374,0.8908383668441109,2
slap-2m,2022-10-07/10072022134804,0.18154269972451792,0.633333333123967,1.8097538415017338,0.7333333330909092,0.8391794811568142,1
slap-2m,2022-10-07/10072022134804,0.189366391184573,2.2333333325950417,0.08478152339455876,4.733333331768596,0.7430168028897948,2
slap-2m,2022-10-07/10072022134804,0.211900826446281,0.5666666664793389,1.5424271889405994,0.19999999993388434,0.7765199953687104,3
slap-2m,2022-10-07/10072022134804,0.22887052341597797,0.3999999998677687,0.5894146997269544,0.5666666664793389,0.6478457345696251,4
slap-2m,2022-10-07/10072022134804,0.23443526170798898,0.7999999997355374,0.5058256162201811,0.49999999983471083,0.9188149783095387,5
slap-2m,2022-10-07/10072022134804,0.3976308539944904,0.7333333330909092,0.10609440644625634,0.8999999997024795,0.9467513415877937,6
slap-2m,2022-10-07/10072022134804,0.4019283746556474,1.3999999995371903,0.149919497224303,1.0666666663140498,0.975340387163692,7
slap-2m,2022-10-07/10072022134804,0.9709090909090909,0.5333333331570249,3.3838773838497347,4.066666665322315,0.7937346467880941,8
slap-2m,2022-10-07/10072022135851,0.05783426763612144,2.5999999988455342,0.14386702595787335,15.066666659976686,0.7650475438674122,1
slap-2m,2022-10-07/10072022135851,0.9427207637231504,0.7666666663262472,1.4330044316025057,0.7666666663262472,0.8601310669408917,2
slap-2m,2022-10-07/10072022135851,0.9496586557140478,0.29999999986679243,1.2931141205649368,0.16666666659266247,0.7796511852069147,3
slap-2m,2022-10-07/10072022140918,0.14840626688276606,0.43333333319286865,2.737183858680668,0.19999999993517015,0.9212687766605558,1
slap-2m,2022-10-07/10072022140918,0.19092382495948138,0.7333333330956239,3.198450570466102,1.2666666662560777,0.7775482461134469,2
slap-2m,2022-10-07/10072022140918,0.7459751485683415,0.36666666654781194,0.7705672530474984,9.166666663695299,0.42363057700709494,3
slap-2m,2022-10-07/10072022140918,0.7507833603457591,1.4666666661912477,1.1234556853224713,2.966666665705024,0.6851330875141721,4
slap-2m,2022-10-07/10072022140918,0.7680172879524582,1.1999999996110209,0.8297812651989073,6.666666664505672,0.7582620662866825,5
slap-2m,2022-10-07/10072022140918,0.775634792004322,2.1666666659643434,0.2902214567694644,11.36666666298217,0.7129421495273719,6
slap-2m,2022-10-07/10072022140918,0.7914100486223663,1.666666666126418,2.0570369737439615,0.13333333329011343,0.870627744177494,7
slap-2m,2022-10-07/10072022161055,0.006575702778234424,0.9666666663488411,0.02973656549003656,0.0,0.7859902213542931,1
slap-2m,2022-10-07/10072022161055,0.014795331251027454,0.2999999999013645,2.1666225440419042,8.833333330429065,0.8060125109408847,2
slap-2m,2022-10-07/10072022161055,0.02126143898295797,10.499999996547757,0.24046170282744792,12.933333329081046,0.6655911263299459,3
slap-2m,2022-10-07/10072022161055,0.046742287248616364,0.399999999868486,0.5441675094106283,28.43333332398488,0.39387162563401784,4
slap-2m,2022-10-07/10072022161055,0.08214148720477835,1.7333333327634393,2.1923857845588097,49.96666665023837,0.4578789880428228,5
slap-2m,2022-10-07/10072022161055,0.088443202367253,8.833333330429065,0.3103494580812441,49.96666665023837,0.9686961377744497,6
slap-2m,2022-10-07/10072022161055,0.10488245931283906,0.6999999997698505,0.9878063354543626,63.566666645766894,0.882119890664117,7
slap-2m,2022-10-07/10072022161055,0.1064715874842457,0.599999999802729,0.8815465196984007,63.566666645766894,0.8047757630273705,8
slap-2m,2022-10-07/10072022161055,0.10827990574826017,1.0666666663159625,1.4851071851277278,63.566666645766894,0.6042426787188059,9
slap-2m,2022-10-07/10072022161055,0.11923941037865088,12.866666662436298,0.03390316591909466,72.53333330948546,0.8256488195064475,10
slap-2m,2022-10-07/10072022161055,0.1471861471861472,1.4666666661844485,0.22796835036623259,16.999999994410654,0.9329332380581488,11
slap-2m,2022-10-07/10072022161055,0.1536522549180777,15.033333328390597,0.014306938935752026,3.933333332040112,0.976846194620437,12
slap-2m,2022-10-07/10072022161055,0.18022905364677516,1.8333333327305608,1.3692428667191165,20.09999999339142,0.7915799469520632,13
slap-2m,2022-10-07/10072022161055,0.18801030193435256,2.4666666658556635,0.4809622174735699,24.833333325168503,0.7877603732289955,14
slap-2m,2022-10-07/10072022161055,0.20642226971340896,0.46666666651323363,2.566224360218578,0.03333333332237383,0.7995569753927403,15
slap-2m,2022-10-07/10072022161055,0.21135404679708478,13.899999995429887,0.0025372893763696614,3.0333333323360185,0.9903074436524711,16
slap-2m,2022-10-07/10072022161055,0.23486218422927282,5.333333331579813,0.6246397546655892,14.299999995298373,0.5465097216638801,17
slap-2m,2022-10-07/10072022161055,0.24615047399857526,0.8999999997040935,0.7017274128896347,21.16666665970738,0.4685405012038167,18
slap-2m,2022-10-07/10072022161055,0.26100060277275466,2.599999999145159,0.09918129235000386,30.19999999007069,0.6413454476874245,19
slap-2m,2022-10-07/10072022161055,0.2690010411529399,1.8333333327305608,0.8050436213512674,35.06666665513727,0.9259718893597984,20
slap-2m,2022-10-07/10072022161055,0.27261767768096884,3.7999999987506166,0.2234569596273844,35.06666665513727,0.27391527021556483,21
slap-2m,2022-10-07/10072022161055,0.29793413337717134,20.09999999339142,0.023214936749601685,52.66666664935065,0.8677529362232997,22
slap-2m,2022-10-07/10072022161055,0.34626554879719434,6.399999997895776,0.044422280214691516,22.833333325826075,0.7588145471658408,23
slap-2m,2022-10-07/10072022161055,0.36363636363636365,9.99999999671215,0.06422921746682803,39.966666653526225,0.8308016646235353,24
slap-2m,2022-10-07/10072022161055,0.3816099512302044,3.0666666656583925,2.035202182437222,39.966666653526225,0.6034727039709951,25
slap-2m,2022-10-07/10072022161055,0.3963504849580799,52.76666664931778,0.03229131618644044,39.966666653526225,0.3429328462861666,26
slap-2m,2022-10-07/10072022161055,0.4836429393391419,0.5666666664803551,2.5459611795896904,39.966666653526225,0.9228065644157888,27
slap-2m,2022-10-07/10072022161055,0.5368513343196888,26.133333324741084,0.015104010892999394,115.09999996215684,0.8411070172643601,28
slap-2m,2022-10-07/10072022161055,0.5977861800646611,0.399999999868486,0.9238577464058756,181.96666660683874,0.7026638144946871,29
slap-2m,2022-10-07/10072022161055,0.6004712586991068,4.199999998619103,0.0843966043522108,2.0666666659871775,0.6924537143381819,30
slap-2m,2022-10-07/10072022161055,0.6103896103896104,3.7999999987506166,0.21243414948689793,6.033333331349663,0.9991976285768476,31
slap-2m,2022-10-07/10072022161055,0.6183352512466437,0.599999999802729,0.9579790997744217,6.033333331349663,0.9389258548234738,32
slap-2m,2022-10-07/10072022161055,0.620253164556962,0.5333333331579813,1.5927211068524185,12.033333329376953,0.6653055861269589,33
slap-2m,2022-10-07/10072022161055,0.6393775001369938,0.6999999997698505,1.8623575493221516,7.599999997501233,0.8612701399423653,34
slap-2m,2022-10-07/10072022161055,0.6471039509014193,21.99999999276673,0.12193125013804527,12.299999995955943,0.9570350602814395,35
slap-2m,2022-10-07/10072022161055,0.7097923173872541,2.4999999991780375,0.1637715838958184,47.266666651126094,0.9752309846416422,36
slap-2m,2022-10-07/10072022161055,0.7142857142857143,0.2999999999013645,1.0442182647806941,53.16666664918626,0.7810018466466836,37
slap-2m,2022-10-07/10072022161055,0.7179571483368952,1.966666666020056,0.07938491803684045,55.39999998178531,0.8371073143410386,38
slap-2m,2022-10-07/10072022161055,0.7603704312565072,1.0666666663159625,2.0090276307272137,81.19999997330265,0.9760622988853999,39
slap-2m,2022-10-07/10072022161055,0.8189489835059456,24.766666658523757,0.024413210487245804,6.066666664672037,0.8117035181959004,40
slap-2m,2022-10-07/10072022161055,0.9452024768480465,11.66666666283084,0.011402321849089169,4.999999998356075,0.8485599599328689,41
slap-2m,2022-10-07/10072022162233,0.05672896162777839,0.8000000001769325,0.9286588487691813,0.20000000004423313,0.4903184479534162,1
slap-2m,2022-10-07/10072022162233,0.07198938405396439,1.4666666669910429,0.3402411853062793,9.433333335419663,0.9795959650015691,2
slap-2m,2022-10-07/10072022162233,0.17776180471082606,0.5333333334512883,0.09485197752300219,4.066666667566074,0.7180180266729732,3
slap-2m,2022-10-07/10072022162233,0.1802499170629216,0.40000000008846626,0.03695027038309845,5.73333333460135,0.8883069106283774,4
slap-2m,2022-10-07/10072022162233,0.21900917837000997,1.7666666670573927,1.7854665483869943,12.666666669468098,0.3971289183884465,5
slap-2m,2022-10-07/10072022162233,0.22415127723100742,1.0000000002211658,1.8030139932576967,12.666666669468098,0.8491005785102173,6
slap-2m,2022-10-07/10072022162233,0.2263076412694902,13.800000003052086,0.6347490778205584,12.666666669468098,0.9973233174222844,7
slap-2m,2022-10-07/10072022162233,0.2677761804710826,1.1000000002432821,1.06952588677119,41.93333334260755,0.7773018572774314,8
slap-2m,2022-10-07/10072022162233,0.2813225699436028,0.8000000001769325,0.025180185329509705,2.666666667256442,0.9892127902459489,9
slap-2m,2022-10-07/10072022162233,0.2854141324781599,4.633333334358068,0.9435214913673311,0.8000000001769325,0.9818206191033998,10
slap-2m,2022-10-07/10072022162233,0.2947030852593166,0.833333333517638,1.217024512076695,5.200000001150062,0.8471287457741613,11
slap-2m,2022-10-07/10072022162233,0.29647240959858456,0.3666666667477607,1.242698540042175,5.200000001150062,0.4637336317619684,12
slap-2m,2022-10-07/10072022162233,0.2991263961074865,0.8000000001769325,0.5312679619874267,3.066666667344908,0.668428292493823,13
slap-2m,2022-10-07/10072022162233,0.3038261638836669,0.23333333338493867,1.3206004866587477,2.8333333339599696,0.724302809436517,14
slap-2m,2022-10-07/10072022162233,0.3137786132920491,1.8000000003980983,0.7699164370304998,8.833333335286964,0.9204218156412679,15
slap-2m,2022-10-07/10072022162233,0.33489992259206014,0.33333333340705523,0.6196049178810187,0.766666666836227,0.6573895283002303,16
slap-2m,2022-10-07/10072022162233,0.3403184783810682,2.4666666672122086,0.6099130569925348,0.3000000000663497,0.7603857248725001,17
slap-2m,2022-10-07/10072022162233,0.3473404843525379,5.600000001238528,0.42688487012960363,4.233333334269601,0.9659343514269688,18
slap-2m,2022-10-07/10072022162233,0.3569611854473073,0.3666666667477607,0.3048952189691763,5.800000001282761,0.5068171579916871,19
slap-2m,2022-10-07/10072022162233,0.3605551255114453,2.1666666671458588,0.1397172286605436,7.96666666842862,0.9269240990771153,20
slap-2m,2022-10-07/10072022162233,0.3652548932876258,1.0000000002211658,0.7201466954958915,10.80000000238859,0.8938935923902164,21
slap-2m,2022-10-07/10072022162233,0.36807475395333406,0.766666666836227,0.4158980834694778,1.7000000003759816,0.9484156755845055,22
slap-2m,2022-10-07/10072022162233,0.370286409377419,0.46666666676987734,0.12227699757944184,1.333333333628221,0.8976901428055574,23
slap-2m,2022-10-07/10072022162233,0.3879243613844963,2.4666666672122086,0.4526067464260742,10.633333335685062,0.9591228362319012,24
slap-2m,2022-10-07/10072022162233,0.39356408271591287,0.5000000001105829,0.4242954120173962,3.4000000007519633,0.6887703484138927,25
slap-2m,2022-10-07/10072022162233,0.3947804931991596,1.400000000309632,0.022317902812117492,4.133333334247485,0.6262151347469643,26
slap-2m,2022-10-07/10072022162233,0.3998120092889528,0.700000000154816,1.193197018809931,7.166666668251687,0.7727524765192655,27
slap-2m,2022-10-07/10072022162233,0.4032953665818865,0.833333333517638,0.2786591499419039,0.10000000002211656,0.6365781685499516,28
slap-2m,2022-10-07/10072022162233,0.4069998894172288,2.9333333339820857,0.19196043829098466,2.23333333382727,0.795483653099647,29
slap-2m,2022-10-07/10072022162233,0.4135242729182793,0.3666666667477607,0.36774104755181974,6.166666668030522,0.879798383572559,30
slap-2m,2022-10-07/10072022162233,0.42922702642928234,2.800000000619264,0.08572312131270095,0.6666666668141105,0.9599948997383676,31
slap-2m,2022-10-07/10072022162233,0.44166758818976004,2.1666666671458588,1.211945831884162,8.166666668472853,0.9046008904934306,32
slap-2m,2022-10-07/10072022162233,0.4489107597036382,0.4333333334291718,1.1212526423731837,0.6333333334734049,0.8467451260041093,33
slap-2m,2022-10-07/10072022162233,0.5033174831361273,4.000000000884663,0.5397964363261317,17.166666670463343,0.3338622167184631,34
slap-2m,2022-10-07/10072022162233,0.5103394891075971,0.8666666668583436,0.7027947589399226,21.400000004732945,0.5840300027837775,35
slap-2m,2022-10-07/10072022162233,0.5448413137233219,0.6666666668141105,0.8605818932557776,1.7000000003759816,0.48677737199092913,36
slap-2m,2022-10-07/10072022162233,0.5472188433042132,1.5666666670131595,0.11023394216120341,1.7000000003759816,0.933808309055828,37
slap-2m,2022-10-07/10072022162233,0.5504257436691363,2.0000000004423315,1.6081157287371,5.066666667787239,0.7848024264032469,38
slap-2m,2022-10-07/10072022162233,0.5581665376534336,0.6333333334734049,0.22598684316264064,9.733333335486012,0.8076828955165298,39
slap-2m,2022-10-07/10072022162233,0.5658520402521288,0.33333333340705523,1.6617387945774875,0.40000000008846626,0.8996378554420105,40
slap-2m,2022-10-07/10072022162233,0.570938847727524,0.9000000001990491,1.311853639543395,3.4666666674333744,0.6188226196646537,41
slap-2m,2022-10-07/10072022162233,0.581223045449519,0.4333333334291718,0.8483799263872241,2.366666667190092,0.7894871662814111,42
slap-2m,2022-10-07/10072022162233,0.6017361495079067,0.8000000001769325,0.9230042849764314,0.26666666672564415,0.9646658129511184,43
slap-2m,2022-10-07/10072022162233,0.6040583877031959,7.133333334910982,0.01983564878154981,1.666666667035276,0.8903727788454601,44
slap-2m,2022-10-07/10072022162233,0.618047108260533,0.8666666668583436,0.6690558987940681,1.666666667035276,0.8171285006600061,45
slap-2m,2022-10-07/10072022162233,0.6206458033838328,0.5000000001105829,0.69679641162898,11.666666669246933,0.7499978882623982,46
slap-2m,2022-10-07/10072022162233,0.6950127170186885,0.4333333334291718,0.29692554981292846,2.0666666671237426,0.4387019655990395,47
slap-2m,2022-10-07/10072022162233,0.6984407829260201,1.333333333628221,0.7532706754400166,4.133333334247485,0.6562405493705905,48
slap-2m,2022-10-07/10072022162233,0.7071215304655535,0.7333333334955214,2.0260815081706083,9.366666668738251,0.3107475660712163,49
slap-2m,2022-10-07/10072022162233,0.7221054959637289,6.366666668074755,0.08043886162034154,18.400000004069447,0.9732343568147324,50
slap-2m,2022-10-07/10072022162233,0.7355965940506469,4.200000000928895,0.06612492994113696,0.40000000008846626,0.7633871137602338,51
slap-2m,2022-10-07/10072022162233,0.7627999557668915,9.433333335419663,0.339622442922608,17.233333337144757,0.814070337765531,52
slap-2m,2022-10-07/10072022162233,0.784087139223709,1.2666666669468098,0.08803995933984753,29.766666673250032,0.5571811746856604,53
slap-2m,2022-10-07/10072022162233,0.8086918058166538,1.0000000002211658,1.8790360194455888,38.333333341811354,0.5735938656094024,54
slap-2m,2022-10-07/10072022162233,0.8415348888643149,2.666666667256442,0.5077786929812537,2.800000000619264,0.7843083900874916,55
slap-2m,2022-10-07/10072022162233,0.8489992259206016,2.4000000005307975,0.06970893366004494,4.500000000995246,0.7974052638077309,56
slap-2m,2022-10-07/10072022162233,0.8542519075528032,3.000000000663497,0.03414917942928474,7.66666666836227,0.893218305306392,57
slap-2m,2022-10-07/10072022162233,0.860389251354639,2.1666666671458588,0.07123664824793656,11.366666669180583,0.9929615340620245,58
slap-2m,2022-10-07/10072022162233,0.8650337277452173,1.0333333335618713,1.295049848818282,14.166666669799847,0.8340204350705193,59
slap-2m,2022-10-07/10072022162233,0.8838327988499391,1.1333333335839877,0.3551015806911488,0.8666666668583436,0.4524506350436818,60
slap-2m,2022-10-07/10072022162233,0.8876479044564857,1.333333333628221,0.04977856309921067,3.1666666673670245,0.5642728597243187,61
slap-2m,2022-10-07/10072022162233,0.8910759703638174,2.9333333339820857,0.05104360897155402,0.4333333334291718,0.8541562009425527,62
slap-2m,2022-10-07/10072022162233,0.8998120092889528,0.23333333338493867,1.198933274825522,0.9333333335397547,0.7290734927630105,63
slap-2m,2022-10-07/10072022162233,0.9074422205020458,2.8333333339599696,0.4153030279730099,1.4666666669910429,0.8657235019437363,64
slap-2m,2022-10-07/10072022162233,0.9234767223266616,8.133333335132148,0.21411888104662377,9.666666668804602,0.7153849923877372,65
slap-2m,2022-10-07/10072022162233,0.940782926020126,0.6000000001326994,0.6105431078862118,20.10000000444543,0.8803257540013018,66
slap-2m,2022-10-07/10072022162233,0.9526705739245825,3.7333333341590187,1.2761713549036218,0.9333333335397547,0.9174188236855372,67
slap-2m,2022-10-07/10072022162233,0.9706402742452725,2.1000000004644477,1.1688668402050073,5.766666667942055,0.5312405531693739,68
slap-2m,2022-10-07/10072022162233,0.977994028530355,12.000000002653987,1.024788538104111,10.200000002255889,0.7127779659186967,69
slap-2m,2022-10-07/10072022163346,0.016444835551644485,3.199999999648003,0.009735565864875383,9.966666665570344,0.36965043739716474,1
slap-2m,2022-10-07/10072022163346,0.058574414255857445,8.866666665691342,0.3115981768845938,24.43333333064569,0.5852307472359095,2
slap-2m,2022-10-07/10072022163346,0.08469915300846992,0.4999999999450005,1.2804772752888645,24.699999997283026,0.6831120439343725,3
slap-2m,2022-10-07/10072022163346,0.08684413155868441,38.79999999573204,0.012963895430877682,24.699999997283026,0.6875954889121135,4
slap-2m,2022-10-07/10072022163346,0.17753822461775381,0.7333333332526674,0.16801160603377455,8.666666665713342,0.6981262600550902,5
slap-2m,2022-10-07/10072022163346,0.19167308326916732,3.299999999637003,0.49567451815661523,0.1333333333186668,0.5729599983402884,6
slap-2m,2022-10-07/10072022163346,0.20916290837091628,5.833333332691672,0.007759231030436181,10.599999998834011,0.6883435178140068,7
slap-2m,2022-10-07/10072022163346,0.3078319216807832,2.0333333331096686,0.16158697290552598,17.133333331448682,0.34884498914547213,8
slap-2m,2022-10-07/10072022163346,0.3149268507314927,2.1666666664283354,0.955931993478129,21.43333333097569,0.3074853005603695,9
slap-2m,2022-10-07/10072022163346,0.32790672093279066,13.166666665218347,0.06298209758442053,29.29999999677703,0.6283767499310864,10
slap-2m,2022-10-07/10072022163346,0.3669563304366956,1.566666666494335,0.08149163407307464,52.96666666084039,0.7478705673959235,11
slap-2m,2022-10-07/10072022163346,0.3717962820371796,7.233333332537674,0.34763588989941313,52.96666666084039,0.9011524680069849,12
slap-2m,2022-10-07/10072022163346,0.4055659443405566,2.099999999769002,0.04183572517418924,3.03333333299967,0.8491270680758383,13
slap-2m,2022-10-07/10072022163346,0.48025519744802553,2.4999999997250026,0.10861535554186502,1.333333333186668,0.3897589083567119,14
slap-2m,2022-10-07/10072022163346,0.490650093499065,1.566666666494335,0.4289203977051198,5.999999999340006,0.40643931595156213,15
slap-2m,2022-10-07/10072022163346,0.5470795292047079,1.666666666483335,1.5183680095091345,41.83333332873171,0.3773852468198972,16
slap-2m,2022-10-07/10072022163346,0.6637883621163788,6.26666666597734,0.019040726957914225,1.2666666665273345,0.5826532196135454,17
slap-2m,2022-10-07/10072022163346,0.8049169508304916,0.4999999999450005,1.4249551691838502,0.9666666665603343,0.6080880368605979,18
slap-2m,2022-10-07/10072022163346,0.8874161258387416,0.3666666666263337,1.3377252108660231,18.833333331261684,0.31133742395406877,19
slap-2m,2022-10-07/10072022163346,0.8926410735892641,20.93333333103069,0.3892226295299402,31.233333329897697,0.7048732459894017,20
slap-2m,2022-10-07/10072022163346,0.9357056429435706,3.33333333296667,0.35007747032582703,26.099999997129025,0.4755335428986239,21
slap-2m,2022-10-07/10072022163346,0.9418655813441865,0.5999999999340005,0.3588586943123325,26.099999997129025,0.6297161842721647,22
slap-2m,2022-10-07/10072022163346,0.9436805631943681,0.3999999999560004,0.9356814484701453,26.099999997129025,0.813686851185233,23
slap-2m,2022-10-07/10072022163346,0.9447805521944781,0.666666666593334,0.8633208399922012,26.099999997129025,0.8051361195858578,24
slap-2m,2022-10-07/10072022163346,0.9502254977450225,30.166666663348362,0.38208039288769724,26.099999997129025,0.6357171698529369,25
slap-2m,2022-10-07/10072022170913,0.1696226310845903,0.7,0.9498952943211146,2.333333333333333,0.8671205610214988,1
slap-2m,2022-10-07/10072022170913,0.1717774462677496,0.2666666666666666,0.8290737088605674,1.2999999999999998,0.5377837533011607,2
slap-2m,2022-10-07/10072022170913,0.5801978009834797,0.5333333333333332,0.06466926324841289,0.8666666666666666,0.8476151022944911,3
slap-2m,2022-10-07/10072022170913,0.6257251781866402,1.2666666666666666,0.07738579466748116,1.9333333333333331,0.7020129864219722,4
slap-2m,2022-10-07/10072022170913,0.6714735620752528,1.3333333333333333,0.4379675906139558,5.933333333333333,0.4014434633561137,5
slap-2m,2022-10-07/10072022170913,0.6741256423006796,0.8666666666666666,0.37107362166109015,7.533333333333332,0.5251895879348313,6
slap-2m,2022-10-07/10072022170913,0.6781037626388198,0.3333333333333333,0.2443337271429675,9.933333333333332,0.9129573059339907,7
slap-2m,2022-10-07/10072022170913,0.8547986076578816,0.3,1.7394382889149602,3.433333333333333,0.7239040495414573,8
slap-2m,2022-10-07/10072022170913,0.8652411735454998,0.9666666666666666,0.3082188764541484,0.8666666666666666,0.37045580215518914,9
slap-2m,2022-10-07/10072022170913,0.8681142604563789,1.4666666666666666,0.8024318544036525,2.5999999999999996,0.6989116321285056,10
slap-2m,2022-10-07/10072022170913,0.8781700646444555,0.8666666666666666,1.335617491370591,2.5999999999999996,0.8621749550038269,11
slap-2m,2022-10-07/10072022173152,0.009677104037014108,0.5666666668143755,0.8230750143863682,3.1666666674920987,0.7917424014037105,1
slap-2m,2022-10-07/10072022173152,0.011338828972662996,0.2666666667361767,0.581680194458327,4.866666667935225,0.8927809587410305,2
slap-2m,2022-10-07/10072022173152,0.01247922843830439,0.9333333335766185,1.0363338538649722,0.20000000005213253,0.6428594782534462,3
slap-2m,2022-10-07/10072022173152,0.05721547033332247,2.700000000703789,1.4667701671019373,0.3333333334202209,0.8730635063931008,4
slap-2m,2022-10-07/10072022173152,0.16151314717669676,0.5000000001303314,1.9220050837569733,0.5666666668143755,0.7470067232417499,5
slap-2m,2022-10-07/10072022173152,0.16425010589423608,0.40000000010426506,3.123957263746659,2.8000000007298556,0.775530362212245,6
slap-2m,2022-10-07/10072022173152,0.572806360170734,2.166666667231436,0.3398085170833685,11.766666669733798,0.5966812805244885,7
slap-2m,2022-10-07/10072022173152,0.5753804046788961,0.5000000001303314,1.4029259246906638,4.3666666678048935,0.8249485512713496,8
slap-2m,2022-10-07/10072022173152,0.6397966830666971,1.800000000469193,0.6639056867819548,6.4666666683522855,0.5561739388677271,9
slap-2m,2022-10-07/10072022173152,0.801603075820273,1.2000000003127953,2.2971148733186273,1.066666666944707,0.6437927278535028,10
slap-2m,2022-10-07/10072022180149,0.0010960705869457992,0.7666666664986025,0.4701637313560357,0.23333333328218336,0.8318296440395893,1
slap-2m,2022-10-07/10072022180149,0.008001315284704335,3.3666666659286455,0.3616572625006649,0.09999999997807858,0.6015158630534024,2
slap-2m,2022-10-07/10072022180149,0.014303721159642681,0.8666666664766811,1.3163084073160787,3.933333332471091,0.7848364858163668,3
slap-2m,2022-10-07/10072022180149,0.01929084233024607,0.29999999993423576,0.8674521827788002,0.5999999998684715,0.9359877330528973,4
slap-2m,2022-10-07/10072022180149,0.022633857620430756,1.0999999997588645,0.49111678827457605,1.0666666664328381,0.7938702232102554,5
slap-2m,2022-10-07/10072022180149,0.025757658793226283,1.4666666663451526,0.5272712325497934,2.9666666660163314,0.7686814003383592,6
slap-2m,2022-10-07/10072022180149,0.02970351290623116,3.533333332558777,0.1876219374661417,0.6666666665205239,0.6200861846808049,7
slap-2m,2022-10-07/10072022180149,0.03775963172028279,0.8999999998027073,2.3174236703551627,4.899999998925851,0.8194446240699553,8
slap-2m,2022-10-07/10072022180149,0.04285635994958075,1.033333333106812,0.6147950988827092,1.2333333330629692,0.38106963900102164,9
slap-2m,2022-10-07/10072022180149,0.04762426700279498,1.899999999583493,0.3204052549119811,1.4666666663451526,0.48027763696658005,10
slap-2m,2022-10-07/10072022180149,0.05146051405710528,0.33333333326026193,0.391476770412541,3.799999999166986,0.89081663540207,11
slap-2m,2022-10-07/10072022180149,0.05474872581794268,4.1999999990793,0.31558263849169077,0.13333333330410477,0.5363291502541361,12
slap-2m,2022-10-07/10072022180149,0.06220200580917411,8.633333331440785,0.14926732573299634,4.6666666656436675,0.6400829698259538,13
slap-2m,2022-10-07/10072022180149,0.08384939990135365,1.7999999996054146,0.4327060534934757,17.833333329424015,0.6026187227655544,14
slap-2m,2022-10-07/10072022180149,0.09124787636323779,1.0666666664328381,0.36791572648756166,0.36666666658628816,0.5834192068939589,15
slap-2m,2022-10-07/10072022180149,0.09333041047843481,1.7999999996054146,0.07749757862046623,1.6333333329752835,0.8417773538311717,16
slap-2m,2022-10-07/10072022180149,0.0982627281196909,1.533333332997205,0.4624330224363665,4.633333332317641,0.9173014851626426,17
slap-2m,2022-10-07/10072022180149,0.10352386693703075,2.7999999993862,0.1254955848024685,0.9333333331287335,0.4765392914757898,18
slap-2m,2022-10-07/10072022180149,0.10938784457719077,1.6999999996273358,0.1025695557295568,4.499999999013537,0.854128632828022,19
slap-2m,2022-10-07/10072022180149,0.1163478928042966,0.43333333323834056,0.17370270088095677,0.13333333330410477,0.7006396366281842,20
slap-2m,2022-10-07/10072022180149,0.12193785279772017,1.3333333330410477,0.046156812825027274,0.36666666658628816,0.8349272391432457,21
slap-2m,2022-10-07/10072022180149,0.12851427631939497,1.4999999996711788,0.22043297058782432,4.366666665709431,0.7397694000027837,22
slap-2m,2022-10-07/10072022180149,0.14336603277251056,0.36666666658628816,0.8560583743356898,0.7666666664986025,0.8827773339530333,23
slap-2m,2022-10-07/10072022180149,0.15142215158656216,0.5666666665424454,0.9790795305290941,0.9999999997807858,0.8324731052709714,24
slap-2m,2022-10-07/10072022180149,0.1808516468460569,0.43333333323834056,0.5454360663482766,1.3999999996931,0.41406614525841856,25
slap-2m,2022-10-07/10072022180149,0.18205732449169726,0.8666666664766811,0.48802747652597045,2.1333333328656763,0.9903549328751517,26
slap-2m,2022-10-07/10072022180149,0.18561955389927112,0.6666666665205239,0.7962815717544299,1.033333333106812,0.9039320103067872,27
slap-2m,2022-10-07/10072022180149,0.18830492683728833,1.366666666367074,0.14843463380326508,0.4999999998903929,0.7967495936226913,28
slap-2m,2022-10-07/10072022180149,0.19296322683180797,0.39999999991231433,0.5884427911758228,0.33333333326026193,0.6976014265576584,29
slap-2m,2022-10-07/10072022180149,0.19679947388611826,0.9666666664547596,0.5116763574352994,0.19999999995615717,0.913784464581626,30
slap-2m,2022-10-07/10072022180149,0.2009645421165123,0.9333333331287335,0.553197175520936,0.5999999998684715,0.8723613437944154,31
slap-2m,2022-10-07/10072022180149,0.20288266564366744,6.733333331857291,0.31372619396881024,1.7666666662793884,0.5303154446805798,32
slap-2m,2022-10-07/10072022180149,0.2222283115032608,1.5666666663232311,0.4382979272852553,0.43333333323834056,0.32446965378121884,33
slap-2m,2022-10-07/10072022180149,0.22918835973036664,8.833333331396942,0.06639715667450263,1.9999999995615716,0.4997202199995467,34
slap-2m,2022-10-07/10072022180149,0.2833890502548364,1.2666666663889954,0.5417793700391257,8.033333331572313,0.5135814994654478,35
slap-2m,2022-10-07/10072022180149,0.2936373102427796,0.9999999997807858,0.3991744289784356,14.266666663539212,0.8524677398979911,36
slap-2m,2022-10-07/10072022180149,0.30662574669808734,10.766666664306461,0.1765196032047717,1.366666666367074,0.564236993425652,37
slap-2m,2022-10-07/10072022180149,0.3677316819203157,0.39999999991231433,2.094034334440868,10.766666664306461,0.8723795177975924,38
slap-2m,2022-10-07/10072022180149,0.4051076889351674,1.1666666664109169,0.562669528427008,3.3666666659286455,0.42398517810673547,39
slap-2m,2022-10-07/10072022180149,0.4083410971666575,0.39999999991231433,0.08580743460304069,0.0,0.7290598327722958,40
slap-2m,2022-10-07/10072022180149,0.4234120677371623,0.9666666664547596,0.7238175625419265,7.166666665095632,0.5800932201636705,41
slap-2m,2022-10-07/10072022180149,0.4287828136131967,0.6666666665205239,0.9096033123202515,1.4666666663451526,0.8599615839308625,42
slap-2m,2022-10-07/10072022180149,0.43031731243492083,2.9999999993423576,0.5132887685286325,2.399999999473886,0.58199909567252,43
slap-2m,2022-10-07/10072022180149,0.47448895708883654,0.36666666658628816,0.16964239303333545,1.866666666257467,0.7929937524151899,44
slap-2m,2022-10-07/10072022180149,0.5000274017646736,1.9666666662355454,0.04666665587848413,0.6333333331944977,0.772951812000737,45
slap-2m,2022-10-07/10072022180149,0.5037540417602894,0.33333333326026193,0.15226864114018132,2.2666666661697814,0.7348341188179925,46
slap-2m,2022-10-07/10072022180149,0.5074806817559051,0.36666666658628816,1.1302431539839326,4.533333332339563,0.8878072418526755,47
slap-2m,2022-10-07/10072022180149,0.5091247876363237,0.7333333331725763,0.38095746174454637,0.9999999997807858,0.8677791031306712,48
slap-2m,2022-10-07/10072022180149,0.5802597687291061,0.9666666664547596,0.8492974370501618,11.966666664043403,0.7171550875306604,49
slap-2m,2022-10-07/10072022180149,0.5827807310790815,0.33333333326026193,2.0204844811771747,1.533333332997205,0.701354597617782,50
slap-2m,2022-10-07/10072022180149,0.5866169781333918,0.36666666658628816,2.785601366704342,2.1666666661917025,0.5621200263512447,51
slap-2m,2022-10-07/10072022180149,0.5999890392941305,2.0333333328875978,0.6390073229864804,11.99999999736943,0.6457441206772234,52
slap-2m,2022-10-07/10072022180149,0.611223762810325,0.29999999993423576,0.40657536727655863,6.8333333318353695,0.7779179336239824,53
slap-2m,2022-10-07/10072022180149,0.6135255110429112,0.9666666664547596,1.9451645247402514,1.3999999996931,0.8692330436990426,54
slap-2m,2022-10-07/10072022180149,0.6495862333534279,0.29999999993423576,0.7214508697266439,1.7666666662793884,0.5864439927612617,55
slap-2m,2022-10-07/10072022180149,0.6517235709979723,0.26666666660820953,1.7085289971189772,1.2999999997150216,0.8207615974598407,56
slap-2m,2022-10-07/10072022180149,0.6594508686359402,0.39999999991231433,1.945854539934955,0.03333333332602619,0.2600373339819704,57
slap-2m,2022-10-07/10072022180149,0.6681646298021593,1.0666666664328381,1.2148461459257913,0.03333333332602619,0.8822354330751674,58
slap-2m,2022-10-07/10072022180149,0.6857565627226393,0.46666666656436673,1.6244390690612143,1.7666666662793884,0.7317484055134085,59
slap-2m,2022-10-07/10072022180149,0.7015399791746588,0.8333333331506548,0.5478662074087367,0.8999999998027073,0.7570345982631114,60
slap-2m,2022-10-07/10072022180149,0.7095960979887105,1.199999999736943,0.28919046048505964,1.1666666664109169,0.9362806620409992,61
slap-2m,2022-10-07/10072022180149,0.7210500356222941,0.43333333323834056,1.2565382012189223,1.2666666663889954,0.7218578453881864,62
slap-2m,2022-10-07/10072022180149,0.733326026196087,2.1333333328656763,1.4900883625997925,8.733333331418862,0.5146089293576294,63
slap-2m,2022-10-07/10072022180149,0.7405600920699293,0.5333333332164191,1.8803214406108988,13.13333333045432,0.9634410779357658,64
slap-2m,2022-10-07/10072022180149,0.7436290897133775,1.0666666664328381,0.7586679914605009,14.999999996711788,0.6587442682687795,65
slap-2m,2022-10-07/10072022180149,0.7490546391187592,0.43333333323834056,2.176331611350837,18.29999999598838,0.48633414457191504,66
slap-2m,2022-10-07/10072022180149,0.8123527155148792,0.6666666665205239,0.2018978316603194,56.66666665424453,0.7520218497322919,67
slap-2m,2022-10-07/10072022180149,0.845947279004768,0.5666666665424454,0.4855456489917978,1.2333333330629692,0.6615404735497906,68
slap-2m,2022-10-07/10072022180149,0.8481394201786595,0.5666666665424454,0.9480484807429154,2.566666666104017,0.92073104920731,69
slap-2m,2022-10-07/10072022180149,0.873568257795802,0.5333333332164191,0.6131741312189771,2.866666666038253,0.6187742814588674,70
slap-2m,2022-10-07/10072022180149,0.9071080177563435,0.29999999993423576,1.715310716063538,0.4999999998903929,0.4388191257430656,71
slap-2m,2022-10-07/10072022181300,0.0,5.533333330898288,0.009482647401300592,0.0,0.8523037370025988,1
slap-2m,2022-10-07/10072022181300,0.015567412949007096,1.5666666659772261,0.11449052489877433,9.399999995863357,0.9100425617942463,2
slap-2m,2022-10-07/10072022181300,0.019473018317839264,2.4333333322625004,0.7937195140945092,11.799999994807193,0.8550754379893623,3
slap-2m,2022-10-07/10072022181300,0.027394246108146763,2.8999999987238017,0.26957352487730785,15.49999999317894,0.5800131789993084,4
slap-2m,2022-10-07/10072022181300,0.03927608779360801,7.333333330106165,0.30331992694742493,15.49999999317894,0.8360606280910174,5
slap-2m,2022-10-07/10072022181300,0.059244182848341494,7.833333329886131,0.037996863435029414,18.999999991638703,0.9480712152605594,6
slap-2m,2022-10-07/10072022181300,0.07569173221849387,3.2999999985477744,0.3782981325653379,18.999999991638703,0.8333188326808937,7
slap-2m,2022-10-07/10072022181300,0.08218273832444029,2.233333332350514,0.2508034867014063,34.299999984905654,0.636063457299786,8
slap-2m,2022-10-07/10072022181300,0.09180923043071676,8.333333329666097,0.024065095484252664,37.69999998340942,0.9429675058821151,9
slap-2m,2022-10-07/10072022181300,0.11238241927498763,27.599999987854112,0.023724880666479105,37.69999998340942,0.8569091136659178,10
slap-2m,2022-10-07/10072022181300,0.17261675559711756,14.36666666034435,0.07208700250422591,86.36666662865943,0.9002342732908813,11
slap-2m,2022-10-07/10072022181300,0.20155124044226855,2.7333333321304796,0.26019265720586593,105.96666662003409,0.5186507002776934,12
slap-2m,2022-10-07/10072022181300,0.261455525606469,9.833333329005994,0.05357405943377197,3.633333331734418,0.6633917661266421,13
slap-2m,2022-10-07/10072022181300,0.27905825402937456,3.166666665273117,0.2071041995102886,3.633333331734418,0.9883568655692665,14
slap-2m,2022-10-07/10072022181300,0.28703449034600365,0.9333333329226029,2.4034457598504484,48.833333311843326,0.3517331355988016,15
slap-2m,2022-10-07/10072022181300,0.29979646845261015,0.8999999996039385,0.6411118545389795,1.5666666659772261,0.8073131369173044,16
slap-2m,2022-10-07/10072022181300,0.3025468947686891,10.933333328521918,0.10377108727589095,3.233333331910446,0.894731845592596,17
slap-2m,2022-10-07/10072022181300,0.3297211067715496,0.43333333314263706,1.0725177425007795,14.299999993707022,0.3903684051007726,18
slap-2m,2022-10-07/10072022181300,0.3349469167720997,8.13333332975411,0.32142485950781724,3.433333331822432,0.7640932776919904,19
slap-2m,2022-10-07/10072022181300,0.35414489245833103,0.46666666646130145,0.1748099766459563,16.966666659200172,0.9819752308616554,20
slap-2m,2022-10-07/10072022181300,0.36498157214368226,8.13333332975411,0.16266452294599557,0.43333333314263706,0.9071215721127525,21
slap-2m,2022-10-07/10072022181300,0.37977886572418723,1.6999999992518837,2.238433544702309,8.966666662720721,0.45924921697901677,22
slap-2m,2022-10-07/10072022181300,0.4206502007811211,1.3666666660652398,0.08353955005624103,22.33333332350514,0.821922891345641,23
slap-2m,2022-10-07/10072022181300,0.4406733043621761,5.366666664304966,0.048068218705514386,1.1666666661532537,0.9085527667315932,24
slap-2m,2022-10-07/10072022181300,0.4534352824687827,5.866666664084932,0.6550834575869701,1.1666666661532537,0.49816632121177123,25
slap-2m,2022-10-07/10072022181300,0.46856262720721714,2.3666666656251714,0.6306953207758794,23.133333323153085,0.38013711717530385,26
slap-2m,2022-10-07/10072022181300,0.48236976731393366,1.89999999916387,1.83581843506914,31.499999986137848,0.27629680101810333,27
slap-2m,2022-10-07/10072022181300,0.4906760547884922,2.066666665757192,0.8763016437007799,35.33333331778425,0.6556771232051842,28
slap-2m,2022-10-07/10072022181300,0.4961769074206502,0.7333333330106165,1.088007172570128,4.533333331338357,0.6688346170755851,29
slap-2m,2022-10-07/10072022181300,0.497772154683976,0.5333333330986302,2.141019464531926,5.499999997579624,0.4944891890628522,30
slap-2m,2022-10-07/10072022181300,0.5007426151053413,1.0666666661972604,1.5031652530434034,5.499999997579624,0.3181980871583856,31
slap-2m,2022-10-07/10072022181300,0.5198855822652512,0.3333333331866439,0.4576851090061564,5.033333331118323,0.6626315192598402,32
slap-2m,2022-10-07/10072022181300,0.5226360085813301,9.099999995995377,0.3445664675823038,6.699999997051542,0.8099326609503179,33
slap-2m,2022-10-07/10072022181300,0.5424390780570989,1.3333333327465755,0.1744251928884585,1.89999999916387,0.8618549335993101,34
slap-2m,2022-10-07/10072022181300,0.5610869684801144,1.199999999471918,0.41691362558398193,6.599999997095549,0.4564130038799128,35
slap-2m,2022-10-07/10072022181300,0.568348093954563,0.3333333331866439,1.1424221200164253,6.933333330282193,0.263676988283284,36
slap-2m,2022-10-07/10072022181300,0.5811100720611695,0.5666666664172946,0.5166634368346786,14.66666666021233,0.8341862621305761,37
slap-2m,2022-10-07/10072022181300,0.5931019307992739,5.833333330766268,0.16746423277432523,2.3666666656251714,0.9163155466197154,38
slap-2m,2022-10-07/10072022181300,0.6046537213268056,3.866666664965069,0.24912792454124366,2.3666666656251714,0.5941326964753542,39
slap-2m,2022-10-07/10072022181300,0.6132900599592936,1.8666666658452058,1.8143976089740688,17.76666665884812,0.4132016233718569,40
slap-2m,2022-10-07/10072022181300,0.6602673414379229,1.0666666661972604,0.0772754942859485,4.999999997799658,0.7670618155479675,41
slap-2m,2022-10-07/10072022181300,0.7297981187083998,0.2999999998679795,2.0258212550228114,38.79999998292535,0.2808168106127855,42
slap-2m,2022-10-07/10072022181300,0.7306232466032235,0.6666666663732878,0.8521279832461598,38.79999998292535,0.771707237426103,43
slap-2m,2022-10-07/10072022181300,0.7325485450244787,3.599999998415754,0.7186642285555098,1.7666666658892125,0.5573762611183646,44
slap-2m,2022-10-07/10072022181300,0.7403047472358215,0.8999999996039385,1.4078381638146593,1.7666666658892125,0.6029356522896674,45
slap-2m,2022-10-07/10072022181300,0.7810110567137907,2.1999999990318497,0.02117179370380018,29.366666653743327,0.6316508454221906,46
slap-2m,2022-10-07/10072022181300,0.7975136146102646,0.2999999998679795,0.2154440622312415,5.099999997755651,0.7855459068268844,47
slap-2m,2022-10-07/10072022181300,0.8052148082952858,0.36666666650530827,0.23943750793489232,0.6666666663732878,0.8378040110012004,48
slap-2m,2022-10-07/10072022181300,0.8061499532427526,6.1333333306342475,0.27337179921335153,0.6333333330546234,0.43240305596117906,49
slap-2m,2022-10-07/10072022181300,0.8733153638814016,2.1666666657131852,0.11242885254431688,8.533333329578083,0.5196566836089828,50
slap-2m,2022-10-07/10072022181300,0.8774960118818417,1.1666666661532537,1.8060078706026712,8.533333329578083,0.48544479099492327,51
slap-2m,2022-10-07/10072022181300,0.9067605478849221,0.49999999977996584,1.2028102080386933,4.3666666647450345,0.8594170696831526,52
slap-2m,2022-10-07/10072022181300,0.9299741459926288,6.53333333045822,0.05005049259518429,10.33333332878596,0.9965647448601527,53
slap-2m,2022-10-07/10072022181300,0.9415809450464822,0.7333333330106165,1.1990910883689314,7.033333330238186,0.5613419906540138,54
slap-2m,2022-10-07/10072022181300,0.9631992958908631,1.1333333328345891,0.06739244159433525,12.733333327729795,0.976822074513178,55
slap-2m,2022-10-07/10072022181300,0.9654546454700479,3.166666665273117,0.24881748232237505,8.766666662808735,0.7407885600279979,56
slap-2m,2022-10-07/10072022181300,0.9787117003135486,2.3333333323065073,0.0605097714272391,0.8333333329666097,0.992185037555529,57
slap-2m,2022-10-07/10072022181300,0.9867429451564993,2.1999999990318497,0.7655192228196207,0.8333333329666097,0.7366926155865894,58
slap-2m,2022-10-07/10072022183527,0.0,37.79999999580676,0.07514641977654057,0.0,0.9955139159059092,1
slap-2m,2022-10-07/10072022183527,0.0810361084918742,0.3333333332963559,1.7039427372651756,44.566666661722785,0.8562158624347915,2
slap-2m,2022-10-07/10072022183527,0.11742193133285263,3.333333332963559,0.5492737724272791,6.433333332619669,0.4917535130230361,3
slap-2m,2022-10-07/10072022183527,0.14831660103167119,0.8333333332408898,0.5816776810414146,2.433333333063398,0.7937635253623,4
slap-2m,2022-10-07/10072022183527,0.15236563314659715,1.7333333331410508,1.4326952120881051,2.433333333063398,0.7954088764548298,5
slap-2m,2022-10-07/10072022183527,0.15924344112263575,0.5333333332741694,1.8564543130722737,6.566666665938211,0.694603593103292,6
slap-2m,2022-10-07/10072022183527,0.1651783238116368,8.499999999057076,0.4285829357413103,10.133333332209219,0.7892613188089203,7
slap-2m,2022-10-07/10072022183527,0.17971046647068611,0.3333333332963559,2.1745125262438183,18.866666664573742,0.7542367943496535,8
slap-2m,2022-10-07/10072022183527,0.19524100061012814,0.7999999999112541,2.16685335899628,1.1999999998668813,0.9600290691487426,9
slap-2m,2022-10-07/10072022183527,0.21842586943258085,0.2666666666370847,1.5284961260986423,4.066666666215542,0.6326304722547669,10
slap-2m,2022-10-07/10072022183527,0.2304620333906484,1.699999999811415,0.7839990430142754,0.19999999997781354,0.7899444446163312,11
slap-2m,2022-10-07/10072022183527,0.3206500637861224,2.333333333074491,0.4433138408292679,2.733333333030118,0.4032876855567683,12
slap-2m,2022-10-07/10072022183527,0.3261412169282822,0.3666666666259915,1.3018971119575404,6.033333332664042,0.7250818556622439,13
slap-2m,2022-10-07/10072022183527,0.3303566476232736,3.999999999556271,0.4209130420690218,1.3999999998446948,0.5989060764553322,14
slap-2m,2022-10-07/10072022183527,0.3379555161129292,3.7999999995784575,0.7305481457553601,5.9666666660047705,0.8336619708324985,15
slap-2m,2022-10-07/10072022183527,0.34522158744245385,12.366666665294805,0.02020594672351424,4.366666666182263,0.7278194013820923,16
slap-2m,2022-10-07/10072022183527,0.4599811414942592,1.0999999998779744,0.9895442971453831,48.89999999457541,0.12685756127562048,17
slap-2m,2022-10-07/10072022183527,0.5036330356647624,1.1999999998668813,0.16751804071743123,75.13333332499862,0.8715852285224132,18
slap-2m,2022-10-07/10072022183527,0.5062399467524544,0.3333333332963559,0.9337590430167332,76.6999999914915,0.9308053120751972,19
slap-2m,2022-10-07/10072022183527,0.5147817405291475,3.5666666662710083,0.46568674317486075,1.9999999997781355,0.8704904792971431,20
slap-2m,2022-10-07/10072022183527,0.5225470075988685,0.7666666665816185,0.8375323784833417,4.666666666148982,0.8031178924040727,21
slap-2m,2022-10-07/10072022183527,0.5290920184147762,1.9999999997781355,1.3973930973923114,8.599999999045982,0.7357465057238581,22
slap-2m,2022-10-07/10072022183527,0.6753563702923069,3.5999999996006435,0.15066821425026503,0.6666666665927118,0.6187186046721266,23
slap-2m,2022-10-07/10072022183527,0.6826779078151867,0.7666666665816185,2.844242263830595,0.09999999998890677,0.4159895163079257,24
slap-2m,2022-10-07/10072022183527,0.6919962282988519,3.5333333329413725,0.025519463121061313,3.033333332996839,0.9271665901301376,25
slap-2m,2022-10-07/10072022183527,0.7220589050973432,2.1666666664263134,0.265726861688128,0.3666666666259915,0.4883139998948713,26
slap-2m,2022-10-07/10072022183527,0.7269399301125964,8.53333333238671,0.04566490541912702,3.2999999996339233,0.9595521111739219,27
slap-2m,2022-10-07/10072022183527,0.7474624216540019,0.9666666665594321,0.05413984537973719,15.633333331599092,0.9444552907493912,28
slap-2m,2022-10-07/10072022183527,0.7553386211104332,2.699999999700483,0.09802920393517983,20.366666664407344,0.6603284865217807,29
slap-2m,2022-10-07/10072022183527,0.7998225081812635,0.6666666665927118,1.0834615089172583,8.866666665683066,0.4338704225614454,30
slap-2m,2022-10-07/10072022183527,0.8095290920184148,17.83333333135504,0.050283224185319844,14.699999998369295,0.7329115253339508,31
slap-2m,2022-10-07/10072022183527,0.8403682955238782,1.3333333331854236,1.676055684430413,18.533333331277387,0.5428151082166922,32
slap-2m,2022-10-07/10072022183527,0.8450274557657108,15.56666666493982,0.0051952625109235075,18.533333331277387,0.46290547728515524,33
slap-2m,2022-10-07/10072022183527,0.8821343391203061,9.866666665572135,0.09499738158563938,18.533333331277387,0.48883877153841065,34
slap-2m,2022-10-07/10072022183527,0.926063564257585,4.299999999522991,0.8357949441122077,1.6666666664817795,0.3738561007438036,35
slap-2m,2022-10-07/10072022183527,0.9351600199678296,0.5333333332741694,1.206830791572377,0.6333333332630762,0.47812219950022483,36
slap-2m,2022-10-07/10072022183527,0.9376559986688113,2.333333333074491,1.387953666019073,1.4999999998336015,0.582658595596739,37
slap-2m,2022-10-07/10072022183527,0.9431471518109712,0.5999999999334407,1.5255234876228279,1.4999999998336015,0.440414103687454,38
slap-2m,2022-10-07/10072022184618,0.0051034407067991,14.633333334939364,0.20978728213782855,3.1000000003402297,0.866341273728045,1
slap-2m,2022-10-07/10072022184618,0.04807111891565604,0.9333333334357681,0.8113282457266703,29.200000003204742,0.6040265338602373,2
slap-2m,2022-10-07/10072022184618,0.12001317016956593,0.30000000003292543,0.15463856522148994,8.366666667584921,0.6531991005426017,3
slap-2m,2022-10-07/10072022184618,0.12775064478955167,1.066666666783735,1.1267869947438607,1.6666666668495858,0.7049343399938175,4
slap-2m,2022-10-07/10072022184618,0.13043955440926303,0.30000000003292543,0.6740683794939696,3.30000000036218,0.5592312612377471,5
slap-2m,2022-10-07/10072022184618,0.1428963397903748,0.46666666671788404,2.2304111106913638,10.866666667859299,0.7422073218959943,6
slap-2m,2022-10-07/10072022184618,0.15672501783460463,0.9666666667727598,1.8239424052590794,17.233333335224717,0.6304839716406963,7
slap-2m,2022-10-07/10072022184618,0.1653953794655106,6.833333334083302,0.1279107672297208,17.233333335224717,0.6994004676734951,8
slap-2m,2022-10-07/10072022184618,0.17774241343357297,3.900000000428031,0.21537922007716093,17.233333335224717,0.586688639338697,9
slap-2m,2022-10-07/10072022184618,0.1906382044668825,6.733333334072327,0.23507230470766158,39.86666667104209,0.5539162639083541,10
slap-2m,2022-10-07/10072022184618,0.20507051528288428,11.100000001218241,0.14052323994174054,0.4333333333808923,0.8416674100786293,11
slap-2m,2022-10-07/10072022184618,0.2242770125665368,5.933333333984526,0.1567368458081916,11.666666667947101,0.6282369266879423,12
slap-2m,2022-10-07/10072022184618,0.2942435383855567,0.23333333335894202,0.3157192750943825,0.16666666668495858,0.8496925826476867,13
slap-2m,2022-10-07/10072022184618,0.2995664819184547,7.700000000845087,0.4772168021387696,0.6333333334028426,0.46414442746551626,14
slap-2m,2022-10-07/10072022184618,0.3135597870822587,6.633333334061351,0.4043939993377473,8.500000000932888,0.6852879729799674,15
slap-2m,2022-10-07/10072022184618,0.32502880974592546,1.1000000001207266,0.7203723435928778,15.466666668364157,0.4034167573093778,16
slap-2m,2022-10-07/10072022184618,0.35296054436700874,2.466666666937387,0.4027232563077108,11.366666667914176,0.8178425347224743,17
slap-2m,2022-10-07/10072022184618,0.3603687647478461,1.2000000001317017,0.20753104793864863,8.73333333429183,0.9837632941194564,18
slap-2m,2022-10-07/10072022184618,0.3655819568676947,0.7000000000768261,1.7955357534831118,11.900000001306044,0.5874646171165975,19
slap-2m,2022-10-07/10072022184618,0.3710695275201668,0.5000000000548758,0.7681133262025984,15.233333335005215,0.7195954639564847,20
slap-2m,2022-10-07/10072022184618,0.3774351094770345,1.8666666668715362,1.5787199940294774,3.400000000373155,0.826089080937377,21
slap-2m,2022-10-07/10072022184618,0.38670910387971247,1.2000000001317017,0.24973378718309955,9.50000000104264,0.7809464501204888,22
slap-2m,2022-10-07/10072022184618,0.40509246556549416,0.6333333334028426,0.8568874218336331,5.800000000636559,0.8044941068265254,23
slap-2m,2022-10-07/10072022184618,0.5216484662240026,0.6000000000658509,2.0680293467978794,4.4000000004829065,0.748752993983412,24
slap-2m,2022-10-07/10072022184618,0.5278494210612962,1.9000000002085278,1.903799318594125,7.96666666754102,0.7377012740351508,25
slap-2m,2022-10-07/10072022184618,0.573615760302914,0.9000000000987763,0.08589529427586835,3.966666667102014,0.9746269427771715,26
slap-2m,2022-10-07/10072022184618,0.6812818965044175,0.30000000003292543,0.9767501478175364,8.266666667573945,0.3066707972559616,27
slap-2m,2022-10-07/10072022184618,0.730834659496241,1.8666666668715362,0.12284095569759433,0.6333333334028426,0.6606496484883434,28
slap-2m,2022-10-07/10072022184618,0.7370356143335346,1.9333333335455196,0.025101906150929894,4.4000000004829065,0.909106834129544,29
slap-2m,2022-10-07/10072022184618,0.7406574109641662,0.7666666667508095,1.243723105873648,6.60000000072436,0.31494802843649594,30
slap-2m,2022-10-07/10072022184618,0.7427975635186304,0.8000000000878011,1.2655254415436032,1.300000000142677,0.5464477439149005,31
slap-2m,2022-10-07/10072022184618,0.8490918070570158,1.0333333334467432,2.035159290658357,0.4333333333808923,0.7665566797370879,32
slap-2m,2022-10-07/10072022184618,0.8736761235800911,16.30000000178895,0.045501722953675446,14.266666668232455,0.6261436639779322,33
slap-2m,2022-10-21/10212022175626,0.06463752075262867,1.8999999995794132,0.6164241950145868,1.4333333330160487,0.627149115085632,1
slap-2m,2022-10-21/10212022175626,0.06710938941154769,0.7333333331710016,1.0105440031761888,2.2333333328389595,0.7116538518653025,2
slap-2m,2022-10-21/10212022175626,0.06828998339789706,1.0333333331045933,0.12396958030409529,2.2333333328389595,0.35808182856868803,3
slap-2m,2022-10-21/10212022175626,0.0701715550636414,5.366666665478694,0.5417394631383409,2.2333333328389595,0.7742649149424587,4
slap-2m,2022-10-21/10212022175626,0.09311935067330751,0.3999999999114554,1.3322503251730553,0.9999999997786386,0.850206755915605,5
slap-2m,2022-10-21/10212022175626,0.10071942446043165,0.4999999998893193,0.11907479116106384,1.7333333329496403,0.8129631410035617,6
slap-2m,2022-10-21/10212022175626,0.21756133554694707,2.199999999513005,1.9526540857729044,2.566666666098506,0.3633716719620832,7
slap-2m,2022-10-21/10212022175626,0.22770706511713706,2.4999999994465965,0.21422096232261076,2.566666666098506,0.4694848191052039,8
slap-2m,2022-10-21/10212022175626,0.24434606161224867,1.6333333329717763,0.1479523487117633,24.199999994643054,0.7243972004138994,9
slap-2m,2022-10-21/10212022175626,0.24884707618520568,0.4666666665633647,1.305557101933688,28.266666660409516,0.5925502534189379,10
slap-2m,2022-10-21/10212022175626,0.25349566500645637,5.899999998693968,0.09639661770913895,32.4666666594798,0.7646454984275395,11
slap-2m,2022-10-21/10212022175626,0.26198118428334255,7.266666665058107,0.4724421272776927,7.666666664969562,0.781776575760493,12
slap-2m,2022-10-21/10212022175626,0.286810551558753,2.8666666660320974,0.4339773503231459,4.933333332241284,0.9782170985797348,13
slap-2m,2022-10-21/10212022175626,0.31160302527209,3.333333332595462,0.20383826664267907,22.399999995041505,0.7904337490260047,14
slap-2m,2022-10-21/10212022175626,0.3257332595462092,0.4999999998893193,0.8841068744351066,12.766666663840619,0.6887446103921063,15
slap-2m,2022-10-21/10212022175626,0.4124331304187419,0.26666666660763694,2.20986197402409,0.9333333331267294,0.6758018021649586,16
slap-2m,2022-10-21/10212022175626,0.4197011621472053,0.8333333331488655,0.025502843582942546,6.56666666521306,0.9429353603131166,17
slap-2m,2022-10-21/10212022175626,0.42114001106806864,0.5666666665412285,1.0955246387675261,7.86666666492529,0.7956986886331537,18
slap-2m,2022-10-21/10212022175626,0.4875853163622948,0.5999999998671831,1.8775924687463001,2.8666666660320974,0.43570025159774434,19
slap-2m,2022-10-21/10212022175626,0.5631433314886553,0.4333333332374101,1.4113697626337074,1.8333333329275041,0.7819134972611695,20
slap-2m,2022-10-21/10212022175626,0.56664821988563,0.3999999999114554,1.9350134871902513,0.7999999998229108,0.6095004754524432,21
slap-2m,2022-10-21/10212022175626,0.7133370226895407,0.29999999993359155,0.03722705296016548,4.966666665567239,0.9590530655160464,22
slap-2m,2022-10-21/10212022175626,0.7355838406198119,0.8666666664748202,0.29281767615326476,0.6333333331931378,0.3750103984012989,23
slap-2m,2022-10-21/10212022175626,0.7418557461722929,1.5666666663198672,1.1969912433999146,0.13333333330381847,0.6538899984784319,24
slap-2m,2022-10-21/10212022175626,0.7442538277070652,1.7999999996015494,0.629626537403423,2.16666666618705,0.3390655291002023,25
slap-2m,2022-10-21/10212022175626,0.863604501014573,0.8999999998007747,2.2636434557975065,1.0999999997565024,0.7667948052302903,26
slap-2m,2022-10-21/10212022175626,0.9491606714628298,1.1666666664084118,0.6875490844762682,3.0999999993137797,0.6038186327933096,27
slap-2m,2022-10-21/10212022175626,0.9528131341080981,8.066666664881017,0.047080281433937075,3.2999999992695073,0.8004437671074293,28
slap-2m,2022-10-21/10212022175626,0.9697472790997971,0.7333333331710016,0.3606570695590559,1.9999999995572773,0.9541297421281596,29
slap-2m,2022-10-21/10212022175626,0.9718133185759085,6.233333331953514,0.2250356625736952,1.8666666662534588,0.8574423762301739,30
slap-2m,2022-10-21/10212022175626,0.9836930455635492,7.033333331776425,0.1410704302601025,10.733333330957388,0.9975207182580713,31
slap-2m,2022-10-21/10212022175626,0.9961261759822911,1.4999999996679578,0.20706939810293998,11.233333330846706,0.6177383308174091,32
slap-2m,2022-10-21/10212022175626,0.9984873639549898,0.3666666665855008,1.215614826540624,13.366666663707802,0.6598278594389267,33
slap-2m,2022-10-21/10212022175626,0.9995203836930455,0.4333333332374101,1.1557662042483945,0.9333333331267294,0.8088599292456792,34
slap-2m,2022-10-21/10212022181154,0.0,1.8999999997257506,2.211488285743027,0.0,0.8263509016455869,1
slap-2m,2022-10-21/10212022181154,0.0023094688221709007,8.199999998816397,0.16830240582502975,0.0,0.6571303701973586,2
slap-2m,2022-10-21/10212022181154,0.011619515011547343,0.8333333332130485,0.7990502451472445,16.099999997676097,0.57922629347922,3
slap-2m,2022-10-21/10212022181154,0.02501924557351809,1.166666666498268,1.0106442745074335,34.666666661662816,0.5774397936318878,4
slap-2m,2022-10-21/10212022181154,0.026967859892224787,0.566666666584873,0.4799798192461665,2.6999999996102773,0.9499915629273943,5
slap-2m,2022-10-21/10212022181154,0.19738741339491916,2.266666666339492,0.4768533145334513,4.499999999350462,0.5367186701382297,6
slap-2m,2022-10-21/10212022181154,0.2029205157813703,1.8333333330687067,0.626098064151597,12.166666664910508,0.8452225292028178,7
slap-2m,2022-10-21/10212022181154,0.27689568899153194,0.6999999998989608,1.653714423680425,0.5999999999133949,0.5807548208176194,8
slap-2m,2022-10-21/10212022181154,0.27954195535026943,1.566666666440531,0.632455443577797,4.266666666050808,0.6514778209373937,9
slap-2m,2022-10-21/10212022181154,0.3806774441878368,1.066666666512702,0.036757044416916254,1.633333333097575,0.6720167520739913,10
slap-2m,2022-10-21/10212022181154,0.38310719784449576,1.599999999769053,0.7088848393208592,4.066666666079676,0.6314827889511578,11
slap-2m,2022-10-21/10212022181154,0.38486335642802155,0.29999999995669746,1.7870347953649934,2.4333333329821016,0.5450873617781342,12
slap-2m,2022-10-21/10212022181154,0.3854647806004619,2.099999999696882,2.033762621900773,0.8333333332130485,0.7860354145986796,13
slap-2m,2022-10-21/10212022181154,0.39503945342571206,3.5333333328233256,0.5835424225716939,13.266666664751732,0.9361771035102047,14
slap-2m,2022-10-21/10212022181154,0.4000192455735181,0.3333333332852194,1.3308340468700677,6.8999999990040415,0.7003748514852864,15
slap-2m,2022-10-21/10212022181154,0.43598441108545033,1.699999999754619,1.9341241716684154,14.166666664621825,0.6958760138485302,16
slap-2m,2022-10-21/10212022181154,0.4384382217090069,13.033333331452079,0.2998054017455304,0.9999999998556582,0.9158529945990806,17
slap-2m,2022-10-21/10212022181154,0.45222286374133946,4.366666666036374,0.13071711506509548,0.9999999998556582,0.9260974901596583,18
slap-2m,2022-10-21/10212022181154,0.4577078521939954,0.8666666665415704,0.7008265519916715,26.699999996146076,0.4931287676755486,19
slap-2m,2022-10-21/10212022181154,0.4598248652809854,3.4666666661662817,0.7194841544757486,29.633333329056004,0.47142415101327967,20
slap-2m,2022-10-21/10212022181154,0.4625673595073133,0.8999999998700924,0.07301448025284833,33.43333332850751,0.950972724607901,21
slap-2m,2022-10-21/10212022181154,0.5172007313317937,1.9999999997113165,0.1053713543718539,7.966666665516744,0.526875878444164,22
slap-2m,2022-10-21/10212022181154,0.5420756351039261,0.29999999995669746,2.09133684355831,0.6666666665704388,0.6544629687749894,23
slap-2m,2022-10-21/10212022181154,0.5427732871439569,0.7666666665560047,1.921928549680551,1.633333333097575,0.7302088369082766,24
slap-2m,2022-10-21/10212022181154,0.5476327944572749,0.46666666659930717,1.2929709902504911,1.099999999841224,0.797138663339719,25
slap-2m,2022-10-21/10212022181154,0.5491964973056197,1.066666666512702,1.67098216841081,0.39999999994226326,0.889348735569211,26
slap-2m,2022-10-21/10212022181154,0.5528772132409546,0.4999999999278291,1.9610334103202185,0.39999999994226326,0.32813993409381587,27
slap-2m,2022-10-21/10212022181154,0.5591801385681293,0.39999999994226326,2.8673856551777663,1.699999999754619,0.8611241794431886,28
slap-2m,2022-10-21/10212022181154,0.5620910315627405,2.06666666636836,0.13492291854509825,0.46666666659930717,0.5947370133666059,29
slap-2m,2022-10-21/10212022181154,0.7807929176289453,3.033333332895497,0.35329352360624716,2.266666666339492,0.778636684310742,30
slap-2m,2022-10-21/10212022181154,0.7991243264049269,1.2333333331553118,0.6445204159623577,23.56666666326501,0.26020712238192006,31
slap-2m,2022-10-21/10212022181154,0.8864270592763664,0.3333333332852194,1.6522324218619258,14.299999997935913,0.8374910493918859,32
slap-2m,2022-10-21/10212022181154,0.9164260969976905,2.266666666339492,0.288781838337329,11.133333331726329,0.7729362340277349,33
slap-2m,2022-10-21/10212022181154,0.9196737875288684,2.06666666636836,0.5213786235381006,15.63333333107679,0.6256670603076983,34
slap-2m,2022-10-21/10212022181154,0.9223200538876059,7.199999998960739,0.015849370241822303,19.299999997214204,0.5488600161055243,35
slap-2m,2022-10-30/10302022030623,0.23472397808680995,1.1999999999241466,0.7105935994770145,3.7333333330973453,0.9123481039440398,1
slap-2m,2022-10-30/10302022030623,0.2884534344711336,2.033333333204804,0.7874488233862027,2.3666666665170673,0.7862566285504884,2
slap-2m,2022-10-30/10302022030623,0.3645174884112937,0.7333333332869786,0.1807768785503927,1.9333333332111253,0.5300287112435377,3
slap-2m,2022-10-30/10302022030623,0.5533080488832701,2.133333333198483,0.3274547861794503,0.666666666624526,0.44999815626477313,4
slap-2m,2022-10-30/10302022030623,0.5727981458069954,0.26666666664981037,0.4243751555885534,6.166666666276865,0.6755249827898087,5
slap-2m,2022-10-30/10302022030623,0.6824694479561736,1.6999999998925412,1.6180611802561413,3.5999999997724403,0.9276790573715858,6
slap-2m,2022-10-30/10302022030623,0.7118626211546566,0.9333333332743363,0.6350256873659007,13.099999999171935,0.6085936261461431,7
slap-2m,2022-10-30/10302022030623,0.7907711757269279,0.7666666666182048,0.22245180922019184,1.233333333255373,0.9472501034983758,8
slap-2m,2022-10-30/10302022030623,0.8176359039190898,0.49999999996839445,0.3965331510487734,0.8999999999431101,0.6432232332135733,9
slap-2m,2022-10-30/10302022030623,0.9829329962073325,0.26666666664981037,0.3709629533049734,3.9666666664159296,0.6125272425727152,10
slap-2m,2022-10-30/10302022031312,0.1813654973995795,0.7666666667345358,1.0176653147443633,0.23333333335398915,0.9396422153392368,1
slap-2m,2022-10-30/10302022031312,0.7595440964921988,0.5000000000442625,0.562279181333362,11.966666667726015,0.8785620794966643,2
slap-2m,2022-10-30/10302022031312,0.8086754453911696,0.5666666667168307,1.4222673355848072,2.100000000185902,0.5642939044935569,3
slap-2m,2022-10-30/10302022031841,0.2608454454676578,0.9999999999556197,1.1121625302773754,1.1666666666148897,0.8229448441465426,1
slap-2m,2022-10-30/10302022031841,0.2824808609785865,1.3999999999378676,0.9357225490397622,4.533333333132143,0.8342008125457608,2
slap-2m,2022-10-30/10302022031841,0.3187617885276822,0.2999999999866859,1.2860963432204293,2.6666666665483194,0.6025223067362968,3
slap-2m,2022-10-30/10302022031841,0.4659935648507711,0.8333333332963497,0.42726073996045777,1.6333333332608455,0.5749276739642362,4
slap-2m,2022-10-30/10302022031841,0.4696549428603129,1.1333333332830358,0.3293750267296347,2.7333333332120273,0.6410012445075038,5
slap-2m,2022-10-30/10302022031841,0.6570509264395873,0.3999999999822479,0.04482947405695478,0.9999999999556197,0.7702933212545775,6
slap-2m,2022-10-30/10302022031841,0.7377121934982802,1.0999999999511818,1.9868483206801957,1.2666666666104516,0.9979961161228345,7
slap-2m,2022-10-30/10302022031841,0.9389770331743038,0.5333333333096638,0.3089795787168973,2.866666666539443,0.5969263582980344,8
slap-2m,2022-10-30/10302022032406,0.46549123137846504,1.099999999958514,0.3161702374235329,1.799999999932114,0.7297334227526441,1
slap-2m,2022-10-30/10302022032406,0.9044880256458608,2.2999999999132568,0.19818355942775787,1.3333333332830473,0.7944101919543067,2
slap-2m,2022-10-30/10302022032406,0.9152366584951914,0.7999999999698284,0.24697208355867842,3.7999999998566847,0.960322406533118,3
slap-2m,2022-10-30/10302022033652,0.5376697328077091,2.133333333193167,1.7674791447279956,12.733333332496716,0.9624037894671436,1
slap-2m,2022-10-30/10302022033652,0.7716819973718791,1.0666666665965836,0.03740989612114667,30.966666664632065,0.4668708424338057,2
slap-2m,2022-10-30/10302022034217,0.1797499487599918,2.5999999999467107,0.0766664745253003,4.633333333238369,0.8793502557295586,1
slap-2m,2022-10-30/10302022034217,0.24000819840131174,0.5666666666550523,0.6399016909289842,3.166666666601763,0.8453913576200216,2
slap-2m,2022-10-30/10302022034217,0.3117442098790736,0.5999999999877024,0.07483521885132961,26.499999999456858,0.5108299230018488,3
slap-2m,2022-10-30/10302022034217,0.31748309079729453,0.33333333332650134,0.41171506612670783,26.499999999456858,0.9288105545007964,4
slap-2m,2022-10-30/10302022034217,0.5173191227710596,0.9333333333142038,0.48735351922979986,0.5666666666550523,0.6562710438452103,5
slap-2m,2022-10-30/10302022034217,0.6102684976429597,1.9333333332937077,0.29999525692288215,0.2666666666612011,0.7592713741129257,6
slap-2m,2022-10-30/10302022034217,0.6403976224636196,0.7666666666509531,2.229408419877746,3.433333333262964,0.8189755147961801,7
slap-2m,2022-10-30/10302022034217,0.7251485960237753,0.49999999998975203,0.9323399451588613,20.699999999575734,0.9996592351101725,8
slap-2m,2022-10-30/10302022034217,0.7781307645009223,2.699999999944661,0.6408407751391253,41.43333333248412,0.952792210606261,9
slap-2m,2022-10-30/10302022034217,0.8105144496823119,1.8333333332957573,1.3589392077948608,51.96666666560156,0.9738699061093525,10
slap-2m,2022-10-30/10302022034810,0.01567432241210406,0.23333333333841297,2.0113024875195933,0.4333333333427669,0.9925910738765581,1
slap-2m,2022-10-30/10302022034810,0.10591052574289757,0.3666666666746489,0.5454583396441375,11.466666666916295,0.9610842263359057,2
slap-2m,2022-10-30/10302022034810,0.16447153586589747,1.9000000000413626,1.4597659634054105,0.7666666666833569,0.9963317245548733,3
slap-2m,2022-10-30/10302022034810,0.2033307935125721,0.6000000000130619,0.5724981252491621,8.100000000176335,0.46055694257361535,4
slap-2m,2022-10-30/10302022034810,0.5014694677261348,1.5000000000326548,1.1322860237277916,6.500000000141504,0.4416644724651671,5
slap-2m,2022-10-30/10302022034810,0.5078915859366496,0.8000000000174159,1.4233174964569382,6.500000000141504,0.44773815892658303,6
slap-2m,2022-10-30/10302022035407,0.1535058615350586,1.8999999998739217,0.22141569689015186,1.233333333251493,0.8428302553041759,1
slap-2m,2022-10-30/10302022035407,0.1756248617562486,0.6999999999535501,0.2803611446466462,0.3999999999734572,0.7424340464768053,2
slap-2m,2022-10-30/10302022035407,0.24463614244636142,1.6333333332249502,0.639577159942929,0.766666666615793,0.822618302014498,3
slap-2m,2022-10-30/10302022035407,0.272063702720637,0.2999999999800929,0.92159650093765,3.3333333331121433,0.8880597887870945,4
slap-2m,2022-10-30/10302022035407,0.3613138686131387,0.766666666615793,0.3167059809228601,7.1999999995222295,0.7748871438680733,5
slap-2m,2022-10-30/10302022035407,0.3645211236452112,10.399999999309887,0.2948471375900548,7.1999999995222295,0.8697238786544154,6
slap-2m,2022-10-30/10302022035407,0.460185799601858,1.1333333332581288,0.7603767716149261,0.5999999999601858,0.823528901702213,7
slap-2m,2022-10-30/10302022035407,0.4915947799159478,1.533333333231586,0.793670816583593,10.066666665998673,0.5560920155061703,8
slap-2m,2022-10-30/10302022035407,0.5032072550320725,4.533333333032515,0.5094332804902957,13.566666665766423,0.5623242085823248,9
slap-2m,2022-10-30/10302022035407,0.5822826808228269,1.5666666665627074,1.3546408926594202,1.4999999999004645,0.9487896511557484,10
slap-2m,2022-10-30/10302022035407,0.5971024109710241,5.533333332966158,0.5406938654938472,5.966666666270736,0.7073947651969876,11
slap-2m,2022-10-30/10302022035407,0.6369166113691661,0.6666666666224287,0.40804700505979125,17.966666665474452,0.5284381101821218,12
slap-2m,2022-10-30/10302022035407,0.7063702720637027,0.766666666615793,2.1617871835990448,38.89999999741871,0.6820821215338425,13
slap-2m,2022-10-30/10302022035407,0.7120106171201062,1.1999999999203717,1.525380657187825,40.59999999730591,0.4900319646668063,14
slap-2m,2022-10-30/10302022035407,0.7423136474231364,2.6666666664897147,0.32624616733123407,44.733333330364964,0.9026268821521441,15
slap-2m,2022-10-30/10302022035407,0.7657597876575979,0.8666666666091573,0.9877841586519508,11.699999999223623,0.8520644913588745,16
slap-2m,2022-10-30/10302022035407,0.7694094226940942,1.233333333251493,0.3487658894066606,11.699999999223623,0.7752154438317249,17
slap-2m,2022-10-30/10302022035407,0.7789205927892059,0.6666666666224287,0.10022468457044283,16.03333333226941,0.6835827719338513,18
slap-2m,2022-10-30/10302022035407,0.7938509179385091,2.133333333191772,1.2776962590569045,20.533333331970802,0.7942309404482845,19
slap-2m,2022-10-30/10302022035407,0.8147533731475337,0.3999999999734572,1.0190267749230317,26.333333331585933,0.7499802945520884,20
slap-2m,2022-10-30/10302022035407,0.829683698296837,15.933333332276046,0.033061481198825925,26.333333331585933,0.827109494587496,21
slap-2m,2022-10-30/10302022035407,0.9076531740765318,27.833333331486397,0.020387320916653223,53.566666663112144,0.948881530767706,22
slap-2m,2022-10-30/10302022035936,0.0,29.5,0.03676553840586896,0.0,0.8224704930190628,1
slap-2m,2022-10-30/10302022035936,0.15306915306915306,5.5,0.03485361064997473,44.96666666666667,0.9276618389225287,2
slap-2m,2022-10-30/10302022035936,0.2494172494172494,0.6333333333333333,2.3095604828743532,29.933333333333334,0.9869508605627331,3
slap-2m,2022-10-30/10302022035936,0.27794427794427795,44.1,0.03180949835380408,38.5,0.7359576923358823,4
slap-2m,2022-10-30/10302022035936,0.5656565656565656,91.2,0.004927278537642707,4.6,0.7836167931964167,5
slap-2m,2022-10-30/10302022035936,0.9177489177489178,1.5666666666666667,2.125966037979539,2.1333333333333333,0.9783806634522262,6
slap-2m,2022-10-30/10302022040455,0.09337474120082816,1.5000000000931675,1.3466203815166504,4.666666666956521,0.47458835319383547,1
slap-2m,2022-10-30/10302022040455,0.5082815734989649,7.366666667124222,1.0601605221903971,122.83333334096271,0.6388698690944279,2
slap-2m,2022-10-30/10302022040455,0.5321946169772257,9.76666666727329,0.03411264467619794,122.83333334096271,0.8365791570854608,3
slap-2m,2022-10-30/10302022040455,0.5822981366459627,2.8000000001739127,0.13040482924834843,23.83333333481366,0.6842443100178891,4
slap-2m,2022-10-30/10302022040455,0.6351966873706004,7.900000000490682,0.1122004966478237,40.86666666920496,0.9377022767481578,5
slap-2m,2022-10-30/10302022040455,0.682815734989648,3.9666666669130426,0.6029337321561581,56.20000000349067,0.5646382707156935,6
slap-2m,2022-10-30/10302022040455,0.7082815734989648,2.0000000001242233,0.32391840257469334,64.40000000399999,0.7063038150139638,7
slap-2m,2022-10-30/10302022040455,0.7485507246376811,7.43333333379503,0.07610386649661025,76.80000000477017,0.948156634183273,8
slap-2m,2022-10-30/10302022040455,0.8417184265010352,4.900000000304347,0.2789624037062015,106.36666667327327,0.8857363530049456,9
slap-2m,2022-10-30/10302022040455,0.8820910973084886,0.4333333333602484,1.3961863938120862,120.36666667414283,0.7952738390147032,10
slap-2m,2022-10-30/10302022040455,0.8851966873706004,1.2666666667453415,1.3229865207823437,121.36666667420495,0.8911423949961573,11
slap-2m,2022-10-30/10302022040455,0.8951345755693582,4.333333333602484,1.5472317208414839,124.5666666744037,0.9957437142596708,12
slap-2m,2022-10-30/10302022040455,0.9781573498964803,2.433333333484472,1.3613888948279067,151.30000000939748,0.755399809999399,13
slap-2m,2022-10-30/10302022040455,0.9904761904761905,1.3333333334161488,2.9988686019888497,155.26666667631054,0.9901033564510987,14
slap-2m,2022-10-19/10192022175658,0.09239524055871702,2.049999999830316,0.8511168584195673,14.8833333321014,0.5406722266464885,1
slap-2m,2022-10-19/10192022175658,0.12933264355923435,1.1833333332353855,1.5329408696108338,20.8333333316089,0.5296662542487178,2
slap-2m,2022-10-19/10192022175658,0.17496120020693223,0.7833333332684946,1.5756178553428108,28.18333333100052,0.5466898937252899,3
slap-2m,2022-10-19/10192022175658,0.5141231246766684,0.5333333332891879,2.3311495787452086,0.46666666662803935,0.9370393975598535,4
slap-2m,2022-10-19/10192022175658,0.5472322814278324,0.9499999999213659,0.20309758281803808,1.516666666541128,0.9460985640346905,5
slap-2m,2022-10-19/10192022175658,0.6769787894464563,11.349999999060529,0.5457938868063913,4.233333332982928,0.9050541291265922,6
slap-2m,2022-10-19/10192022175658,0.7542679772374548,2.4333333331319196,0.9021361938180338,12.44999999896948,0.8918771170643219,7
slap-2m,2022-10-19/10192022175658,0.7904811174340404,0.3166666666404553,0.4153866193441261,18.28333333181997,0.9126078357924812,8
slap-2m,2022-10-19/10192022175658,0.796792550439731,0.34999999997102954,0.28357113457859545,19.299999998402484,0.8965555832070335,9
slap-2m,2022-10-19/10192022175658,0.8076564924987066,4.233333332982928,0.8213586009534082,21.049999998257633,0.6807783972359287,10
slap-2m,2022-10-19/10192022175658,0.9710294878427315,2.5499999997889295,1.0904946006510663,2.8666666664293845,0.6785048328182905,11
slap-2m,2022-10-19/10192022180019,0.06717136958017894,0.8833333335278735,0.40760888372742693,1.1166666669125949,0.8575722912089229,1
slap-2m,2022-10-19/10192022180019,0.2139022711631108,4.1500000009139715,0.840521592660488,1.3000000002863044,0.7819886159120737,2
slap-2m,2022-10-19/10192022180019,0.309979353062629,10.450000002301447,0.34850646386171497,0.48333333343977986,0.7424072620673217,3
slap-2m,2022-10-19/10192022180019,0.6382656572608396,0.6166666668024777,0.26090913033619856,0.3333333334067447,0.8324264293880522,4
slap-2m,2022-10-19/10192022180019,0.6461114934618032,0.7833333335058501,0.22378170001845749,0.9500000002092225,0.500660685808741,5
slap-2m,2022-10-19/10192022180019,0.9698554714384033,1.9166666670887822,0.14687270522222493,1.3833333336379905,0.9690129540977964,6
slap-2m,2022-10-19/10192022180303,0.05779604418186489,1.966666666868739,0.554966144097355,7.500000000770615,0.8460223032187049,1
slap-2m,2022-10-19/10192022180303,0.3127408168507578,3.7666666670536864,1.3126964445799445,9.73333333433342,0.5993256913467003,2
slap-2m,2022-10-19/10192022180303,0.36539943488312354,0.3833333333727203,1.7700905615922848,9.73333333433342,0.5319041708980712,3
slap-2m,2022-10-19/10192022180303,0.3795273567942461,3.3000000003390704,0.11463247005385348,9.73333333433342,0.4024347212125845,4
slap-2m,2022-10-19/10192022180303,0.4603133829951194,0.9833333334343695,0.4736053134008876,0.2000000000205497,0.610493290792915,5
slap-2m,2022-10-19/10192022180303,0.5834831749293604,0.7666666667454406,0.6079084477693982,0.9666666667659903,0.6899356944404942,6
slap-2m,2022-10-19/10192022180303,0.613793989211405,0.5166666667197535,0.5594797631662465,3.933333333737478,0.6605574635740967,7
slap-2m,2022-10-19/10192022180303,0.6494991009504238,1.4833333334857437,0.5348628461617265,2.8333333336244544,0.8640968810466938,8
slap-2m,2022-10-19/10192022180303,0.6719753403544824,0.5166666667197535,1.2149234196398273,2.9166666669663504,0.47355235734638873,9
slap-2m,2022-10-19/10192022180303,0.7010017980991523,0.7000000000719241,1.1591289154172417,6.683333334020037,0.5667846130398295,10
slap-2m,2022-10-19/10192022180303,0.8249422039558182,0.45000000004623686,2.0492077865453977,9.36666666762908,0.3436682426539555,11
slap-2m,2022-10-19/10192022180303,0.8299511944515797,4.166666667094786,1.3709188025988435,9.36666666762908,0.38948866083504435,12
slap-2m,2022-10-19/10192022180545,0.0,5.033333332888765,0.5001102518826016,0.0,0.9013464179058188,1
slap-2m,2022-10-19/10192022180545,0.05111785812862269,2.43333333311841,1.041945702940838,15.433333331970188,0.9749209267253512,2
slap-2m,2022-10-19/10192022180545,0.06287606955561689,0.3833333332994755,0.7801295668399186,18.983333331656635,0.5486789862833743,3
slap-2m,2022-10-19/10192022180545,0.10339497653878002,5.133333332879933,0.007432621447472887,3.9499999996511175,0.6914169869963593,4
slap-2m,2022-10-19/10192022180545,0.1252001104057411,11.799999998957768,0.11694085333950287,11.266666665671542,0.7824350371969291,5
slap-2m,2022-10-19/10192022180545,0.19044990339497653,0.3166666666386972,0.05635417888688394,0.2999999999735026,0.9766466545548858,6
slap-2m,2022-10-19/10192022180545,0.2002208114821971,4.83333333290643,0.22154231152941053,0.49999999995583766,0.9416550085835165,7
slap-2m,2022-10-19/10192022180545,0.22428926304167818,1.1999999998940103,0.24180012716705715,7.2666666660248405,0.8173143900259179,8
slap-2m,2022-10-19/10192022180545,0.2315760419541816,1.0999999999028427,0.6775010161396203,9.466666665830527,0.9235905419426647,9
slap-2m,2022-10-19/10192022180545,0.23924924096052994,1.333333333215567,1.35882640193176,11.783333332292573,0.40430938158003227,10
slap-2m,2022-10-19/10192022180545,0.3355782500690036,0.24999999997791883,0.702009959173394,6.4666666660955,0.6461726661953242,11
slap-2m,2022-10-19/10192022180545,0.3651669886834115,0.849999999924924,0.8779443714695705,15.3999999986398,0.9259141712162844,12
slap-2m,2022-10-19/10192022180545,0.3708528843499862,41.48333332966933,0.015321590251801846,15.3999999986398,0.6198033616118755,13
slap-2m,2022-10-19/10192022180545,0.5089704664642561,23.43333333126359,0.1256063068761162,15.3999999986398,0.6373011677477164,14
slap-2m,2022-10-19/10192022180545,0.6382555892906431,2.6499999997659396,0.3392566993482631,93.54999999173722,0.9446821083876928,15
slap-2m,2022-10-19/10192022180545,0.6502346121998344,8.06666666595418,0.19679700929305305,93.54999999173722,0.9557350069280822,16
slap-2m,2022-10-19/10192022180545,0.682417885730058,5.499999999514214,0.34953764093135536,93.54999999173722,0.7743016601491702,17
slap-2m,2022-10-19/10192022180545,0.7191829975158708,0.3833333332994755,0.8703460955363818,28.73333333079547,0.501705668528876,18
slap-2m,2022-10-19/10192022180545,0.7353574385868065,1.249999999889594,0.5047974784567905,0.21666666664752965,0.9143854991521987,19
slap-2m,2022-10-19/10192022180545,0.7834943417057687,0.933333333250897,0.7728453255977501,0.3499999999690864,0.8484130302845919,20
slap-2m,2022-10-19/10192022180545,0.7945349158156224,0.8666666665901186,0.17580914574980253,0.18333333331714047,0.9279614694481758,21
slap-2m,2022-10-19/10192022180545,0.8467016284846812,1.1999999998940103,0.285609899708386,1.5166666665327075,0.9555363107120834,22
slap-2m,2022-10-19/10192022181152,0.003654412566815752,0.40000000001745395,0.8687175419788141,1.1166666667153924,0.9809894687361402,1
slap-2m,2022-10-19/10192022181152,0.02072651903567143,0.3333333333478783,0.18685284979593866,6.333333333609688,0.7105448702921311,2
slap-2m,2022-10-19/10192022181152,0.024599105487073197,0.3166666666804844,0.08007282940429396,7.516666666994656,0.6519393313671189,3
slap-2m,2022-10-19/10192022181152,0.06337951347223737,1.7000000000741793,0.13938633930626945,0.5166666666892114,0.4105514069053511,4
slap-2m,2022-10-19/10192022181152,0.07172466455765245,0.7166666666979383,1.2165228429674657,2.3833333334373297,0.4507078493375525,5
slap-2m,2022-10-19/10192022181152,0.09845096541943929,1.3333333333915132,2.3993479189593634,11.216666667156105,0.21774744517535957,6
slap-2m,2022-10-19/10192022181152,0.14535835060543253,1.4000000000610888,1.4450109505879798,25.566666667782265,0.741850018178247,7
slap-2m,2022-10-19/10192022181152,0.5709610559616014,1.016666666711029,0.40335083547184525,5.06666666688775,0.9899327486225082,8
slap-2m,2022-10-19/10192022181152,0.5951238136795025,0.38333333335006003,0.8416755191735913,2.733333333452602,0.5441770221996933,9
slap-2m,2022-10-19/10192022181152,0.5980691611214137,0.7166666666979383,0.12369654675950797,3.6333333334918736,0.636002231960342,10
slap-2m,2022-10-19/10192022181152,0.6060870513799498,0.3666666666826661,0.22360760918206327,6.083333333598779,0.6016346974037496,11
slap-2m,2022-10-19/10192022181152,0.6325951783571506,1.0000000000436349,0.5744850921046684,14.183333333952222,0.7272141922865497,12
slap-2m,2022-10-19/10192022181152,0.7086833206065234,0.2500000000109087,3.2545066220999406,23.250000001014513,0.5657115790092647,13
slap-2m,2022-10-19/10192022181152,0.7343732955165266,1.0500000000458167,0.37585805584465437,3.316666666811389,0.6906017240114709,14
slap-2m,2022-10-19/10192022181152,0.7412457728809861,0.3333333333478783,0.549593709043356,5.416666666903023,0.5579780749696454,15
slap-2m,2022-10-19/10192022181152,0.7438638594960183,0.3500000000152722,0.4202826746222154,6.216666666937931,0.49510609121711946,16
slap-2m,2022-10-19/10192022181152,0.7698810952329006,0.8833333333718775,0.22336100327299013,14.166666667284828,0.5073392108444947,17
slap-2m,2022-10-19/10192022181152,0.7770808334242392,0.30000000001309046,0.452463469124673,16.366666667380823,0.6269726963622534,18
slap-2m,2022-10-19/10192022181152,0.9474746372859169,2.7000000001178144,1.0689165768796667,4.316666666855024,0.7850304266774899,19
slap-2m,2022-10-19/10192022181152,0.9977637176829933,0.4833333333544235,0.14731798895585863,21.566666667607727,0.7854084311050457,20
slap-2m,2022-10-19/10192022183808,0.10872371818517153,0.5333333332939875,0.19130131387063387,1.6999999998745852,0.9202005464332,1
slap-2m,2022-10-19/10192022183808,0.4213389893028403,3.8499999997159726,0.15576337814758853,0.9499999999299152,0.8072712121450683,2
slap-2m,2022-10-19/10192022183808,0.44771302102545185,6.033333332888234,0.020852068030213895,6.016666666222797,0.9694958403506735,3
slap-2m,2022-10-19/10192022183808,0.4846919955735891,10.399999999232756,0.04369494719950778,6.683333332840281,0.8528395990771228,4
slap-2m,2022-10-19/10192022183808,0.5658428624123939,0.38333333330505354,0.42586415679393236,0.03333333333087422,0.5721845753886637,5
slap-2m,2022-10-19/10192022183808,0.7970306160088528,0.7999999999409813,0.4034831694929266,0.5333333332939875,0.7982637173617759,6
slap-2m,2022-10-19/10192022183808,0.9022500922168941,0.4999999999631133,0.2054633769125005,1.38333333323128,0.9871370661807128,7
slap-2m,2022-10-19/10192022183808,0.9979712283290298,0.36666666663961645,0.21316553463757476,1.4833333332239027,0.8575967260146389,8
slap-2m,2022-10-19/10192022184226,0.05518523266247917,0.33333333334187926,0.7063619433241454,0.33333333334187926,0.6782432544936131,1
slap-2m,2022-10-19/10192022184226,0.0687732342007435,0.30000000000769134,0.5388846872397487,0.1333333333367517,0.8038587450710803,2
slap-2m,2022-10-19/10192022184226,0.11690808870657608,0.3166666666747853,2.4713826367699903,0.6166666666824766,0.7501442431427737,3
slap-2m,2022-10-19/10192022184226,0.23586719651326754,0.466666666678631,1.0212349575044568,4.150000000106397,0.35535148385640836,4
slap-2m,2022-10-19/10192022184226,0.23971285732598385,1.4833333333713627,0.47477657292869296,6.5666666668350215,0.8938037494719184,5
slap-2m,2022-10-19/10192022184226,0.24810921676708114,1.2500000000320473,0.8549491580665324,8.75000000022433,0.37214827021897234,6
slap-2m,2022-10-19/10192022184226,0.26150493526470964,2.9333333334085374,1.7147285806230688,12.23333333364697,0.38232037261538804,7
slap-2m,2022-10-19/10192022184226,0.3223945647993847,1.5000000000384568,0.4758669051181942,28.066666667386233,0.8901110986787586,8
slap-2m,2022-10-19/10192022184226,0.4069991026791437,0.5833333333482887,0.1358646465821461,2.73333333340341,0.8872477410271443,9
slap-2m,2022-10-19/10192022184226,0.5063453403409819,0.7000000000179465,0.14128746597402847,11.333333333623894,0.8708781000490159,10
slap-2m,2022-10-19/10192022184226,0.5113446993975131,1.5166666667055506,0.22420161345412762,11.333333333623894,0.7590756311100464,11
slap-2m,2022-10-19/10192022184226,0.5180746058197667,1.1333333333623896,0.7611836015125102,15.383333333727728,0.6253130888288932,12
slap-2m,2022-10-19/10192022184226,0.6059479553903345,3.566666666758108,0.03983970093882142,22.850000000585823,0.8905473436185231,13
slap-2m,2022-10-19/10192022184226,0.6203691834380207,0.7333333333521344,0.11308821565611021,22.850000000585823,0.9733759963608307,14
slap-2m,2022-10-19/10192022184226,0.6374823740546084,0.450000000011537,0.006691766192638375,31.050000000796054,0.7896120230776883,15
slap-2m,2022-10-19/10192022184226,0.6613254710934495,0.466666666678631,0.037528546529474974,37.250000000955005,0.8275879164029761,16
slap-2m,2022-10-19/10192022184226,0.6813229073195745,1.0333333333598258,0.009143024024725558,42.45000000108833,0.9183804221736636,17
slap-2m,2022-10-19/10192022184226,0.6999743622612485,0.4000000000102551,0.12812538506411053,0.6500000000166646,0.8746079796389498,18
slap-2m,2022-10-19/10192022184226,0.7347134982694526,0.4333333333444431,0.016528789187397138,5.483333333473914,0.9160506175618345,19
slap-2m,2022-10-19/10192022184226,0.7452249711575439,0.4833333333457249,0.16130037519872653,0.3666666666760672,0.9522129962005266,20
slap-2m,2022-10-19/10192022184226,0.8614280220484554,0.5833333333482887,0.10454205906047181,1.350000000034611,0.8611295691832436,21
slap-2m,2022-10-19/10192022184226,0.8645045506986284,1.2833333333662351,0.001653916076689111,2.150000000055121,0.7987332154992476,22
slap-2m,2022-10-19/10192022184226,0.8723240610178182,0.3666666666760672,1.1255719389988397,4.183333333440585,0.6109960494061293,23
slap-2m,2022-10-19/10192022184226,0.9401358800153826,7.3333333335213435,0.3907040189497042,1.1000000000282015,0.9339884368475865,24
slap-2m,2022-10-19/10192022184226,0.9712216382515062,1.5666666667068325,0.28035719932253805,8.083333333540573,0.9108960234537729,25
scn2a,s-DANNCE-SCN2A_SOC1/2022_09_22_M3_M4,0.07468539325842696,0.88,2.2779161976990197,0.34,0.9476708251855639,1
scn2a,s-DANNCE-SCN2A_SOC1/2022_09_22_M3_M4,0.15251685393258427,0.42,0.08706601815296014,0.24,0.8343051876035927,2
scn2a,s-DANNCE-SCN2A_SOC1/2022_09_22_M3_M4,0.15759550561797753,0.48,0.6191360760062659,2.82,0.965603607367964,3
scn2a,s-DANNCE-SCN2A_SOC1/2022_09_22_M3_M4,0.15812359550561797,0.68,0.5710524703282568,3.76,0.9765618780623231,4
scn2a,s-DANNCE-SCN2A_SOC1/2022_09_22_M3_M4,0.21137078651685393,0.62,0.02691564458224056,0.4,0.9715409006893808,5
scn2a,s-DANNCE-SCN2A_SOC1/2022_09_22_M3_M4,0.2329887640449438,1.54,0.008118343626183041,0.26,0.9521399005391807,6
scn2a,s-DANNCE-SCN2A_SOC1/2022_09_22_M3_M4,0.23922471910112358,0.62,1.182902254750946,0.18,0.9890225745144463,7
scn2a,s-DANNCE-SCN2A_SOC1/2022_09_22_M3_M4,0.24185393258426965,0.94,0.060005209043062356,0.66,0.973226338756119,8
scn2a,s-DANNCE-SCN2A_SOC1/2022_09_22_M3_M4,0.24248314606741572,0.26,0.11473320042220853,1.78,0.9590795557865461,9
scn2a,s-DANNCE-SCN2A_SOC1/2022_09_22_M3_M4,0.24560674157303372,1.24,0.006479593729682958,0.3,0.9971430026064265,10
scn2a,s-DANNCE-SCN2A_SOC1/2022_09_22_M3_M4,0.24886516853932583,0.28,0.049104446737443665,0.1,0.8258669131280055,11
scn2a,s-DANNCE-SCN2A_SOC1/2022_09_22_M3_M4,0.2633820224719101,0.36,0.8059164132214409,0.2,0.8614442232268754,12
scn2a,s-DANNCE-SCN2A_SOC1/2022_09_22_M3_M4,0.2658876404494382,0.3,0.9902028275873731,0.1,0.9620102413240412,13
scn2a,s-DANNCE-SCN2A_SOC1/2022_09_22_M3_M4,0.3311460674157303,0.26,1.3718616136941715,4.6,0.9046271919597457,14
scn2a,s-DANNCE-SCN2A_SOC1/2022_09_22_M3_M4,0.3475505617977528,0.82,1.9966718248756723,0.08,0.8992894467304031,15
scn2a,s-DANNCE-SCN2A_SOC1/2022_09_22_M3_M4,0.3669887640449438,0.64,1.5935848937157397,1.88,0.9643671255604457,16
scn2a,s-DANNCE-SCN2A_SOC1/2022_09_22_M3_M4,0.3858202247191011,0.86,0.020677204039094444,1.32,0.9033764273944702,17
scn2a,s-DANNCE-SCN2A_SOC1/2022_09_22_M3_M4,0.3873370786516854,0.78,0.9200824361181799,4.02,0.9967982405128104,18
scn2a,s-DANNCE-SCN2A_SOC1/2022_09_22_M3_M4,0.3889101123595506,0.96,0.11502708985817157,2.8,0.9892560150401924,19
scn2a,s-DANNCE-SCN2A_SOC1/2022_09_22_M3_M4,0.38965168539325845,0.64,0.015718078292850192,4.12,0.9684709606977148,20
scn2a,s-DANNCE-SCN2A_SOC1/2022_09_22_M3_M4,0.42712359550561796,0.6,0.13757090668382602,1.38,0.8861581640566826,21
scn2a,s-DANNCE-SCN2A_SOC1/2022_09_22_M3_M4,0.4753483146067416,0.88,0.0037571274549897597,4.62,0.9758933592319661,22
scn2a,s-DANNCE-SCN2A_SOC1/2022_09_22_M3_M4,0.47968539325842696,0.48,0.03283002892666727,2.98,0.8117868839829628,23
scn2a,s-DANNCE-SCN2A_SOC1/2022_09_22_M3_M4,0.4960112359550562,0.32,0.748226379431101,1.44,0.9551822810055532,24
scn2a,s-DANNCE-SCN2A_SOC1/2022_09_22_M3_M4,0.4974831460674157,0.26,0.8627739041828804,0.48,0.8118230988448096,25
scn2a,s-DANNCE-SCN2A_SOC1/2022_09_22_M3_M4,0.6536404494382022,2.48,0.25484156179680134,0.52,0.9907422545846809,26
scn2a,s-DANNCE-SCN2A_SOC1/2022_09_22_M3_M4,0.7265393258426966,0.62,0.00994944448800192,3.42,0.856377875932554,27
scn2a,s-DANNCE-SCN2A_SOC1/2022_09_22_M3_M4,0.7423258426966293,1.08,1.892899474331476,1.06,0.9812289379605798,28
scn2a,s-DANNCE-SCN2A_SOC1/2022_09_22_M3_M4,0.7927640449438202,1.26,2.062935220683548,1.64,0.9717781774075792,29
scn2a,s-DANNCE-SCN2A_SOC1/2022_09_22_M3_M4,0.9252584269662921,2.8,0.7339222536175057,1.16,0.9673370694808419,30
scn2a,s-DANNCE-SCN2A_SOC1/2022_09_22_M3_M4,0.9718314606741573,0.48,0.08219729485911786,3.8,0.9199026132425914,31
scn2a,s-DANNCE-SCN2A_SOC1/2022_09_22_M3_M4,0.9722921348314607,0.76,0.19974053681009454,4.62,0.8732090021298502,32
scn2a,s-DANNCE-SCN2A_SOC1/2022_09_22_M5_M6,0.040651685393258426,1.56,0.10938300290913673,1.5,0.9814187792892936,1
scn2a,s-DANNCE-SCN2A_SOC1/2022_09_22_M5_M6,0.07242696629213483,0.34,0.8046862788592561,0.08,0.8123949773667177,2
scn2a,s-DANNCE-SCN2A_SOC1/2022_09_22_M5_M6,0.0734494382022472,0.94,0.3021766829936686,1.9,0.8624067829321791,3
scn2a,s-DANNCE-SCN2A_SOC1/2022_09_22_M5_M6,0.09587640449438202,1.32,0.00959090757339929,1.78,0.923981301731746,4
scn2a,s-DANNCE-SCN2A_SOC1/2022_09_22_M5_M6,0.09958426966292135,0.6,1.4908339801365584,0.74,0.9519631636529038,5
scn2a,s-DANNCE-SCN2A_SOC1/2022_09_22_M5_M6,0.10004494382022472,1.46,1.3931959121459587,0.82,0.7896248216269929,6
scn2a,s-DANNCE-SCN2A_SOC1/2022_09_22_M5_M6,0.10623595505617978,2.04,0.022273029056646593,4.04,0.8399147059122499,7
scn2a,s-DANNCE-SCN2A_SOC1/2022_09_22_M5_M6,0.10748314606741573,0.42,0.5442423025882996,6.26,0.9058632666178161,8
scn2a,s-DANNCE-SCN2A_SOC1/2022_09_22_M5_M6,0.12689887640449438,0.36,0.16833339131971906,0.64,0.8388039286278771,9
scn2a,s-DANNCE-SCN2A_SOC1/2022_09_22_M5_M6,0.1273932584269663,0.76,0.024751701564579495,1.52,0.9270938539445714,10
scn2a,s-DANNCE-SCN2A_SOC1/2022_09_22_M5_M6,0.1296629213483146,0.4,0.9313689202411858,0.52,0.973200153091435,11
scn2a,s-DANNCE-SCN2A_SOC1/2022_09_22_M5_M6,0.13069662921348316,0.46,0.029318355322162353,2.36,0.8923431308373326,12
scn2a,s-DANNCE-SCN2A_SOC1/2022_09_22_M5_M6,0.1328426966292135,1.66,1.6564155638753926,0.7,0.8427603293396115,13
scn2a,s-DANNCE-SCN2A_SOC1/2022_09_22_M5_M6,0.1482808988764045,0.44,0.020369434729494065,1.06,0.9783410787725931,14
scn2a,s-DANNCE-SCN2A_SOC1/2022_09_22_M5_M6,0.165,0.3,0.7713733807520771,0.84,0.8410026509845622,15
scn2a,s-DANNCE-SCN2A_SOC1/2022_09_22_M5_M6,0.18296629213483145,0.84,0.6077154978087163,0.44,0.9645448561628909,16
scn2a,s-DANNCE-SCN2A_SOC1/2022_09_22_M5_M6,0.18967415730337078,1.12,0.32059400717938036,0.24,0.9469922794767235,17
scn2a,s-DANNCE-SCN2A_SOC1/2022_09_22_M5_M6,0.23253932584269663,0.62,2.238753597942194,0.26,0.9331368378812049,18
scn2a,s-DANNCE-SCN2A_SOC1/2022_09_22_M5_M6,0.24775280898876403,1.92,0.9607748411253819,1.58,0.7546997424143996,19
scn2a,s-DANNCE-SCN2A_SOC1/2022_09_22_M5_M6,0.2506966292134831,0.8,1.3244878140314966,0.96,0.9103469188519078,20
scn2a,s-DANNCE-SCN2A_SOC1/2022_09_22_M5_M6,0.2575393258426966,0.24,0.7284981439582434,0.18,0.9095807750613107,21
scn2a,s-DANNCE-SCN2A_SOC1/2022_09_22_M5_M6,0.26407865168539324,0.78,0.06882474957706339,0.08,0.9063520687843173,22
scn2a,s-DANNCE-SCN2A_SOC1/2022_09_22_M5_M6,0.3078876404494382,1.44,0.7974992518647972,0.2,0.953639856269872,23
scn2a,s-DANNCE-SCN2A_SOC1/2022_09_22_M5_M6,0.3120561797752809,0.62,1.457635683627894,0.52,0.9301317211195264,24
scn2a,s-DANNCE-SCN2A_SOC1/2022_09_22_M5_M6,0.32008988764044943,0.62,0.7463565278077664,7.92,0.9757528577954387,25
scn2a,s-DANNCE-SCN2A_SOC1/2022_09_22_M5_M6,0.32965168539325845,3.76,0.004959315629212092,0.38,0.9969023056510578,26
scn2a,s-DANNCE-SCN2A_SOC1/2022_09_22_M5_M6,0.33930337078651684,2.86,0.01983956133293939,4.84,0.9778875173629001,27
scn2a,s-DANNCE-SCN2A_SOC1/2022_09_22_M5_M6,0.3410561797752809,1.42,0.017386162824297974,7.96,0.978443747079741,28
scn2a,s-DANNCE-SCN2A_SOC1/2022_09_22_M5_M6,0.3425842696629213,0.32,0.029191645314470775,0.54,0.9553603235153914,29
scn2a,s-DANNCE-SCN2A_SOC1/2022_09_22_M5_M6,0.34453932584269664,0.64,2.476803291088728,2.26,0.8711056639191127,30
scn2a,s-DANNCE-SCN2A_SOC1/2022_09_22_M5_M6,0.34651685393258425,1.16,0.5904950723639645,1.12,0.9642581686952875,31
scn2a,s-DANNCE-SCN2A_SOC1/2022_09_22_M5_M6,0.3615056179775281,0.38,2.622420380477546,1.14,0.9374658711739812,32
scn2a,s-DANNCE-SCN2A_SOC1/2022_09_22_M5_M6,0.364,1.38,0.0036628376221549868,1.22,0.9119450232828871,33
scn2a,s-DANNCE-SCN2A_SOC1/2022_09_22_M5_M6,0.36512359550561796,0.64,0.20601786043649917,3.22,0.8361700224548266,34
scn2a,s-DANNCE-SCN2A_SOC1/2022_09_22_M5_M6,0.39065168539325845,3.28,0.014511566339786501,2.02,0.9280674295620022,35
scn2a,s-DANNCE-SCN2A_SOC1/2022_09_22_M5_M6,0.4021910112359551,0.24,0.2597478464383169,0.32,0.8232486381436822,36
scn2a,s-DANNCE-SCN2A_SOC1/2022_09_22_M5_M6,0.40325842696629216,3.22,0.02953464269795825,2.22,0.9521373606325988,37
scn2a,s-DANNCE-SCN2A_SOC1/2022_09_22_M5_M6,0.40523595505617976,1.18,0.010232815631270039,5.74,0.9670546627736594,38
scn2a,s-DANNCE-SCN2A_SOC1/2022_09_22_M5_M6,0.406438202247191,0.68,0.275603225795293,2.14,0.8882973459014338,39
scn2a,s-DANNCE-SCN2A_SOC1/2022_09_22_M5_M6,0.41220224719101123,0.3,0.02704229529010655,0.32,0.9913329296856737,40
scn2a,s-DANNCE-SCN2A_SOC1/2022_09_22_M5_M6,0.4267191011235955,2.34,1.3742810538520636,5.34,0.9871332451184142,41
scn2a,s-DANNCE-SCN2A_SOC1/2022_09_22_M5_M6,0.4298539325842697,0.38,2.4768430830543817,1.72,0.7649696507865437,42
scn2a,s-DANNCE-SCN2A_SOC1/2022_09_22_M5_M6,0.43279775280898874,1.16,0.03737133469915238,1.02,0.9995236813301691,43
scn2a,s-DANNCE-SCN2A_SOC1/2022_09_22_M5_M6,0.4628876404494382,0.36,2.1705895632897847,0.96,0.8813611032188883,44
scn2a,s-DANNCE-SCN2A_SOC1/2022_09_22_M5_M6,0.4740561797752809,0.9,0.030728999410439734,1.02,0.8978140628815408,45
scn2a,s-DANNCE-SCN2A_SOC1/2022_09_22_M5_M6,0.4970786516853933,4.26,1.2302794248046451,1.6,0.9831982610923189,46
scn2a,s-DANNCE-SCN2A_SOC1/2022_09_22_M5_M6,0.5292247191011236,0.24,0.5740612045993804,0.76,0.9200296344156006,47
scn2a,s-DANNCE-SCN2A_SOC1/2022_09_22_M5_M6,0.6035280898876404,3.62,1.1410562344803812,2.8,0.9547742156527197,48
scn2a,s-DANNCE-SCN2A_SOC1/2022_09_22_M5_M6,0.6123483146067416,4.74,0.08114859167370334,1.9,0.8894038908779595,49
scn2a,s-DANNCE-SCN2A_SOC1/2022_09_22_M5_M6,0.6153370786516854,2.98,0.3670435285664377,5.32,0.8766002081381751,50
scn2a,s-DANNCE-SCN2A_SOC1/2022_09_22_M5_M6,0.6208651685393258,0.44,0.901845570686112,0.34,0.7867100055656913,51
scn2a,s-DANNCE-SCN2A_SOC1/2022_09_22_M5_M6,0.6213820224719101,0.5,0.7019790550260014,1.26,0.8720528606916259,52
scn2a,s-DANNCE-SCN2A_SOC1/2022_09_22_M5_M6,0.623314606741573,1.0,0.6672862027597524,0.14,0.8578735067068644,53
scn2a,s-DANNCE-SCN2A_SOC1/2022_09_22_M5_M6,0.6436516853932585,1.14,0.3134185679101651,1.24,0.906351031165641,54
scn2a,s-DANNCE-SCN2A_SOC1/2022_09_22_M5_M6,0.6514269662921348,0.78,0.44361495669878614,0.36,0.8360417544778661,55
scn2a,s-DANNCE-SCN2A_SOC1/2022_09_22_M5_M6,0.6854943820224719,3.42,0.7902832490719971,0.08,0.9856968243170542,56
scn2a,s-DANNCE-SCN2A_SOC1/2022_09_22_M5_M6,0.6879213483146067,0.3,0.9193261719313673,4.4,0.8855754010862021,57
scn2a,s-DANNCE-SCN2A_SOC1/2022_09_22_M5_M6,0.6998426966292135,0.98,2.3643021680455094,0.58,0.9923616143354895,58
scn2a,s-DANNCE-SCN2A_SOC1/2022_09_22_M5_M6,0.7175280898876405,0.76,1.2026783839975639,0.42,0.9757492865887174,59
scn2a,s-DANNCE-SCN2A_SOC1/2022_09_22_M5_M6,0.7562022471910113,0.96,0.03835212713468673,2.22,0.9286876840716961,60
scn2a,s-DANNCE-SCN2A_SOC1/2022_09_22_M5_M6,0.7649662921348315,0.48,0.5896494242942925,0.16,0.9596524659844811,61
scn2a,s-DANNCE-SCN2A_SOC1/2022_09_22_M5_M6,0.7688876404494382,4.16,1.0092165148387413,1.38,0.9348283830109735,62
scn2a,s-DANNCE-SCN2A_SOC1/2022_09_22_M5_M6,0.8151011235955056,3.06,2.2191922237531734,0.64,0.75834095713411,63
scn2a,s-DANNCE-SCN2A_SOC1/2022_09_22_M5_M6,0.846561797752809,6.06,0.12395372158136578,1.9,0.9722351935107443,64
scn2a,s-DANNCE-SCN2A_SOC1/2022_09_22_M5_M6,0.8933595505617977,0.44,0.11571805466220993,0.38,0.9355098396160555,65
scn2a,s-DANNCE-SCN2A_SOC1/2022_09_22_M5_M6,0.8971348314606742,0.32,0.8984921286571602,1.38,0.9829386186588359,66
scn2a,s-DANNCE-SCN2A_SOC1/2022_09_22_M5_M6,0.9761910112359551,1.46,0.1825497633468775,2.6,0.976720718902972,67
scn2a,s-DANNCE-SCN2A_SOC1/2022_09_22_M5_M6,0.9777303370786516,2.42,0.007743907687339402,5.34,0.8898073790766269,68
scn2a,s-DANNCE-SCN2A_SOC1/2022_09_22_M5_M6,0.9879325842696629,0.56,1.590904622213247,0.54,0.859113433596832,69
scn2a,s-DANNCE-SCN2A_SOC1/2022_09_23_M1_M6,0.010101123595505619,0.84,1.6892773729934873,0.64,0.8232309226577912,1
scn2a,s-DANNCE-SCN2A_SOC1/2022_09_23_M1_M6,0.038067415730337076,3.36,1.3972819181393379,0.38,0.9831964599953478,2
scn2a,s-DANNCE-SCN2A_SOC1/2022_09_23_M1_M6,0.06575280898876404,0.26,1.5231056457361847,1.76,0.9656342285527381,3
scn2a,s-DANNCE-SCN2A_SOC1/2022_09_23_M1_M6,0.1767191011235955,0.36,1.024164103713458,0.36,0.8730964062498202,4
scn2a,s-DANNCE-SCN2A_SOC1/2022_09_23_M1_M6,0.17722471910112358,1.0,1.1556320835965492,1.26,0.8871185917074896,5
scn2a,s-DANNCE-SCN2A_SOC1/2022_09_23_M1_M6,0.17903370786516853,1.24,1.6521762136801827,4.48,0.9616905600658401,6
scn2a,s-DANNCE-SCN2A_SOC1/2022_09_23_M1_M6,0.18456179775280898,0.42,0.10341712004413506,2.36,0.8891434297594318,7
scn2a,s-DANNCE-SCN2A_SOC1/2022_09_23_M1_M6,0.19975280898876405,0.28,0.43828367340078955,0.3,0.9149681973229579,8
scn2a,s-DANNCE-SCN2A_SOC1/2022_09_23_M1_M6,0.20040449438202249,1.4,0.16627585795324537,1.16,0.8799020766618569,9
scn2a,s-DANNCE-SCN2A_SOC1/2022_09_23_M1_M6,0.20695505617977528,1.2,0.1527538496650498,0.02,0.9664596290920366,10
scn2a,s-DANNCE-SCN2A_SOC1/2022_09_23_M1_M6,0.20841573033707866,0.58,0.7185995171083448,2.62,0.9116051954788791,11
scn2a,s-DANNCE-SCN2A_SOC1/2022_09_23_M1_M6,0.24192134831460674,0.26,0.22204708682931876,0.3,0.977840176327455,12
scn2a,s-DANNCE-SCN2A_SOC1/2022_09_23_M1_M6,0.26879775280898877,2.28,0.3252510569289172,2.66,0.9687446777125103,13
scn2a,s-DANNCE-SCN2A_SOC1/2022_09_23_M1_M6,0.2917752808988764,0.86,0.7861403401730915,0.58,0.9415335728571325,14
scn2a,s-DANNCE-SCN2A_SOC1/2022_09_23_M1_M6,0.31558426966292136,0.32,0.4763825875313513,0.06,0.9207628266677218,15
scn2a,s-DANNCE-SCN2A_SOC1/2022_09_23_M1_M6,0.31975280898876407,1.22,0.039372411093370065,7.42,0.929784390441773,16
scn2a,s-DANNCE-SCN2A_SOC1/2022_09_23_M1_M6,0.35696629213483144,1.02,2.4905941849914157,0.72,0.8421990642412721,17
scn2a,s-DANNCE-SCN2A_SOC1/2022_09_23_M1_M6,0.41251685393258425,1.54,0.17027607039591863,2.66,0.9527955101371329,18
scn2a,s-DANNCE-SCN2A_SOC1/2022_09_23_M1_M6,0.42253932584269666,1.56,0.8465802116058582,0.92,0.9989106459839702,19
scn2a,s-DANNCE-SCN2A_SOC1/2022_09_23_M1_M6,0.46976404494382024,1.8,1.2091217269950725,0.34,0.7774557235443534,20
scn2a,s-DANNCE-SCN2A_SOC1/2022_09_23_M1_M6,0.5637977528089888,0.28,1.925189047032114,4.34,0.968027774040469,21
scn2a,s-DANNCE-SCN2A_SOC1/2022_09_23_M1_M6,0.5881685393258427,0.62,2.0686529960236286,0.48,0.9683500380247702,22
scn2a,s-DANNCE-SCN2A_SOC1/2022_09_23_M1_M6,0.5908202247191011,0.44,1.9971303852246245,0.58,0.792077115778452,23
scn2a,s-DANNCE-SCN2A_SOC1/2022_09_23_M1_M6,0.5993033707865169,1.16,2.131345861503786,0.32,0.8113710889899729,24
scn2a,s-DANNCE-SCN2A_SOC1/2022_09_23_M1_M6,0.6027865168539326,1.22,1.410876564367308,0.24,0.7939713837207776,25
scn2a,s-DANNCE-SCN2A_SOC1/2022_09_23_M1_M6,0.6037977528089887,0.3,1.363035658892636,1.8,0.8085551446463934,26
scn2a,s-DANNCE-SCN2A_SOC1/2022_09_23_M1_M6,0.6652022471910113,1.86,0.021198174849206868,12.64,0.9003844699889182,27
scn2a,s-DANNCE-SCN2A_SOC1/2022_09_23_M1_M6,0.6741123595505618,2.66,1.684271470110607,1.86,0.9804453314839351,28
scn2a,s-DANNCE-SCN2A_SOC1/2022_09_23_M1_M6,0.7303033707865169,1.2,0.10388696572784618,1.02,0.9547382074959816,29
scn2a,s-DANNCE-SCN2A_SOC1/2022_09_23_M1_M6,0.7314044943820225,3.14,0.1534222986291983,1.96,0.9646222710221971,30
scn2a,s-DANNCE-SCN2A_SOC1/2022_09_23_M1_M6,0.8442808988764045,0.32,0.006050554401915605,3.28,0.858716541485473,31
scn2a,s-DANNCE-SCN2A_SOC1/2022_09_23_M1_M6,0.9359550561797753,0.76,1.476759203406689,0.86,0.8576436375351523,32
scn2a,s-DANNCE-SCN2A_SOC1/2022_09_23_M1_M6,0.9766516853932584,1.18,0.047873760160962085,0.64,0.9600484390151042,33
scn2a,s-DANNCE-SCN2A_SOC1/2022_09_23_M3_M2,0.10417977528089888,0.7,0.002212912629184782,1.18,0.9624411165577323,1
scn2a,s-DANNCE-SCN2A_SOC1/2022_09_23_M3_M2,0.1079438202247191,0.38,1.4624392939977073,0.16,0.8879728807895726,2
scn2a,s-DANNCE-SCN2A_SOC1/2022_09_23_M3_M2,0.1377865168539326,0.66,1.432274191811587,0.26,0.8771038614857236,3
scn2a,s-DANNCE-SCN2A_SOC1/2022_09_23_M3_M2,0.16891011235955056,1.58,0.034210699298708035,2.0,0.7761219595686993,4
scn2a,s-DANNCE-SCN2A_SOC1/2022_09_23_M3_M2,0.205561797752809,0.26,2.833327553477998,0.2,0.843426422163914,5
scn2a,s-DANNCE-SCN2A_SOC1/2022_09_23_M3_M2,0.20595505617977528,1.06,2.7302345642981023,0.2,0.9492768855275825,6
scn2a,s-DANNCE-SCN2A_SOC1/2022_09_23_M3_M2,0.2082808988764045,1.5,0.7715968980163533,0.46,0.880017667374945,7
scn2a,s-DANNCE-SCN2A_SOC1/2022_09_23_M3_M2,0.23696629213483147,0.88,0.02947541899995631,5.3,0.9111975347081108,8
scn2a,s-DANNCE-SCN2A_SOC1/2022_09_23_M3_M2,0.2533820224719101,2.62,0.0035265471271515854,0.24,0.9081683763767129,9
scn2a,s-DANNCE-SCN2A_SOC1/2022_09_23_M3_M2,0.2582808988764045,0.6,0.02366147682274556,8.96,0.9933419115413167,10
scn2a,s-DANNCE-SCN2A_SOC1/2022_09_23_M3_M2,0.26403370786516855,0.72,2.4211695820583543,1.44,0.8432938731421662,11
scn2a,s-DANNCE-SCN2A_SOC1/2022_09_23_M3_M2,0.29753932584269666,2.3,2.1323509573911346,1.7,0.9910010248180998,12
scn2a,s-DANNCE-SCN2A_SOC1/2022_09_23_M3_M2,0.3379775280898876,0.32,2.174531766166113,2.3,0.8735276791123201,13
scn2a,s-DANNCE-SCN2A_SOC1/2022_09_23_M3_M2,0.3395842696629213,2.9,0.0494891914888744,5.16,0.9981101674013458,14
scn2a,s-DANNCE-SCN2A_SOC1/2022_09_23_M3_M2,0.34362921348314607,0.56,2.4643638755229937,2.38,0.9748651905051833,15
scn2a,s-DANNCE-SCN2A_SOC1/2022_09_23_M3_M2,0.3963707865168539,2.86,2.0913834779032254,2.96,0.9348235233438881,16
scn2a,s-DANNCE-SCN2A_SOC1/2022_09_23_M3_M2,0.40070786516853935,2.4,1.2866824407901074,2.44,0.8718545068635678,17
scn2a,s-DANNCE-SCN2A_SOC1/2022_09_23_M3_M2,0.4306067415730337,1.48,2.005512948893268,1.88,0.8656254546716612,18
scn2a,s-DANNCE-SCN2A_SOC1/2022_09_23_M3_M2,0.44665168539325845,1.58,0.13354670016883122,1.28,0.9744628974759624,19
scn2a,s-DANNCE-SCN2A_SOC1/2022_09_23_M3_M2,0.4480449438202247,0.36,0.08471473911440255,3.76,0.9415955638536269,20
scn2a,s-DANNCE-SCN2A_SOC1/2022_09_23_M3_M2,0.49043820224719104,3.68,2.262446107460395,0.0,0.9699722877744865,21
scn2a,s-DANNCE-SCN2A_SOC1/2022_09_23_M3_M2,0.5040337078651685,1.26,1.3116629611450528,0.52,0.8637272239488472,22
scn2a,s-DANNCE-SCN2A_SOC1/2022_09_23_M3_M2,0.5049887640449439,0.86,1.233851920005953,2.22,0.9722818819384716,23
scn2a,s-DANNCE-SCN2A_SOC1/2022_09_23_M3_M2,0.5057640449438202,1.06,1.483709919576444,3.6,0.8330256777812035,24
scn2a,s-DANNCE-SCN2A_SOC1/2022_09_23_M3_M2,0.5068202247191012,0.56,1.759206290887461,5.48,0.7619323646911648,25
scn2a,s-DANNCE-SCN2A_SOC1/2022_09_23_M3_M2,0.5073932584269663,0.42,1.6412952680947623,1.02,0.7991768270584115,26
scn2a,s-DANNCE-SCN2A_SOC1/2022_09_23_M3_M2,0.5093370786516854,0.9,1.0164770176104945,0.7,0.7899747702178553,27
scn2a,s-DANNCE-SCN2A_SOC1/2022_09_23_M3_M2,0.511561797752809,3.24,0.7685385336374359,4.66,0.8672807857583162,28
scn2a,s-DANNCE-SCN2A_SOC1/2022_09_23_M3_M2,0.5185842696629214,1.44,2.0484418255583834,2.76,0.9728490542269088,29
scn2a,s-DANNCE-SCN2A_SOC1/2022_09_23_M3_M2,0.5216741573033707,2.16,1.440378120026612,8.26,0.8650012284149752,30
scn2a,s-DANNCE-SCN2A_SOC1/2022_09_23_M3_M2,0.5245842696629214,1.88,2.2057326847086123,13.44,0.9050408488635698,31
scn2a,s-DANNCE-SCN2A_SOC1/2022_09_23_M3_M2,0.5294044943820224,2.5,1.4377395748805064,0.06,0.9276115254240201,32
scn2a,s-DANNCE-SCN2A_SOC1/2022_09_23_M3_M2,0.9593707865168539,1.9,0.23515038400184474,0.6,0.9711652804932674,33
scn2a,s-DANNCE-SCN2A_SOC1/2022_09_23_M3_M2,0.9635505617977528,0.94,0.8228674282075128,0.56,0.902838945862106,34
scn2a,s-DANNCE-SCN2A_SOC1/2022_09_23_M3_M2,0.967067415730337,0.9,0.46245849656821614,1.52,0.8394898184552732,35
scn2a,s-DANNCE-SCN2A_SOC1/2022_09_23_M3_M2,0.9790224719101124,1.3,1.5930786505925454,2.34,0.9137093341650934,36
scn2a,s-DANNCE-SCN2A_SOC1/2022_09_23_M5_M4,0.009820224719101123,0.3,0.8846344438540363,1.26,0.8619546971916378,1
scn2a,s-DANNCE-SCN2A_SOC1/2022_09_23_M5_M4,0.022101123595505617,1.16,0.4248873905792568,2.74,0.9889647108138315,2
scn2a,s-DANNCE-SCN2A_SOC1/2022_09_23_M5_M4,0.07712359550561798,0.78,2.2906211905199676,4.84,0.8907008519894879,3
scn2a,s-DANNCE-SCN2A_SOC1/2022_09_23_M5_M4,0.08840449438202247,3.8,0.015524195694768012,1.32,0.9204193136896546,4
scn2a,s-DANNCE-SCN2A_SOC1/2022_09_23_M5_M4,0.15348314606741573,0.46,0.5925634333288478,0.6,0.9328653140419689,5
scn2a,s-DANNCE-SCN2A_SOC1/2022_09_23_M5_M4,0.1558314606741573,0.56,1.3080556412868687,0.72,0.9301178361043853,6
scn2a,s-DANNCE-SCN2A_SOC1/2022_09_23_M5_M4,0.16601123595505618,0.36,0.7622040276728749,0.28,0.9584749782741797,7
scn2a,s-DANNCE-SCN2A_SOC1/2022_09_23_M5_M4,0.17735955056179775,0.36,0.12071549487695987,1.24,0.9671837930341304,8
scn2a,s-DANNCE-SCN2A_SOC1/2022_09_23_M5_M4,0.1857303370786517,1.14,2.67021740388766,0.14,0.8093180542972055,9
scn2a,s-DANNCE-SCN2A_SOC1/2022_09_23_M5_M4,0.19231460674157302,1.14,0.011068052531881638,9.32,0.9597894780829885,10
scn2a,s-DANNCE-SCN2A_SOC1/2022_09_23_M5_M4,0.21030337078651684,0.68,0.07376722280030557,0.76,0.9774564541076147,11
scn2a,s-DANNCE-SCN2A_SOC1/2022_09_23_M5_M4,0.21817977528089888,0.86,2.04483568997238,2.88,0.9995280613856435,12
scn2a,s-DANNCE-SCN2A_SOC1/2022_09_23_M5_M4,0.2268876404494382,1.12,0.09637112267247457,0.16,0.9932458863420386,13
scn2a,s-DANNCE-SCN2A_SOC1/2022_09_23_M5_M4,0.25349438202247193,1.52,0.013541264259832103,0.8,0.8578010442956236,14
scn2a,s-DANNCE-SCN2A_SOC1/2022_09_23_M5_M4,0.3375842696629213,3.76,0.4987557243865778,0.12,0.9795097590324249,15
scn2a,s-DANNCE-SCN2A_SOC1/2022_09_23_M5_M4,0.36197752808988765,0.84,2.0282959922233497,0.58,0.8402483352827873,16
scn2a,s-DANNCE-SCN2A_SOC1/2022_09_23_M5_M4,0.3690561797752809,0.44,0.013652965478958749,2.78,0.8807833000979223,17
scn2a,s-DANNCE-SCN2A_SOC1/2022_09_23_M5_M4,0.3760786516853933,0.52,0.007874030349347827,0.34,0.9919570733655948,18
scn2a,s-DANNCE-SCN2A_SOC1/2022_09_23_M5_M4,0.37773033707865167,4.6,1.7188020591535416,1.0,0.9922568849665996,19
scn2a,s-DANNCE-SCN2A_SOC1/2022_09_23_M5_M4,0.385438202247191,1.94,0.03435217696370892,0.1,0.9078170760483592,20
scn2a,s-DANNCE-SCN2A_SOC1/2022_09_23_M5_M4,0.38779775280898876,0.52,0.7809185660116666,0.38,0.9688250027667399,21
scn2a,s-DANNCE-SCN2A_SOC1/2022_09_23_M5_M4,0.3936067415730337,1.52,0.6165804823147842,10.72,0.9292948009927162,22
scn2a,s-DANNCE-SCN2A_SOC1/2022_09_23_M5_M4,0.3953820224719101,1.5,0.35907699171430174,0.02,0.9727888310066931,23
scn2a,s-DANNCE-SCN2A_SOC1/2022_09_23_M5_M4,0.4091685393258427,1.82,1.141066951367686,0.5,0.9049271550161246,24
scn2a,s-DANNCE-SCN2A_SOC1/2022_09_23_M5_M4,0.41606741573033706,0.28,0.6310453611127363,0.96,0.9019873887217144,25
scn2a,s-DANNCE-SCN2A_SOC1/2022_09_23_M5_M4,0.4671797752808989,1.56,0.4684943008613041,0.98,0.9559039019627205,26
scn2a,s-DANNCE-SCN2A_SOC1/2022_09_23_M5_M4,0.4820112359550562,0.66,2.500084720047378,0.04,0.9486688948302983,27
scn2a,s-DANNCE-SCN2A_SOC1/2022_09_23_M5_M4,0.5102247191011235,1.72,1.140932042157103,3.62,0.9861754537242455,28
scn2a,s-DANNCE-SCN2A_SOC1/2022_09_23_M5_M4,0.5214606741573033,7.28,0.08508909099573746,4.3,0.9636777942267722,29
scn2a,s-DANNCE-SCN2A_SOC1/2022_09_23_M5_M4,0.5340674157303371,2.08,1.7105873732548307,1.58,0.953934383387507,30
scn2a,s-DANNCE-SCN2A_SOC1/2022_09_23_M5_M4,0.5397191011235956,1.64,0.8909127852943965,0.88,0.9833644449482172,31
scn2a,s-DANNCE-SCN2A_SOC1/2022_09_23_M5_M4,0.5437078651685393,0.58,2.210468491192119,2.66,0.8340380161765345,32
scn2a,s-DANNCE-SCN2A_SOC1/2022_09_23_M5_M4,0.5477977528089888,3.78,0.02159465589168114,0.04,0.9523171315113671,33
scn2a,s-DANNCE-SCN2A_SOC1/2022_09_23_M5_M4,0.5540224719101123,0.78,0.8364507539192134,0.74,0.9955106515213877,34
scn2a,s-DANNCE-SCN2A_SOC1/2022_09_23_M5_M4,0.5576179775280898,1.78,2.907609931571125,1.16,0.9566120372948546,35
scn2a,s-DANNCE-SCN2A_SOC1/2022_09_23_M5_M4,0.6018202247191011,0.84,0.13439363981776015,5.76,0.8066252810810158,36
scn2a,s-DANNCE-SCN2A_SOC1/2022_09_23_M5_M4,0.6026067415730337,1.74,0.08424515232295895,7.16,0.9377646890010941,37
scn2a,s-DANNCE-SCN2A_SOC1/2022_09_23_M5_M4,0.6063932584269663,0.62,1.1607195381229152,0.06,0.9759518469137327,38
scn2a,s-DANNCE-SCN2A_SOC1/2022_09_23_M5_M4,0.6397303370786517,0.86,0.01319147497304415,0.14,0.9898008872595297,39
scn2a,s-DANNCE-SCN2A_SOC1/2022_09_23_M5_M4,0.6427977528089888,0.86,0.05151119452900264,0.16,0.9418449449422782,40
scn2a,s-DANNCE-SCN2A_SOC1/2022_09_23_M5_M4,0.6614719101123595,1.0,0.837096207578147,2.5,0.9477859123763429,41
scn2a,s-DANNCE-SCN2A_SOC1/2022_09_23_M5_M4,0.6647640449438202,1.68,0.03294024517642721,8.36,0.9501817196141962,42
scn2a,s-DANNCE-SCN2A_SOC1/2022_09_23_M5_M4,0.6663595505617977,1.36,0.09698949769958713,11.2,0.9206023160025976,43
scn2a,s-DANNCE-SCN2A_SOC1/2022_09_23_M5_M4,0.6721460674157304,0.64,1.9589265065078143,3.8,0.8870600167317957,44
scn2a,s-DANNCE-SCN2A_SOC1/2022_09_23_M5_M4,0.6767865168539325,0.88,2.213117728450378,0.18,0.8766815884253132,45
scn2a,s-DANNCE-SCN2A_SOC1/2022_09_23_M5_M4,0.7010786516853933,1.64,2.0831691682419935,1.64,0.9268228842543051,46
scn2a,s-DANNCE-SCN2A_SOC1/2022_09_23_M5_M4,0.7143370786516854,1.14,0.006974681256792613,0.64,0.9980692928317813,47
scn2a,s-DANNCE-SCN2A_SOC1/2022_09_23_M5_M4,0.7151123595505618,1.02,0.04876721686745994,2.02,0.9397291422587316,48
scn2a,s-DANNCE-SCN2A_SOC1/2022_09_23_M5_M4,0.7167191011235955,4.12,0.6675446996885114,4.88,0.9704875422644731,49
scn2a,s-DANNCE-SCN2A_SOC1/2022_09_23_M5_M4,0.7254831460674157,0.24,0.7323285813458772,1.04,0.829539127828932,50
scn2a,s-DANNCE-SCN2A_SOC1/2022_09_23_M5_M4,0.7258764044943821,0.96,0.5817919082738783,1.74,0.9358714658275178,51
scn2a,s-DANNCE-SCN2A_SOC1/2022_09_23_M5_M4,0.7307752808988764,1.02,0.29709129775727633,0.12,0.9733143094997971,52
scn2a,s-DANNCE-SCN2A_SOC1/2022_09_23_M5_M4,0.7318876404494382,1.5,0.020032566944279816,2.1,0.86958122795268,53
scn2a,s-DANNCE-SCN2A_SOC1/2022_09_23_M5_M4,0.7329325842696629,0.66,0.20086872918509233,1.86,0.9728547796241478,54
scn2a,s-DANNCE-SCN2A_SOC1/2022_09_23_M5_M4,0.7461797752808988,1.18,1.4566385553450136,1.84,0.9359484100538267,55
scn2a,s-DANNCE-SCN2A_SOC1/2022_09_23_M5_M4,0.760247191011236,1.52,1.1484275238795527,7.48,0.9780920443173193,56
scn2a,s-DANNCE-SCN2A_SOC1/2022_09_23_M5_M4,0.7687415730337078,1.64,1.69062974156144,1.72,0.8665222960143164,57
scn2a,s-DANNCE-SCN2A_SOC1/2022_09_23_M5_M4,0.8959438202247191,1.24,0.47123641652507753,1.1,0.9484186205706701,58
scn2a,s-DANNCE-SCN2A_SOC1/2022_09_23_M5_M4,0.9185505617977529,2.56,1.2518199427372236,0.76,0.9977586139750833,59
scn2a,s-DANNCE-SCN2A_SOC1/2022_09_23_M5_M4,0.9361797752808989,0.58,0.8707041174723289,0.22,0.939287528074718,60
scn2a,s-DANNCE-SCN2A_SOC1/2022_09_23_M5_M4,0.986808988764045,4.94,0.040554833365697485,0.44,0.9872249088719864,61
scn2a,s-DANNCE-SCN2A_SOC1/2022_09_23_M5_M4,0.991,0.8,1.1833024770155713,7.46,0.8873845573345205,62
scn2a,s-DANNCE-SCN2A_SOC1/2022_09_23_M5_M4,0.9938988764044944,0.52,1.7300188711464222,0.22,0.881895043987736,63
scn2a,s-DANNCE-SCN2A_SOC1/2022_09_23_M5_M4,0.9949887640449439,0.28,2.255718957925748,2.16,0.9724466925494899,64
scn2a,s-DANNCE-SCN2A_SOC1/2022_09_23_M5_M4,0.9977303370786517,1.1,1.6931582874165387,1.72,0.9413659705117051,65
scn2a,s-DANNCE-SCN2A_SOC1/2022_09_24_M2_M4,0.013359550561797752,1.5,0.35294921629652576,3.68,0.8854310802159732,1
scn2a,s-DANNCE-SCN2A_SOC1/2022_09_24_M2_M4,0.06598876404494382,0.82,1.8602833509811862,0.14,0.8970250467581596,2
scn2a,s-DANNCE-SCN2A_SOC1/2022_09_24_M2_M4,0.07643820224719101,0.42,0.4652168720858328,0.12,0.8928562680568484,3
scn2a,s-DANNCE-SCN2A_SOC1/2022_09_24_M2_M4,0.07682022471910112,0.6,0.3171018287275931,0.68,0.831091218266458,4
scn2a,s-DANNCE-SCN2A_SOC1/2022_09_24_M2_M4,0.10159550561797753,0.26,0.05830423641354305,0.42,0.9098912020516119,5
scn2a,s-DANNCE-SCN2A_SOC1/2022_09_24_M2_M4,0.11369662921348314,0.58,0.06800185063552379,0.28,0.9497609488905228,6
scn2a,s-DANNCE-SCN2A_SOC1/2022_09_24_M2_M4,0.14119101123595507,3.22,0.5593538601273316,1.38,0.9813746302230861,7
scn2a,s-DANNCE-SCN2A_SOC1/2022_09_24_M2_M4,0.16255056179775282,0.8,2.449988086254889,0.72,0.9310631300623535,8
scn2a,s-DANNCE-SCN2A_SOC1/2022_09_24_M2_M4,0.16465168539325842,0.62,1.4493599170724414,1.24,0.9922380763000552,9
scn2a,s-DANNCE-SCN2A_SOC1/2022_09_24_M2_M4,0.20860674157303372,1.52,0.9636812040542778,3.52,0.9707143583554515,10
scn2a,s-DANNCE-SCN2A_SOC1/2022_09_24_M2_M4,0.2294494382022472,1.38,2.364688378525097,1.98,0.9655584385914987,11
scn2a,s-DANNCE-SCN2A_SOC1/2022_09_24_M2_M4,0.24320224719101124,1.9,1.4802285521922214,0.08,0.9687896054782721,12
scn2a,s-DANNCE-SCN2A_SOC1/2022_09_24_M2_M4,0.24656179775280898,0.52,1.6101761302108757,2.02,0.910301370553792,13
scn2a,s-DANNCE-SCN2A_SOC1/2022_09_24_M2_M4,0.2471123595505618,0.58,1.3506990326318267,3.0,0.9005296606882602,14
scn2a,s-DANNCE-SCN2A_SOC1/2022_09_24_M2_M4,0.24780898876404495,1.08,1.0904570461189038,4.24,0.9875649938465572,15
scn2a,s-DANNCE-SCN2A_SOC1/2022_09_24_M2_M4,0.24919101123595505,0.74,1.0748455051949894,2.46,0.9974751696099332,16
scn2a,s-DANNCE-SCN2A_SOC1/2022_09_24_M2_M4,0.25120224719101125,0.32,1.7085499425396555,0.34,0.9799066147798446,17
scn2a,s-DANNCE-SCN2A_SOC1/2022_09_24_M2_M4,0.25558426966292136,0.86,1.0588772015147847,0.48,0.8186949881490939,18
scn2a,s-DANNCE-SCN2A_SOC1/2022_09_24_M2_M4,0.2686741573033708,0.54,1.741296436885748,1.72,0.9907349130680538,19
scn2a,s-DANNCE-SCN2A_SOC1/2022_09_24_M2_M4,0.2697415730337079,0.32,2.8083104890041857,3.62,0.907042306826391,20
scn2a,s-DANNCE-SCN2A_SOC1/2022_09_24_M2_M4,0.27275280898876403,0.78,1.5271473396806468,0.36,0.9899210565788458,21
scn2a,s-DANNCE-SCN2A_SOC1/2022_09_24_M2_M4,0.27470786516853934,0.5,1.3448607644008217,0.92,0.8537034997992666,22
scn2a,s-DANNCE-SCN2A_SOC1/2022_09_24_M2_M4,0.3067865168539326,1.54,2.761020519294486,0.52,0.9792922911301267,23
scn2a,s-DANNCE-SCN2A_SOC1/2022_09_24_M2_M4,0.3267191011235955,0.38,0.13005995904228992,0.48,0.9418214239566322,24
scn2a,s-DANNCE-SCN2A_SOC1/2022_09_24_M2_M4,0.3389438202247191,2.48,1.4183186345998224,3.4,0.95925937427366,25
scn2a,s-DANNCE-SCN2A_SOC1/2022_09_24_M2_M4,0.39217977528089887,0.7,0.7574004149610326,1.1,0.876875128780017,26
scn2a,s-DANNCE-SCN2A_SOC1/2022_09_24_M2_M4,0.4132696629213483,1.72,0.11527198190031901,1.18,0.9695820258443635,27
scn2a,s-DANNCE-SCN2A_SOC1/2022_09_24_M2_M4,0.4157191011235955,0.36,0.88534109681853,0.28,0.9941862149356743,28
scn2a,s-DANNCE-SCN2A_SOC1/2022_09_24_M2_M4,0.41608988764044946,0.58,0.8153792896064209,0.66,0.9585794859283963,29
scn2a,s-DANNCE-SCN2A_SOC1/2022_09_24_M2_M4,0.4225056179775281,1.02,1.1544977919229213,0.68,0.9488175425684449,30
scn2a,s-DANNCE-SCN2A_SOC1/2022_09_24_M2_M4,0.4603483146067416,0.96,0.7036684036328235,0.16,0.910428015354322,31
scn2a,s-DANNCE-SCN2A_SOC1/2022_09_24_M2_M4,0.4688988764044944,0.56,1.852869986653779,3.44,0.9608568894714765,32
scn2a,s-DANNCE-SCN2A_SOC1/2022_09_24_M2_M4,0.4695730337078652,1.32,1.7818183520201183,4.64,0.9221525190988522,33
scn2a,s-DANNCE-SCN2A_SOC1/2022_09_24_M2_M4,0.4894044943820225,0.44,2.0474533129332366,0.58,0.874996217915289,34
scn2a,s-DANNCE-SCN2A_SOC1/2022_09_24_M2_M4,0.5175730337078651,3.88,0.5156606367483529,0.62,0.9914787111220487,35
scn2a,s-DANNCE-SCN2A_SOC1/2022_09_24_M2_M4,0.5434606741573034,2.16,0.03708072629946195,1.74,0.9648668961432406,36
scn2a,s-DANNCE-SCN2A_SOC1/2022_09_24_M2_M4,0.5463258426966292,4.04,0.08596433523867754,0.34,0.8588832478307071,37
scn2a,s-DANNCE-SCN2A_SOC1/2022_09_24_M2_M4,0.548932584269663,1.58,0.551489996018689,4.98,0.8661978291398291,38
scn2a,s-DANNCE-SCN2A_SOC1/2022_09_24_M2_M4,0.5625955056179776,0.82,0.006781959818060046,4.1,0.947388026852047,39
scn2a,s-DANNCE-SCN2A_SOC1/2022_09_24_M2_M4,0.5641573033707865,0.88,0.17775883686242153,1.54,0.9101311363833382,40
scn2a,s-DANNCE-SCN2A_SOC1/2022_09_24_M2_M4,0.5847640449438202,0.4,0.20155693706600905,0.04,0.8277698404160589,41
scn2a,s-DANNCE-SCN2A_SOC1/2022_09_24_M2_M4,0.6586179775280899,0.96,1.4096801154640037,1.26,0.8651075899316875,42
scn2a,s-DANNCE-SCN2A_SOC1/2022_09_24_M2_M4,0.659685393258427,0.52,0.7048694384798038,1.9,0.9014958086083261,43
scn2a,s-DANNCE-SCN2A_SOC1/2022_09_24_M2_M4,0.7818876404494381,0.7,0.07837105671710348,0.54,0.9384107641515994,44
scn2a,s-DANNCE-SCN2A_SOC1/2022_09_24_M2_M4,0.8981573033707865,2.32,2.6471014847688,0.34,0.9329234793531457,45
scn2a,s-DANNCE-SCN2A_SOC1/2022_09_24_M2_M4,0.9866067415730337,4.26,0.665282285563571,0.0,0.9698752759949179,46
scn2a,s-DANNCE-SCN2A_SOC1/2022_09_24_M2_M4,0.9898876404494382,1.62,0.5945596517268422,5.84,0.765552573586605,47
scn2a,s-DANNCE-SCN2A_SOC1/2022_09_24_M2_M4,0.9918651685393258,1.26,0.25749486358776535,3.52,0.9512670693138258,48
scn2a,s-DANNCE-SCN2A_SOC1/2022_09_24_M2_M4,0.9932134831460674,0.5,0.015333315362673305,2.4,0.923750676507868,49
scn2a,s-DANNCE-SCN2A_SOC1/2022_09_24_M2_M4,0.9937528089887641,1.7,0.07738652778151858,0.96,0.9416459322615505,50
scn2a,s-DANNCE-SCN2A_SOC1/2022_09_24_M3_M6,0.0291123595505618,2.34,2.3717889013324323,0.28,0.8858112506132582,1
scn2a,s-DANNCE-SCN2A_SOC1/2022_09_24_M3_M6,0.040797752808988764,0.7,2.5993534538136904,0.88,0.7910126941458893,2
scn2a,s-DANNCE-SCN2A_SOC1/2022_09_24_M3_M6,0.06935955056179775,2.08,1.4862898052931854,0.74,0.8719147936966624,3
scn2a,s-DANNCE-SCN2A_SOC1/2022_09_24_M3_M6,0.13037078651685394,4.9,0.008523970453997925,3.08,0.902372238548142,4
scn2a,s-DANNCE-SCN2A_SOC1/2022_09_24_M3_M6,0.13426966292134832,0.32,0.599272712907904,6.94,0.8609938841856184,5
scn2a,s-DANNCE-SCN2A_SOC1/2022_09_24_M3_M6,0.13464044943820225,0.5,0.5041873971253553,7.6,0.8958438912504069,6
scn2a,s-DANNCE-SCN2A_SOC1/2022_09_24_M3_M6,0.1362808988764045,0.28,2.295570879131687,10.52,0.9938059291239806,7
scn2a,s-DANNCE-SCN2A_SOC1/2022_09_24_M3_M6,0.1426629213483146,0.36,2.4391727639287613,0.54,0.8393542606113267,8
scn2a,s-DANNCE-SCN2A_SOC1/2022_09_24_M3_M6,0.15179775280898877,0.54,2.5725944478805878,1.78,0.8380369056583805,9
scn2a,s-DANNCE-SCN2A_SOC1/2022_09_24_M3_M6,0.16543820224719102,1.36,1.3449515831134298,0.62,0.9089114187773925,10
scn2a,s-DANNCE-SCN2A_SOC1/2022_09_24_M3_M6,0.20825842696629213,2.52,1.4363029600770687,4.44,0.7106011481203007,11
scn2a,s-DANNCE-SCN2A_SOC1/2022_09_24_M3_M6,0.2168876404494382,0.58,2.637279682412061,0.62,0.8762521019179593,12
scn2a,s-DANNCE-SCN2A_SOC1/2022_09_24_M3_M6,0.2870449438202247,3.94,1.042548430080086,0.1,0.9402707488797336,13
scn2a,s-DANNCE-SCN2A_SOC1/2022_09_24_M3_M6,0.2894269662921348,3.32,1.094357790006371,4.34,0.8673035131726877,14
scn2a,s-DANNCE-SCN2A_SOC1/2022_09_24_M3_M6,0.3416516853932584,0.3,1.316433331281113,0.1,0.9970855024617823,15
scn2a,s-DANNCE-SCN2A_SOC1/2022_09_24_M3_M6,0.5383258426966292,1.04,1.9773421672564104,0.16,0.9671499900422512,16
scn2a,s-DANNCE-SCN2A_SOC1/2022_09_24_M3_M6,0.5757977528089888,1.42,2.116572397171647,3.24,0.9998419639414701,17
scn2a,s-DANNCE-SCN2A_SOC1/2022_09_24_M3_M6,0.7283820224719101,1.22,0.9192882212121098,0.7,0.8873535571141637,18
scn2a,s-DANNCE-SCN2A_SOC1/2022_09_24_M3_M6,0.7304494382022472,0.38,0.13933019152757378,3.68,0.9245963102491178,19
scn2a,s-DANNCE-SCN2A_SOC1/2022_09_24_M3_M6,0.7464494382022472,2.12,1.657233767995503,0.28,0.9282853000867147,20
scn2a,s-DANNCE-SCN2A_SOC1/2022_09_24_M3_M6,0.7877191011235956,1.52,0.02218941005577015,1.84,0.8679242035430228,21
scn2a,s-DANNCE-SCN2A_SOC1/2022_09_24_M3_M6,0.7887528089887641,0.58,0.6915421878762512,1.84,0.8435945591703237,22
scn2a,s-DANNCE-SCN2A_SOC1/2022_09_24_M3_M6,0.7894157303370787,0.82,0.10393895057154269,3.02,0.9811214028625592,23
scn2a,s-DANNCE-SCN2A_SOC1/2022_09_24_M3_M6,0.790561797752809,1.64,0.6546410091773138,2.04,0.8498563349084945,24
scn2a,s-DANNCE-SCN2A_SOC1/2022_09_24_M3_M6,0.8049550561797753,0.3,2.261195582912411,3.88,0.8946850205502507,25
scn2a,s-DANNCE-SCN2A_SOC1/2022_09_24_M3_M6,0.8054044943820224,1.1,1.911713547249738,0.8,0.7921654611327013,26
scn2a,s-DANNCE-SCN2A_SOC1/2022_09_24_M3_M6,0.9011460674157303,2.74,0.04382553217707307,1.92,0.921645819252467,27
scn2a,s-DANNCE-SCN2A_SOC1/2022_09_24_M3_M6,0.9029662921348315,0.48,0.118190191988932,3.24,0.979388567161434,28
scn2a,s-DANNCE-SCN2A_SOC1/2022_09_24_M3_M6,0.9050786516853933,6.16,0.4059416033042271,0.6,0.8976455377797131,29
scn2a,s-DANNCE-SCN2A_SOC1/2022_09_24_M3_M6,0.9185168539325843,2.32,1.2683193445116785,1.92,0.7240556482582724,30
scn2a,s-DANNCE-SCN2A_SOC1/2022_09_24_M3_M6,0.9797303370786516,4.86,1.7448626867409294,0.94,0.8886346627768782,31
scn2a,s-DANNCE-SCN2A_SOC1/2022_09_24_M5_M1,0.008348314606741573,1.52,1.5412663803573243,1.58,0.9796177598852054,1
scn2a,s-DANNCE-SCN2A_SOC1/2022_09_24_M5_M1,0.0813370786516854,1.36,0.9621375747063192,0.2,0.8579959025378199,2
scn2a,s-DANNCE-SCN2A_SOC1/2022_09_24_M5_M1,0.13395505617977527,2.74,0.03380422167406798,0.64,0.9549958505307682,3
scn2a,s-DANNCE-SCN2A_SOC1/2022_09_24_M5_M1,0.1388314606741573,0.56,0.025959523260915017,0.72,0.9599774978188516,4
scn2a,s-DANNCE-SCN2A_SOC1/2022_09_24_M5_M1,0.15237078651685393,0.3,0.21298502041493447,1.98,0.915737819363197,5
scn2a,s-DANNCE-SCN2A_SOC1/2022_09_24_M5_M1,0.22030337078651685,1.98,1.154391976448122,2.02,0.9259437458334137,6
scn2a,s-DANNCE-SCN2A_SOC1/2022_09_24_M5_M1,0.2290561797752809,0.42,1.0779300166582415,1.08,0.9477933181424613,7
scn2a,s-DANNCE-SCN2A_SOC1/2022_09_24_M5_M1,0.23350561797752808,1.04,2.3390977281523,3.56,0.9020517011933176,8
scn2a,s-DANNCE-SCN2A_SOC1/2022_09_24_M5_M1,0.24671910112359552,1.12,0.18382427745923482,0.52,0.9114221781541522,9
scn2a,s-DANNCE-SCN2A_SOC1/2022_09_24_M5_M1,0.25664044943820224,1.02,1.8987337656299152,0.74,0.8763540411550705,10
scn2a,s-DANNCE-SCN2A_SOC1/2022_09_24_M5_M1,0.26157303370786517,1.92,0.023175095492131027,3.04,0.9416565181321895,11
scn2a,s-DANNCE-SCN2A_SOC1/2022_09_24_M5_M1,0.2629887640449438,0.62,0.882181625174798,5.56,0.9878393220390591,12
scn2a,s-DANNCE-SCN2A_SOC1/2022_09_24_M5_M1,0.2637640449438202,1.26,0.41749779759732375,1.38,0.9352550758904997,13
scn2a,s-DANNCE-SCN2A_SOC1/2022_09_24_M5_M1,0.26686516853932585,0.82,0.7881659525457877,0.74,0.9199620014487898,14
scn2a,s-DANNCE-SCN2A_SOC1/2022_09_24_M5_M1,0.42367415730337077,1.04,0.7301564370668997,1.0,0.9398608555072,15
scn2a,s-DANNCE-SCN2A_SOC1/2022_09_24_M5_M1,0.42774157303370786,0.56,2.7733867208125482,0.16,0.9181016618590196,16
scn2a,s-DANNCE-SCN2A_SOC1/2022_09_24_M5_M1,0.4437191011235955,3.7,0.6217069561747779,8.6,0.8880970212179335,17
scn2a,s-DANNCE-SCN2A_SOC1/2022_09_24_M5_M1,0.447123595505618,0.82,2.145514464196793,0.1,0.9088357428370751,18
scn2a,s-DANNCE-SCN2A_SOC1/2022_09_24_M5_M1,0.451685393258427,0.24,3.0242872162467647,1.34,0.7184902176973582,19
scn2a,s-DANNCE-SCN2A_SOC1/2022_09_24_M5_M1,0.47422471910112357,0.66,0.008080237214341089,2.5,0.9450416434246041,20
scn2a,s-DANNCE-SCN2A_SOC1/2022_09_24_M5_M1,0.5124157303370787,0.68,1.3189636747877607,0.42,0.9089995143328243,21
scn2a,s-DANNCE-SCN2A_SOC1/2022_09_24_M5_M1,0.6192359550561798,0.9,0.5281272867993179,1.34,0.9664182513399041,22
scn2a,s-DANNCE-SCN2A_SOC1/2022_09_24_M5_M1,0.627685393258427,1.7,1.393026356817733,0.62,0.9729968048622069,23
scn2a,s-DANNCE-SCN2A_SOC1/2022_09_24_M5_M1,0.631370786516854,3.06,0.9118255232357501,0.42,0.9775598680377332,24
scn2a,s-DANNCE-SCN2A_SOC1/2022_09_24_M5_M1,0.6647303370786517,1.82,0.2610333157825779,1.7,0.8341048687910183,25
scn2a,s-DANNCE-SCN2A_SOC1/2022_09_24_M5_M1,0.7665168539325843,0.78,2.239797936398155,0.32,0.8981433716339476,26
scn2a,s-DANNCE-SCN2A_SOC1/2022_09_24_M5_M1,0.7690561797752808,0.88,1.9179543374284875,1.32,0.863269854338789,27
scn2a,s-DANNCE-SCN2A_SOC1/2022_09_24_M5_M1,0.7718089887640449,0.94,2.405359569201471,1.0,0.8945970895279333,28
scn2a,s-DANNCE-SCN2A_SOC1/2022_09_24_M5_M1,0.8432247191011236,0.92,0.5986244770760059,1.54,0.8383028821803664,29
scn2a,s-DANNCE-SCN2A_SOC1/2022_09_24_M5_M1,0.8821123595505618,1.28,2.4646564402287043,0.42,0.9712355610947316,30
scn2a,s-DANNCE-SCN2A_SOC1/2022_09_24_M5_M1,0.9644606741573034,0.86,0.1276130339396003,5.22,0.9521853520679471,31
scn2a,s-DANNCE-SCN2A_SOC1/2022_09_25_M1_M4,0.04967415730337078,0.24,0.05616873763379818,1.16,0.9307547080954168,1
scn2a,s-DANNCE-SCN2A_SOC1/2022_09_25_M1_M4,0.052730337078651685,0.88,2.3333160098970223,0.36,0.8896299318028569,2
scn2a,s-DANNCE-SCN2A_SOC1/2022_09_25_M1_M4,0.05659550561797753,0.38,0.16039373799926973,0.32,0.9956655368504972,3
scn2a,s-DANNCE-SCN2A_SOC1/2022_09_25_M1_M4,0.0658876404494382,0.46,0.007204849645948072,1.22,0.9667709254584093,4
scn2a,s-DANNCE-SCN2A_SOC1/2022_09_25_M1_M4,0.06634831460674158,1.18,0.4326498907901041,0.82,0.985054233779471,5
scn2a,s-DANNCE-SCN2A_SOC1/2022_09_25_M1_M4,0.10457303370786517,0.26,0.9265365543891702,0.16,0.849463222334666,6
scn2a,s-DANNCE-SCN2A_SOC1/2022_09_25_M1_M4,0.1156629213483146,1.6,0.37384690169520185,3.62,0.7578108299228141,7
scn2a,s-DANNCE-SCN2A_SOC1/2022_09_25_M1_M4,0.12780898876404495,2.24,2.0521840039518153,1.92,0.9506099300493055,8
scn2a,s-DANNCE-SCN2A_SOC1/2022_09_25_M1_M4,0.1682134831460674,2.02,1.7812870414074558,0.24,0.9214792807548797,9
scn2a,s-DANNCE-SCN2A_SOC1/2022_09_25_M1_M4,0.23715730337078653,1.94,1.7202855862509137,5.46,0.8676026073262685,10
scn2a,s-DANNCE-SCN2A_SOC1/2022_09_25_M1_M4,0.24596629213483145,0.5,1.5977000165324171,0.06,0.9498671803902294,11
scn2a,s-DANNCE-SCN2A_SOC1/2022_09_25_M1_M4,0.3718314606741573,0.54,0.11871277966020737,1.2,0.8773840274200783,12
scn2a,s-DANNCE-SCN2A_SOC1/2022_09_25_M1_M4,0.4062696629213483,0.94,1.280651447650985,3.6,0.9261298312444305,13
scn2a,s-DANNCE-SCN2A_SOC1/2022_09_25_M1_M4,0.41035955056179774,0.94,0.16411493678254613,7.28,0.9826928917249147,14
scn2a,s-DANNCE-SCN2A_SOC1/2022_09_25_M1_M4,0.5068314606741573,1.9,2.068695967034327,1.14,0.8270312952546427,15
scn2a,s-DANNCE-SCN2A_SOC1/2022_09_25_M1_M4,0.5819550561797753,0.26,2.4267630820071218,1.6,0.8922464963107387,16
scn2a,s-DANNCE-SCN2A_SOC1/2022_09_25_M1_M4,0.647247191011236,0.78,0.06538266323334396,3.08,0.9914034271187385,17
scn2a,s-DANNCE-SCN2A_SOC1/2022_09_25_M1_M4,0.9676067415730337,3.7,0.5309698330125291,0.16,0.9841267874778464,18
scn2a,s-DANNCE-SCN2A_SOC1/2022_09_25_M5_M3,0.025955056179775282,0.86,0.3704307209554935,0.44,0.9155072271326423,1
scn2a,s-DANNCE-SCN2A_SOC1/2022_09_25_M5_M3,0.08907865168539326,0.28,0.27056242682444714,1.42,0.7818985104932576,2
scn2a,s-DANNCE-SCN2A_SOC1/2022_09_25_M5_M3,0.09448314606741573,0.38,1.9224459122963065,0.18,0.9796470931861735,3
scn2a,s-DANNCE-SCN2A_SOC1/2022_09_25_M5_M3,0.1024494382022472,1.54,0.6706140711701338,3.1,0.9933240182253951,4
scn2a,s-DANNCE-SCN2A_SOC1/2022_09_25_M5_M3,0.10630337078651686,2.18,0.2789524719086192,0.32,0.8932005821457651,5
scn2a,s-DANNCE-SCN2A_SOC1/2022_09_25_M5_M3,0.10917977528089888,1.56,0.688373645820633,0.9,0.9427137788552928,6
scn2a,s-DANNCE-SCN2A_SOC1/2022_09_25_M5_M3,0.11255056179775282,0.44,2.4941915384289786,0.08,0.9859886463674862,7
scn2a,s-DANNCE-SCN2A_SOC1/2022_09_25_M5_M3,0.1362134831460674,1.94,0.3470938709416216,1.66,0.7787782507203055,8
scn2a,s-DANNCE-SCN2A_SOC1/2022_09_25_M5_M3,0.1608426966292135,1.52,0.7917777885833088,0.1,0.886294093380328,9
scn2a,s-DANNCE-SCN2A_SOC1/2022_09_25_M5_M3,0.24389887640449437,2.8,0.9645610528422754,0.46,0.8521025980723365,10
scn2a,s-DANNCE-SCN2A_SOC1/2022_09_25_M5_M3,0.24846067415730336,0.66,0.858160032412158,0.78,0.9977032902190838,11
scn2a,s-DANNCE-SCN2A_SOC1/2022_09_25_M5_M3,0.2500786516853933,1.62,1.0884712490737583,0.22,0.9381881264013113,12
scn2a,s-DANNCE-SCN2A_SOC1/2022_09_25_M5_M3,0.257685393258427,0.68,0.42932995392740464,0.9,0.9445475464286385,13
scn2a,s-DANNCE-SCN2A_SOC1/2022_09_25_M5_M3,0.2583707865168539,2.0,0.01176514276957469,1.22,0.9568336663343624,14
scn2a,s-DANNCE-SCN2A_SOC1/2022_09_25_M5_M3,0.2718988764044944,0.5,0.026083928841341992,0.02,0.9848424155893336,15
scn2a,s-DANNCE-SCN2A_SOC1/2022_09_25_M5_M3,0.2759662921348315,1.84,0.2851987026856259,1.58,0.8840355847826515,16
scn2a,s-DANNCE-SCN2A_SOC1/2022_09_25_M5_M3,0.3013370786516854,2.34,0.7270908497433064,3.28,0.9441111976966028,17
scn2a,s-DANNCE-SCN2A_SOC1/2022_09_25_M5_M3,0.30841573033707864,0.72,1.7501335330820027,0.94,0.8235531473553752,18
scn2a,s-DANNCE-SCN2A_SOC1/2022_09_25_M5_M3,0.3452247191011236,2.26,2.0960316048678904,1.26,0.8985784159617242,19
scn2a,s-DANNCE-SCN2A_SOC1/2022_09_25_M5_M3,0.35780898876404493,0.82,1.4802646542025748,0.64,0.9267513219580112,20
scn2a,s-DANNCE-SCN2A_SOC1/2022_09_25_M5_M3,0.36512359550561796,1.28,0.02560647701578246,1.96,0.9365756061046127,21
scn2a,s-DANNCE-SCN2A_SOC1/2022_09_25_M5_M3,0.4843258426966292,0.7,2.4212417409417872,2.0,0.813305923890899,22
scn2a,s-DANNCE-SCN2A_SOC1/2022_09_25_M5_M3,0.4848876404494382,0.58,2.2353648944553917,1.0,0.781768556828867,23
scn2a,s-DANNCE-SCN2A_SOC1/2022_09_25_M5_M3,0.48830337078651687,1.06,1.724210472059399,0.38,0.9912935165243383,24
scn2a,s-DANNCE-SCN2A_SOC1/2022_09_25_M5_M3,0.49350561797752807,2.08,0.2822374571138542,0.66,0.8728625047589054,25
scn2a,s-DANNCE-SCN2A_SOC1/2022_09_25_M5_M3,0.5333370786516854,0.64,1.0112357382745925,2.1,0.8894522808724319,26
scn2a,s-DANNCE-SCN2A_SOC1/2022_09_25_M5_M3,0.5355393258426966,0.68,1.6596801043369724,0.26,0.9671866508080942,27
scn2a,s-DANNCE-SCN2A_SOC1/2022_09_25_M5_M3,0.5421460674157303,0.72,0.11007097370561897,2.32,0.975946394565161,28
scn2a,s-DANNCE-SCN2A_SOC1/2022_09_25_M5_M3,0.5974269662921349,1.96,1.2700831259886203,1.0,0.911458947790837,29
scn2a,s-DANNCE-SCN2A_SOC1/2022_09_25_M5_M3,0.7569775280898876,0.7,2.3410017961819327,0.52,0.9080831472430797,30
scn2a,s-DANNCE-SCN2A_SOC1/2022_09_25_M5_M3,0.8427752808988764,1.08,0.006910492681257937,0.42,0.9375030955314193,31
scn2a,s-DANNCE-SCN2A_SOC1/2022_09_25_M5_M3,0.927561797752809,2.0,0.7942930294503139,0.54,0.89954287032858,32
scn2a,s-DANNCE-SCN2A_SOC1/2022_09_25_M5_M3,0.9304606741573034,1.18,0.20097693973222264,5.16,0.8042603692798745,33
scn2a,s-DANNCE-SCN2A_SOC1/2022_09_25_M5_M3,0.9500786516853933,0.54,1.4019361055763724,5.28,0.8498109375842113,34
scn2a,s-DANNCE-SCN2A_SOC1/2022_09_25_M5_M3,0.9516629213483146,0.7,1.3564721252591054,0.36,0.9550118969557871,35
scn2a,s-DANNCE-SCN2A_SOC1/2022_09_25_M6_M2,0.00946067415730337,0.52,0.9815822694844011,0.12,0.9031900900188229,1
scn2a,s-DANNCE-SCN2A_SOC1/2022_09_25_M6_M2,0.01803370786516854,0.26,1.0268160128570638,0.22,0.9434362218613784,2
scn2a,s-DANNCE-SCN2A_SOC1/2022_09_25_M6_M2,0.026191011235955058,2.64,0.03314589375350015,3.6,0.9188950720738023,3
scn2a,s-DANNCE-SCN2A_SOC1/2022_09_25_M6_M2,0.02951685393258427,0.78,0.6250720307414531,0.02,0.9195959398421851,4
scn2a,s-DANNCE-SCN2A_SOC1/2022_09_25_M6_M2,0.05104494382022472,0.58,1.4870482917661136,2.18,0.8250771798901969,5
scn2a,s-DANNCE-SCN2A_SOC1/2022_09_25_M6_M2,0.05270786516853933,0.78,2.2817493520322527,0.6,0.8990793396227351,6
scn2a,s-DANNCE-SCN2A_SOC1/2022_09_25_M6_M2,0.07921348314606741,1.22,0.07403440277081635,1.28,0.9323708836153453,7
scn2a,s-DANNCE-SCN2A_SOC1/2022_09_25_M6_M2,0.08769662921348315,1.1,0.16339568916854277,0.04,0.9804931621123815,8
scn2a,s-DANNCE-SCN2A_SOC1/2022_09_25_M6_M2,0.08869662921348315,0.54,0.024514436655410924,1.82,0.8905128096808285,9
scn2a,s-DANNCE-SCN2A_SOC1/2022_09_25_M6_M2,0.09197752808988764,0.52,1.432039911620538,0.66,0.9502431449102582,10
scn2a,s-DANNCE-SCN2A_SOC1/2022_09_25_M6_M2,0.14170786516853934,1.64,0.011714716332221518,5.28,0.9030906711235662,11
scn2a,s-DANNCE-SCN2A_SOC1/2022_09_25_M6_M2,0.14334831460674158,0.98,0.007801512502342936,0.3,0.951043405875046,12
scn2a,s-DANNCE-SCN2A_SOC1/2022_09_25_M6_M2,0.16393258426966292,0.4,1.1148044900207374,0.7,0.9008307958593911,13
scn2a,s-DANNCE-SCN2A_SOC1/2022_09_25_M6_M2,0.16648314606741574,3.96,0.03519018159434488,0.98,0.9776664405963847,14
scn2a,s-DANNCE-SCN2A_SOC1/2022_09_25_M6_M2,0.17012359550561798,0.44,0.00636221358582281,6.48,0.9302235840061603,15
scn2a,s-DANNCE-SCN2A_SOC1/2022_09_25_M6_M2,0.17075280898876405,0.52,0.043943643009224466,7.6,0.9374073001482828,16
scn2a,s-DANNCE-SCN2A_SOC1/2022_09_25_M6_M2,0.17946067415730338,0.62,0.6959965413432346,1.06,0.8566084256960427,17
scn2a,s-DANNCE-SCN2A_SOC1/2022_09_25_M6_M2,0.18596629213483146,0.84,2.3732035874019255,2.16,0.918795539504431,18
scn2a,s-DANNCE-SCN2A_SOC1/2022_09_25_M6_M2,0.19062921348314607,0.88,2.38633456705465,0.42,0.9576185713547225,19
scn2a,s-DANNCE-SCN2A_SOC1/2022_09_25_M6_M2,0.1967191011235955,2.08,0.30565981391149777,0.0,0.9704249859854474,20
scn2a,s-DANNCE-SCN2A_SOC1/2022_09_25_M6_M2,0.2403258426966292,0.24,0.8649645592760647,4.0,0.9449783218170678,21
scn2a,s-DANNCE-SCN2A_SOC1/2022_09_25_M6_M2,0.2867977528089888,1.72,1.2461358070634387,1.94,0.8937047026744431,22
scn2a,s-DANNCE-SCN2A_SOC1/2022_09_25_M6_M2,0.2957865168539326,3.02,0.003966217028598754,1.02,0.8874043093612126,23
scn2a,s-DANNCE-SCN2A_SOC1/2022_09_25_M6_M2,0.2976292134831461,0.28,0.00357601154745182,3.28,0.8832033671470537,24
scn2a,s-DANNCE-SCN2A_SOC1/2022_09_25_M6_M2,0.30817977528089885,0.24,0.004787698365688617,0.8,0.9716667947248067,25
scn2a,s-DANNCE-SCN2A_SOC1/2022_09_25_M6_M2,0.3091685393258427,3.9,0.9626855261433385,2.56,0.9174585719748366,26
scn2a,s-DANNCE-SCN2A_SOC1/2022_09_25_M6_M2,0.3115393258426966,0.92,0.6286135427040459,6.78,0.8773251398740325,27
scn2a,s-DANNCE-SCN2A_SOC1/2022_09_25_M6_M2,0.3343370786516854,0.84,0.22666735140086264,5.54,0.8036640378686202,28
scn2a,s-DANNCE-SCN2A_SOC1/2022_09_25_M6_M2,0.3616179775280899,2.3,0.4105624509652233,0.34,0.9857769308962082,29
scn2a,s-DANNCE-SCN2A_SOC1/2022_09_25_M6_M2,0.36391011235955056,1.68,0.00512824811495353,4.42,0.9864010959684496,30
scn2a,s-DANNCE-SCN2A_SOC1/2022_09_25_M6_M2,0.3656067415730337,1.14,0.46915938804189733,0.3,0.9610852231957696,31
scn2a,s-DANNCE-SCN2A_SOC1/2022_09_25_M6_M2,0.36775280898876406,0.78,0.014053406047747826,1.38,0.968122389160908,32
scn2a,s-DANNCE-SCN2A_SOC1/2022_09_25_M6_M2,0.39993258426966294,2.02,0.12989875363896564,0.18,0.9361691372616786,33
scn2a,s-DANNCE-SCN2A_SOC1/2022_09_25_M6_M2,0.4023483146067416,1.38,0.6457690797729412,0.32,0.9754134329132051,34
scn2a,s-DANNCE-SCN2A_SOC1/2022_09_25_M6_M2,0.4083258426966292,0.68,1.384158936190491,6.1,0.9632659089514092,35
scn2a,s-DANNCE-SCN2A_SOC1/2022_09_25_M6_M2,0.4361685393258427,4.46,0.00942650679972544,1.06,0.9630274375032547,36
scn2a,s-DANNCE-SCN2A_SOC1/2022_09_25_M6_M2,0.5552359550561797,0.68,1.606981788416857,0.74,0.928282120302859,37
scn2a,s-DANNCE-SCN2A_SOC1/2022_09_25_M6_M2,0.6721573033707865,2.4,0.5670883710942398,3.22,0.9192898864696234,38
scn2a,s-DANNCE-SCN2A_SOC1/2022_09_25_M6_M2,0.6991348314606741,1.1,1.7862904399322963,1.5,0.9780033223818982,39
scn2a,s-DANNCE-SCN2A_SOC1/2022_09_25_M6_M2,0.7194719101123596,1.4,0.6468634780293772,0.24,0.9108912692155738,40
scn2a,s-DANNCE-SCN2A_SOC1/2022_09_25_M6_M2,0.7213258426966292,0.68,0.16215946922794972,3.54,0.9908481392897754,41
scn2a,s-DANNCE-SCN2A_SOC1/2022_09_25_M6_M2,0.890056179775281,2.94,1.3664652042607186,0.2,0.9367483090176268,42
scn2a,s-DANNCE-SCN2A_SOC1/2022_09_25_M6_M2,0.8933595505617977,2.24,0.6875738974348433,5.88,0.9273338692612277,43
scn2a,s-DANNCE-SCN2A_SOC1/2022_09_25_M6_M2,0.8948988764044944,0.82,0.6383618570050579,8.62,0.9162910382606555,44
scn2a,s-DANNCE-SCN2A_SOC1/2022_09_25_M6_M2,0.9605168539325842,0.32,0.5302983546821888,5.84,0.9183381653777646,45
scn2a,s-DANNCE-SCN2A_SOC1/2022_09_25_M6_M2,0.9959550561797753,1.84,1.895091095239432,0.4,0.798943278137935,46
scn2a,s-DANNCE-SCN2A_SOC1/2022_09_25_M6_M2,0.9978876404494382,1.06,1.1326399078410603,0.68,0.9354249894929383,47
scn2a,s-DANNCE-SCN2A_SOC1/2022_09_26_M1_M3,0.07758426966292135,1.0,0.06218271403380606,2.94,0.8617526213168352,1
scn2a,s-DANNCE-SCN2A_SOC1/2022_09_26_M1_M3,0.11264044943820224,0.28,2.0254432916066922,0.1,0.8126834008253566,2
scn2a,s-DANNCE-SCN2A_SOC1/2022_09_26_M1_M3,0.12186516853932584,0.62,0.5278378642388343,1.54,0.9970967185557362,3
scn2a,s-DANNCE-SCN2A_SOC1/2022_09_26_M1_M3,0.13761797752808988,1.06,2.4770238052708295,1.58,0.9271447576576142,4
scn2a,s-DANNCE-SCN2A_SOC1/2022_09_26_M1_M3,0.13841573033707866,0.28,2.0237973587281566,1.42,0.9515319399069634,5
scn2a,s-DANNCE-SCN2A_SOC1/2022_09_26_M1_M3,0.1558426966292135,1.44,1.7092584830186752,1.06,0.9070190131214264,6
scn2a,s-DANNCE-SCN2A_SOC1/2022_09_26_M1_M3,0.1721685393258427,0.88,0.0338094968538641,0.9,0.8989010893044759,7
scn2a,s-DANNCE-SCN2A_SOC1/2022_09_26_M1_M3,0.18195505617977528,1.46,0.014550703389715914,7.58,0.9226934963642863,8
scn2a,s-DANNCE-SCN2A_SOC1/2022_09_26_M1_M3,0.18448314606741573,0.96,0.02506858667422672,0.24,0.9589057141110064,9
scn2a,s-DANNCE-SCN2A_SOC1/2022_09_26_M1_M3,0.1853820224719101,1.3,0.03396084882559788,1.84,0.908567380808078,10
scn2a,s-DANNCE-SCN2A_SOC1/2022_09_26_M1_M3,0.19602247191011235,1.56,0.0661879434734822,0.54,0.8827826757504318,11
scn2a,s-DANNCE-SCN2A_SOC1/2022_09_26_M1_M3,0.19753932584269662,1.06,0.8693247219107982,2.7,0.9916740447619287,12
scn2a,s-DANNCE-SCN2A_SOC1/2022_09_26_M1_M3,0.20276404494382022,2.1,1.150469826383571,0.18,0.8050585757399122,13
scn2a,s-DANNCE-SCN2A_SOC1/2022_09_26_M1_M3,0.21337078651685393,2.02,1.5899755122197545,6.36,0.9554048737552805,14
scn2a,s-DANNCE-SCN2A_SOC1/2022_09_26_M1_M3,0.21486516853932583,0.98,1.3406516291430868,2.66,0.9940444679173284,15
scn2a,s-DANNCE-SCN2A_SOC1/2022_09_26_M1_M3,0.22437078651685394,0.28,0.5690586471323482,3.84,0.7321188517822845,16
scn2a,s-DANNCE-SCN2A_SOC1/2022_09_26_M1_M3,0.22686516853932584,0.94,0.030807798647730044,1.16,0.9302288839384331,17
scn2a,s-DANNCE-SCN2A_SOC1/2022_09_26_M1_M3,0.2509101123595506,0.78,1.3912893344332475,6.98,0.9536612434883021,18
scn2a,s-DANNCE-SCN2A_SOC1/2022_09_26_M1_M3,0.2608202247191011,2.8,1.3520789068498273,1.42,0.9167030016272999,19
scn2a,s-DANNCE-SCN2A_SOC1/2022_09_26_M1_M3,0.29344943820224717,1.1,1.0698009282890282,3.24,0.8710694660613229,20
scn2a,s-DANNCE-SCN2A_SOC1/2022_09_26_M1_M3,0.32969662921348314,2.6,1.0427338284008778,1.02,0.9972201526481692,21
scn2a,s-DANNCE-SCN2A_SOC1/2022_09_26_M1_M3,0.33180898876404497,1.26,1.1025791044923008,4.78,0.9810935231335993,22
scn2a,s-DANNCE-SCN2A_SOC1/2022_09_26_M1_M3,0.35582022471910113,1.62,1.6221587611794688,0.26,0.993960143464614,23
scn2a,s-DANNCE-SCN2A_SOC1/2022_09_26_M1_M3,0.3580112359550562,0.62,2.2749514214612305,4.16,0.9739924923650847,24
scn2a,s-DANNCE-SCN2A_SOC1/2022_09_26_M1_M3,0.5918539325842697,0.92,1.930511945221988,0.02,0.9476521663249199,25
scn2a,s-DANNCE-SCN2A_SOC1/2022_09_26_M1_M3,0.9396966292134832,0.88,0.6868739482072275,0.66,0.9217274589800886,26
scn2a,s-DANNCE-SCN2A_SOC1/2022_09_26_M1_M3,0.9446404494382022,2.2,1.8726616206878033,7.18,0.888626975545713,27
scn2a,s-DANNCE-SCN2A_SOC1/2022_09_26_M1_M3,0.9488314606741574,1.44,1.8494963428016173,4.26,0.956429684402685,28
scn2a,s-DANNCE-SCN2A_SOC1/2022_09_26_M5_M2,0.04392134831460674,0.56,1.3838029516218395,1.28,0.8923578836010918,1
scn2a,s-DANNCE-SCN2A_SOC1/2022_09_26_M5_M2,0.05441573033707865,0.76,0.13818064114809112,0.14,0.9482603243171953,2
scn2a,s-DANNCE-SCN2A_SOC1/2022_09_26_M5_M2,0.06550561797752809,0.68,1.166987051509454,0.92,0.8882671014088314,3
scn2a,s-DANNCE-SCN2A_SOC1/2022_09_26_M5_M2,0.0717191011235955,3.08,0.14757771953733947,1.34,0.9668465525700015,4
scn2a,s-DANNCE-SCN2A_SOC1/2022_09_26_M5_M2,0.07428089887640449,1.02,0.7859197636021221,0.18,0.8612818274523634,5
scn2a,s-DANNCE-SCN2A_SOC1/2022_09_26_M5_M2,0.08461797752808989,0.92,0.005444256088393699,0.02,0.9823738866110716,6
scn2a,s-DANNCE-SCN2A_SOC1/2022_09_26_M5_M2,0.08626966292134831,2.7,0.6617395587127364,0.14,0.9509533656472016,7
scn2a,s-DANNCE-SCN2A_SOC1/2022_09_26_M5_M2,0.09,0.88,1.7234149039703368,1.54,0.9855779734709974,8
scn2a,s-DANNCE-SCN2A_SOC1/2022_09_26_M5_M2,0.10264044943820225,2.24,1.0510317621135223,1.4,0.9629799458683151,9
scn2a,s-DANNCE-SCN2A_SOC1/2022_09_26_M5_M2,0.13389887640449438,0.46,0.010771957135149713,0.62,0.9587933826927347,10
scn2a,s-DANNCE-SCN2A_SOC1/2022_09_26_M5_M2,0.13479775280898876,0.34,0.5574152803704807,0.16,0.9187637720065986,11
scn2a,s-DANNCE-SCN2A_SOC1/2022_09_26_M5_M2,0.1354494382022472,0.88,0.021832527337118733,1.32,0.8640650583165509,12
scn2a,s-DANNCE-SCN2A_SOC1/2022_09_26_M5_M2,0.145561797752809,0.52,0.08918412556289057,0.12,0.9462495023321031,13
scn2a,s-DANNCE-SCN2A_SOC1/2022_09_26_M5_M2,0.15195505617977528,1.9,1.8002762719230068,0.88,0.8691592889851056,14
scn2a,s-DANNCE-SCN2A_SOC1/2022_09_26_M5_M2,0.16123595505617977,0.96,2.3110911716390605,3.52,0.9523868008138188,15
scn2a,s-DANNCE-SCN2A_SOC1/2022_09_26_M5_M2,0.17287640449438202,0.34,1.7138637068370333,0.16,0.8623984049504589,16
scn2a,s-DANNCE-SCN2A_SOC1/2022_09_26_M5_M2,0.1778314606741573,1.2,0.015313479049667896,0.64,0.9390032652530289,17
scn2a,s-DANNCE-SCN2A_SOC1/2022_09_26_M5_M2,0.18978651685393258,0.76,0.011989827978347878,1.68,0.9808419582336861,18
scn2a,s-DANNCE-SCN2A_SOC1/2022_09_26_M5_M2,0.1905056179775281,0.36,0.017870811322988598,2.96,0.985099146032216,19
scn2a,s-DANNCE-SCN2A_SOC1/2022_09_26_M5_M2,0.19104494382022472,0.48,1.040830959508328,0.96,0.9045195865161213,20
scn2a,s-DANNCE-SCN2A_SOC1/2022_09_26_M5_M2,0.19720224719101123,0.92,1.7145281978232478,2.42,0.8349455899971117,21
scn2a,s-DANNCE-SCN2A_SOC1/2022_09_26_M5_M2,0.20485393258426968,0.92,0.6372851875805625,1.74,0.808172000397953,22
scn2a,s-DANNCE-SCN2A_SOC1/2022_09_26_M5_M2,0.2543820224719101,0.24,2.175524427494769,1.74,0.796254453099241,23
scn2a,s-DANNCE-SCN2A_SOC1/2022_09_26_M5_M2,0.2867191011235955,3.02,2.1008159691821238,0.1,0.8893884154093111,24
scn2a,s-DANNCE-SCN2A_SOC1/2022_09_26_M5_M2,0.34597752808988763,0.66,2.3368250725385273,2.68,0.8946370265858137,25
scn2a,s-DANNCE-SCN2A_SOC1/2022_09_26_M5_M2,0.39977528089887643,1.86,0.013960178683764861,6.66,0.939413419457904,26
scn2a,s-DANNCE-SCN2A_SOC1/2022_09_26_M5_M2,0.40951685393258425,0.34,1.5620105598251521,0.46,0.9338389725189977,27
scn2a,s-DANNCE-SCN2A_SOC1/2022_09_26_M5_M2,0.4233932584269663,2.78,0.0024369083807833157,0.86,0.9807826899390659,28
scn2a,s-DANNCE-SCN2A_SOC1/2022_09_26_M5_M2,0.42996629213483145,0.84,0.0476632486448493,3.8,0.9338901697780604,29
scn2a,s-DANNCE-SCN2A_SOC1/2022_09_26_M5_M2,0.4307640449438202,0.72,0.0076507060821756085,5.22,0.9953971412358138,30
scn2a,s-DANNCE-SCN2A_SOC1/2022_09_26_M5_M2,0.5778314606741572,2.62,0.6097019976596573,0.36,0.9624538532584046,31
scn2a,s-DANNCE-SCN2A_SOC1/2022_09_26_M5_M2,0.6343595505617977,2.22,0.6717816079328566,2.9,0.9576721664444676,32
scn2a,s-DANNCE-SCN2A_SOC1/2022_09_26_M5_M2,0.7245730337078652,6.82,0.06576305956219476,1.06,0.9712399388961883,33
scn2a,s-DANNCE-SCN2A_SOC1/2022_09_26_M5_M2,0.7784044943820225,0.36,0.004997314109407256,0.24,0.9795745597481302,34
scn2a,s-DANNCE-SCN2A_SOC1/2022_09_26_M5_M2,0.8306404494382023,0.3,0.10544600291408332,9.42,0.988686546525543,35
scn2a,s-DANNCE-SCN2A_SOC1/2022_09_26_M5_M2,0.8790449438202247,1.04,0.9113692805430529,3.04,0.7709041725236434,36
scn2a,s-DANNCE-SCN2A_SOC1/2022_09_26_M5_M2,0.8798314606741573,2.86,0.3589774486603977,4.44,0.7737843845255336,37
scn2a,s-DANNCE-SCN2A_SOC1/2022_09_26_M5_M2,0.8947640449438202,0.68,2.362188875720605,1.28,0.9856186799410664,38
scn2a,s-DANNCE-SCN2A_SOC1/2022_09_26_M5_M2,0.914561797752809,0.42,1.030458514127144,0.26,0.8968799614430603,39
scn2a,s-DANNCE-SCN2A_SOC1/2022_09_26_M5_M2,0.9382696629213483,1.68,0.16278026612802798,3.38,0.9194824225595635,40
scn2a,s-DANNCE-SCN2A_SOC1/2022_09_26_M5_M2,0.9672921348314607,0.8,0.7958615186382968,4.22,0.8310433374766562,41
scn2a,s-DANNCE-SCN2A_SOC1/2022_09_26_M6_M4,0.012651685393258427,0.56,1.5901888197994074,0.24,0.7127348628046267,1
scn2a,s-DANNCE-SCN2A_SOC1/2022_09_26_M6_M4,0.01449438202247191,0.28,2.048564701500629,2.4,0.9525206758240703,2
scn2a,s-DANNCE-SCN2A_SOC1/2022_09_26_M6_M4,0.03968539325842697,0.5,0.2624272909914555,3.26,0.8064738182430067,3
scn2a,s-DANNCE-SCN2A_SOC1/2022_09_26_M6_M4,0.06247191011235955,0.44,0.8104975562017526,0.7,0.9198555203809556,4
scn2a,s-DANNCE-SCN2A_SOC1/2022_09_26_M6_M4,0.0631123595505618,1.6,0.6191163576200374,1.84,0.8640071078770669,5
scn2a,s-DANNCE-SCN2A_SOC1/2022_09_26_M6_M4,0.07330337078651686,0.44,0.162209691407007,0.34,0.9655186013507472,6
scn2a,s-DANNCE-SCN2A_SOC1/2022_09_26_M6_M4,0.08008988764044944,2.5,1.5096884678188138,2.22,0.9988601577872598,7
scn2a,s-DANNCE-SCN2A_SOC1/2022_09_26_M6_M4,0.08338202247191011,4.66,0.5079730381130891,8.08,0.8056307324291735,8
scn2a,s-DANNCE-SCN2A_SOC1/2022_09_26_M6_M4,0.08776404494382023,0.52,0.03721641324760329,0.02,0.9509247744611046,9
scn2a,s-DANNCE-SCN2A_SOC1/2022_09_26_M6_M4,0.1252696629213483,1.54,1.0447123973791403,0.48,0.9134315883862186,10
scn2a,s-DANNCE-SCN2A_SOC1/2022_09_26_M6_M4,0.12658426966292136,1.04,0.621765153133591,2.82,0.7705610813891967,11
scn2a,s-DANNCE-SCN2A_SOC1/2022_09_26_M6_M4,0.1553932584269663,3.34,0.04433052008242436,2.62,0.8515923304903762,12
scn2a,s-DANNCE-SCN2A_SOC1/2022_09_26_M6_M4,0.15824719101123597,0.72,2.364465136378738,5.08,0.9930551030025978,13
scn2a,s-DANNCE-SCN2A_SOC1/2022_09_26_M6_M4,0.16473033707865167,0.6,2.691580545872659,0.14,0.986533342434069,14
scn2a,s-DANNCE-SCN2A_SOC1/2022_09_26_M6_M4,0.18241573033707864,3.84,0.1430493632876781,2.46,0.8851711798272965,15
scn2a,s-DANNCE-SCN2A_SOC1/2022_09_26_M6_M4,0.19623595505617977,2.08,0.1974623660664391,2.26,0.8880521069964074,16
scn2a,s-DANNCE-SCN2A_SOC1/2022_09_26_M6_M4,0.19861797752808988,0.98,1.1809072758270431,4.24,0.9554128903970269,17
scn2a,s-DANNCE-SCN2A_SOC1/2022_09_26_M6_M4,0.20002247191011235,0.4,1.9941135150304536,0.42,0.8226542895208034,18
scn2a,s-DANNCE-SCN2A_SOC1/2022_09_26_M6_M4,0.21026966292134833,0.52,1.2179493470791143,10.86,0.987607786215274,19
scn2a,s-DANNCE-SCN2A_SOC1/2022_09_26_M6_M4,0.21074157303370786,4.54,1.0288110975804057,0.84,0.9363299227883275,20
scn2a,s-DANNCE-SCN2A_SOC1/2022_09_26_M6_M4,0.2155056179775281,0.68,1.6923176560974795,8.48,0.9260579181214523,21
scn2a,s-DANNCE-SCN2A_SOC1/2022_09_26_M6_M4,0.21798876404494383,4.64,0.29695163607571196,4.42,0.9624408924290809,22
scn2a,s-DANNCE-SCN2A_SOC1/2022_09_26_M6_M4,0.22352808988764045,0.48,0.9780173968564949,1.44,0.9560129158493115,23
scn2a,s-DANNCE-SCN2A_SOC1/2022_09_26_M6_M4,0.22540449438202248,0.72,1.282489710845451,0.9,0.827079977014691,24
scn2a,s-DANNCE-SCN2A_SOC1/2022_09_26_M6_M4,0.22596629213483146,2.26,1.1936749815972918,1.9,0.9854880804653016,25
scn2a,s-DANNCE-SCN2A_SOC1/2022_09_26_M6_M4,0.24207865168539325,0.54,1.4487823202207233,0.68,0.8937516744363688,26
scn2a,s-DANNCE-SCN2A_SOC1/2022_09_26_M6_M4,0.24302247191011236,1.5,1.5269122728933877,2.36,0.9923336952696188,27
scn2a,s-DANNCE-SCN2A_SOC1/2022_09_26_M6_M4,0.24521348314606742,1.86,0.7732182956448055,0.24,0.9202342026119127,28
scn2a,s-DANNCE-SCN2A_SOC1/2022_09_26_M6_M4,0.2630674157303371,0.6,0.10449029375060355,2.22,0.8713893133730156,29
scn2a,s-DANNCE-SCN2A_SOC1/2022_09_26_M6_M4,0.2635280898876404,0.42,0.608072668132901,3.04,0.825676021616723,30
scn2a,s-DANNCE-SCN2A_SOC1/2022_09_26_M6_M4,0.27825842696629216,0.88,0.7646175233840204,2.62,0.7902317785785806,31
scn2a,s-DANNCE-SCN2A_SOC1/2022_09_26_M6_M4,0.2888202247191011,2.06,0.2352054104580646,1.12,0.8577289327316882,32
scn2a,s-DANNCE-SCN2A_SOC1/2022_09_26_M6_M4,0.30537078651685395,1.32,0.8473134302808174,2.18,0.9392773739441505,33
scn2a,s-DANNCE-SCN2A_SOC1/2022_09_26_M6_M4,0.307438202247191,1.22,2.042733174259664,0.66,0.9240614621256458,34
scn2a,s-DANNCE-SCN2A_SOC1/2022_09_26_M6_M4,0.33861797752808986,0.98,0.03622620880961286,2.8,0.8707639647168948,35
scn2a,s-DANNCE-SCN2A_SOC1/2022_09_26_M6_M4,0.3435842696629213,2.0,0.7838114094105778,0.76,0.9754438123682788,36
scn2a,s-DANNCE-SCN2A_SOC1/2022_09_26_M6_M4,0.3922134831460674,0.66,2.5490072726395123,0.32,0.9800076439696888,37
scn2a,s-DANNCE-SCN2A_SOC1/2022_09_26_M6_M4,0.39364044943820226,0.96,1.819263578848706,2.54,0.9564925654835138,38
scn2a,s-DANNCE-SCN2A_SOC1/2022_09_26_M6_M4,0.40768539325842695,1.14,0.017443204356905464,6.14,0.9899310237966482,39
scn2a,s-DANNCE-SCN2A_SOC1/2022_09_26_M6_M4,0.4107191011235955,0.82,0.05181847909949223,5.4,0.8963015415427719,40
scn2a,s-DANNCE-SCN2A_SOC1/2022_09_26_M6_M4,0.42219101123595504,4.96,1.2856345966059934,0.26,0.8966513822787959,41
scn2a,s-DANNCE-SCN2A_SOC1/2022_09_26_M6_M4,0.44447191011235954,1.4,1.5245023391097863,0.26,0.8957949336140546,42
scn2a,s-DANNCE-SCN2A_SOC1/2022_09_26_M6_M4,0.4518426966292135,0.26,1.0758299869289885,1.46,0.8356838051949316,43
scn2a,s-DANNCE-SCN2A_SOC1/2022_09_26_M6_M4,0.4655730337078652,1.84,0.01971304725829556,1.36,0.9785313732972261,44
scn2a,s-DANNCE-SCN2A_SOC1/2022_09_26_M6_M4,0.4806516853932584,0.8,1.0351046014970904,1.04,0.8309793892891407,45
scn2a,s-DANNCE-SCN2A_SOC1/2022_09_26_M6_M4,0.48207865168539327,0.66,0.2771060076067042,3.58,0.8921319956185529,46
scn2a,s-DANNCE-SCN2A_SOC1/2022_09_26_M6_M4,0.4977191011235955,0.62,0.4793548585932711,0.02,0.9731365066604555,47
scn2a,s-DANNCE-SCN2A_SOC1/2022_09_26_M6_M4,0.5051685393258427,0.46,1.2215688313034936,4.3,0.95631604682447,48
scn2a,s-DANNCE-SCN2A_SOC1/2022_09_26_M6_M4,0.5057415730337078,0.3,1.370207794012564,5.32,0.9104006160194564,49
scn2a,s-DANNCE-SCN2A_SOC1/2022_09_26_M6_M4,0.534932584269663,1.78,1.3053587650786034,1.56,0.9572666965095056,50
scn2a,s-DANNCE-SCN2A_SOC1/2022_09_26_M6_M4,0.5367977528089888,3.0,0.15796419218153918,3.32,0.9357598853367355,51
scn2a,s-DANNCE-SCN2A_SOC1/2022_09_26_M6_M4,0.5390674157303371,0.88,0.04303953124581463,4.04,0.8841363521757969,52
scn2a,s-DANNCE-SCN2A_SOC1/2022_09_26_M6_M4,0.5406629213483146,3.2,0.6534461116217654,6.88,0.965634658330357,53
scn2a,s-DANNCE-SCN2A_SOC1/2022_09_26_M6_M4,0.5744494382022471,1.44,1.9231510927019497,0.2,0.9528431200245479,54
scn2a,s-DANNCE-SCN2A_SOC1/2022_09_26_M6_M4,0.5753820224719101,0.74,1.6187106522404486,1.66,0.8810732666710309,55
scn2a,s-DANNCE-SCN2A_SOC1/2022_09_26_M6_M4,0.601314606741573,1.0,2.558158263604292,5.4,0.8434828447053772,56
scn2a,s-DANNCE-SCN2A_SOC1/2022_09_26_M6_M4,0.6214494382022472,0.26,2.042970261168966,0.06,0.8589113386767225,57
scn2a,s-DANNCE-SCN2A_SOC1/2022_09_26_M6_M4,0.6219438202247191,1.22,1.8963194295002226,0.94,0.8600252728027913,58
scn2a,s-DANNCE-SCN2A_SOC1/2022_09_26_M6_M4,0.6238988764044944,1.06,0.2902507315358932,4.42,0.8794631708491065,59
scn2a,s-DANNCE-SCN2A_SOC1/2022_09_26_M6_M4,0.6464719101123596,0.28,1.357090653432216,2.16,0.895028560793805,60
scn2a,s-DANNCE-SCN2A_SOC1/2022_09_26_M6_M4,0.6609101123595506,1.02,0.2704628847383748,7.08,0.8661567087009516,61
scn2a,s-DANNCE-SCN2A_SOC1/2022_09_26_M6_M4,0.6626179775280899,1.18,0.07699033928159811,3.04,0.804256860866238,62
scn2a,s-DANNCE-SCN2A_SOC1/2022_09_26_M6_M4,0.7165955056179776,4.34,0.014065025035673794,1.12,0.9920382286099052,63
scn2a,s-DANNCE-SCN2A_SOC1/2022_09_26_M6_M4,0.7200112359550562,0.44,1.2970140244926098,0.2,0.9164509776744971,64
scn2a,s-DANNCE-SCN2A_SOC1/2022_09_26_M6_M4,0.8990674157303371,4.02,1.2553403273981425,0.76,0.8933027919573268,65
scn2a,s-DANNCE-SCN2A_SOC1/2022_09_26_M6_M4,0.949,1.34,0.01714971268393001,2.62,0.8901001991241146,66
scn2a,s-DANNCE-SCN2A_SOC3/2022_10_04_M1_M2,0.02943820224719101,0.64,2.7856744442598163,0.12,0.9159972068591047,1
scn2a,s-DANNCE-SCN2A_SOC3/2022_10_04_M1_M2,0.10979775280898876,0.4,1.9365716548378584,0.7,0.9109572010628475,2
scn2a,s-DANNCE-SCN2A_SOC3/2022_10_04_M1_M2,0.14765168539325843,1.04,1.3048544335279213,0.36,0.9325760882801075,3
scn2a,s-DANNCE-SCN2A_SOC3/2022_10_04_M1_M2,0.15103370786516854,1.62,1.9976078959221855,1.8,0.9100710457210879,4
scn2a,s-DANNCE-SCN2A_SOC3/2022_10_04_M1_M2,0.17347191011235955,2.24,1.028348640816302,3.48,0.9455670988053682,5
scn2a,s-DANNCE-SCN2A_SOC3/2022_10_04_M1_M2,0.19824719101123595,1.04,0.07416406397201554,0.12,0.9749736230514003,6
scn2a,s-DANNCE-SCN2A_SOC3/2022_10_04_M1_M2,0.24240449438202247,0.86,0.3139906024332275,1.06,0.8736718639711637,7
scn2a,s-DANNCE-SCN2A_SOC3/2022_10_04_M1_M2,0.35008988764044946,1.3,0.8739241580639717,3.06,0.9733531641587633,8
scn2a,s-DANNCE-SCN2A_SOC3/2022_10_04_M1_M2,0.5960337078651685,2.38,0.6525968274378847,6.7,0.9050958895488525,9
scn2a,s-DANNCE-SCN2A_SOC3/2022_10_04_M1_M2,0.7239213483146067,1.62,0.08711457806223333,1.18,0.9917533416964642,10
scn2a,s-DANNCE-SCN2A_SOC3/2022_10_04_M1_M2,0.9896966292134831,2.56,1.0310747699640024,0.66,0.9094791284552589,11
scn2a,s-DANNCE-SCN2A_SOC3/2022_10_04_M1_M2,0.9969213483146068,0.84,0.8023795017684353,0.56,0.9353387326794148,12
scn2a,s-DANNCE-SCN2A_SOC3/2022_10_04_M1_M2,0.9979662921348315,3.62,0.13985597144753423,1.86,0.9961401056361014,13
scn2a,s-DANNCE-SCN2A_SOC3/2022_10_04_M3_M4,0.02098876404494382,1.54,0.8189062912945043,0.6,0.950497662338416,1
scn2a,s-DANNCE-SCN2A_SOC3/2022_10_04_M3_M4,0.02596629213483146,0.92,2.1106286734788737,0.3,0.9486432831805554,2
scn2a,s-DANNCE-SCN2A_SOC3/2022_10_04_M3_M4,0.04080898876404494,1.38,2.3154282934607533,0.16,0.9784595607373565,3
scn2a,s-DANNCE-SCN2A_SOC3/2022_10_04_M3_M4,0.07384269662921349,1.12,2.6058973332742963,0.44,0.9949051440872795,4
scn2a,s-DANNCE-SCN2A_SOC3/2022_10_04_M3_M4,0.07501123595505618,0.32,3.083913077839732,2.52,0.8652367472253526,5
scn2a,s-DANNCE-SCN2A_SOC3/2022_10_04_M3_M4,0.09219101123595505,1.0,0.2527202340775297,0.04,0.9535456286486755,6
scn2a,s-DANNCE-SCN2A_SOC3/2022_10_04_M3_M4,0.1308314606741573,1.62,1.7155825050794766,0.3,0.8378095642543526,7
scn2a,s-DANNCE-SCN2A_SOC3/2022_10_04_M3_M4,0.1436067415730337,0.46,0.9581991278028585,0.38,0.9040202785200395,8
scn2a,s-DANNCE-SCN2A_SOC3/2022_10_04_M3_M4,0.27913483146067414,2.68,1.9714730530207667,1.98,0.9235262836827014,9
scn2a,s-DANNCE-SCN2A_SOC3/2022_10_04_M3_M4,0.2991123595505618,0.54,0.00178523829705423,0.04,0.9524848232190525,10
scn2a,s-DANNCE-SCN2A_SOC3/2022_10_04_M3_M4,0.3147078651685393,1.26,0.008853550278275748,0.6,0.9716617355663624,11
scn2a,s-DANNCE-SCN2A_SOC3/2022_10_04_M3_M4,0.3162359550561798,2.9,0.015417799494735611,0.0,0.9171768341595659,12
scn2a,s-DANNCE-SCN2A_SOC3/2022_10_04_M3_M4,0.3519550561797753,1.32,1.5453969881938991,0.26,0.8037543400942472,13
scn2a,s-DANNCE-SCN2A_SOC3/2022_10_04_M3_M4,0.36075280898876405,0.7,0.10039152505416438,1.14,0.8492341265940622,14
scn2a,s-DANNCE-SCN2A_SOC3/2022_10_04_M3_M4,0.38010112359550563,0.84,2.4654627299035496,1.3,0.9751750151350155,15
scn2a,s-DANNCE-SCN2A_SOC3/2022_10_04_M3_M4,0.39458426966292137,0.36,2.254086405937895,2.86,0.8420719189707163,16
scn2a,s-DANNCE-SCN2A_SOC3/2022_10_04_M3_M4,0.4127752808988764,3.1,0.01735763471006331,3.7,0.8768827369824544,17
scn2a,s-DANNCE-SCN2A_SOC3/2022_10_04_M3_M4,0.5109775280898876,1.76,0.8994359277317001,0.02,0.9275209279709615,18
scn2a,s-DANNCE-SCN2A_SOC3/2022_10_04_M3_M4,0.5131011235955056,2.7,0.00914765024253919,3.78,0.9775662954889723,19
scn2a,s-DANNCE-SCN2A_SOC3/2022_10_04_M3_M4,0.5207640449438202,1.04,0.001586685188716968,1.0,0.9602167317330464,20
scn2a,s-DANNCE-SCN2A_SOC3/2022_10_04_M3_M4,0.5218988764044944,0.24,0.018547615512075177,2.02,0.8629659527606248,21
scn2a,s-DANNCE-SCN2A_SOC3/2022_10_04_M3_M4,0.5604157303370787,1.04,2.5813895940105858,1.4,0.9122688214961043,22
scn2a,s-DANNCE-SCN2A_SOC3/2022_10_04_M3_M4,0.5786966292134832,2.14,1.1211139956408451,0.18,0.9232516417607379,23
scn2a,s-DANNCE-SCN2A_SOC3/2022_10_04_M3_M4,0.5801685393258427,1.76,1.2248364909170526,2.62,0.9639315811262252,24
scn2a,s-DANNCE-SCN2A_SOC3/2022_10_04_M3_M4,0.7934269662921348,0.36,0.9130640102058646,0.48,0.8567556155040215,25
scn2a,s-DANNCE-SCN2A_SOC3/2022_10_04_M3_M4,0.7937752808988764,0.28,0.9611372838778592,1.1,0.8399201972208055,26
scn2a,s-DANNCE-SCN2A_SOC3/2022_10_04_M3_M4,0.7940337078651686,5.98,0.6924334803786837,1.56,0.892386603495691,27
scn2a,s-DANNCE-SCN2A_SOC3/2022_10_04_M3_M4,0.7990786516853933,1.6,0.7967561535412541,0.72,0.9469243567815321,28
scn2a,s-DANNCE-SCN2A_SOC3/2022_10_04_M5_M6,0.004359550561797753,5.3,0.30189083360797736,1.24,0.9664923865225724,1
scn2a,s-DANNCE-SCN2A_SOC3/2022_10_04_M5_M6,0.010146067415730337,0.9,1.0400548949892252,0.84,0.9750427039625598,2
scn2a,s-DANNCE-SCN2A_SOC3/2022_10_04_M5_M6,0.021752808988764045,0.32,2.6688124497232963,2.36,0.961683114933366,3
scn2a,s-DANNCE-SCN2A_SOC3/2022_10_04_M5_M6,0.03789887640449438,1.14,1.6046039015697153,0.28,0.9711585141658954,4
scn2a,s-DANNCE-SCN2A_SOC3/2022_10_04_M5_M6,0.045876404494382024,1.72,0.4494561069635599,0.32,0.9514429674909416,5
scn2a,s-DANNCE-SCN2A_SOC3/2022_10_04_M5_M6,0.07058426966292135,1.44,0.7772756459565727,0.98,0.9981113914443227,6
scn2a,s-DANNCE-SCN2A_SOC3/2022_10_04_M5_M6,0.08612359550561798,0.68,2.101308922190763,1.7,0.8764478337468249,7
scn2a,s-DANNCE-SCN2A_SOC3/2022_10_04_M5_M6,0.10308988764044943,0.64,2.3818033241920418,1.98,0.9959984385447084,8
scn2a,s-DANNCE-SCN2A_SOC3/2022_10_04_M5_M6,0.12117977528089888,0.98,2.3934483636718866,1.4,0.882562839506585,9
scn2a,s-DANNCE-SCN2A_SOC3/2022_10_04_M5_M6,0.12307865168539325,1.58,0.8258552905283062,0.72,0.967209058273161,10
scn2a,s-DANNCE-SCN2A_SOC3/2022_10_04_M5_M6,0.12930337078651685,0.3,2.287203299385241,0.5,0.8476278970633917,11
scn2a,s-DANNCE-SCN2A_SOC3/2022_10_04_M5_M6,0.13541573033707865,1.94,0.5605597430191436,1.28,0.8992782014929823,12
scn2a,s-DANNCE-SCN2A_SOC3/2022_10_04_M5_M6,0.14119101123595507,0.62,0.05197287151835219,2.36,0.9078868514993299,13
scn2a,s-DANNCE-SCN2A_SOC3/2022_10_04_M5_M6,0.16320224719101123,2.6,0.03155392706394961,0.82,0.995193007431684,14
scn2a,s-DANNCE-SCN2A_SOC3/2022_10_04_M5_M6,0.16914606741573035,1.1,0.0062082304931965855,4.54,0.9767401561067737,15
scn2a,s-DANNCE-SCN2A_SOC3/2022_10_04_M5_M6,0.18285393258426966,2.4,0.2485726280013696,1.92,0.9779221172047389,16
scn2a,s-DANNCE-SCN2A_SOC3/2022_10_04_M5_M6,0.18721348314606742,3.2,0.011454616318886161,3.12,0.9045414870749453,17
scn2a,s-DANNCE-SCN2A_SOC3/2022_10_04_M5_M6,0.18923595505617977,1.1,0.40629120861438517,3.6,0.936033197579313,18
scn2a,s-DANNCE-SCN2A_SOC3/2022_10_04_M5_M6,0.20787640449438202,0.36,0.12256809086795088,0.38,0.8741891906870901,19
scn2a,s-DANNCE-SCN2A_SOC3/2022_10_04_M5_M6,0.2462247191011236,1.0,0.015524912476178161,1.82,0.9199161390795844,20
scn2a,s-DANNCE-SCN2A_SOC3/2022_10_04_M5_M6,0.2557752808988764,5.58,0.0031429189299017135,2.96,0.99666182486892,21
scn2a,s-DANNCE-SCN2A_SOC3/2022_10_04_M5_M6,0.2619438202247191,0.56,0.1182951041484208,1.92,0.9227076855318208,22
scn2a,s-DANNCE-SCN2A_SOC3/2022_10_04_M5_M6,0.27101123595505616,3.24,0.9714282012396583,1.36,0.8433728647657589,23
scn2a,s-DANNCE-SCN2A_SOC3/2022_10_04_M5_M6,0.28921348314606743,0.48,0.9704575260527862,0.2,0.9275531260629034,24
scn2a,s-DANNCE-SCN2A_SOC3/2022_10_04_M5_M6,0.30664044943820223,4.02,1.553191325557744,0.22,0.9638216140482493,25
scn2a,s-DANNCE-SCN2A_SOC3/2022_10_04_M5_M6,0.3181348314606742,1.9,0.04977892141062814,0.56,0.8982878214826946,26
scn2a,s-DANNCE-SCN2A_SOC3/2022_10_04_M5_M6,0.3198426966292135,0.42,1.0182091447094663,3.04,0.8958308498945898,27
scn2a,s-DANNCE-SCN2A_SOC3/2022_10_04_M5_M6,0.33025842696629215,0.3,2.321048811345155,2.46,0.8143114423900609,28
scn2a,s-DANNCE-SCN2A_SOC3/2022_10_04_M5_M6,0.3428988764044944,1.78,0.6551808859377384,0.24,0.998138410773807,29
scn2a,s-DANNCE-SCN2A_SOC3/2022_10_04_M5_M6,0.34529213483146065,0.3,1.933670866522575,4.5,0.9121447975250996,30
scn2a,s-DANNCE-SCN2A_SOC3/2022_10_04_M5_M6,0.35167415730337076,0.56,0.14349021632270256,0.82,0.9422466808898755,31
scn2a,s-DANNCE-SCN2A_SOC3/2022_10_04_M5_M6,0.37258426966292135,0.64,0.01948299985868322,2.3,0.8464681716613216,32
scn2a,s-DANNCE-SCN2A_SOC3/2022_10_04_M5_M6,0.3780112359550562,1.94,0.11003172289489575,1.58,0.8945308864790299,33
scn2a,s-DANNCE-SCN2A_SOC3/2022_10_04_M5_M6,0.41013483146067414,1.56,0.01918557455033835,0.82,0.9869509596671363,34
scn2a,s-DANNCE-SCN2A_SOC3/2022_10_04_M5_M6,0.4204943820224719,0.66,0.005326173793926835,2.68,0.948941221220846,35
scn2a,s-DANNCE-SCN2A_SOC3/2022_10_04_M5_M6,0.42153932584269665,0.94,0.0445463377666798,1.86,0.9502979392177954,36
scn2a,s-DANNCE-SCN2A_SOC3/2022_10_04_M5_M6,0.4221797752808989,0.92,0.004812797342550644,3.0,0.9409706924501247,37
scn2a,s-DANNCE-SCN2A_SOC3/2022_10_04_M5_M6,0.439314606741573,1.24,1.9843656208838794,0.84,0.9521294278368797,38
scn2a,s-DANNCE-SCN2A_SOC3/2022_10_04_M5_M6,0.4727303370786517,1.9,0.9689514008534571,0.14,0.9290681409840804,39
scn2a,s-DANNCE-SCN2A_SOC3/2022_10_04_M5_M6,0.47592134831460675,0.54,0.9931207745828446,5.68,0.8767433365767077,40
scn2a,s-DANNCE-SCN2A_SOC3/2022_10_04_M5_M6,0.4996966292134831,1.1,2.03574896265804,0.44,0.920973905195893,41
scn2a,s-DANNCE-SCN2A_SOC3/2022_10_04_M5_M6,0.5024269662921348,0.24,0.1553958135057105,0.0,0.9875168932104793,42
scn2a,s-DANNCE-SCN2A_SOC3/2022_10_04_M5_M6,0.5206404494382022,4.3,2.18105361423414,3.4,0.9340285034867699,43
scn2a,s-DANNCE-SCN2A_SOC3/2022_10_04_M5_M6,0.5236966292134831,0.52,2.3984550903630013,5.44,0.9049077148781814,44
scn2a,s-DANNCE-SCN2A_SOC3/2022_10_04_M5_M6,0.6156516853932584,1.56,0.661655289285402,5.82,0.9836636509370325,45
scn2a,s-DANNCE-SCN2A_SOC3/2022_10_04_M5_M6,0.6235955056179775,1.66,2.696239302437338,2.28,0.7691439675533639,46
scn2a,s-DANNCE-SCN2A_SOC3/2022_10_04_M5_M6,0.6288539325842697,3.46,2.2185228342738452,2.78,0.9605936532098162,47
scn2a,s-DANNCE-SCN2A_SOC3/2022_10_04_M5_M6,0.6340112359550562,0.7,2.3274170357492014,0.02,0.9312960113339415,48
scn2a,s-DANNCE-SCN2A_SOC3/2022_10_04_M5_M6,0.6690112359550562,0.66,1.886369876251344,2.42,0.973212753361562,49
scn2a,s-DANNCE-SCN2A_SOC3/2022_10_04_M5_M6,0.6971011235955056,0.46,0.3816459106853734,2.54,0.9343610292295003,50
scn2a,s-DANNCE-SCN2A_SOC3/2022_10_04_M5_M6,0.7715393258426966,5.12,0.0056273738678751335,3.1,0.8781645062119998,51
scn2a,s-DANNCE-SCN2A_SOC3/2022_10_04_M5_M6,0.7745505617977528,0.72,0.042429179237685626,5.36,0.8794058938188678,52
scn2a,s-DANNCE-SCN2A_SOC3/2022_10_04_M5_M6,0.7751011235955056,0.36,0.0077409820811844875,6.34,0.8234134782890778,53
scn2a,s-DANNCE-SCN2A_SOC3/2022_10_04_M5_M6,0.7759662921348315,1.04,0.019967098000727858,7.88,0.7663254288826117,54
scn2a,s-DANNCE-SCN2A_SOC3/2022_10_04_M5_M6,0.7770898876404494,0.26,0.31553919772147915,9.88,0.6229060950766118,55
scn2a,s-DANNCE-SCN2A_SOC3/2022_10_04_M5_M6,0.7796516853932585,0.64,1.6001955643513561,1.52,0.8293310142863466,56
scn2a,s-DANNCE-SCN2A_SOC3/2022_10_04_M5_M6,0.7814494382022472,0.52,1.9305512967325447,4.72,0.9200761739457101,57
scn2a,s-DANNCE-SCN2A_SOC3/2022_10_04_M5_M6,0.7850561797752809,1.46,1.5610986686670587,0.26,0.9968596937022494,58
scn2a,s-DANNCE-SCN2A_SOC3/2022_10_04_M5_M6,0.7865842696629214,4.32,1.1764489971711676,0.62,0.8505049430661301,59
scn2a,s-DANNCE-SCN2A_SOC3/2022_10_04_M5_M6,0.8270224719101124,0.74,0.11565776909173318,1.24,0.7830146686650094,60
scn2a,s-DANNCE-SCN2A_SOC3/2022_10_04_M5_M6,0.8336292134831461,4.38,2.1591568029976558,0.6,0.9544756870911333,61
scn2a,s-DANNCE-SCN2A_SOC3/2022_10_04_M5_M6,0.8371460674157304,1.14,2.32007131757549,0.42,0.8369726913210163,62
scn2a,s-DANNCE-SCN2A_SOC3/2022_10_04_M5_M6,0.8431685393258427,3.1,1.7601844611469848,2.72,0.9255287148555693,63
scn2a,s-DANNCE-SCN2A_SOC3/2022_10_04_M5_M6,0.9265393258426966,1.18,0.3140405320895481,0.36,0.8820675758356092,64
scn2a,s-DANNCE-SCN2A_SOC3/2022_10_04_M5_M6,0.932,0.62,0.8410048032256631,1.44,0.9082565395875218,65
scn2a,s-DANNCE-SCN2A_SOC3/2022_10_04_M5_M6,0.9324494382022472,0.56,0.7849421858256458,2.24,0.8789183296621597,66
scn2a,s-DANNCE-SCN2A_SOC3/2022_10_04_M5_M6,0.9383483146067416,0.3,1.3279009738232737,1.3,0.8397016018109408,67
scn2a,s-DANNCE-SCN2A_SOC3/2022_10_05_M1_M6,0.009235955056179775,0.48,1.1396903214842447,1.1,0.8056625382211531,1
scn2a,s-DANNCE-SCN2A_SOC3/2022_10_05_M1_M6,0.013584269662921348,1.12,1.2178821685701826,0.04,0.9187736988624889,2
scn2a,s-DANNCE-SCN2A_SOC3/2022_10_05_M1_M6,0.015337078651685394,0.88,1.310759014355539,0.46,0.8646450773393933,3
scn2a,s-DANNCE-SCN2A_SOC3/2022_10_05_M1_M6,0.03369662921348315,0.88,2.3674029929900167,0.34,0.9472448372300277,4
scn2a,s-DANNCE-SCN2A_SOC3/2022_10_05_M1_M6,0.05065168539325843,0.36,2.803231663304613,1.38,0.9251952381192421,5
scn2a,s-DANNCE-SCN2A_SOC3/2022_10_05_M1_M6,0.059,0.62,2.2464437162704782,0.54,0.9928060052272111,6
scn2a,s-DANNCE-SCN2A_SOC3/2022_10_05_M1_M6,0.06408988764044944,1.32,0.37978718979289866,0.78,0.9454757071130246,7
scn2a,s-DANNCE-SCN2A_SOC3/2022_10_05_M1_M6,0.08847191011235955,3.26,0.02379458624237261,1.4,0.9198265904045253,8
scn2a,s-DANNCE-SCN2A_SOC3/2022_10_05_M1_M6,0.1002247191011236,1.22,1.6346773183811476,0.82,0.9211592253381662,9
scn2a,s-DANNCE-SCN2A_SOC3/2022_10_05_M1_M6,0.1328426966292135,2.36,1.4370727247107316,0.54,0.83868478975619,10
scn2a,s-DANNCE-SCN2A_SOC3/2022_10_05_M1_M6,0.13668539325842696,1.72,1.9763585652596016,2.7,0.9459490092079701,11
scn2a,s-DANNCE-SCN2A_SOC3/2022_10_05_M1_M6,0.15456179775280898,0.68,1.1418524750268095,0.14,0.7042365641870645,12
scn2a,s-DANNCE-SCN2A_SOC3/2022_10_05_M1_M6,0.18437078651685393,0.24,0.02088053631582148,0.72,0.9009870334073089,13
scn2a,s-DANNCE-SCN2A_SOC3/2022_10_05_M1_M6,0.1950561797752809,0.54,2.48503134076781,0.22,0.9206631286612226,14
scn2a,s-DANNCE-SCN2A_SOC3/2022_10_05_M1_M6,0.24165168539325843,4.06,0.17185820302015795,2.54,0.9453092623819789,15
scn2a,s-DANNCE-SCN2A_SOC3/2022_10_05_M1_M6,0.26140449438202246,1.68,1.0415217923973028,3.78,0.9415379439208682,16
scn2a,s-DANNCE-SCN2A_SOC3/2022_10_05_M1_M6,0.26465168539325845,0.52,0.6998578094672165,9.56,0.8546066833253646,17
scn2a,s-DANNCE-SCN2A_SOC3/2022_10_05_M1_M6,0.26558426966292137,0.58,0.041461268120552695,1.66,0.9130821563273668,18
scn2a,s-DANNCE-SCN2A_SOC3/2022_10_05_M1_M6,0.26601123595505616,0.38,0.28439714099596003,0.76,0.9184286807808854,19
scn2a,s-DANNCE-SCN2A_SOC3/2022_10_05_M1_M6,0.2748876404494382,2.28,0.6222852314776783,0.38,0.9956270476353688,20
scn2a,s-DANNCE-SCN2A_SOC3/2022_10_05_M1_M6,0.28358426966292133,1.94,0.08614254930639545,1.9,0.9932606202137583,21
scn2a,s-DANNCE-SCN2A_SOC3/2022_10_05_M1_M6,0.28597752808988763,0.66,0.015889153116976886,6.16,0.9169835573577795,22
scn2a,s-DANNCE-SCN2A_SOC3/2022_10_05_M1_M6,0.39940449438202247,0.82,0.09256516504053267,13.16,0.8612904386857311,23
scn2a,s-DANNCE-SCN2A_SOC3/2022_10_05_M1_M6,0.4011910112359551,0.74,0.12590664820341363,16.34,0.9076911867708548,24
scn2a,s-DANNCE-SCN2A_SOC3/2022_10_05_M1_M6,0.4018202247191011,0.58,0.04596592313017614,17.46,0.9040397771063353,25
scn2a,s-DANNCE-SCN2A_SOC3/2022_10_05_M1_M6,0.4023370786516854,0.62,0.0736385714041262,0.92,0.9988469852863111,26
scn2a,s-DANNCE-SCN2A_SOC3/2022_10_05_M1_M6,0.4121797752808989,0.42,1.5948236442529071,2.32,0.9637011011416009,27
scn2a,s-DANNCE-SCN2A_SOC3/2022_10_05_M1_M6,0.4125505617977528,0.28,1.662710292921194,2.98,0.9755213741426597,28
scn2a,s-DANNCE-SCN2A_SOC3/2022_10_05_M1_M6,0.4144044943820225,0.26,1.3131340960906654,0.28,0.8676544654885192,29
scn2a,s-DANNCE-SCN2A_SOC3/2022_10_05_M1_M6,0.4540674157303371,1.08,1.8142954004309362,4.68,0.9598211980604079,30
scn2a,s-DANNCE-SCN2A_SOC3/2022_10_05_M1_M6,0.45478651685393257,0.4,1.7970054242338467,1.28,0.8772680236068123,31
scn2a,s-DANNCE-SCN2A_SOC3/2022_10_05_M1_M6,0.5693370786516854,2.38,0.21289956745914806,1.48,0.929464759835088,32
scn2a,s-DANNCE-SCN2A_SOC3/2022_10_05_M1_M6,0.5745168539325842,0.54,1.198377976527399,9.22,0.9874627640542193,33
scn2a,s-DANNCE-SCN2A_SOC3/2022_10_05_M1_M6,0.5845168539325842,0.62,0.9005400826310018,0.36,0.9217668888239219,34
scn2a,s-DANNCE-SCN2A_SOC3/2022_10_05_M1_M6,0.5879550561797753,2.02,0.1023316399448314,0.52,0.955566526000705,35
scn2a,s-DANNCE-SCN2A_SOC3/2022_10_05_M1_M6,0.6000224719101124,2.84,0.10367195018466736,3.5,0.9742475356424958,36
scn2a,s-DANNCE-SCN2A_SOC3/2022_10_05_M1_M6,0.6119887640449438,1.9,1.629489163813632,0.22,0.9586007227688248,37
scn2a,s-DANNCE-SCN2A_SOC3/2022_10_05_M1_M6,0.6168202247191011,0.68,1.9216375845626275,0.44,0.989932927689533,38
scn2a,s-DANNCE-SCN2A_SOC3/2022_10_05_M1_M6,0.6347528089887641,2.14,0.03113704743798855,13.32,0.9465730503418803,39
scn2a,s-DANNCE-SCN2A_SOC3/2022_10_05_M1_M6,0.6361573033707865,0.26,0.8451321014857294,2.5,0.8574981063771341,40
scn2a,s-DANNCE-SCN2A_SOC3/2022_10_05_M1_M6,0.6761123595505618,6.48,0.36436997779660235,1.8,0.9054572515940226,41
scn2a,s-DANNCE-SCN2A_SOC3/2022_10_05_M1_M6,0.7049775280898877,2.58,0.9871092393354306,0.86,0.8619135557871541,42
scn2a,s-DANNCE-SCN2A_SOC3/2022_10_05_M1_M6,0.8085168539325843,0.66,1.2735352642213562,1.82,0.9650293054569736,43
scn2a,s-DANNCE-SCN2A_SOC3/2022_10_05_M3_M2,0.09871910112359551,1.4,0.9087366327420415,2.36,0.9373747210212258,1
scn2a,s-DANNCE-SCN2A_SOC3/2022_10_05_M3_M2,0.11276404494382022,0.26,1.449376797524166,0.42,0.8649243002894832,2
scn2a,s-DANNCE-SCN2A_SOC3/2022_10_05_M3_M2,0.15817977528089888,0.54,2.7218627146566217,0.48,0.9265031862749559,3
scn2a,s-DANNCE-SCN2A_SOC3/2022_10_05_M3_M2,0.17185393258426968,0.24,1.0901045299297818,2.8,0.9020335983650328,4
scn2a,s-DANNCE-SCN2A_SOC3/2022_10_05_M3_M2,0.1884943820224719,1.52,1.5962861824163581,1.54,0.8041865410812696,5
scn2a,s-DANNCE-SCN2A_SOC3/2022_10_05_M3_M2,0.1914494382022472,0.6,2.156631654022621,5.26,0.8433725072065312,6
scn2a,s-DANNCE-SCN2A_SOC3/2022_10_05_M3_M2,0.19212359550561797,0.28,1.9920091231222423,1.2,0.8266738331212198,7
scn2a,s-DANNCE-SCN2A_SOC3/2022_10_05_M3_M2,0.19807865168539326,2.08,1.6286212426232896,3.52,0.9438609130052651,8
scn2a,s-DANNCE-SCN2A_SOC3/2022_10_05_M3_M2,0.2545955056179775,1.42,1.1257445667717714,1.4,0.9134151891884051,9
scn2a,s-DANNCE-SCN2A_SOC3/2022_10_05_M3_M2,0.3108314606741573,1.4,0.03869873747489083,2.18,0.8752216513694283,10
scn2a,s-DANNCE-SCN2A_SOC3/2022_10_05_M3_M2,0.36842696629213484,2.08,0.0033460222846206753,0.46,0.911508306348581,11
scn2a,s-DANNCE-SCN2A_SOC3/2022_10_05_M3_M2,0.5356629213483146,0.26,1.3095653965482674,5.78,0.9909924860989688,12
scn2a,s-DANNCE-SCN2A_SOC3/2022_10_05_M3_M2,0.7983370786516854,1.24,1.314438695412682,5.96,0.974193136924997,13
scn2a,s-DANNCE-SCN2A_SOC3/2022_10_05_M3_M2,0.9822134831460674,2.9,1.283717839443027,0.86,0.9537210354199767,14
scn2a,s-DANNCE-SCN2A_SOC3/2022_10_05_M5_M4,0.04302247191011236,0.86,2.301731217886483,0.96,0.9673878557573508,1
scn2a,s-DANNCE-SCN2A_SOC3/2022_10_05_M5_M4,0.057752808988764046,0.62,0.08854670759490298,0.9,0.8702581478249779,2
scn2a,s-DANNCE-SCN2A_SOC3/2022_10_05_M5_M4,0.05978651685393258,1.8,0.9844908769253926,0.74,0.9740988654777282,3
scn2a,s-DANNCE-SCN2A_SOC3/2022_10_05_M5_M4,0.06998876404494382,0.76,2.371599255593358,0.9,0.9126369201236286,4
scn2a,s-DANNCE-SCN2A_SOC3/2022_10_05_M5_M4,0.07302247191011237,0.68,1.2969214264338222,0.08,0.9324067467476511,5
scn2a,s-DANNCE-SCN2A_SOC3/2022_10_05_M5_M4,0.10808988764044944,0.44,1.86574308770904,2.7,0.783168322989373,6
scn2a,s-DANNCE-SCN2A_SOC3/2022_10_05_M5_M4,0.11123595505617978,0.86,2.208288740502343,1.6,0.9591872627519945,7
scn2a,s-DANNCE-SCN2A_SOC3/2022_10_05_M5_M4,0.13329213483146068,1.4,0.09452003031817736,1.96,0.8837105179639254,8
scn2a,s-DANNCE-SCN2A_SOC3/2022_10_05_M5_M4,0.1401685393258427,0.54,0.1287157586076464,2.82,0.8533963271004751,9
scn2a,s-DANNCE-SCN2A_SOC3/2022_10_05_M5_M4,0.14191011235955056,0.6,0.0023370999378393873,0.78,0.864908378837473,10
scn2a,s-DANNCE-SCN2A_SOC3/2022_10_05_M5_M4,0.15491011235955057,5.92,0.010884660472872407,0.12,0.9832994051239817,11
scn2a,s-DANNCE-SCN2A_SOC3/2022_10_05_M5_M4,0.266,1.22,1.7618454490954158,0.8,0.9539755249652012,12
scn2a,s-DANNCE-SCN2A_SOC3/2022_10_05_M5_M4,0.30664044943820223,3.1,0.27401717372098783,8.12,0.9884223002969282,13
scn2a,s-DANNCE-SCN2A_SOC3/2022_10_05_M5_M4,0.30941573033707864,1.06,1.0443362697108893,4.94,0.9976149065777845,14
scn2a,s-DANNCE-SCN2A_SOC3/2022_10_05_M5_M4,0.34324719101123596,0.36,1.7248801579035895,3.16,0.87747108969022,15
scn2a,s-DANNCE-SCN2A_SOC3/2022_10_05_M5_M4,0.3651011235955056,1.06,1.0494952824556845,0.64,0.9887087836388946,16
scn2a,s-DANNCE-SCN2A_SOC3/2022_10_05_M5_M4,0.43225842696629213,2.04,1.2159441821387225,3.8,0.9937747995184253,17
scn2a,s-DANNCE-SCN2A_SOC3/2022_10_05_M5_M4,0.45230337078651683,0.34,1.2966823512357974,2.78,0.8192329136980638,18
scn2a,s-DANNCE-SCN2A_SOC3/2022_10_05_M5_M4,0.4538876404494382,1.08,0.06597387328816566,5.6,0.89568708510912,19
scn2a,s-DANNCE-SCN2A_SOC3/2022_10_05_M5_M4,0.4980561797752809,2.3,2.41605728559474,3.0,0.938037132847418,20
scn2a,s-DANNCE-SCN2A_SOC3/2022_10_05_M5_M4,0.5025393258426967,0.78,0.03844207533514896,2.7,0.9515688888753016,21
scn2a,s-DANNCE-SCN2A_SOC3/2022_10_05_M5_M4,0.5378202247191011,0.24,0.5321079629563698,0.0,0.8328022151918862,22
scn2a,s-DANNCE-SCN2A_SOC3/2022_10_05_M5_M4,0.5386067415730337,0.3,0.5445319325113744,1.4,0.7657780322637788,23
scn2a,s-DANNCE-SCN2A_SOC3/2022_10_05_M5_M4,0.5394269662921348,1.42,0.04555833221237911,2.86,0.8708228249734905,24
scn2a,s-DANNCE-SCN2A_SOC3/2022_10_05_M5_M4,0.5422359550561798,0.62,0.9639332808457323,0.8,0.9996752117623228,25
scn2a,s-DANNCE-SCN2A_SOC3/2022_10_05_M5_M4,0.5428202247191011,2.36,1.2176646385295888,1.04,0.913360469986402,26
scn2a,s-DANNCE-SCN2A_SOC3/2022_10_05_M5_M4,0.5470449438202247,2.16,2.2437975602505014,8.56,0.9748819879397632,27
scn2a,s-DANNCE-SCN2A_SOC3/2022_10_05_M5_M4,0.5549887640449438,3.04,0.003990972722334206,2.7,0.8227260444961406,28
scn2a,s-DANNCE-SCN2A_SOC3/2022_10_05_M5_M4,0.5583707865168539,1.14,0.04091292287171077,6.02,0.9839578436119073,29
scn2a,s-DANNCE-SCN2A_SOC3/2022_10_05_M5_M4,0.628,1.82,0.6798944765862933,1.16,0.9480459557673241,30
scn2a,s-DANNCE-SCN2A_SOC3/2022_10_05_M5_M4,0.6352696629213483,0.74,1.3865455169407919,6.56,0.9606485954051047,31
scn2a,s-DANNCE-SCN2A_SOC3/2022_10_05_M5_M4,0.663685393258427,0.74,1.7935743047393335,4.16,0.8416163453510235,32
scn2a,s-DANNCE-SCN2A_SOC3/2022_10_05_M5_M4,0.670876404494382,0.78,1.8767291206154777,2.5,0.97215739968827,33
scn2a,s-DANNCE-SCN2A_SOC3/2022_10_05_M5_M4,0.7052247191011236,2.66,2.026407451532475,1.82,0.9569838728323941,34
scn2a,s-DANNCE-SCN2A_SOC3/2022_10_05_M5_M4,0.7497303370786517,1.02,0.4725993521716287,0.44,0.950796277932067,35
scn2a,s-DANNCE-SCN2A_SOC3/2022_10_05_M5_M4,0.7789887640449438,1.6,1.0023571758911167,3.06,0.8820104689204745,36
scn2a,s-DANNCE-SCN2A_SOC3/2022_10_05_M5_M4,0.9053483146067416,0.26,1.667972564915859,4.5,0.9820822224967072,37
scn2a,s-DANNCE-SCN2A_SOC3/2022_10_05_M5_M4,0.9073932584269663,5.74,0.9537409071846291,3.64,0.9922682001252013,38
scn2a,s-DANNCE-SCN2A_SOC3/2022_10_05_M5_M4,0.9109213483146067,0.54,0.8171064757186868,9.92,0.9665076105519083,39
scn2a,s-DANNCE-SCN2A_SOC3/2022_10_05_M5_M4,0.938247191011236,3.68,0.028044482573940585,0.44,0.9565263297929183,40
scn2a,s-DANNCE-SCN2A_SOC3/2022_10_05_M5_M4,0.9404719101123595,0.38,0.14102527599534656,3.96,0.8270252600091368,41
scn2a,s-DANNCE-SCN2A_SOC3/2022_10_05_M5_M4,0.9408202247191011,6.66,0.005625095845265621,4.58,0.9562216819344685,42
scn2a,s-DANNCE-SCN2A_SOC3/2022_10_06_M2_M4,0.04643820224719101,0.36,0.023530181885519953,0.3,0.9476205685195608,1
scn2a,s-DANNCE-SCN2A_SOC3/2022_10_06_M2_M4,0.048561797752808986,0.52,0.01005483571118117,0.3,0.9739216990707442,2
scn2a,s-DANNCE-SCN2A_SOC3/2022_10_06_M2_M4,0.04897752808988764,0.42,0.02352693503204949,1.04,0.9387290796885361,3
scn2a,s-DANNCE-SCN2A_SOC3/2022_10_06_M2_M4,0.049561797752808986,0.66,0.005865461504359318,2.08,0.9549283169602326,4
scn2a,s-DANNCE-SCN2A_SOC3/2022_10_06_M2_M4,0.060247191011235955,2.52,0.19638470627452445,0.12,0.9666117691470024,5
scn2a,s-DANNCE-SCN2A_SOC3/2022_10_06_M2_M4,0.07635955056179776,0.46,0.02925880944804766,0.28,0.9700932758493046,6
scn2a,s-DANNCE-SCN2A_SOC3/2022_10_06_M2_M4,0.08682022471910113,0.36,0.09486722660454563,0.26,0.8559481296049597,7
scn2a,s-DANNCE-SCN2A_SOC3/2022_10_06_M2_M4,0.09901123595505618,1.2,0.607983672806285,0.98,0.9298291625544903,8
scn2a,s-DANNCE-SCN2A_SOC3/2022_10_06_M2_M4,0.14848314606741572,1.98,1.7697065573928432,0.9,0.9571612532150915,9
scn2a,s-DANNCE-SCN2A_SOC3/2022_10_06_M2_M4,0.15378651685393258,2.06,2.7870059933055646,2.1,0.9872560061138344,10
scn2a,s-DANNCE-SCN2A_SOC3/2022_10_06_M2_M4,0.15787640449438203,0.6,0.0077547596725358325,0.4,0.9458366866506337,11
scn2a,s-DANNCE-SCN2A_SOC3/2022_10_06_M2_M4,0.17652808988764046,0.7,0.0338272779099972,1.06,0.9218749560406585,12
scn2a,s-DANNCE-SCN2A_SOC3/2022_10_06_M2_M4,0.2597415730337079,0.64,1.3934804849929996,3.6,0.9971857348272022,13
scn2a,s-DANNCE-SCN2A_SOC3/2022_10_06_M2_M4,0.2736629213483146,1.68,0.05509297428310141,0.88,0.8593521854015455,14
scn2a,s-DANNCE-SCN2A_SOC3/2022_10_06_M2_M4,0.2870337078651685,1.56,1.8005392169786982,0.26,0.9744430610103573,15
scn2a,s-DANNCE-SCN2A_SOC3/2022_10_06_M2_M4,0.2911123595505618,1.12,0.48866835012772986,0.86,0.9909884243709853,16
scn2a,s-DANNCE-SCN2A_SOC3/2022_10_06_M2_M4,0.2942247191011236,7.64,0.006692294947256635,6.4,0.9613216319852647,17
scn2a,s-DANNCE-SCN2A_SOC3/2022_10_06_M2_M4,0.3337191011235955,2.08,1.5320942786743037,0.28,0.9790973438846116,18
scn2a,s-DANNCE-SCN2A_SOC3/2022_10_06_M2_M4,0.3363707865168539,0.68,1.5539772389604591,1.4,0.9575122980248689,19
scn2a,s-DANNCE-SCN2A_SOC3/2022_10_06_M2_M4,0.393123595505618,0.38,1.9431199476231809,0.8,0.9390984192396093,20
scn2a,s-DANNCE-SCN2A_SOC3/2022_10_06_M2_M4,0.399876404494382,0.44,2.1060160819937095,0.14,0.9034239744073196,21
scn2a,s-DANNCE-SCN2A_SOC3/2022_10_06_M2_M4,0.40040449438202247,0.8,1.932276283588319,1.08,0.9886742833100906,22
scn2a,s-DANNCE-SCN2A_SOC3/2022_10_06_M2_M4,0.4020449438202247,1.52,0.14490982725043403,4.0,0.9045367484731986,23
scn2a,s-DANNCE-SCN2A_SOC3/2022_10_06_M2_M4,0.41297752808988764,0.6,1.7782710282636285,0.44,0.9321021948752272,24
scn2a,s-DANNCE-SCN2A_SOC3/2022_10_06_M2_M4,0.4505168539325843,0.48,1.479039500544972,0.24,0.9364593736843903,25
scn2a,s-DANNCE-SCN2A_SOC3/2022_10_06_M2_M4,0.46723595505617976,2.7,2.052552230005597,1.16,0.9810315772582568,26
scn2a,s-DANNCE-SCN2A_SOC3/2022_10_06_M2_M4,0.538,1.86,0.28563057018507504,8.28,0.9919837202898075,27
scn2a,s-DANNCE-SCN2A_SOC3/2022_10_06_M2_M4,0.5723707865168539,4.52,1.2891358484216107,1.28,0.9579586316724431,28
scn2a,s-DANNCE-SCN2A_SOC3/2022_10_06_M2_M4,0.5800898876404494,0.4,0.34396756997009653,4.58,0.7700503662238932,29
scn2a,s-DANNCE-SCN2A_SOC3/2022_10_06_M2_M4,0.5838651685393258,0.72,1.783756658999607,11.3,0.8966454258904604,30
scn2a,s-DANNCE-SCN2A_SOC3/2022_10_06_M2_M4,0.5851797752808989,1.54,2.622225618185734,0.66,0.9619173443651582,31
scn2a,s-DANNCE-SCN2A_SOC3/2022_10_06_M2_M4,0.6212359550561798,1.34,2.1707921351236936,0.58,0.9556125662238197,32
scn2a,s-DANNCE-SCN2A_SOC3/2022_10_06_M2_M4,0.7660449438202247,3.12,0.6264823231972506,1.88,0.9886390960244248,33
scn2a,s-DANNCE-SCN2A_SOC3/2022_10_06_M2_M4,0.9123932584269663,0.32,1.1740331578095355,3.6,0.8737758741095408,34
scn2a,s-DANNCE-SCN2A_SOC3/2022_10_06_M2_M4,0.9705842696629213,1.8,1.4579575519371257,0.64,0.9945558872338348,35
scn2a,s-DANNCE-SCN2A_SOC3/2022_10_06_M3_M6,0.021764044943820223,2.86,0.8725957189359396,2.02,0.8252563487181981,1
scn2a,s-DANNCE-SCN2A_SOC3/2022_10_06_M3_M6,0.050382022471910114,0.46,0.3750651581228788,2.68,0.9757322867170963,2
scn2a,s-DANNCE-SCN2A_SOC3/2022_10_06_M3_M6,0.05596629213483146,2.56,2.660034851724667,0.04,0.9671037783406581,3
scn2a,s-DANNCE-SCN2A_SOC3/2022_10_06_M3_M6,0.07440449438202247,1.78,0.9959154426459518,1.02,0.8451091943475818,4
scn2a,s-DANNCE-SCN2A_SOC3/2022_10_06_M3_M6,0.08077528089887641,0.24,0.9297976065845944,3.44,0.8055309753754812,5
scn2a,s-DANNCE-SCN2A_SOC3/2022_10_06_M3_M6,0.08651685393258426,1.7,0.6648516409172854,0.26,0.8632420650803082,6
scn2a,s-DANNCE-SCN2A_SOC3/2022_10_06_M3_M6,0.10238202247191011,1.18,1.7119584701981294,0.0,0.9895853599936466,7
scn2a,s-DANNCE-SCN2A_SOC3/2022_10_06_M3_M6,0.10408988764044944,2.06,0.04455563616364357,0.36,0.8945992044306785,8
scn2a,s-DANNCE-SCN2A_SOC3/2022_10_06_M3_M6,0.11538202247191011,0.38,1.486448090041907,1.3,0.9010224975980335,9
scn2a,s-DANNCE-SCN2A_SOC3/2022_10_06_M3_M6,0.1714494382022472,0.84,0.9909631165876935,3.06,0.9578754251680422,10
scn2a,s-DANNCE-SCN2A_SOC3/2022_10_06_M3_M6,0.17814606741573033,0.42,2.552581487674627,0.54,0.9258467590806737,11
scn2a,s-DANNCE-SCN2A_SOC3/2022_10_06_M3_M6,0.1971123595505618,0.94,0.8542495912763459,5.68,0.8927171150053416,12
scn2a,s-DANNCE-SCN2A_SOC3/2022_10_06_M3_M6,0.238,0.84,0.9966815145994599,1.1,0.9793403885279441,13
scn2a,s-DANNCE-SCN2A_SOC3/2022_10_06_M3_M6,0.2389438202247191,0.28,1.5774900673309187,1.68,0.8950438396546602,14
scn2a,s-DANNCE-SCN2A_SOC3/2022_10_06_M3_M6,0.2519887640449438,2.04,2.115668133511326,0.8,0.9907210408048875,15
scn2a,s-DANNCE-SCN2A_SOC3/2022_10_06_M3_M6,0.2827977528089888,1.48,0.7389713333020463,2.9,0.949853558674825,16
scn2a,s-DANNCE-SCN2A_SOC3/2022_10_06_M3_M6,0.3454269662921348,4.92,0.027440925062162794,2.56,0.99308041491695,17
scn2a,s-DANNCE-SCN2A_SOC3/2022_10_06_M3_M6,0.3497752808988764,2.48,0.013557619878976407,0.1,0.9946408312329835,18
scn2a,s-DANNCE-SCN2A_SOC3/2022_10_06_M3_M6,0.35197752808988764,0.5,0.08744923647737565,4.02,0.9689388546456821,19
scn2a,s-DANNCE-SCN2A_SOC3/2022_10_06_M3_M6,0.35397752808988764,2.8,0.5270086041198695,3.56,0.9251891195919127,20
scn2a,s-DANNCE-SCN2A_SOC3/2022_10_06_M3_M6,0.3574831460674157,1.46,0.40721015811780864,0.68,0.9638526009686104,21
scn2a,s-DANNCE-SCN2A_SOC3/2022_10_06_M3_M6,0.4764943820224719,2.46,0.5822563023806199,0.94,0.7728334503805149,22
scn2a,s-DANNCE-SCN2A_SOC3/2022_10_06_M3_M6,0.8717078651685394,0.46,0.60558357609343,1.32,0.6900945439048871,23
scn2a,s-DANNCE-SCN2A_SOC3/2022_10_06_M3_M6,0.9162921348314607,1.16,2.392132698941775,2.36,0.984671973401878,24
scn2a,s-DANNCE-SCN2A_SOC3/2022_10_06_M3_M6,0.9708651685393258,0.26,0.4609046499945785,3.3,0.802225146982956,25
scn2a,s-DANNCE-SCN2A_SOC3/2022_10_06_M5_M1,0.0012247191011235956,0.28,2.0931729225256688,0.38,0.8774158734721238,1
scn2a,s-DANNCE-SCN2A_SOC3/2022_10_06_M5_M1,0.025853932584269664,0.78,2.4628259263187386,1.6,0.959143753773633,2
scn2a,s-DANNCE-SCN2A_SOC3/2022_10_06_M5_M1,0.04666292134831461,2.3,0.045920995409103424,1.5,0.9162879711814462,3
scn2a,s-DANNCE-SCN2A_SOC3/2022_10_06_M5_M1,0.07159550561797753,0.68,0.13666441284162284,1.42,0.8207909018450571,4
scn2a,s-DANNCE-SCN2A_SOC3/2022_10_06_M5_M1,0.0750561797752809,1.86,1.9765096227753665,0.5,0.9387493567464795,5
scn2a,s-DANNCE-SCN2A_SOC3/2022_10_06_M5_M1,0.09357303370786517,0.6,2.0686231417152032,0.64,0.8200230571984194,6
scn2a,s-DANNCE-SCN2A_SOC3/2022_10_06_M5_M1,0.10751685393258427,1.5,1.603209417746385,2.32,0.8253870290888332,7
scn2a,s-DANNCE-SCN2A_SOC3/2022_10_06_M5_M1,0.13662921348314608,0.7,0.9051782165994182,3.54,0.7537495876929786,8
scn2a,s-DANNCE-SCN2A_SOC3/2022_10_06_M5_M1,0.1374494382022472,0.5,1.7443128143736275,1.46,0.8932979623050133,9
scn2a,s-DANNCE-SCN2A_SOC3/2022_10_06_M5_M1,0.14857303370786518,1.18,0.13489626637010804,0.5,0.9880404120040449,10
scn2a,s-DANNCE-SCN2A_SOC3/2022_10_06_M5_M1,0.1575056179775281,1.26,0.5145168662508991,1.54,0.9503994568841755,11
scn2a,s-DANNCE-SCN2A_SOC3/2022_10_06_M5_M1,0.19908988764044944,0.36,0.29904790612392823,2.02,0.882578828040588,12
scn2a,s-DANNCE-SCN2A_SOC3/2022_10_06_M5_M1,0.2333370786516854,1.0,1.1921157254212367,0.66,0.8337790311083257,13
scn2a,s-DANNCE-SCN2A_SOC3/2022_10_06_M5_M1,0.2393258426966292,1.26,0.05535813240098555,6.28,0.9225040378364197,14
scn2a,s-DANNCE-SCN2A_SOC3/2022_10_06_M5_M1,0.24148314606741572,2.72,0.34644223227114923,3.84,0.9011814525527893,15
scn2a,s-DANNCE-SCN2A_SOC3/2022_10_06_M5_M1,0.26979775280898877,1.6,0.9357308803754156,0.66,0.8891626588895402,16
scn2a,s-DANNCE-SCN2A_SOC3/2022_10_06_M5_M1,0.27491011235955054,4.56,0.9595155365799889,0.46,0.9145593328595075,17
scn2a,s-DANNCE-SCN2A_SOC3/2022_10_06_M5_M1,0.28784269662921347,1.52,0.02247274663177234,0.48,0.9074781325575062,18
scn2a,s-DANNCE-SCN2A_SOC3/2022_10_06_M5_M1,0.28997752808988764,2.98,0.566487020889288,4.28,0.914475853798504,19
scn2a,s-DANNCE-SCN2A_SOC3/2022_10_06_M5_M1,0.30179775280898874,0.56,2.047431445393336,1.4,0.9504473645365118,20
scn2a,s-DANNCE-SCN2A_SOC3/2022_10_06_M5_M1,0.30397752808988765,0.36,0.955138299253534,5.28,0.9846846243986026,21
scn2a,s-DANNCE-SCN2A_SOC3/2022_10_06_M5_M1,0.38832584269662923,0.5,0.7492650577159254,0.88,0.8780311366328939,22
scn2a,s-DANNCE-SCN2A_SOC3/2022_10_06_M5_M1,0.4951011235955056,0.88,1.3226579859522296,11.68,0.9776123923219406,23
scn2a,s-DANNCE-SCN2A_SOC3/2022_10_06_M5_M1,0.4963033707865169,1.56,0.9137134529324894,2.14,0.985654621949603,24
scn2a,s-DANNCE-SCN2A_SOC3/2022_10_06_M5_M1,0.5063595505617977,1.8,1.3717043528317892,0.54,0.7813680403740187,25
scn2a,s-DANNCE-SCN2A_SOC3/2022_10_06_M5_M1,0.5429775280898876,0.7,0.02586755478417538,0.22,0.9573253047610862,26
scn2a,s-DANNCE-SCN2A_SOC3/2022_10_06_M5_M1,0.5845730337078652,1.76,1.3692417845268594,2.32,0.9736121472147957,27
scn2a,s-DANNCE-SCN2A_SOC3/2022_10_06_M5_M1,0.6272022471910113,4.0,0.04720392187395008,0.74,0.9562179345301843,28
scn2a,s-DANNCE-SCN2A_SOC3/2022_10_06_M5_M1,0.6311685393258427,0.56,0.9906181377420062,1.86,0.9974422416064269,29
scn2a,s-DANNCE-SCN2A_SOC3/2022_10_06_M5_M1,0.6336404494382023,0.46,0.006637592140528062,0.08,0.8853839661554737,30
scn2a,s-DANNCE-SCN2A_SOC3/2022_10_06_M5_M1,0.6341797752808989,0.88,0.0852320661161376,0.96,0.9353496199776514,31
scn2a,s-DANNCE-SCN2A_SOC3/2022_10_06_M5_M1,0.6354943820224719,2.3,0.09908377036705007,3.3,0.9789458210871311,32
scn2a,s-DANNCE-SCN2A_SOC3/2022_10_06_M5_M1,0.8237191011235955,2.2,1.0045117538312973,1.84,0.775055242700083,33
scn2a,s-DANNCE-SCN2A_SOC3/2022_10_06_M5_M1,0.8891797752808989,2.7,0.4684586019278838,0.96,0.9876185343204864,34
scn2a,s-DANNCE-SCN2A_SOC3/2022_10_06_M5_M1,0.8921573033707865,2.42,0.09178046471083574,6.26,0.9896479656355668,35
scn2a,s-DANNCE-SCN2A_SOC3/2022_10_07_M1_M4,0.02044943820224719,0.86,1.066987065773274,0.58,0.9050465185939446,1
scn2a,s-DANNCE-SCN2A_SOC3/2022_10_07_M1_M4,0.03831460674157303,2.02,1.4979846066723603,0.1,0.8731480360949316,2
scn2a,s-DANNCE-SCN2A_SOC3/2022_10_07_M1_M4,0.0640561797752809,0.68,1.7030924972914088,2.02,0.8714256277151513,3
scn2a,s-DANNCE-SCN2A_SOC3/2022_10_07_M1_M4,0.06479775280898876,0.32,1.9924841781805758,3.28,0.851107152475418,4
scn2a,s-DANNCE-SCN2A_SOC3/2022_10_07_M1_M4,0.08840449438202247,0.34,0.014439906863715745,0.96,0.8980598159622798,5
scn2a,s-DANNCE-SCN2A_SOC3/2022_10_07_M1_M4,0.08875280898876405,0.28,0.03376535596370153,1.58,0.9047096729082648,6
scn2a,s-DANNCE-SCN2A_SOC3/2022_10_07_M1_M4,0.09649438202247192,0.34,1.3246039177095164,0.9,0.977946986601859,7
scn2a,s-DANNCE-SCN2A_SOC3/2022_10_07_M1_M4,0.11532584269662921,1.22,2.220354875707192,0.24,0.9831251046381719,8
scn2a,s-DANNCE-SCN2A_SOC3/2022_10_07_M1_M4,0.21229213483146067,1.6,0.2122661673089456,6.4,0.8763772643176928,9
scn2a,s-DANNCE-SCN2A_SOC3/2022_10_07_M1_M4,0.21374157303370786,0.66,0.3014340178160818,2.58,0.8480621910059484,10
scn2a,s-DANNCE-SCN2A_SOC3/2022_10_07_M1_M4,0.21896629213483146,10.68,2.5921669030072017,0.5,0.8933714344957415,11
scn2a,s-DANNCE-SCN2A_SOC3/2022_10_07_M1_M4,0.30175280898876405,6.06,1.6087099969985423,2.92,0.9978535971079016,12
scn2a,s-DANNCE-SCN2A_SOC3/2022_10_07_M1_M4,0.30889887640449437,0.48,1.4381075977984499,1.6,0.7818708240983115,13
scn2a,s-DANNCE-SCN2A_SOC3/2022_10_07_M1_M4,0.6611797752808989,0.34,1.5693103850921297,0.6,0.7596177174875065,14
scn2a,s-DANNCE-SCN2A_SOC3/2022_10_07_M1_M4,0.8699775280898876,2.56,0.0395677170829871,2.72,0.9586813070244604,15
scn2a,s-DANNCE-SCN2A_SOC3/2022_10_07_M5_M3,0.04149438202247191,0.4,2.9111637493172213,2.88,0.7833914404402056,1
scn2a,s-DANNCE-SCN2A_SOC3/2022_10_07_M5_M3,0.04191011235955056,0.4,2.49517115317344,2.88,0.9327423151518585,2
scn2a,s-DANNCE-SCN2A_SOC3/2022_10_07_M5_M3,0.12068539325842696,0.76,1.0733166575348214,5.84,0.9596188350561048,3
scn2a,s-DANNCE-SCN2A_SOC3/2022_10_07_M5_M3,0.12473033707865168,0.96,2.0874467296897685,2.34,0.944292124715264,4
scn2a,s-DANNCE-SCN2A_SOC3/2022_10_07_M5_M3,0.12625842696629214,0.5,0.6664794406580501,0.54,0.8604503985004319,5
scn2a,s-DANNCE-SCN2A_SOC3/2022_10_07_M5_M3,0.12732584269662922,1.66,0.014920667379700166,2.44,0.900740509439017,6
scn2a,s-DANNCE-SCN2A_SOC3/2022_10_07_M5_M3,0.13002247191011235,0.26,2.8765236296047134,0.42,0.861115979929023,7
scn2a,s-DANNCE-SCN2A_SOC3/2022_10_07_M5_M3,0.15298876404494383,1.58,2.567290733752413,2.22,0.8094203419417119,8
scn2a,s-DANNCE-SCN2A_SOC3/2022_10_07_M5_M3,0.15398876404494383,0.42,2.390973380953026,4.0,0.7805257217860246,9
scn2a,s-DANNCE-SCN2A_SOC3/2022_10_07_M5_M3,0.15847191011235956,0.5,2.6479525624439515,0.3,0.8301094905452765,10
scn2a,s-DANNCE-SCN2A_SOC3/2022_10_07_M5_M3,0.16592134831460675,2.36,0.024988138357476024,4.66,0.9382983443122089,11
scn2a,s-DANNCE-SCN2A_SOC3/2022_10_07_M5_M3,0.16887640449438202,0.96,1.4722432862155357,0.18,0.9166607854932155,12
scn2a,s-DANNCE-SCN2A_SOC3/2022_10_07_M5_M3,0.17829213483146067,0.96,2.642829823779192,5.58,0.9247828039836098,13
scn2a,s-DANNCE-SCN2A_SOC3/2022_10_07_M5_M3,0.19146067415730336,2.5,2.0428438464922847,0.18,0.9919892440097245,14
scn2a,s-DANNCE-SCN2A_SOC3/2022_10_07_M5_M3,0.1941797752808989,0.98,2.3932143495868403,4.84,0.9710664878271337,15
scn2a,s-DANNCE-SCN2A_SOC3/2022_10_07_M5_M3,0.19982022471910113,1.12,2.0784209032399574,0.62,0.9808529350458415,16
scn2a,s-DANNCE-SCN2A_SOC3/2022_10_07_M5_M3,0.29038202247191014,1.18,1.0667134080151628,2.54,0.9961973582215673,17
scn2a,s-DANNCE-SCN2A_SOC3/2022_10_07_M5_M3,0.29512359550561795,0.52,2.3709843567291333,0.5,0.8189767772004678,18
scn2a,s-DANNCE-SCN2A_SOC3/2022_10_07_M5_M3,0.3612584269662921,0.7,0.47977205999856215,0.16,0.9575219720954472,19
scn2a,s-DANNCE-SCN2A_SOC3/2022_10_07_M5_M3,0.3700898876404494,1.26,0.6908792693292503,1.16,0.8948211232945302,20
scn2a,s-DANNCE-SCN2A_SOC3/2022_10_07_M5_M3,0.3714494382022472,1.7,0.2560705943998675,3.58,0.9883361046706529,21
scn2a,s-DANNCE-SCN2A_SOC3/2022_10_07_M5_M3,0.38901123595505616,1.68,0.2882707596956897,1.94,0.9634603151381712,22
scn2a,s-DANNCE-SCN2A_SOC3/2022_10_07_M5_M3,0.3906741573033708,3.22,0.9496614940696139,4.9,0.9777288288678313,23
scn2a,s-DANNCE-SCN2A_SOC3/2022_10_07_M5_M3,0.41437078651685394,3.12,0.06989568550178792,0.5,0.9663703771954185,24
scn2a,s-DANNCE-SCN2A_SOC3/2022_10_07_M5_M3,0.443314606741573,1.04,1.952345903608135,0.38,0.9291406588755406,25
scn2a,s-DANNCE-SCN2A_SOC3/2022_10_07_M5_M3,0.48457303370786514,0.76,0.13127192075679256,4.52,0.9513697282219232,26
scn2a,s-DANNCE-SCN2A_SOC3/2022_10_07_M5_M3,0.4853370786516854,7.9,0.10528799296132198,5.88,0.9054337473594647,27
scn2a,s-DANNCE-SCN2A_SOC3/2022_10_07_M5_M3,0.5249101123595505,0.56,0.02449206633229751,4.12,0.952913000363982,28
scn2a,s-DANNCE-SCN2A_SOC3/2022_10_07_M5_M3,0.5260337078651686,1.34,0.32803719640937795,6.12,0.8773041882499932,29
scn2a,s-DANNCE-SCN2A_SOC3/2022_10_07_M5_M3,0.5430898876404494,0.7,0.5914757385874071,0.32,0.9168309147455677,30
scn2a,s-DANNCE-SCN2A_SOC3/2022_10_07_M5_M3,0.5653707865168539,0.54,0.07743263164561705,2.18,0.9199836438365875,31
scn2a,s-DANNCE-SCN2A_SOC3/2022_10_07_M5_M3,0.5718314606741574,0.56,0.7870349710978457,0.16,0.9658009965107308,32
scn2a,s-DANNCE-SCN2A_SOC3/2022_10_07_M5_M3,0.5998651685393258,3.48,1.0925848880535844,0.42,0.989154969264172,33
scn2a,s-DANNCE-SCN2A_SOC3/2022_10_07_M5_M3,0.6100224719101124,0.7,1.7666780604783237,3.18,0.8440524614101435,34
scn2a,s-DANNCE-SCN2A_SOC3/2022_10_07_M5_M3,0.6737865168539325,1.34,0.0035540058894108877,0.4,0.9300215770121792,35
scn2a,s-DANNCE-SCN2A_SOC3/2022_10_07_M5_M3,0.6746516853932585,0.34,0.02447995062852155,1.94,0.8971975185203472,36
scn2a,s-DANNCE-SCN2A_SOC3/2022_10_07_M5_M3,0.7372134831460674,0.72,0.0953386773444999,0.72,0.8168759435338838,37
scn2a,s-DANNCE-SCN2A_SOC3/2022_10_07_M5_M3,0.7455730337078652,1.68,0.8323785527871892,0.36,0.9123959157590044,38
scn2a,s-DANNCE-SCN2A_SOC3/2022_10_07_M5_M3,0.7469550561797753,0.24,1.2103224524725977,2.46,0.9182016491078888,39
scn2a,s-DANNCE-SCN2A_SOC3/2022_10_07_M5_M3,0.7475168539325843,0.36,1.258394394562378,1.0,0.8978190921408732,40
scn2a,s-DANNCE-SCN2A_SOC3/2022_10_07_M5_M3,0.8554044943820225,10.56,0.5870082298914188,2.12,0.9995616267889138,41
scn2a,s-DANNCE-SCN2A_SOC3/2022_10_07_M5_M3,0.8615617977528089,0.5,0.3960748291192368,10.96,0.8291308822511644,42
scn2a,s-DANNCE-SCN2A_SOC3/2022_10_07_M5_M3,0.8670786516853932,0.64,0.029185390277244434,1.94,0.9651728588555305,43
scn2a,s-DANNCE-SCN2A_SOC3/2022_10_07_M5_M3,0.9294606741573034,0.48,0.365850902740243,0.9,0.9297164881758969,44
scn2a,s-DANNCE-SCN2A_SOC3/2022_10_07_M6_M2,0.06275280898876405,0.24,1.7533888193529636,0.56,0.9864545448177585,1
scn2a,s-DANNCE-SCN2A_SOC3/2022_10_07_M6_M2,0.07315730337078652,0.76,1.5489455243671406,0.74,0.991822087202731,2
scn2a,s-DANNCE-SCN2A_SOC3/2022_10_07_M6_M2,0.09107865168539325,1.1,2.3707222364362726,0.36,0.897507983759374,3
scn2a,s-DANNCE-SCN2A_SOC3/2022_10_07_M6_M2,0.10649438202247191,1.18,2.7330950903227698,1.96,0.891364552943228,4
scn2a,s-DANNCE-SCN2A_SOC3/2022_10_07_M6_M2,0.1344494382022472,1.46,0.9690263102568626,1.26,0.844474006439443,5
scn2a,s-DANNCE-SCN2A_SOC3/2022_10_07_M6_M2,0.13823595505617978,2.68,2.9171171830944655,2.28,0.9266905947187845,6
scn2a,s-DANNCE-SCN2A_SOC3/2022_10_07_M6_M2,0.14375280898876405,0.32,1.006371315355485,0.24,0.7597791978054869,7
scn2a,s-DANNCE-SCN2A_SOC3/2022_10_07_M6_M2,0.15421348314606742,1.16,0.6687624635579639,1.46,0.9298362145335571,8
scn2a,s-DANNCE-SCN2A_SOC3/2022_10_07_M6_M2,0.19952808988764045,0.44,1.7965672297992399,0.5,0.9466840557210279,9
scn2a,s-DANNCE-SCN2A_SOC3/2022_10_07_M6_M2,0.2929438202247191,1.34,2.020348639666731,2.44,0.9772572341315272,10
scn2a,s-DANNCE-SCN2A_SOC3/2022_10_07_M6_M2,0.3953707865168539,1.28,0.35016699465347373,10.62,0.9102635582496346,11
scn2a,s-DANNCE-SCN2A_SOC3/2022_10_07_M6_M2,0.3962247191011236,0.58,0.41153449813833337,12.14,0.9571119458526368,12
scn2a,s-DANNCE-SCN2A_SOC3/2022_10_07_M6_M2,0.4004269662921348,3.42,1.2137777840407844,0.4,0.906926578253285,13
scn2a,s-DANNCE-SCN2A_SOC3/2022_10_07_M6_M2,0.43574157303370786,0.72,1.1806237366280596,3.54,0.9448179723311227,14
scn2a,s-DANNCE-SCN2A_SOC3/2022_10_07_M6_M2,0.4373033707865169,0.42,1.7245412750554663,0.92,0.9902008206642733,15
scn2a,s-DANNCE-SCN2A_SOC3/2022_10_07_M6_M2,0.5022696629213483,0.8,0.5529351444359156,5.44,0.7545553235117496,16
scn2a,s-DANNCE-SCN2A_SOC3/2022_10_07_M6_M2,0.6674494382022472,1.84,1.7488105848627113,0.26,0.8316499760091429,17
scn2a,s-DANNCE-SCN2A_SOC3/2022_10_07_M6_M2,0.7079101123595506,7.22,0.7831563218215519,1.12,0.8684901808737356,18
scn2a,s-DANNCE-SCN2A_SOC3/2022_10_07_M6_M2,0.7129101123595506,0.76,0.8452073293760766,0.58,0.9582913641314991,19
scn2a,s-DANNCE-SCN2A_SOC3/2022_10_07_M6_M2,0.7381910112359551,1.04,2.4157175325150244,0.6,0.8858200751191668,20
scn2a,s-DANNCE-SCN2A_SOC3/2022_10_07_M6_M2,0.7842584269662921,2.4,2.0032176110057143,0.26,0.9327746478404879,21
scn2a,s-DANNCE-SCN2A_SOC3/2022_10_07_M6_M2,0.7885393258426966,1.04,2.1989240997788957,2.68,0.9856448030713073,22
scn2a,s-DANNCE-SCN2A_SOC3/2022_10_07_M6_M2,0.8614157303370786,1.06,0.021326329275948235,3.02,0.8633815002527109,23
scn2a,s-DANNCE-SCN2A_SOC3/2022_10_07_M6_M2,0.8910674157303371,2.18,2.5820846425063086,8.16,0.7560149897323014,24
scn2a,s-DANNCE-SCN2A_SOC3/2022_10_07_M6_M2,0.9701910112359551,0.34,2.496234928317562,0.1,0.7243552364573949,25
scn2a,s-DANNCE-SCN2A_SOC3/2022_10_07_M6_M2,0.9707977528089887,2.68,2.3725464654868698,1.18,0.8044697852962309,26
scn2a,s-DANNCE-SCN2A_SOC3/2022_10_08_M1_M3,0.07105617977528089,0.28,0.3067254902485095,0.84,0.8259188538199519,1
scn2a,s-DANNCE-SCN2A_SOC3/2022_10_08_M1_M3,0.0715056179775281,3.12,0.020635205547894227,1.64,0.9378047173698202,2
scn2a,s-DANNCE-SCN2A_SOC3/2022_10_08_M1_M3,0.07543820224719101,2.12,1.6122535050922584,0.6,0.9109153243832562,3
scn2a,s-DANNCE-SCN2A_SOC3/2022_10_08_M1_M3,0.07870786516853932,0.38,1.0198188340152017,1.26,0.9909189209264571,4
scn2a,s-DANNCE-SCN2A_SOC3/2022_10_08_M1_M3,0.10646067415730337,0.4,1.977333444100916,0.22,0.9822613985905518,5
scn2a,s-DANNCE-SCN2A_SOC3/2022_10_08_M1_M3,0.11559550561797753,0.98,2.7105394835475636,1.48,0.9280948687148219,6
scn2a,s-DANNCE-SCN2A_SOC3/2022_10_08_M1_M3,0.15970786516853933,1.18,0.34572263733038266,0.9,0.8004509429193692,7
scn2a,s-DANNCE-SCN2A_SOC3/2022_10_08_M1_M3,0.16110112359550563,1.56,0.7160669773417447,3.38,0.9536100651116504,8
scn2a,s-DANNCE-SCN2A_SOC3/2022_10_08_M1_M3,0.16340449438202248,1.18,0.04979022292757388,7.48,0.9407127589775094,9
scn2a,s-DANNCE-SCN2A_SOC3/2022_10_08_M1_M3,0.16462921348314608,1.88,1.5506235141946565,2.18,0.9717158123849404,10
scn2a,s-DANNCE-SCN2A_SOC3/2022_10_08_M1_M3,0.16765168539325842,0.8,2.1741632187560107,5.38,0.8742809005389895,11
scn2a,s-DANNCE-SCN2A_SOC3/2022_10_08_M1_M3,0.16877528089887642,1.9,2.5018406456638256,2.0,0.9081532857116069,12
scn2a,s-DANNCE-SCN2A_SOC3/2022_10_08_M1_M3,0.1702247191011236,1.4,2.315960827082418,2.58,0.9468045811233498,13
scn2a,s-DANNCE-SCN2A_SOC3/2022_10_08_M1_M3,0.18133707865168538,0.24,0.06222612775768974,0.0,0.9999435949237533,14
scn2a,s-DANNCE-SCN2A_SOC3/2022_10_08_M1_M3,0.21015730337078653,0.26,0.4295306719605844,1.86,0.8979050996151126,15
scn2a,s-DANNCE-SCN2A_SOC3/2022_10_08_M1_M3,0.211438202247191,0.94,0.9240176954587761,4.14,0.9903169693337424,16
scn2a,s-DANNCE-SCN2A_SOC3/2022_10_08_M1_M3,0.21483146067415732,1.8,1.1358281364205853,2.04,0.9822120550390058,17
scn2a,s-DANNCE-SCN2A_SOC3/2022_10_08_M1_M3,0.25273033707865167,0.24,0.3645698187457519,2.44,0.8817814624517019,18
scn2a,s-DANNCE-SCN2A_SOC3/2022_10_08_M1_M3,0.2795842696629213,1.02,0.01445913477438184,5.3,0.8944783896583506,19
scn2a,s-DANNCE-SCN2A_SOC3/2022_10_08_M1_M3,0.3515730337078652,9.28,0.8254578628800847,2.8,0.8678764739609479,20
scn2a,s-DANNCE-SCN2A_SOC3/2022_10_08_M1_M3,0.3597865168539326,6.74,2.359291844692134,1.12,0.9705510758522375,21
scn2a,s-DANNCE-SCN2A_SOC3/2022_10_08_M1_M3,0.6400674157303371,1.12,2.09269893431028,4.62,0.9572251995473078,22
scn2a,s-DANNCE-SCN2A_SOC3/2022_10_08_M1_M3,0.6929550561797753,1.2,1.726695854282294,3.6,0.9768481183487712,23
scn2a,s-DANNCE-SCN2A_SOC3/2022_10_08_M5_M2,0.01892134831460674,2.88,0.7043222301125274,0.84,0.9581939714751645,1
scn2a,s-DANNCE-SCN2A_SOC3/2022_10_08_M5_M2,0.049752808988764045,0.92,2.0596701268860467,0.5,0.822087727409025,2
scn2a,s-DANNCE-SCN2A_SOC3/2022_10_08_M5_M2,0.05351685393258427,0.96,1.642851799325981,0.26,0.9597940680688435,3
scn2a,s-DANNCE-SCN2A_SOC3/2022_10_08_M5_M2,0.13477528089887642,0.32,2.3560732125049215,0.76,0.7715515669005257,4
scn2a,s-DANNCE-SCN2A_SOC3/2022_10_08_M5_M2,0.13575280898876405,0.9,1.7930209183576544,2.5,0.9903889364270445,5
scn2a,s-DANNCE-SCN2A_SOC3/2022_10_08_M5_M2,0.14448314606741572,0.66,1.9045707044302431,1.64,0.9226617992553627,6
scn2a,s-DANNCE-SCN2A_SOC3/2022_10_08_M5_M2,0.15510112359550562,0.24,0.633961748934677,0.76,0.9923179446743855,7
scn2a,s-DANNCE-SCN2A_SOC3/2022_10_08_M5_M2,0.21689887640449437,1.82,1.2519053748989977,4.44,0.9098826885607975,8
scn2a,s-DANNCE-SCN2A_SOC3/2022_10_08_M5_M2,0.28508988764044946,0.6,0.06452460000330901,2.24,0.8905568510253158,9
scn2a,s-DANNCE-SCN2A_SOC3/2022_10_08_M5_M2,0.29038202247191014,1.94,0.01680173281491273,0.98,0.9764273733295241,10
scn2a,s-DANNCE-SCN2A_SOC3/2022_10_08_M5_M2,0.29358426966292134,0.46,2.110212224961427,2.24,0.865651200807178,11
scn2a,s-DANNCE-SCN2A_SOC3/2022_10_08_M5_M2,0.3392921348314607,1.26,0.9919344955565809,2.5,0.9387895789925205,12
scn2a,s-DANNCE-SCN2A_SOC3/2022_10_08_M5_M2,0.3451011235955056,0.46,2.268641441209249,1.46,0.8824921182784718,13
scn2a,s-DANNCE-SCN2A_SOC3/2022_10_08_M5_M2,0.3508202247191011,1.3,1.2857697402050314,0.64,0.9236466238808033,14
scn2a,s-DANNCE-SCN2A_SOC3/2022_10_08_M5_M2,0.41047191011235956,0.78,1.0110855311831668,1.16,0.9167206456623588,15
scn2a,s-DANNCE-SCN2A_SOC3/2022_10_08_M5_M2,0.45969662921348314,1.46,1.8044713162027366,2.5,0.9359319415569677,16
scn2a,s-DANNCE-SCN2A_SOC3/2022_10_08_M5_M2,0.4983033707865169,0.84,0.0025248107279140118,0.12,0.9795634348854144,17
scn2a,s-DANNCE-SCN2A_SOC3/2022_10_08_M5_M2,0.4989887640449438,1.18,0.0034586128747738096,1.22,0.9350902670393537,18
scn2a,s-DANNCE-SCN2A_SOC3/2022_10_08_M5_M2,0.49987640449438203,0.94,0.011374023913484941,2.8,0.976024007132761,19
scn2a,s-DANNCE-SCN2A_SOC3/2022_10_08_M5_M2,0.5209887640449439,3.38,0.7136529240466407,2.48,0.9723894144688114,20
scn2a,s-DANNCE-SCN2A_SOC3/2022_10_08_M5_M2,0.5248202247191012,1.72,0.1346817074256522,1.06,0.8561249101431708,21
scn2a,s-DANNCE-SCN2A_SOC3/2022_10_08_M5_M2,0.5259550561797752,3.06,0.4517076331027443,3.08,0.9301114089215392,22
scn2a,s-DANNCE-SCN2A_SOC3/2022_10_08_M5_M2,0.6487752808988764,1.04,1.2300154711237477,17.46,0.9718808994746729,23
scn2a,s-DANNCE-SCN2A_SOC3/2022_10_08_M5_M2,0.6678314606741573,1.1,0.024899192079148928,0.08,0.9727133081473279,24
scn2a,s-DANNCE-SCN2A_SOC3/2022_10_08_M5_M2,0.6695842696629214,2.84,0.9287999699013071,3.12,0.8798567971717346,25
scn2a,s-DANNCE-SCN2A_SOC3/2022_10_08_M5_M2,0.6726067415730337,0.56,1.2930656573736619,0.42,0.9762914684953594,26
scn2a,s-DANNCE-SCN2A_SOC3/2022_10_08_M5_M2,0.7625955056179775,0.66,1.1251613009649626,1.42,0.8804999787703525,27
scn2a,s-DANNCE-SCN2A_SOC3/2022_10_08_M5_M2,0.8625505617977528,0.98,1.7632329073457491,2.22,0.956330273817322,28
scn2a,s-DANNCE-SCN2A_SOC3/2022_10_08_M5_M2,0.8662471910112359,2.02,1.2602990271959533,8.8,0.9933186769433627,29
scn2a,s-DANNCE-SCN2A_SOC3/2022_10_08_M5_M2,0.8688651685393258,0.8,0.9745460226994912,13.46,0.8729128892223483,30
scn2a,s-DANNCE-SCN2A_SOC3/2022_10_08_M5_M2,0.8721797752808989,1.76,0.24655147575323277,0.18,0.9940334361107488,31
scn2a,s-DANNCE-SCN2A_SOC3/2022_10_08_M5_M2,0.8765168539325843,0.92,0.09900984684206461,2.3,0.8897791481160958,32
scn2a,s-DANNCE-SCN2A_SOC3/2022_10_08_M6_M4,0.017337078651685392,2.48,0.27407603995052865,0.52,0.939863756701016,1
scn2a,s-DANNCE-SCN2A_SOC3/2022_10_08_M6_M4,0.09996629213483146,5.6,0.5803768036551679,2.52,0.959774628683734,2
scn2a,s-DANNCE-SCN2A_SOC3/2022_10_08_M6_M4,0.1037752808988764,1.06,2.4868962274824002,0.14,0.8589392835438786,3
scn2a,s-DANNCE-SCN2A_SOC3/2022_10_08_M6_M4,0.14723595505617978,0.46,1.972778573367325,0.14,0.8217564008449284,4
scn2a,s-DANNCE-SCN2A_SOC3/2022_10_08_M6_M4,0.14878651685393257,1.04,0.98571902450109,0.5,0.8861901858144355,5
scn2a,s-DANNCE-SCN2A_SOC3/2022_10_08_M6_M4,0.1500561797752809,0.96,0.40878794216297004,2.26,0.7489005673315736,6
scn2a,s-DANNCE-SCN2A_SOC3/2022_10_08_M6_M4,0.18295505617977528,0.68,0.06118460685265939,1.02,0.871704810246097,7
scn2a,s-DANNCE-SCN2A_SOC3/2022_10_08_M6_M4,0.31682022471910115,3.48,1.2374251244914676,1.16,0.8769024759855091,8
scn2a,s-DANNCE-SCN2A_SOC3/2022_10_08_M6_M4,0.3415505617977528,1.72,1.167015572980421,0.62,0.8052042141254927,9
scn2a,s-DANNCE-SCN2A_SOC3/2022_10_08_M6_M4,0.3669550561797753,0.32,0.1563638132675201,0.6,0.8001988655489217,10
scn2a,s-DANNCE-SCN2A_SOC3/2022_10_08_M6_M4,0.37375280898876406,0.58,2.0419578593364833,2.06,0.9251280775951237,11
scn2a,s-DANNCE-SCN2A_SOC3/2022_10_08_M6_M4,0.4513820224719101,1.98,1.8768153659612616,1.36,0.8708514181337704,12
scn2a,s-DANNCE-SCN2A_SOC3/2022_10_08_M6_M4,0.5160674157303371,0.56,0.7206140975728823,0.1,0.7763088780602981,13
scn2a,s-DANNCE-SCN2A_SOC3/2022_10_08_M6_M4,0.5270786516853933,0.98,1.6242379203914201,1.54,0.9826499713264264,14
scn2a,s-DANNCE-SCN2A_SOC3/2022_10_08_M6_M4,0.5284719101123595,0.62,1.622546639722312,4.02,0.806660198378415,15
scn2a,s-DANNCE-SCN2A_SOC3/2022_10_08_M6_M4,0.5658988764044944,2.22,1.666041535261339,5.94,0.8301667779500923,16
scn2a,s-DANNCE-SCN2A_SOC3/2022_10_08_M6_M4,0.5672696629213483,0.36,1.6799068769783592,8.38,0.9770866203972569,17
scn2a,s-DANNCE-SCN2A_SOC3/2022_10_08_M6_M4,0.9902584269662922,0.58,2.530412388686182,3.32,0.8937675386195116,18
