corpus,session,mode,bin,near_frac,obs_frames,enr
mouse-dyad-10m,20250827_141755,fixed,1,0.23181424670913894,0,
mouse-dyad-10m,20250827_141755,fixed,2,0.14110987791342952,0,
mouse-dyad-10m,20250827_141755,fixed,3,0.1453496115427303,0,
mouse-dyad-10m,20250827_141755,fixed,4,0.14661487236403994,0,
mouse-dyad-10m,20250827_141755,matched,1,0.4059579568913849,0,
mouse-dyad-10m,20250827_141755,matched,2,0.25498335183129855,0,
mouse-dyad-10m,20250827_141755,matched,3,0.29615982241953387,0,
mouse-dyad-10m,20250827_141755,matched,4,0.29891231964483905,0,
mouse-dyad-10m,20250827_141755,all,1,1.0,137,2.0
mouse-dyad-10m,20250827_141755,all,2,1.0,206,2.3815028901734103
mouse-dyad-10m,20250827_141755,all,3,1.0,0,
mouse-dyad-10m,20250827_141755,all,4,1.0,0,
mouse-dyad-10m,20250827_145223,fixed,1,0.3291527003929055,0,
mouse-dyad-10m,20250827_145223,fixed,2,0.19780683256010123,0,
mouse-dyad-10m,20250827_145223,fixed,3,0.28932939687895404,0,
mouse-dyad-10m,20250827_145223,fixed,4,0.2962930077691454,0,
mouse-dyad-10m,20250827_145223,matched,1,0.3782325911784945,0,
mouse-dyad-10m,20250827_145223,matched,2,0.22479966258962464,0,
mouse-dyad-10m,20250827_145223,matched,3,0.3267109147816822,0,
mouse-dyad-10m,20250827_145223,matched,4,0.3262597114317425,0,
mouse-dyad-10m,20250827_145223,all,1,1.0,0,
mouse-dyad-10m,20250827_145223,all,2,1.0,275,6.32183908045977
mouse-dyad-10m,20250827_145223,all,3,1.0,2,
mouse-dyad-10m,20250827_145223,all,4,1.0,0,
mouse-dyad-10m,20250827_152238,fixed,1,0.35160172390811745,316,5.3109243697479
mouse-dyad-10m,20250827_152238,fixed,2,0.3820144843826365,427,
mouse-dyad-10m,20250827_152238,fixed,3,0.5976362909317101,814,18.08888888888889
mouse-dyad-10m,20250827_152238,fixed,4,0.3665526280712667,412,24.969696969696972
mouse-dyad-10m,20250827_152238,matched,1,0.2423246101212956,316,9.294117647058822
mouse-dyad-10m,20250827_152238,matched,2,0.2635846625494291,427,
mouse-dyad-10m,20250827_152238,matched,3,0.4703425600924157,814,18.08888888888889
mouse-dyad-10m,20250827_152238,matched,4,0.2797574088061492,412,24.969696969696972
mouse-dyad-10m,20250827_152238,all,1,1.0,667,0.8690553745928339
mouse-dyad-10m,20250827_152238,all,2,1.0,1126,1.9100932994062767
mouse-dyad-10m,20250827_152238,all,3,1.0,906,4.017738359201774
mouse-dyad-10m,20250827_152238,all,4,1.0,564,1.3739342265529844
mouse-dyad-10m,20250827_155244,fixed,1,0.13280607824406282,0,
mouse-dyad-10m,20250827_155244,fixed,2,0.0803083485137957,0,
mouse-dyad-10m,20250827_155244,fixed,3,0.10396996423255504,0,
mouse-dyad-10m,20250827_155244,fixed,4,0.07881992269071844,0,
mouse-dyad-10m,20250827_155244,matched,1,0.36831581987425854,0,
mouse-dyad-10m,20250827_155244,matched,2,0.2434353756609055,0,
mouse-dyad-10m,20250827_155244,matched,3,0.30262368649056937,0,
mouse-dyad-10m,20250827_155244,matched,4,0.34162704936242055,0,
mouse-dyad-10m,20250827_155244,all,1,1.0,102,2.6153846153846154
mouse-dyad-10m,20250827_155244,all,2,1.0,17,
mouse-dyad-10m,20250827_155244,all,3,1.0,102,2.2666666666666666
mouse-dyad-10m,20250827_155244,all,4,1.0,668,2.9106753812636166
mouse-dyad-10m,20250827_162428,fixed,1,0.3325632025592038,117,4.105263157894737
mouse-dyad-10m,20250827_162428,fixed,2,0.13691296041231618,0,
mouse-dyad-10m,20250827_162428,fixed,3,0.10170169280668237,0,
mouse-dyad-10m,20250827_162428,fixed,4,0.08719315783627679,0,
mouse-dyad-10m,20250827_162428,matched,1,0.5358110809970231,144,0.8372093023255814
mouse-dyad-10m,20250827_162428,matched,2,0.28248989203358954,0,
mouse-dyad-10m,20250827_162428,matched,3,0.25496512196205623,0,
mouse-dyad-10m,20250827_162428,matched,4,0.18273908697100966,0,
mouse-dyad-10m,20250827_162428,all,1,1.0,232,0.5510688836104514
mouse-dyad-10m,20250827_162428,all,2,1.0,343,0.8564294631710361
mouse-dyad-10m,20250827_162428,all,3,1.0,468,1.723756906077348
mouse-dyad-10m,20250827_162428,all,4,1.0,1327,4.672535211267606
mouse-dyad-10m,20250827_165542,fixed,1,0.22931153222402417,0,
mouse-dyad-10m,20250827_165542,fixed,2,0.10803305638245879,0,
mouse-dyad-10m,20250827_165542,fixed,3,0.06917847780690452,0,
mouse-dyad-10m,20250827_165542,fixed,4,0.07864220020438085,0,
mouse-dyad-10m,20250827_165542,matched,1,0.41883455890520516,0,
mouse-dyad-10m,20250827_165542,matched,2,0.3923001732794242,0,
mouse-dyad-10m,20250827_165542,matched,3,0.2147331941173857,0,
mouse-dyad-10m,20250827_165542,matched,4,0.2301284044963789,0,
mouse-dyad-10m,20250827_165542,all,1,1.0,152,0.42998585572842996
mouse-dyad-10m,20250827_165542,all,2,1.0,95,0.16934046345811052
mouse-dyad-10m,20250827_165542,all,3,1.0,983,3.22824302134647
mouse-dyad-10m,20250827_165542,all,4,1.0,178,27.384615384615383
mouse-dyad-10m,20250827_172440,fixed,1,0.35411205402763585,0,
mouse-dyad-10m,20250827_172440,fixed,2,0.3670332111518383,40,
mouse-dyad-10m,20250827_172440,fixed,3,0.3049273559337095,0,
mouse-dyad-10m,20250827_172440,fixed,4,0.3183605464845052,0,
mouse-dyad-10m,20250827_172440,matched,1,0.3313413604656329,0,
mouse-dyad-10m,20250827_172440,matched,2,0.3460624236365656,40,
mouse-dyad-10m,20250827_172440,matched,3,0.2842004709645888,0,
mouse-dyad-10m,20250827_172440,matched,4,0.2943907586360102,0,
mouse-dyad-10m,20250827_172440,all,1,1.0,0,
mouse-dyad-10m,20250827_172440,all,2,1.0,223,8.415094339622643
mouse-dyad-10m,20250827_172440,all,3,1.0,110,6.285714285714286
mouse-dyad-10m,20250827_172440,all,4,1.0,84,4.54054054054054
mouse-dyad-10m,20250829_124351,fixed,1,0.28291198293864134,0,
mouse-dyad-10m,20250829_124351,fixed,2,0.09592571200071089,0,
mouse-dyad-10m,20250829_124351,fixed,3,0.09603678855467188,0,
mouse-dyad-10m,20250829_124351,fixed,4,0.08406273603767717,0,
mouse-dyad-10m,20250829_124351,matched,1,0.540165281912294,99,1.8333333333333337
mouse-dyad-10m,20250829_124351,matched,2,0.24883369618340961,0,
mouse-dyad-10m,20250829_124351,matched,3,0.2822677389256676,0,
mouse-dyad-10m,20250829_124351,matched,4,0.18474252454791842,0,
mouse-dyad-10m,20250829_124351,all,1,1.0,147,0.45510835913312686
mouse-dyad-10m,20250829_124351,all,2,1.0,1018,4.813238770685579
mouse-dyad-10m,20250829_124351,all,3,1.0,0,
mouse-dyad-10m,20250829_124351,all,4,1.0,190,1.2297734627831716
mouse-dyad-10m,20250829_134647,fixed,1,0.47118629017936425,68,2.7199999999999998
mouse-dyad-10m,20250829_134647,fixed,2,0.6770183577881862,86,0.9398907103825137
mouse-dyad-10m,20250829_134647,fixed,3,0.4704537382347718,118,1.8294573643410854
mouse-dyad-10m,20250829_134647,fixed,4,0.11263291083042909,0,
mouse-dyad-10m,20250829_134647,matched,1,0.29721630261054877,68,2.7199999999999998
mouse-dyad-10m,20250829_134647,matched,2,0.5185464716197918,84,0.9281767955801103
mouse-dyad-10m,20250829_134647,matched,3,0.35970520333866096,118,1.8294573643410854
mouse-dyad-10m,20250829_134647,matched,4,0.0805345290683478,0,
mouse-dyad-10m,20250829_134647,all,1,1.0,1502,1.0510846745976208
mouse-dyad-10m,20250829_134647,all,2,1.0,676,0.8750809061488672
mouse-dyad-10m,20250829_134647,all,3,1.0,1000,1.7286084701815039
mouse-dyad-10m,20250829_134647,all,4,1.0,150,0.3006012024048097
mouse-dyad-10m,20250829_141847,fixed,1,0.7886832692777642,738,6.099173553719008
mouse-dyad-10m,20250829_141847,fixed,2,0.41460434531479096,23,
mouse-dyad-10m,20250829_141847,fixed,3,0.2877390975940284,0,
mouse-dyad-10m,20250829_141847,fixed,4,0.22215310792197984,0,
mouse-dyad-10m,20250829_141847,matched,1,0.651745051429587,738,6.099173553719008
mouse-dyad-10m,20250829_141847,matched,2,0.29219798284978005,22,
mouse-dyad-10m,20250829_141847,matched,3,0.17963699375735898,0,
mouse-dyad-10m,20250829_141847,matched,4,0.13242546763229218,0,
mouse-dyad-10m,20250829_141847,all,1,1.0,738,4.641509433962264
mouse-dyad-10m,20250829_141847,all,2,1.0,644,1.679269882659713
mouse-dyad-10m,20250829_141847,all,3,1.0,52,0.2047244094488189
mouse-dyad-10m,20250829_141847,all,4,1.0,0,
mouse-dyad-10m,20250829_144840,fixed,1,0.449512341427651,866,9.516483516483516
mouse-dyad-10m,20250829_144840,fixed,2,0.18062251449645642,40,
mouse-dyad-10m,20250829_144840,fixed,3,0.16404878807402634,0,
mouse-dyad-10m,20250829_144840,fixed,4,0.11054829823158269,0,
mouse-dyad-10m,20250829_144840,matched,1,0.5531758903379174,1017,7.617977528089888
mouse-dyad-10m,20250829_144840,matched,2,0.27228899602319434,40,
mouse-dyad-10m,20250829_144840,matched,3,0.2587811868209993,0,
mouse-dyad-10m,20250829_144840,matched,4,0.17175419888029858,0,
mouse-dyad-10m,20250829_144840,all,1,1.0,1272,3.2080706179066834
mouse-dyad-10m,20250829_144840,all,2,1.0,92,0.33393829401088937
mouse-dyad-10m,20250829_144840,all,3,1.0,0,
mouse-dyad-10m,20250829_144840,all,4,1.0,0,
mouse-dyad-10m,20250829_151905,fixed,1,0.32538765717332385,0,
mouse-dyad-10m,20250829_151905,fixed,2,0.15106411338694628,0,
mouse-dyad-10m,20250829_151905,fixed,3,0.14280001777224863,0,
mouse-dyad-10m,20250829_151905,fixed,4,0.15916916583361101,0,
mouse-dyad-10m,20250829_151905,matched,1,0.46443328742169104,0,
mouse-dyad-10m,20250829_151905,matched,2,0.26682809792509,0,
mouse-dyad-10m,20250829_151905,matched,3,0.26596170080419423,0,
mouse-dyad-10m,20250829_151905,matched,4,0.2587804065311563,0,
mouse-dyad-10m,20250829_151905,all,1,1.0,203,0.6869712351945855
mouse-dyad-10m,20250829_151905,all,2,1.0,402,1.1551724137931034
mouse-dyad-10m,20250829_151905,all,3,1.0,30,0.10676156583629894
mouse-dyad-10m,20250829_151905,all,4,1.0,132,1.2110091743119265
mouse-dyad-10m,20250829_155407,fixed,1,0.3912715325874623,0,
mouse-dyad-10m,20250829_155407,fixed,2,0.30429088326044973,0,
mouse-dyad-10m,20250829_155407,fixed,3,0.2803391862194499,0,
mouse-dyad-10m,20250829_155407,fixed,4,0.292437124020511,0,
mouse-dyad-10m,20250829_155407,matched,1,0.38794175102113304,0,
mouse-dyad-10m,20250829_155407,matched,2,0.30065040289462586,0,
mouse-dyad-10m,20250829_155407,matched,3,0.27732025128193744,0,
mouse-dyad-10m,20250829_155407,matched,4,0.29008413061333216,0,
mouse-dyad-10m,20250829_155407,all,1,1.0,0,
mouse-dyad-10m,20250829_155407,all,2,1.0,0,
mouse-dyad-10m,20250829_155407,all,3,1.0,62,
mouse-dyad-10m,20250829_155407,all,4,1.0,0,
mouse-dyad-10m,20250829_162253,fixed,1,0.5553383391833652,568,10.234234234234235
mouse-dyad-10m,20250829_162253,fixed,2,0.5509718982561368,1357,9.10738255033557
mouse-dyad-10m,20250829_162253,fixed,3,0.47851779446394455,1187,7.002949852507375
mouse-dyad-10m,20250829_162253,fixed,4,0.5537043207819615,1559,8.73389355742297
mouse-dyad-10m,20250829_162253,matched,1,0.2827564757630959,501,10.224489795918368
mouse-dyad-10m,20250829_162253,matched,2,0.3242030434299678,1281,8.59731543624161
mouse-dyad-10m,20250829_162253,matched,3,0.3120584706980051,1170,6.902654867256637
mouse-dyad-10m,20250829_162253,matched,4,0.3369765633677663,1374,8.95114006514658
mouse-dyad-10m,20250829_162253,all,1,1.0,568,5.004405286343613
mouse-dyad-10m,20250829_162253,all,2,1.0,1357,5.082397003745319
mouse-dyad-10m,20250829_162253,all,3,1.0,1338,3.5823293172690764
mouse-dyad-10m,20250829_162253,all,4,1.0,1829,6.372822299651568
mouse-dyad-10m,20250829_164919,fixed,1,0.25749766739236685,0,
mouse-dyad-10m,20250829_164919,fixed,2,0.14151152974630116,0,
mouse-dyad-10m,20250829_164919,fixed,3,0.14710978806593505,0,
mouse-dyad-10m,20250829_164919,fixed,4,0.12911538632425468,0,
mouse-dyad-10m,20250829_164919,matched,1,0.4299995556937842,0,
mouse-dyad-10m,20250829_164919,matched,2,0.319234016083885,0,
mouse-dyad-10m,20250829_164919,matched,3,0.2634069400630915,0,
mouse-dyad-10m,20250829_164919,matched,4,0.2433687297285289,0,
mouse-dyad-10m,20250829_164919,all,1,1.0,158,1.7752808988764044
mouse-dyad-10m,20250829_164919,all,2,1.0,497,5.680000000000001
mouse-dyad-10m,20250829_164919,all,3,1.0,0,
mouse-dyad-10m,20250829_164919,all,4,1.0,297,3.0777202072538854
mouse-dyad-10m,20250829_171625,fixed,1,0.1914737637179544,0,
mouse-dyad-10m,20250829_171625,fixed,2,0.07035588927889101,0,
mouse-dyad-10m,20250829_171625,fixed,3,0.06917847780690452,0,
mouse-dyad-10m,20250829_171625,fixed,4,0.0749100279912916,0,
mouse-dyad-10m,20250829_171625,matched,1,0.3929888479139823,271,0.9377162629757785
mouse-dyad-10m,20250829_171625,matched,2,0.31232505442751146,445,2.0506912442396312
mouse-dyad-10m,20250829_171625,matched,3,0.3388501355133958,4,
mouse-dyad-10m,20250829_171625,matched,4,0.21184520371439997,101,
mouse-dyad-10m,20250829_171625,all,1,1.0,977,1.167961745367603
mouse-dyad-10m,20250829_171625,all,2,1.0,1397,0.8510508681084376
mouse-dyad-10m,20250829_171625,all,3,1.0,699,1.1042654028436019
mouse-dyad-10m,20250829_171625,all,4,1.0,411,1.9618138424821003
mouse-dyad-10m,20250903_141046,fixed,1,0.3627760252365931,0,
mouse-dyad-10m,20250903_141046,fixed,2,0.277602523659306,0,
mouse-dyad-10m,20250903_141046,fixed,3,0.1750788643533123,0,
mouse-dyad-10m,20250903_141046,fixed,4,0.1484871373350513,0,
mouse-dyad-10m,20250903_141046,matched,1,0.45870173723730395,0,
mouse-dyad-10m,20250903_141046,matched,2,0.36266494868263205,0,
mouse-dyad-10m,20250903_141046,matched,3,0.24494601679477496,0,
mouse-dyad-10m,20250903_141046,matched,4,0.18969653885457857,0,
mouse-dyad-10m,20250903_141046,all,1,1.0,126,0.6253101736972704
mouse-dyad-10m,20250903_141046,all,2,1.0,409,1.4006849315068493
mouse-dyad-10m,20250903_141046,all,3,1.0,469,2.131818181818182
mouse-dyad-10m,20250903_141046,all,4,1.0,32,0.15763546798029557
mouse-dyad-10m,20250903_143938,fixed,1,0.6598835917714488,716,7.868131868131868
mouse-dyad-10m,20250903_143938,fixed,2,0.36283461068532713,398,
mouse-dyad-10m,20250903_143938,fixed,3,0.22725758080639788,161,
mouse-dyad-10m,20250903_143938,fixed,4,0.15319337998444962,0,
mouse-dyad-10m,20250903_143938,matched,1,0.60794419513929,716,8.374269005847953
mouse-dyad-10m,20250903_143938,matched,2,0.32962345884705097,398,
mouse-dyad-10m,20250903_143938,matched,3,0.19564589581250694,161,
mouse-dyad-10m,20250903_143938,matched,4,0.12280350994113073,0,
mouse-dyad-10m,20250903_143938,all,1,1.0,746,3.322939866369711
mouse-dyad-10m,20250903_143938,all,2,1.0,595,5.0210970464135025
mouse-dyad-10m,20250903_143938,all,3,1.0,427,1.7681159420289854
mouse-dyad-10m,20250903_143938,all,4,1.0,0,
mouse-dyad-10m,20250903_150657,fixed,1,0.7349935575598703,1083,13.453416149068323
mouse-dyad-10m,20250903_150657,fixed,2,0.2873328297862887,528,88.0
mouse-dyad-10m,20250903_150657,fixed,3,0.11434220464744302,0,
mouse-dyad-10m,20250903_150657,fixed,4,0.18009952459234904,63,
mouse-dyad-10m,20250903_150657,matched,1,0.7169769405073977,1083,13.453416149068323
mouse-dyad-10m,20250903_150657,matched,2,0.26807215532945305,528,88.0
mouse-dyad-10m,20250903_150657,matched,3,0.10598924778957658,0,
mouse-dyad-10m,20250903_150657,matched,4,0.1649708979428622,63,
mouse-dyad-10m,20250903_150657,all,1,1.0,1111,8.782608695652174
mouse-dyad-10m,20250903_150657,all,2,1.0,1025,2.5184275184275187
mouse-dyad-10m,20250903_150657,all,3,1.0,278,0.6564344746162928
mouse-dyad-10m,20250903_150657,all,4,1.0,426,1.7212121212121212
mouse-dyad-10m,20250903_153433,fixed,1,0.43444261785222377,373,
mouse-dyad-10m,20250903_153433,fixed,2,0.2776691695916826,120,
mouse-dyad-10m,20250903_153433,fixed,3,0.26887190651797216,91,
mouse-dyad-10m,20250903_153433,fixed,4,0.23787626346773297,72,
mouse-dyad-10m,20250903_153433,matched,1,0.4497711822988404,373,
mouse-dyad-10m,20250903_153433,matched,2,0.2856444661660817,120,
mouse-dyad-10m,20250903_153433,matched,3,0.27586972941751453,91,
mouse-dyad-10m,20250903_153433,matched,4,0.24471842719093637,72,
mouse-dyad-10m,20250903_153433,all,1,1.0,459,20.400000000000002
mouse-dyad-10m,20250903_153433,all,2,1.0,120,
mouse-dyad-10m,20250903_153433,all,3,1.0,144,3.5121951219512195
mouse-dyad-10m,20250903_153433,all,4,1.0,72,
mouse-dyad-10m,20250904_131913,fixed,1,0.3611320754716981,0,
mouse-dyad-10m,20250904_131913,fixed,2,0.15324854054294024,0,
mouse-dyad-10m,20250904_131913,fixed,3,0.1387760538056869,0,
mouse-dyad-10m,20250904_131913,fixed,4,0.05946593860291669,0,
mouse-dyad-10m,20250904_131913,matched,1,0.6309877913429522,0,
mouse-dyad-10m,20250904_131913,matched,2,0.29078155867794275,0,
mouse-dyad-10m,20250904_131913,matched,3,0.2139353177509933,0,
mouse-dyad-10m,20250904_131913,matched,4,0.12030809526980533,0,
mouse-dyad-10m,20250904_131913,all,1,1.0,0,
mouse-dyad-10m,20250904_131913,all,2,1.0,386,1.3219178082191783
mouse-dyad-10m,20250904_131913,all,3,1.0,454,6.219178082191782
mouse-dyad-10m,20250904_131913,all,4,1.0,267,2.44954128440367
mouse-dyad-10m,20250904_140306,fixed,1,0.8086749983351462,2770,5.124884366327475
mouse-dyad-10m,20250904_140306,fixed,2,0.6006215316315205,3153,5.565754633715799
mouse-dyad-10m,20250904_140306,fixed,3,0.6288790233074362,1494,9.137614678899082
mouse-dyad-10m,20250904_140306,fixed,4,0.546015538290788,1788,5.190130624092888
mouse-dyad-10m,20250904_140306,matched,1,0.36280494572576527,2141,5.399747793190416
mouse-dyad-10m,20250904_140306,matched,2,0.3087014428412875,2501,5.697038724373575
mouse-dyad-10m,20250904_140306,matched,3,0.28572697003329633,874,8.74
mouse-dyad-10m,20250904_140306,matched,4,0.2987791342952275,1780,6.742424242424243
mouse-dyad-10m,20250904_140306,all,1,1.0,2951,4.314327485380117
mouse-dyad-10m,20250904_140306,all,2,1.0,3541,3.2411899313501142
mouse-dyad-10m,20250904_140306,all,3,1.0,1494,3.626213592233009
mouse-dyad-10m,20250904_140306,all,4,1.0,1981,2.3008130081300813
mouse-dyad-10m,20250904_143552,fixed,1,0.28733795063043865,0,
mouse-dyad-10m,20250904_143552,fixed,2,0.11514384656366543,0,
mouse-dyad-10m,20250904_143552,fixed,3,0.15638874089859706,0,
mouse-dyad-10m,20250904_143552,fixed,4,0.22699726963972564,0,
mouse-dyad-10m,20250904_143552,matched,1,0.4196856686201385,0,
mouse-dyad-10m,20250904_143552,matched,2,0.22114189309181317,0,
mouse-dyad-10m,20250904_143552,matched,3,0.2707778369738945,0,
mouse-dyad-10m,20250904_143552,matched,4,0.3444027614375458,0,
mouse-dyad-10m,20250904_143552,all,1,1.0,1029,2.811475409836066
mouse-dyad-10m,20250904_143552,all,2,1.0,382,0.8536312849162011
mouse-dyad-10m,20250904_143552,all,3,1.0,463,1.3903903903903905
mouse-dyad-10m,20250904_143552,all,4,1.0,0,
mouse-dyad-10m,20250904_150414,fixed,1,0.42152267122831183,0,
mouse-dyad-10m,20250904_150414,fixed,2,0.3384355630595606,0,
mouse-dyad-10m,20250904_150414,fixed,3,0.17574922800079976,61,
mouse-dyad-10m,20250904_150414,fixed,4,0.19345092637846004,0,
mouse-dyad-10m,20250904_150414,matched,1,0.4508919645435763,0,
mouse-dyad-10m,20250904_150414,matched,2,0.38111212316441917,0,
mouse-dyad-10m,20250904_150414,matched,3,0.21091684624441828,61,
mouse-dyad-10m,20250904_150414,matched,4,0.21308926111876306,0,
mouse-dyad-10m,20250904_150414,all,1,1.0,58,0.35045317220543803
mouse-dyad-10m,20250904_150414,all,2,1.0,0,
mouse-dyad-10m,20250904_150414,all,3,1.0,337,1.4620390455531453
mouse-dyad-10m,20250904_150414,all,4,1.0,482,3.08974358974359
mouse-dyad-10m,20250904_153332,fixed,1,0.6451691733499212,0,
mouse-dyad-10m,20250904_153332,fixed,2,0.22943972986182076,0,
mouse-dyad-10m,20250904_153332,fixed,3,0.23339405518283202,0,
mouse-dyad-10m,20250904_153332,fixed,4,0.1895410316790332,0,
mouse-dyad-10m,20250904_153332,matched,1,0.6259969342190034,0,
mouse-dyad-10m,20250904_153332,matched,2,0.22037588305860398,0,
mouse-dyad-10m,20250904_153332,matched,3,0.22659617008041943,0,
mouse-dyad-10m,20250904_153332,matched,4,0.18303194561691918,0,
mouse-dyad-10m,20250904_153332,all,1,1.0,0,
mouse-dyad-10m,20250904_153332,all,2,1.0,567,2.0106382978723403
mouse-dyad-10m,20250904_153332,all,3,1.0,139,0.5767634854771784
mouse-dyad-10m,20250904_153332,all,4,1.0,201,1.207207207207207
mouse-dyad-10m,20250904_160014,fixed,1,0.27851953879990227,0,
mouse-dyad-10m,20250904_160014,fixed,2,0.15948725923622065,0,
mouse-dyad-10m,20250904_160014,fixed,3,0.10805767222802301,0,
mouse-dyad-10m,20250904_160014,fixed,4,0.11591949171368908,0,
mouse-dyad-10m,20250904_160014,matched,1,0.45309132917157263,67,2.310344827586207
mouse-dyad-10m,20250904_160014,matched,2,0.319507697776198,0,
mouse-dyad-10m,20250904_160014,matched,3,0.23373247728434007,0,
mouse-dyad-10m,20250904_160014,matched,4,0.24967787799351313,0,
mouse-dyad-10m,20250904_160014,all,1,1.0,514,2.785907859078591
mouse-dyad-10m,20250904_160014,all,2,1.0,125,0.8561643835616438
mouse-dyad-10m,20250904_160014,all,3,1.0,0,
mouse-dyad-10m,20250904_160014,all,4,1.0,150,3.3707865168539324
mouse-dyad-10m,20250904_165017,fixed,1,0.3349685897578193,0,
mouse-dyad-10m,20250904_165017,fixed,2,0.15529756487380408,0,
mouse-dyad-10m,20250904_165017,fixed,3,0.15589691225110436,0,
mouse-dyad-10m,20250904_165017,fixed,4,0.16497225305216426,0,
mouse-dyad-10m,20250904_165017,matched,1,0.46180825323536595,0,
mouse-dyad-10m,20250904_165017,matched,2,0.2656884725521099,0,
mouse-dyad-10m,20250904_165017,matched,3,0.2690847743568115,0,
mouse-dyad-10m,20250904_165017,matched,4,0.25942286348501664,0,
mouse-dyad-10m,20250904_165017,all,1,1.0,0,
mouse-dyad-10m,20250904_165017,all,2,1.0,508,1.788732394366197
mouse-dyad-10m,20250904_165017,all,3,1.0,0,
mouse-dyad-10m,20250904_165017,all,4,1.0,425,7.522123893805309
mouse-dyad-10m,20250904_174232,fixed,1,0.6012430632630411,381,
mouse-dyad-10m,20250904_174232,fixed,2,0.28512763596004437,530,
mouse-dyad-10m,20250904_174232,fixed,3,0.2513873473917869,0,
mouse-dyad-10m,20250904_174232,fixed,4,0.23311358238440877,0,
mouse-dyad-10m,20250904_174232,matched,1,0.5615094339622642,381,
mouse-dyad-10m,20250904_174232,matched,2,0.2562708102108768,530,
mouse-dyad-10m,20250904_174232,matched,3,0.22630410654827968,0,
mouse-dyad-10m,20250904_174232,matched,4,0.21191538478613128,0,
mouse-dyad-10m,20250904_174232,all,1,1.0,437,1.1700133868808569
mouse-dyad-10m,20250904_174232,all,2,1.0,718,1.5659760087241004
mouse-dyad-10m,20250904_174232,all,3,1.0,501,1.01417004048583
mouse-dyad-10m,20250904_174232,all,4,1.0,180,1.3953488372093024
mouse-dyad-10m,20250904_181215,fixed,1,0.49173590438530235,42,
mouse-dyad-10m,20250904_181215,fixed,2,0.1877152060424303,0,
mouse-dyad-10m,20250904_181215,fixed,3,0.12049584573688187,0,
mouse-dyad-10m,20250904_181215,fixed,4,0.15756969898922582,0,
mouse-dyad-10m,20250904_181215,matched,1,0.5853067934420403,45,
mouse-dyad-10m,20250904_181215,matched,2,0.25635899144729535,45,
mouse-dyad-10m,20250904_181215,matched,3,0.17543430932598747,0,
mouse-dyad-10m,20250904_181215,matched,4,0.23889814506275686,0,
mouse-dyad-10m,20250904_181215,all,1,1.0,117,1.4625
mouse-dyad-10m,20250904_181215,all,2,1.0,165,2.8695652173913047
mouse-dyad-10m,20250904_181215,all,3,1.0,269,0.5305719921104536
mouse-dyad-10m,20250904_181215,all,4,1.0,1018,2.39811542991755
mouse-dyad-10m,20250904_183921,fixed,1,0.6823210556715689,1271,3.318537859007833
mouse-dyad-10m,20250904_183921,fixed,2,0.8899255803621016,341,0.14650912996777657
mouse-dyad-10m,20250904_183921,fixed,3,0.7604745190385214,1947,2.0270692347735553
mouse-dyad-10m,20250904_183921,fixed,4,0.6091969343552149,3009,4.235045742434905
mouse-dyad-10m,20250904_183921,matched,1,0.20558048607100013,302,2.548523206751055
mouse-dyad-10m,20250904_183921,matched,2,0.3524158613795402,123,0.21503496503496503
mouse-dyad-10m,20250904_183921,matched,3,0.41391567068023283,1500,2.722323049001815
mouse-dyad-10m,20250904_183921,matched,4,0.2840830834166389,2532,4.723880597014926
mouse-dyad-10m,20250904_183921,all,1,1.0,1271,1.5285628382441372
mouse-dyad-10m,20250904_183921,all,2,1.0,341,0.12341657618530581
mouse-dyad-10m,20250904_183921,all,3,1.0,2027,1.3123988345742958
mouse-dyad-10m,20250904_183921,all,4,1.0,3933,2.420307692307692
mouse-dyad-10m,20250905_165151,fixed,1,0.8274720636260636,287,14.35
mouse-dyad-10m,20250905_165151,fixed,2,0.748878126804994,161,7.666666666666666
mouse-dyad-10m,20250905_165151,fixed,3,0.5452525880837072,8,
mouse-dyad-10m,20250905_165151,fixed,4,0.33880570489181144,0,
mouse-dyad-10m,20250905_165151,matched,1,0.40348343811787707,228,65.14285714285715
mouse-dyad-10m,20250905_165151,matched,2,0.4517927755809304,123,61.5
mouse-dyad-10m,20250905_165151,matched,3,0.24707868663082597,0,
mouse-dyad-10m,20250905_165151,matched,4,0.15364108943884125,0,
mouse-dyad-10m,20250905_165151,all,1,1.0,361,4.402439024390245
mouse-dyad-10m,20250905_165151,all,2,1.0,208,1.27217125382263
mouse-dyad-10m,20250905_165151,all,3,1.0,85,2.151898734177215
mouse-dyad-10m,20250905_165151,all,4,1.0,224,1.051643192488263
mouse-dyad-10m,20250905_171829,fixed,1,0.39692977584253436,665,39.11764705882353
mouse-dyad-10m,20250905_171829,fixed,2,0.3879904029857378,196,
mouse-dyad-10m,20250905_171829,fixed,3,0.3071711023237215,0,
mouse-dyad-10m,20250905_171829,fixed,4,0.19336206513529125,0,
mouse-dyad-10m,20250905_171829,matched,1,0.3848888098993624,654,56.86956521739131
mouse-dyad-10m,20250905_171829,matched,2,0.38263651308481805,196,
mouse-dyad-10m,20250905_171829,matched,3,0.3025503176789443,0,
mouse-dyad-10m,20250905_171829,matched,4,0.18591993601990492,0,
mouse-dyad-10m,20250905_171829,all,1,1.0,1072,2.2592202318229715
mouse-dyad-10m,20250905_171829,all,2,1.0,924,3.219512195121951
mouse-dyad-10m,20250905_171829,all,3,1.0,387,1.2964824120603016
mouse-dyad-10m,20250905_171829,all,4,1.0,0,
mouse-dyad-10m,20250905_174513,fixed,1,0.7820011551961612,3213,4.920367534456356
mouse-dyad-10m,20250905_174513,fixed,2,0.6926956058115253,1528,4.554396423248882
mouse-dyad-10m,20250905_174513,fixed,3,0.5245034878037944,546,2.650485436893204
mouse-dyad-10m,20250905_174513,fixed,4,0.4700433188937021,3031,6.603485838779957
mouse-dyad-10m,20250905_174513,matched,1,0.5046874305771538,2808,4.987566607460035
mouse-dyad-10m,20250905_174513,matched,2,0.3545119296218954,1315,5.356415478615071
mouse-dyad-10m,20250905_174513,matched,3,0.1410672235304572,286,6.150537634408602
mouse-dyad-10m,20250905_174513,matched,4,0.25573697656336775,2644,7.522048364153627
mouse-dyad-10m,20250905_174513,all,1,1.0,3213,3.8023668639053256
mouse-dyad-10m,20250905_174513,all,2,1.0,1785,2.4965034965034967
mouse-dyad-10m,20250905_174513,all,3,1.0,789,1.6085626911314985
mouse-dyad-10m,20250905_174513,all,4,1.0,3059,2.941346153846154
mouse-dyad-10m,20250905_181402,fixed,1,0.701286295070313,1841,9.205
mouse-dyad-10m,20250905_181402,fixed,2,0.19222908428488913,0,
mouse-dyad-10m,20250905_181402,fixed,3,0.13867105058538645,0,
mouse-dyad-10m,20250905_181402,fixed,4,0.1309148264984227,0,
mouse-dyad-10m,20250905_181402,matched,1,0.7280563392797637,1841,9.205
mouse-dyad-10m,20250905_181402,matched,2,0.21826542853334518,0,
mouse-dyad-10m,20250905_181402,matched,3,0.15642147823961966,0,
mouse-dyad-10m,20250905_181402,matched,4,0.1532634291553739,0,
mouse-dyad-10m,20250905_181402,all,1,1.0,1896,6.0
mouse-dyad-10m,20250905_181402,all,2,1.0,63,0.16844919786096255
mouse-dyad-10m,20250905_181402,all,3,1.0,179,1.217687074829932
mouse-dyad-10m,20250905_181402,all,4,1.0,227,1.1435768261964736
mouse-dyad-10m,20250905_191445,fixed,1,0.5193051050784201,37,
mouse-dyad-10m,20250905_191445,fixed,2,0.5378104589683209,131,
mouse-dyad-10m,20250905_191445,fixed,3,0.28464477718043274,0,
mouse-dyad-10m,20250905_191445,fixed,4,0.26004665111629455,0,
mouse-dyad-10m,20250905_191445,matched,1,0.3877238192562314,37,
mouse-dyad-10m,20250905_191445,matched,2,0.4541475985249034,114,
mouse-dyad-10m,20250905_191445,matched,3,0.22859554805171725,0,
mouse-dyad-10m,20250905_191445,matched,4,0.18553815394868378,0,
mouse-dyad-10m,20250905_191445,all,1,1.0,37,0.19321148825065274
mouse-dyad-10m,20250905_191445,all,2,1.0,198,0.782608695652174
mouse-dyad-10m,20250905_191445,all,3,1.0,206,3.491525423728814
mouse-dyad-10m,20250905_191445,all,4,1.0,0,
mouse-dyad-10m,20250905_194049,fixed,1,0.5308022126941105,0,
mouse-dyad-10m,20250905_194049,fixed,2,0.3373394943795264,0,
mouse-dyad-10m,20250905_194049,fixed,3,0.18758608432931978,0,
mouse-dyad-10m,20250905_194049,fixed,4,0.1751232949748967,0,
mouse-dyad-10m,20250905_194049,matched,1,0.5389998444893698,0,
mouse-dyad-10m,20250905_194049,matched,2,0.3434931354689652,0,
mouse-dyad-10m,20250905_194049,matched,3,0.19198471586617497,0,
mouse-dyad-10m,20250905_194049,matched,4,0.1815213044830497,0,
mouse-dyad-10m,20250905_194049,all,1,1.0,4,
mouse-dyad-10m,20250905_194049,all,2,1.0,0,
mouse-dyad-10m,20250905_194049,all,3,1.0,0,
mouse-dyad-10m,20250905_194049,all,4,1.0,0,
mouse-dyad-10m,20250905_200953,fixed,1,0.4959233999066936,233,8.321428571428571
mouse-dyad-10m,20250905_200953,fixed,2,0.5835203163530536,764,5.536231884057971
mouse-dyad-10m,20250905_200953,fixed,3,0.4880367893719592,1155,7.777777777777778
mouse-dyad-10m,20250905_200953,fixed,4,0.4196916514862043,821,4.70487106017192
mouse-dyad-10m,20250905_200953,matched,1,0.29682536156221534,192,16.695652173913043
mouse-dyad-10m,20250905_200953,matched,2,0.4098149423499878,602,5.327433628318584
mouse-dyad-10m,20250905_200953,matched,3,0.3213738253393464,964,10.365591397849464
mouse-dyad-10m,20250905_200953,matched,4,0.2279957346603279,817,5.446666666666667
mouse-dyad-10m,20250905_200953,all,1,1.0,698,1.5756207674943565
mouse-dyad-10m,20250905_200953,all,2,1.0,877,2.0659599528857475
mouse-dyad-10m,20250905_200953,all,3,1.0,2136,3.106909090909091
mouse-dyad-10m,20250905_200953,all,4,1.0,1462,2.599111111111111
mouse-dyad-10m,20250905_203607,fixed,1,0.4665111629456848,57,
mouse-dyad-10m,20250905_203607,fixed,2,0.20588692658002888,0,
mouse-dyad-10m,20250905_203607,fixed,3,0.18342774630678663,0,
mouse-dyad-10m,20250905_203607,fixed,4,0.15943574364100854,0,
mouse-dyad-10m,20250905_203607,matched,1,0.544040875263801,108,
mouse-dyad-10m,20250905_203607,matched,2,0.278018438298345,0,
mouse-dyad-10m,20250905_203607,matched,3,0.22585804731756082,0,
mouse-dyad-10m,20250905_203607,matched,4,0.20808619349105853,0,
mouse-dyad-10m,20250905_203607,all,1,1.0,190,0.7076350093109871
mouse-dyad-10m,20250905_203607,all,2,1.0,425,1.8681318681318682
mouse-dyad-10m,20250905_203607,all,3,1.0,90,0.8071748878923767
mouse-dyad-10m,20250905_203607,all,4,1.0,0,
mouse-dyad-10m,20250905_210254,fixed,1,0.6359273987514718,1101,9.657894736842104
mouse-dyad-10m,20250905_210254,fixed,2,0.5225157176815587,1815,7.216699801192843
mouse-dyad-10m,20250905_210254,fixed,3,0.35540843756248197,529,13.921052631578947
mouse-dyad-10m,20250905_210254,fixed,4,0.5308022126941105,2621,7.64139941690962
mouse-dyad-10m,20250905_210254,matched,1,0.37242574367404974,534,8.754098360655737
mouse-dyad-10m,20250905_210254,matched,2,0.3353919978672828,1754,7.954648526077096
mouse-dyad-10m,20250905_210254,matched,3,0.20940617155044097,482,19.6734693877551
mouse-dyad-10m,20250905_210254,matched,4,0.3387910159287317,2293,7.505728314238953
mouse-dyad-10m,20250905_210254,all,1,1.0,1101,5.062068965517241
mouse-dyad-10m,20250905_210254,all,2,1.0,2017,3.6606170598911074
mouse-dyad-10m,20250905_210254,all,3,1.0,608,1.980456026058632
mouse-dyad-10m,20250905_210254,all,4,1.0,3230,5.343258891645988
mouse-dyad-10m,20250905_213215,fixed,1,0.5498411569990892,0,
mouse-dyad-10m,20250905_213215,fixed,2,0.14702419301090797,0,
mouse-dyad-10m,20250905_213215,fixed,3,0.20596272188034567,0,
mouse-dyad-10m,20250905_213215,fixed,4,0.21380015106411338,0,
mouse-dyad-10m,20250905_213215,matched,1,0.5811654410947948,0,
mouse-dyad-10m,20250905_213215,matched,2,0.18119210005998268,0,
mouse-dyad-10m,20250905_213215,matched,3,0.24437384755515074,0,
mouse-dyad-10m,20250905_213215,matched,4,0.24927800239925357,0,
mouse-dyad-10m,20250905_213215,all,1,1.0,50,1.6949152542372883
mouse-dyad-10m,20250905_213215,all,2,1.0,65,0.7647058823529412
mouse-dyad-10m,20250905_213215,all,3,1.0,225,2.406417112299465
mouse-dyad-10m,20250905_213215,all,4,1.0,46,
mouse-dyad-10m,20250907_143021,fixed,1,0.8380045713778488,2765,3.398893669330055
mouse-dyad-10m,20250907_143021,fixed,2,0.7461331913099438,3649,3.71021860701576
mouse-dyad-10m,20250907_143021,fixed,3,0.2348489891929077,200,3.773584905660377
mouse-dyad-10m,20250907_143021,fixed,4,0.31040987062556863,288,6.0
mouse-dyad-10m,20250907_143021,matched,1,0.5113285844262477,2440,3.7337413925019125
mouse-dyad-10m,20250907_143021,matched,2,0.449992233095888,2921,4.079608938547486
mouse-dyad-10m,20250907_143021,matched,3,0.11091139071965915,190,4.222222222222222
mouse-dyad-10m,20250907_143021,matched,4,0.18376495129041565,237,6.771428571428571
mouse-dyad-10m,20250907_143021,all,1,1.0,3420,3.2555925749643024
mouse-dyad-10m,20250907_143021,all,2,1.0,4003,2.577591757887959
mouse-dyad-10m,20250907_143021,all,3,1.0,413,0.892972972972973
mouse-dyad-10m,20250907_143021,all,4,1.0,316,3.4917127071823204
mouse-dyad-10m,20250907_151901,fixed,1,0.17554218739594663,455,7.459016393442623
mouse-dyad-10m,20250907_151901,fixed,2,0.13962264150943396,26,
mouse-dyad-10m,20250907_151901,fixed,3,0.14692889964261138,294,
mouse-dyad-10m,20250907_151901,fixed,4,0.1274139844617092,40,
mouse-dyad-10m,20250907_151901,matched,1,0.29681014006970186,455,1.8762886597938144
mouse-dyad-10m,20250907_151901,matched,2,0.2984239733629301,90,0.6143344709897611
mouse-dyad-10m,20250907_151901,matched,3,0.31707696064285557,294,0.7945945945945946
mouse-dyad-10m,20250907_151901,matched,4,0.343684794672586,40,0.1195814648729447
mouse-dyad-10m,20250907_151901,all,1,1.0,1009,1.0705570291777189
mouse-dyad-10m,20250907_151901,all,2,1.0,90,0.2181818181818182
mouse-dyad-10m,20250907_151901,all,3,1.0,1011,0.7913894324853229
mouse-dyad-10m,20250907_151901,all,4,1.0,93,0.13566739606126915
mouse-dyad-10m,20250907_154801,fixed,1,0.6237087063737142,1111,6.385057471264368
mouse-dyad-10m,20250907_154801,fixed,2,0.6195543509652767,1413,8.435820895522388
mouse-dyad-10m,20250907_154801,fixed,3,0.3619620998378246,526,11.954545454545455
mouse-dyad-10m,20250907_154801,fixed,4,0.39798729284222684,81,
mouse-dyad-10m,20250907_154801,matched,1,0.38173416568546864,921,6.3517241379310345
mouse-dyad-10m,20250907_154801,matched,2,0.416657410081532,1288,9.57620817843866
mouse-dyad-10m,20250907_154801,matched,3,0.24081931886343946,465,15.5
mouse-dyad-10m,20250907_154801,matched,4,0.2167992180210601,0,
mouse-dyad-10m,20250907_154801,all,1,1.0,1151,3.073431241655541
mouse-dyad-10m,20250907_154801,all,2,1.0,1413,4.610114192495922
mouse-dyad-10m,20250907_154801,all,3,1.0,617,2.653763440860215
mouse-dyad-10m,20250907_154801,all,4,1.0,81,3.5217391304347823
mouse-dyad-10m,20250907_161657,fixed,1,0.5045763540231928,784,20.102564102564102
mouse-dyad-10m,20250907_161657,fixed,2,0.2907253137842941,24,
mouse-dyad-10m,20250907_161657,fixed,3,0.23956991158306304,315,
mouse-dyad-10m,20250907_161657,fixed,4,0.19475730312118184,237,
mouse-dyad-10m,20250907_161657,matched,1,0.5114853156795663,784,18.891566265060238
mouse-dyad-10m,20250907_161657,matched,2,0.30178829279129177,24,
mouse-dyad-10m,20250907_161657,matched,3,0.24416848091704804,315,
mouse-dyad-10m,20250907_161657,matched,4,0.1985560368765967,237,
mouse-dyad-10m,20250907_161657,all,1,1.0,844,4.637362637362637
mouse-dyad-10m,20250907_161657,all,2,1.0,232,0.7105666156202144
mouse-dyad-10m,20250907_161657,all,3,1.0,403,1.2120300751879698
mouse-dyad-10m,20250907_161657,all,4,1.0,340,0.9226594301221165
mouse-dyad-10m,20250907_164826,fixed,1,0.5050873061714133,248,17.714285714285715
mouse-dyad-10m,20250907_164826,fixed,2,0.3488248100590927,85,
mouse-dyad-10m,20250907_164826,fixed,3,0.3987648287199538,35,
mouse-dyad-10m,20250907_164826,fixed,4,0.2365486293153241,0,
mouse-dyad-10m,20250907_164826,matched,1,0.4788288088150353,248,17.714285714285715
mouse-dyad-10m,20250907_164826,matched,2,0.3115475185497845,85,
mouse-dyad-10m,20250907_164826,matched,3,0.2897098680410539,35,
mouse-dyad-10m,20250907_164826,matched,4,0.17592304616341584,0,
mouse-dyad-10m,20250907_164826,all,1,1.0,848,4.198019801980198
mouse-dyad-10m,20250907_164826,all,2,1.0,240,1.6
mouse-dyad-10m,20250907_164826,all,3,1.0,35,0.5555555555555555
mouse-dyad-10m,20250907_164826,all,4,1.0,8,
mouse-dyad-10m,20250907_171538,fixed,1,0.8014839827609188,449,6.7518796992481205
mouse-dyad-10m,20250907_171538,fixed,2,0.45856844537255076,264,1.9924528301886795
mouse-dyad-10m,20250907_171538,fixed,3,0.18194339538810148,208,12.606060606060606
mouse-dyad-10m,20250907_171538,fixed,4,0.331356214595135,51,
mouse-dyad-10m,20250907_171538,matched,1,0.6062114008974986,257,11.953488372093021
mouse-dyad-10m,20250907_171538,matched,2,0.29981783445150395,148,1.7619047619047619
mouse-dyad-10m,20250907_171538,matched,3,0.11842982183320745,69,
mouse-dyad-10m,20250907_171538,matched,4,0.23154504054204153,24,
mouse-dyad-10m,20250907_171538,all,1,1.0,506,3.0574018126888216
mouse-dyad-10m,20250907_171538,all,2,1.0,981,2.1326086956521735
mouse-dyad-10m,20250907_171538,all,3,1.0,473,0.6294078509647372
mouse-dyad-10m,20250907_171538,all,4,1.0,172,0.6825396825396826
mouse-dyad-10m,20250907_174343,fixed,1,0.3907315664363628,161,
mouse-dyad-10m,20250907_174343,fixed,2,0.28540009774736746,18,
mouse-dyad-10m,20250907_174343,fixed,3,0.505953703292309,1290,2.9655172413793105
mouse-dyad-10m,20250907_174343,fixed,4,0.30654907362154,75,4.838709677419354
mouse-dyad-10m,20250907_174343,matched,1,0.34290093972852287,161,
mouse-dyad-10m,20250907_174343,matched,2,0.23650419869373973,18,
mouse-dyad-10m,20250907_174343,matched,3,0.387568312080686,997,2.936671575846834
mouse-dyad-10m,20250907_174343,matched,4,0.28902119340649574,75,4.838709677419354
mouse-dyad-10m,20250907_174343,all,1,1.0,699,2.431304347826087
mouse-dyad-10m,20250907_174343,all,2,1.0,104,0.17567567567567569
mouse-dyad-10m,20250907_174343,all,3,1.0,1670,2.309820193637621
mouse-dyad-10m,20250907_174343,all,4,1.0,112,2.8
mouse-dyad-10m,20250907_181225,fixed,1,0.5519838272537433,116,
mouse-dyad-10m,20250907_181225,fixed,2,0.28791042786688587,83,
mouse-dyad-10m,20250907_181225,fixed,3,0.3017061358688408,0,
mouse-dyad-10m,20250907_181225,fixed,4,0.10385427079862268,0,
mouse-dyad-10m,20250907_181225,matched,1,0.5555604922912871,116,
mouse-dyad-10m,20250907_181225,matched,2,0.29053183454036524,83,
mouse-dyad-10m,20250907_181225,matched,3,0.3048607100013329,0,
mouse-dyad-10m,20250907_181225,matched,4,0.10505387093191158,0,
mouse-dyad-10m,20250907_181225,all,1,1.0,116,1.856
mouse-dyad-10m,20250907_181225,all,2,1.0,451,18.04
mouse-dyad-10m,20250907_181225,all,3,1.0,163,
mouse-dyad-10m,20250907_181225,all,4,1.0,0,
mouse-dyad-10m,20250907_183823,fixed,1,0.47977251016373046,392,28.000000000000004
mouse-dyad-10m,20250907_183823,fixed,2,0.18856355800417648,0,
mouse-dyad-10m,20250907_183823,fixed,3,0.1290265250810859,0,
mouse-dyad-10m,20250907_183823,fixed,4,0.1432443239880926,0,
mouse-dyad-10m,20250907_183823,matched,1,0.5311132339546353,392,9.116279069767442
mouse-dyad-10m,20250907_183823,matched,2,0.2586750788643533,0,
mouse-dyad-10m,20250907_183823,matched,3,0.24474607899764517,0,
mouse-dyad-10m,20250907_183823,matched,4,0.22146443328742169,0,
mouse-dyad-10m,20250907_183823,all,1,1.0,1017,4.374193548387097
mouse-dyad-10m,20250907_183823,all,2,1.0,0,
mouse-dyad-10m,20250907_183823,all,3,1.0,141,0.5081081081081081
mouse-dyad-10m,20250907_183823,all,4,1.0,86,2.1772151898734178
mouse-dyad-10m,20250907_190610,fixed,1,0.20507408970741786,0,
mouse-dyad-10m,20250907_190610,fixed,2,0.28697738481361357,0,
mouse-dyad-10m,20250907_190610,fixed,3,0.1200515395210379,0,
mouse-dyad-10m,20250907_190610,fixed,4,0.11465321899853378,0,
mouse-dyad-10m,20250907_190610,matched,1,0.4054606447026415,0,
mouse-dyad-10m,20250907_190610,matched,2,0.4084729195361443,0,
mouse-dyad-10m,20250907_190610,matched,3,0.2125560936597503,0,
mouse-dyad-10m,20250907_190610,matched,4,0.22950637579419736,0,
mouse-dyad-10m,20250907_190610,all,1,1.0,0,
mouse-dyad-10m,20250907_190610,all,2,1.0,35,
mouse-dyad-10m,20250907_190610,all,3,1.0,0,
mouse-dyad-10m,20250907_190610,all,4,1.0,0,
mouse-dyad-10m,20250908_152229,fixed,1,0.6065224152485893,0,
mouse-dyad-10m,20250908_152229,fixed,2,0.19802728040165282,0,
mouse-dyad-10m,20250908_152229,fixed,3,0.10267916648153907,0,
mouse-dyad-10m,20250908_152229,fixed,4,0.08670635802194873,0,
mouse-dyad-10m,20250908_152229,matched,1,0.678966543741947,0,
mouse-dyad-10m,20250908_152229,matched,2,0.27802461456435773,0,
mouse-dyad-10m,20250908_152229,matched,3,0.16059448171679921,0,
mouse-dyad-10m,20250908_152229,matched,4,0.13842360154618563,0,
mouse-dyad-10m,20250908_152229,all,1,1.0,102,0.3422818791946309
mouse-dyad-10m,20250908_152229,all,2,1.0,2531,3.1382517048977063
mouse-dyad-10m,20250908_152229,all,3,1.0,783,1.2846595570139459
mouse-dyad-10m,20250908_152229,all,4,1.0,578,0.7189054726368159
mouse-dyad-10m,20250908_154926,fixed,1,0.6637934864708758,0,
mouse-dyad-10m,20250908_154926,fixed,2,0.28035722219753856,0,
mouse-dyad-10m,20250908_154926,fixed,3,0.2487226196294486,217,
mouse-dyad-10m,20250908_154926,fixed,4,0.129937352823566,45,9.999999999999998
mouse-dyad-10m,20250908_154926,matched,1,0.6531967832229972,0,
mouse-dyad-10m,20250908_154926,matched,2,0.2673612653841027,0,
mouse-dyad-10m,20250908_154926,matched,3,0.22153107921979828,217,
mouse-dyad-10m,20250908_154926,matched,4,0.11392011374239126,45,
mouse-dyad-10m,20250908_154926,all,1,1.0,102,1.2289156626506021
mouse-dyad-10m,20250908_154926,all,2,1.0,313,0.5452961672473867
mouse-dyad-10m,20250908_154926,all,3,1.0,565,1.4927344782034344
mouse-dyad-10m,20250908_154926,all,4,1.0,63,0.13636363636363633
mouse-dyad-10m,20250908_161812,fixed,1,0.777380370551384,779,7.179723502304148
mouse-dyad-10m,20250908_161812,fixed,2,0.6475985249033634,1504,4.8516129032258055
mouse-dyad-10m,20250908_161812,fixed,3,0.5490736215399653,255,2.3831775700934577
mouse-dyad-10m,20250908_161812,fixed,4,0.4997223147839609,1060,7.0666666666666655
mouse-dyad-10m,20250908_161812,matched,1,0.32903096814324434,530,8.48
mouse-dyad-10m,20250908_161812,matched,2,0.3425156617941085,1270,7.559523809523809
mouse-dyad-10m,20250908_161812,matched,3,0.3284089394410628,255,7.391304347826087
mouse-dyad-10m,20250908_161812,matched,4,0.2560479840053316,601,10.828828828828827
mouse-dyad-10m,20250908_161812,all,1,1.0,814,2.4011799410029497
mouse-dyad-10m,20250908_161812,all,2,1.0,1689,3.3020527859237534
mouse-dyad-10m,20250908_161812,all,3,1.0,490,0.8419243986254296
mouse-dyad-10m,20250908_161812,all,4,1.0,1820,3.084745762711864
mouse-dyad-10m,20250908_164528,fixed,1,0.6447915046764268,385,
mouse-dyad-10m,20250908_164528,fixed,2,0.5007997511885192,142,
mouse-dyad-10m,20250908_164528,fixed,3,0.3647309725863065,16,
mouse-dyad-10m,20250908_164528,fixed,4,0.20218154351979384,0,
mouse-dyad-10m,20250908_164528,matched,1,0.5409548352698109,385,
mouse-dyad-10m,20250908_164528,matched,2,0.3548673745945706,142,
mouse-dyad-10m,20250908_164528,matched,3,0.2431910072421913,16,
mouse-dyad-10m,20250908_164528,matched,4,0.11698582663171458,0,
mouse-dyad-10m,20250908_164528,all,1,1.0,385,3.701923076923077
mouse-dyad-10m,20250908_164528,all,2,1.0,142,0.6068376068376068
mouse-dyad-10m,20250908_164528,all,3,1.0,16,
mouse-dyad-10m,20250908_164528,all,4,1.0,0,
mouse-dyad-10m,20250908_171240,fixed,1,0.5330785977695828,167,2.783333333333333
mouse-dyad-10m,20250908_171240,fixed,2,0.3417527490836388,80,
mouse-dyad-10m,20250908_171240,fixed,3,0.37132067088748194,981,8.074074074074074
mouse-dyad-10m,20250908_171240,fixed,4,0.24509607908474954,940,5.9493670886075956
mouse-dyad-10m,20250908_171240,matched,1,0.47529657439907586,167,2.8793103448275863
mouse-dyad-10m,20250908_171240,matched,2,0.27735199377985115,80,
mouse-dyad-10m,20250908_171240,matched,3,0.3046540042208153,981,8.456896551724137
mouse-dyad-10m,20250908_171240,matched,4,0.1987115405975786,940,7.06766917293233
mouse-dyad-10m,20250908_171240,all,1,1.0,567,1.3420118343195264
mouse-dyad-10m,20250908_171240,all,2,1.0,491,0.6791147994467498
mouse-dyad-10m,20250908_171240,all,3,1.0,1456,1.9465240641711228
mouse-dyad-10m,20250908_171240,all,4,1.0,1865,1.540685667079719
mouse-dyad-10m,20250908_173928,fixed,1,0.7155995912382814,838,3.2355212355212357
mouse-dyad-10m,20250908_173928,fixed,2,0.19384649561257358,69,
mouse-dyad-10m,20250908_173928,fixed,3,0.22188159502388094,53,
mouse-dyad-10m,20250908_173928,fixed,4,0.17294235254915027,0,
mouse-dyad-10m,20250908_173928,matched,1,0.6971164526591727,838,3.2355212355212357
mouse-dyad-10m,20250908_173928,matched,2,0.18456070198822613,69,
mouse-dyad-10m,20250908_173928,matched,3,0.2097967344218594,53,
mouse-dyad-10m,20250908_173928,matched,4,0.16454515161612795,0,
mouse-dyad-10m,20250908_173928,all,1,1.0,838,2.497764530551416
mouse-dyad-10m,20250908_173928,all,2,1.0,314,0.7612121212121212
mouse-dyad-10m,20250908_173928,all,3,1.0,360,0.6463195691202872
mouse-dyad-10m,20250908_173928,all,4,1.0,480,2.608695652173913
slap-2m,2022-10-07/10072022131531,fixed,1,0.7227766688844534,59,4.214285714285714
slap-2m,2022-10-07/10072022131531,fixed,2,0.8729208250166334,0,
slap-2m,2022-10-07/10072022131531,fixed,3,0.4626302949656243,76,
slap-2m,2022-10-07/10072022131531,fixed,4,0.5635395874916833,19,
slap-2m,2022-10-07/10072022131531,matched,1,0.34420048791306274,0,
slap-2m,2022-10-07/10072022131531,matched,2,0.4577511643379907,0,
slap-2m,2022-10-07/10072022131531,matched,3,0.18363273453093812,67,
slap-2m,2022-10-07/10072022131531,matched,4,0.27034819250388115,16,
slap-2m,2022-10-07/10072022131531,all,1,1.0,119,8.5
slap-2m,2022-10-07/10072022131531,all,2,1.0,0,
slap-2m,2022-10-07/10072022131531,all,3,1.0,76,76.0
slap-2m,2022-10-07/10072022131531,all,4,1.0,19,
slap-2m,2022-10-07/10072022132603,fixed,1,0.672928407430599,17,
slap-2m,2022-10-07/10072022132603,fixed,2,0.3796702149864329,22,
slap-2m,2022-10-07/10072022132603,fixed,3,0.8453350031308704,48,3.84
slap-2m,2022-10-07/10072022132603,fixed,4,0.8459611772072636,0,
slap-2m,2022-10-07/10072022132603,matched,1,0.2838655812982676,17,
slap-2m,2022-10-07/10072022132603,matched,2,0.1527864746399499,22,
slap-2m,2022-10-07/10072022132603,matched,3,0.3617198914631601,0,
slap-2m,2022-10-07/10072022132603,matched,4,0.4577332498434565,0,
slap-2m,2022-10-07/10072022132603,all,1,1.0,17,
slap-2m,2022-10-07/10072022132603,all,2,1.0,33,13.2
slap-2m,2022-10-07/10072022132603,all,3,1.0,48,2.0425531914893615
slap-2m,2022-10-07/10072022132603,all,4,1.0,0,
slap-2m,2022-10-07/10072022133702,fixed,1,0.0,0,
slap-2m,2022-10-07/10072022133702,fixed,2,0.40262047523872974,0,
slap-2m,2022-10-07/10072022133702,fixed,3,0.5324300310972901,65,
slap-2m,2022-10-07/10072022133702,fixed,4,0.46169220519653564,71,
slap-2m,2022-10-07/10072022133702,matched,1,0.0,0,
slap-2m,2022-10-07/10072022133702,matched,2,0.3941816566733289,0,
slap-2m,2022-10-07/10072022133702,matched,3,0.4689027099067081,65,
slap-2m,2022-10-07/10072022133702,matched,4,0.3928492116366867,71,
slap-2m,2022-10-07/10072022133702,all,1,1.0,0,
slap-2m,2022-10-07/10072022133702,all,2,1.0,0,
slap-2m,2022-10-07/10072022133702,all,3,1.0,65,
slap-2m,2022-10-07/10072022133702,all,4,1.0,71,
slap-2m,2022-10-07/10072022134804,fixed,1,0.7374917346264052,139,1.9440559440559442
slap-2m,2022-10-07/10072022134804,fixed,2,0.44535037461436755,64,
slap-2m,2022-10-07/10072022134804,fixed,3,0.3013004187789288,0,
slap-2m,2022-10-07/10072022134804,fixed,4,0.752093433230498,16,
slap-2m,2022-10-07/10072022134804,matched,1,0.2823451620013225,0,
slap-2m,2022-10-07/10072022134804,matched,2,0.2007492287351256,0,
slap-2m,2022-10-07/10072022134804,matched,3,0.1562706634339872,0,
slap-2m,2022-10-07/10072022134804,matched,4,0.616571176729837,0,
slap-2m,2022-10-07/10072022134804,all,1,1.0,146,1.8364779874213835
slap-2m,2022-10-07/10072022134804,all,2,1.0,106,3.365079365079365
slap-2m,2022-10-07/10072022134804,all,3,1.0,70,12.727272727272727
slap-2m,2022-10-07/10072022134804,all,4,1.0,16,
slap-2m,2022-10-07/10072022135851,fixed,1,0.38965364120781526,78,
slap-2m,2022-10-07/10072022135851,fixed,2,0.47180284191829486,0,
slap-2m,2022-10-07/10072022135851,fixed,3,0.31283303730017764,0,
slap-2m,2022-10-07/10072022135851,fixed,4,0.2859045504994451,32,
slap-2m,2022-10-07/10072022135851,matched,1,0.34591474245115456,60,
slap-2m,2022-10-07/10072022135851,matched,2,0.38987566607460034,0,
slap-2m,2022-10-07/10072022135851,matched,3,0.3063943161634103,0,
slap-2m,2022-10-07/10072022135851,matched,4,0.21398446170921198,32,
slap-2m,2022-10-07/10072022135851,all,1,1.0,111,0.8072727272727273
slap-2m,2022-10-07/10072022135851,all,2,1.0,78,3.391304347826087
slap-2m,2022-10-07/10072022135851,all,3,1.0,14,
slap-2m,2022-10-07/10072022135851,all,4,1.0,32,1.391304347826087
slap-2m,2022-10-07/10072022140918,fixed,1,0.6699805489518046,41,2.102564102564102
slap-2m,2022-10-07/10072022140918,fixed,2,0.1961970613656007,0,
slap-2m,2022-10-07/10072022140918,fixed,3,0.2991138966933218,11,
slap-2m,2022-10-07/10072022140918,fixed,4,0.3941227312013829,201,5.661971830985916
slap-2m,2022-10-07/10072022140918,matched,1,0.6165982277933867,41,2.102564102564102
slap-2m,2022-10-07/10072022140918,matched,2,0.03565254969749352,0,
slap-2m,2022-10-07/10072022140918,matched,3,0.284201426410201,11,
slap-2m,2022-10-07/10072022140918,matched,4,0.31957649092480556,151,4.7936507936507935
slap-2m,2022-10-07/10072022140918,all,1,1.0,66,2.64
slap-2m,2022-10-07/10072022140918,all,2,1.0,0,
slap-2m,2022-10-07/10072022140918,all,3,1.0,11,
slap-2m,2022-10-07/10072022140918,all,4,1.0,278,1.602305475504323
slap-2m,2022-10-07/10072022161055,fixed,1,0.7165716790881193,2384,1.0950849793293522
slap-2m,2022-10-07/10072022161055,fixed,2,0.7643577378342832,3035,1.2154585502603124
slap-2m,2022-10-07/10072022161055,fixed,3,0.6120122753178431,1897,0.8247826086956521
slap-2m,2022-10-07/10072022161055,fixed,4,0.6493534955073417,1129,0.7253453260520398
slap-2m,2022-10-07/10072022161055,matched,1,0.2867163524769838,949,1.141997593261131
slap-2m,2022-10-07/10072022161055,matched,2,0.3772468215694871,1537,1.1827626010003847
slap-2m,2022-10-07/10072022161055,matched,3,0.30819815870232353,1311,1.1110169491525423
slap-2m,2022-10-07/10072022161055,matched,4,0.28380451457374534,595,1.0258620689655173
slap-2m,2022-10-07/10072022161055,all,1,1.0,2775,1.0835611089418196
slap-2m,2022-10-07/10072022161055,all,2,1.0,4017,1.1614861934364609
slap-2m,2022-10-07/10072022161055,all,3,1.0,3210,0.86709886547812
slap-2m,2022-10-07/10072022161055,all,4,1.0,1492,0.5219520727654364
slap-2m,2022-10-07/10072022162233,fixed,1,0.8130944481309444,600,1.0781671159029649
slap-2m,2022-10-07/10072022162233,fixed,2,0.8153471915081822,1174,0.8827067669172933
slap-2m,2022-10-07/10072022162233,fixed,3,0.922583499225835,1018,0.8667518092805448
slap-2m,2022-10-07/10072022162233,fixed,4,0.7735515258735073,1756,1.4700711594809546
slap-2m,2022-10-07/10072022162233,matched,1,0.23822163238221633,229,2.140186915887851
slap-2m,2022-10-07/10072022162233,matched,2,0.3160106147722247,499,1.2443890274314215
slap-2m,2022-10-07/10072022162233,matched,3,0.48175182481751827,269,0.5860566448801743
slap-2m,2022-10-07/10072022162233,matched,4,0.22003538257408226,562,1.4986666666666666
slap-2m,2022-10-07/10072022162233,all,1,1.0,867,1.0266429840142097
slap-2m,2022-10-07/10072022162233,all,2,1.0,1442,0.8583333333333335
slap-2m,2022-10-07/10072022162233,all,3,1.0,1216,0.9307309605817069
slap-2m,2022-10-07/10072022162233,all,4,1.0,2049,1.293152414010729
slap-2m,2022-10-07/10072022163346,fixed,1,0.728932893289329,1853,2.71303074670571
slap-2m,2022-10-07/10072022163346,fixed,2,0.6011878574571051,969,1.6368243243243241
slap-2m,2022-10-07/10072022163346,fixed,3,0.598019801980198,238,0.4877049180327869
slap-2m,2022-10-07/10072022163346,fixed,4,0.5054993400791905,1709,2.0296912114014254
slap-2m,2022-10-07/10072022163346,matched,1,0.4451045104510451,1223,2.593849416755037
slap-2m,2022-10-07/10072022163346,matched,2,0.1414430268367796,61,0.7134502923976608
slap-2m,2022-10-07/10072022163346,matched,3,0.33927392739273926,64,0.4383561643835616
slap-2m,2022-10-07/10072022163346,matched,4,0.33018037835459746,1367,2.0743550834597873
slap-2m,2022-10-07/10072022163346,all,1,1.0,2474,2.31214953271028
slap-2m,2022-10-07/10072022163346,all,2,1.0,1287,1.1845375057524161
slap-2m,2022-10-07/10072022163346,all,3,1.0,382,0.5225718194254446
slap-2m,2022-10-07/10072022163346,all,4,1.0,2261,1.6551976573938507
slap-2m,2022-10-07/10072022170913,fixed,1,0.7396109637488948,29,
slap-2m,2022-10-07/10072022170913,fixed,2,0.4346961325966851,5,
slap-2m,2022-10-07/10072022170913,fixed,3,0.49281767955801103,130,2.0155038759689923
slap-2m,2022-10-07/10072022170913,fixed,4,0.496353591160221,124,1.4674556213017749
slap-2m,2022-10-07/10072022170913,matched,1,0.381078691423519,29,
slap-2m,2022-10-07/10072022170913,matched,2,0.3237569060773481,0,
slap-2m,2022-10-07/10072022170913,matched,3,0.24,74,2.5964912280701755
slap-2m,2022-10-07/10072022170913,matched,4,0.31116022099447516,76,1.6888888888888889
slap-2m,2022-10-07/10072022170913,all,1,1.0,29,
slap-2m,2022-10-07/10072022170913,all,2,1.0,14,
slap-2m,2022-10-07/10072022170913,all,3,1.0,182,1.3582089552238805
slap-2m,2022-10-07/10072022170913,all,4,1.0,297,1.3623853211009174
slap-2m,2022-10-07/10072022173152,fixed,1,0.5153806047966631,162,2.0769230769230766
slap-2m,2022-10-07/10072022173152,fixed,2,0.3976280463964551,0,
slap-2m,2022-10-07/10072022173152,fixed,3,0.2920630783265998,134,5.469387755102042
slap-2m,2022-10-07/10072022173152,fixed,4,0.441417959077284,36,
slap-2m,2022-10-07/10072022173152,matched,1,0.3983315954118874,110,4.074074074074074
slap-2m,2022-10-07/10072022173152,matched,2,0.3077023328554672,0,
slap-2m,2022-10-07/10072022173152,matched,3,0.19392675615795646,49,3.6296296296296293
slap-2m,2022-10-07/10072022173152,matched,4,0.35605369477388243,26,
slap-2m,2022-10-07/10072022173152,all,1,1.0,449,2.233830845771144
slap-2m,2022-10-07/10072022173152,all,2,1.0,0,
slap-2m,2022-10-07/10072022173152,all,3,1.0,201,1.6209677419354838
slap-2m,2022-10-07/10072022173152,all,4,1.0,36,1.161290322580645
slap-2m,2022-10-07/10072022180149,fixed,1,0.8625301468976102,1978,1.8289412852519649
slap-2m,2022-10-07/10072022180149,fixed,2,0.6133274879438843,620,0.7908163265306123
slap-2m,2022-10-07/10072022180149,fixed,3,0.6012713722051731,540,1.125
slap-2m,2022-10-07/10072022180149,fixed,4,0.4682156948706708,97,0.7028985507246377
slap-2m,2022-10-07/10072022180149,matched,1,0.600087700065775,1530,1.9403931515535826
slap-2m,2022-10-07/10072022180149,matched,2,0.21679088119245946,157,0.6003824091778203
slap-2m,2022-10-07/10072022180149,matched,3,0.2356422621657168,314,1.8525073746312686
slap-2m,2022-10-07/10072022180149,matched,4,0.20363875493204736,38,0.6031746031746031
slap-2m,2022-10-07/10072022180149,all,1,1.0,1999,1.8172727272727274
slap-2m,2022-10-07/10072022180149,all,2,1.0,663,0.5846560846560847
slap-2m,2022-10-07/10072022180149,all,3,1.0,1134,1.1466127401415571
slap-2m,2022-10-07/10072022180149,all,4,1.0,175,0.578512396694215
slap-2m,2022-10-07/10072022181300,fixed,1,0.5963908450704225,2585,1.1571172784243509
slap-2m,2022-10-07/10072022181300,fixed,2,0.5841584158415841,1940,1.0119979134063641
slap-2m,2022-10-07/10072022181300,fixed,3,0.3355335533553355,959,0.8386532575426323
slap-2m,2022-10-07/10072022181300,fixed,4,0.3416941694169417,866,0.8224121557454891
slap-2m,2022-10-07/10072022181300,matched,1,0.4808538732394366,2086,1.1464688101126683
slap-2m,2022-10-07/10072022181300,matched,2,0.3768976897689769,1194,0.9220077220077221
slap-2m,2022-10-07/10072022181300,matched,3,0.2275027502750275,618,0.7715355805243446
slap-2m,2022-10-07/10072022181300,matched,4,0.17073707370737073,481,0.8229255774165953
slap-2m,2022-10-07/10072022181300,all,1,1.0,4106,1.1009518702238905
slap-2m,2022-10-07/10072022181300,all,2,1.0,3461,1.0846129739893449
slap-2m,2022-10-07/10072022181300,all,3,1.0,3268,1.041593625498008
slap-2m,2022-10-07/10072022181300,all,4,1.0,2300,0.7612113188813502
slap-2m,2022-10-07/10072022183527,fixed,1,0.70468160639006,1692,2.0227136879856547
slap-2m,2022-10-07/10072022183527,fixed,2,0.5593521189261149,724,1.385645933014354
slap-2m,2022-10-07/10072022183527,fixed,3,0.8923896161526514,829,1.5141552511415526
slap-2m,2022-10-07/10072022183527,fixed,4,0.7726264418811003,1666,1.577651515151515
slap-2m,2022-10-07/10072022183527,matched,1,0.3978256046150433,1447,2.3170536429143316
slap-2m,2022-10-07/10072022183527,matched,2,0.1413357000221877,180,1.5789473684210524
slap-2m,2022-10-07/10072022183527,matched,3,0.40647881073885067,301,1.7053824362606234
slap-2m,2022-10-07/10072022183527,matched,4,0.31033717834960073,571,1.2563256325632566
slap-2m,2022-10-07/10072022183527,all,1,1.0,2459,2.0954409884959526
slap-2m,2022-10-07/10072022183527,all,2,1.0,1094,0.7195001644195989
slap-2m,2022-10-07/10072022183527,all,3,1.0,941,1.1310096153846154
slap-2m,2022-10-07/10072022183527,all,4,1.0,1949,1.4226277372262774
slap-2m,2022-10-07/10072022184618,fixed,1,0.8059275521405049,1595,1.7215326497571506
slap-2m,2022-10-07/10072022184618,fixed,2,0.5261194029850746,735,2.9051383399209487
slap-2m,2022-10-07/10072022184618,fixed,3,0.8338454784899034,273,0.47478260869565214
slap-2m,2022-10-07/10072022184618,fixed,4,0.4273485513608428,520,1.4130434782608696
slap-2m,2022-10-07/10072022184618,matched,1,0.3907793633369923,911,2.1587677725118484
slap-2m,2022-10-07/10072022184618,matched,2,0.29170324846356455,609,3.3646408839779
slap-2m,2022-10-07/10072022184618,matched,3,0.42625109745390694,194,0.9797979797979798
slap-2m,2022-10-07/10072022184618,matched,4,0.14727831431079894,257,2.903954802259887
slap-2m,2022-10-07/10072022184618,all,1,1.0,1912,1.8491295938104448
slap-2m,2022-10-07/10072022184618,all,2,1.0,1165,2.302371541501976
slap-2m,2022-10-07/10072022184618,all,3,1.0,321,0.483433734939759
slap-2m,2022-10-07/10072022184618,all,4,1.0,885,0.6651634723788048
slap-2m,2022-10-21/10212022175626,fixed,1,0.73642266824085,499,1.3253652058432936
slap-2m,2022-10-21/10212022175626,fixed,2,0.6486127508854782,664,1.670440251572327
slap-2m,2022-10-21/10212022175626,fixed,3,0.5444214876033058,161,2.5967741935483875
slap-2m,2022-10-21/10212022175626,fixed,4,0.8332595543750922,798,4.599423631123919
slap-2m,2022-10-21/10212022175626,matched,1,0.4846517119244392,228,1.4950819672131146
slap-2m,2022-10-21/10212022175626,matched,2,0.30283353010625735,212,1.1553133514986378
slap-2m,2022-10-21/10212022175626,matched,3,0.1506788665879575,39,3.0
slap-2m,2022-10-21/10212022175626,matched,4,0.3178397521027003,472,5.158469945355191
slap-2m,2022-10-21/10212022175626,all,1,1.0,867,1.3905372894947874
slap-2m,2022-10-21/10212022175626,all,2,1.0,872,1.5284837861524978
slap-2m,2022-10-21/10212022175626,all,3,1.0,162,2.1315789473684212
slap-2m,2022-10-21/10212022175626,all,4,1.0,866,3.0546737213403876
slap-2m,2022-10-21/10212022181154,fixed,1,0.8490184757505773,503,0.7402501839587933
slap-2m,2022-10-21/10212022181154,fixed,2,0.6594495765973826,1066,3.007052186177715
slap-2m,2022-10-21/10212022181154,fixed,3,0.6842763664357198,223,0.6389684813753582
slap-2m,2022-10-21/10212022181154,fixed,4,0.6640685142417244,480,3.1067961165048548
slap-2m,2022-10-21/10212022181154,matched,1,0.4419745958429561,321,1.07
slap-2m,2022-10-21/10212022181154,matched,2,0.17138183217859893,529,3.7122807017543855
slap-2m,2022-10-21/10212022181154,matched,3,0.3241916859122402,18,
slap-2m,2022-10-21/10212022181154,matched,4,0.3185142417244034,307,11.163636363636362
slap-2m,2022-10-21/10212022181154,all,1,1.0,545,0.6282420749279539
slap-2m,2022-10-21/10212022181154,all,2,1.0,1506,3.170526315789474
slap-2m,2022-10-21/10212022181154,all,3,1.0,409,0.9068736141906873
slap-2m,2022-10-21/10212022181154,all,4,1.0,672,1.761467889908257
slap-2m,2022-10-30/10302022030623,fixed,1,0.42140750105351876,36,1.7142857142857142
slap-2m,2022-10-30/10302022030623,fixed,2,0.6325326590813316,83,2.721311475409836
slap-2m,2022-10-30/10302022030623,fixed,3,0.6316898440792246,160,1.3445378151260505
slap-2m,2022-10-30/10302022030623,fixed,4,0.60598398651496,47,0.6482758620689655
slap-2m,2022-10-30/10302022030623,matched,1,0.19511167298777918,36,3.789473684210526
slap-2m,2022-10-30/10302022030623,matched,2,0.28234302570585756,78,2.736842105263158
slap-2m,2022-10-30/10302022030623,matched,3,0.33796881584492205,87,1.1153846153846154
slap-2m,2022-10-30/10302022030623,matched,4,0.4407922461019806,32,0.48484848484848486
slap-2m,2022-10-30/10302022030623,all,1,1.0,53,1.1041666666666665
slap-2m,2022-10-30/10302022030623,all,2,1.0,83,2.721311475409836
slap-2m,2022-10-30/10302022030623,all,3,1.0,184,1.51440329218107
slap-2m,2022-10-30/10302022030623,all,4,1.0,47,0.6482758620689655
slap-2m,2022-10-30/10302022031312,fixed,1,0.6679946879150066,23,
slap-2m,2022-10-30/10302022031312,fixed,2,0.6458610004426738,0,
slap-2m,2022-10-30/10302022031312,fixed,3,0.6361221779548473,0,
slap-2m,2022-10-30/10302022031312,fixed,4,0.6384955752212389,37,1.510204081632653
slap-2m,2022-10-30/10302022031312,matched,1,0.301460823373174,0,
slap-2m,2022-10-30/10302022031312,matched,2,0.2549800796812749,0,
slap-2m,2022-10-30/10302022031312,matched,3,0.350597609561753,0,
slap-2m,2022-10-30/10302022031312,matched,4,0.3491150442477876,32,1.8823529411764706
slap-2m,2022-10-30/10302022031312,all,1,1.0,119,0.9189189189189189
slap-2m,2022-10-30/10302022031312,all,2,1.0,23,
slap-2m,2022-10-30/10302022031312,all,3,1.0,22,
slap-2m,2022-10-30/10302022031312,all,4,1.0,103,1.2638036809815953
slap-2m,2022-10-30/10302022031841,fixed,1,0.5055481580115402,0,
slap-2m,2022-10-30/10302022031841,fixed,2,0.650687971593431,140,1.161825726141079
slap-2m,2022-10-30/10302022031841,fixed,3,0.7177097203728362,45,1.25
slap-2m,2022-10-30/10302022031841,fixed,4,0.7599822537710736,16,
slap-2m,2022-10-30/10302022031841,matched,1,0.14513981358189082,0,
slap-2m,2022-10-30/10302022031841,matched,2,0.4167776298268975,89,1.5614035087719298
slap-2m,2022-10-30/10302022031841,matched,3,0.24456280514869064,0,
slap-2m,2022-10-30/10302022031841,matched,4,0.44942324755989355,0,
slap-2m,2022-10-30/10302022031841,all,1,1.0,9,
slap-2m,2022-10-30/10302022031841,all,2,1.0,154,1.0301003344481605
slap-2m,2022-10-30/10302022031841,all,3,1.0,45,1.0112359550561798
slap-2m,2022-10-30/10302022031841,all,4,1.0,16,
slap-2m,2022-10-30/10302022032406,fixed,1,0.2048283666540928,0,
slap-2m,2022-10-30/10302022032406,fixed,2,0.6184012066365008,33,1.157894736842105
slap-2m,2022-10-30/10302022032406,fixed,3,0.4756695586571105,0,
slap-2m,2022-10-30/10302022032406,fixed,4,0.5912518853695324,93,9.299999999999999
slap-2m,2022-10-30/10302022032406,matched,1,0.05695963787250094,0,
slap-2m,2022-10-30/10302022032406,matched,2,0.388763197586727,0,
slap-2m,2022-10-30/10302022032406,matched,3,0.33496793662768765,0,
slap-2m,2022-10-30/10302022032406,matched,4,0.4751131221719457,93,9.299999999999999
slap-2m,2022-10-30/10302022032406,all,1,1.0,36,0.8571428571428571
slap-2m,2022-10-30/10302022032406,all,2,1.0,33,0.7857142857142857
slap-2m,2022-10-30/10302022032406,all,3,1.0,0,
slap-2m,2022-10-30/10302022032406,all,4,1.0,93,9.299999999999999
slap-2m,2022-10-30/10302022033021,fixed,1,0.6199186991869918,0,
slap-2m,2022-10-30/10302022033021,fixed,2,0.35067045916294187,0,
slap-2m,2022-10-30/10302022033021,fixed,3,0.6109756097560975,0,
slap-2m,2022-10-30/10302022033021,fixed,4,0.27509142624949207,0,
slap-2m,2022-10-30/10302022033021,matched,1,0.5800813008130081,0,
slap-2m,2022-10-30/10302022033021,matched,2,0.14912637139374238,0,
slap-2m,2022-10-30/10302022033021,matched,3,0.45203252032520325,0,
slap-2m,2022-10-30/10302022033021,matched,4,0.07517269402681837,0,
slap-2m,2022-10-30/10302022033021,all,1,1.0,0,
slap-2m,2022-10-30/10302022033021,all,2,1.0,19,
slap-2m,2022-10-30/10302022033021,all,3,1.0,0,
slap-2m,2022-10-30/10302022033021,all,4,1.0,21,
slap-2m,2022-10-30/10302022033652,fixed,1,0.3631187034603592,0,
slap-2m,2022-10-30/10302022033652,fixed,2,0.15549715286903198,0,
slap-2m,2022-10-30/10302022033652,fixed,3,0.34997809899255367,70,4.666666666666667
slap-2m,2022-10-30/10302022033652,fixed,4,0.40254051686377573,31,0.6739130434782609
slap-2m,2022-10-30/10302022033652,matched,1,0.36268068331143233,0,
slap-2m,2022-10-30/10302022033652,matched,2,0.15286903197547086,0,
slap-2m,2022-10-30/10302022033652,matched,3,0.34997809899255367,70,4.666666666666667
slap-2m,2022-10-30/10302022033652,matched,4,0.3907139728427508,21,
slap-2m,2022-10-30/10302022033652,all,1,1.0,33,1.434782608695652
slap-2m,2022-10-30/10302022033652,all,2,1.0,38,2.0540540540540535
slap-2m,2022-10-30/10302022033652,all,3,1.0,179,1.826530612244898
slap-2m,2022-10-30/10302022033652,all,4,1.0,96,1.015873015873016
slap-2m,2022-10-30/10302022034217,fixed,1,0.6039360393603936,95,2.533333333333333
slap-2m,2022-10-30/10302022034217,fixed,2,0.4586065573770492,28,
slap-2m,2022-10-30/10302022034217,fixed,3,0.5526855268552685,140,0.5185185185185185
slap-2m,2022-10-30/10302022034217,fixed,4,0.3737704918032787,136,0.6153846153846154
slap-2m,2022-10-30/10302022034217,matched,1,0.4866748667486675,17,
slap-2m,2022-10-30/10302022034217,matched,2,0.2848360655737705,0,
slap-2m,2022-10-30/10302022034217,matched,3,0.34891348913489134,88,0.46684350132625985
slap-2m,2022-10-30/10302022034217,matched,4,0.13565573770491804,87,0.725
slap-2m,2022-10-30/10302022034217,all,1,1.0,169,2.816666666666667
slap-2m,2022-10-30/10302022034217,all,2,1.0,66,3.3000000000000007
slap-2m,2022-10-30/10302022034217,all,3,1.0,481,1.0277777777777777
slap-2m,2022-10-30/10302022034217,all,4,1.0,136,0.3285024154589372
slap-2m,2022-10-30/10302022034810,fixed,1,0.7957317073170732,93,1.7547169811320753
slap-2m,2022-10-30/10302022034810,fixed,2,0.47496734871571616,0,
slap-2m,2022-10-30/10302022034810,fixed,3,0.07575097953852851,74,3.6097560975609757
slap-2m,2022-10-30/10302022034810,fixed,4,0.43143230300391816,0,
slap-2m,2022-10-30/10302022034810,matched,1,0.6472125435540069,62,1.9682539682539684
slap-2m,2022-10-30/10302022034810,matched,2,0.3787548976926426,0,
slap-2m,2022-10-30/10302022034810,matched,3,0.00914235959947758,0,
slap-2m,2022-10-30/10302022034810,matched,4,0.22115803221593383,0,
slap-2m,2022-10-30/10302022034810,all,1,1.0,185,1.6444444444444446
slap-2m,2022-10-30/10302022034810,all,2,1.0,70,0.9589041095890412
slap-2m,2022-10-30/10302022034810,all,3,1.0,153,3.0600000000000005
slap-2m,2022-10-30/10302022034810,all,4,1.0,0,
slap-2m,2022-10-30/10302022035407,fixed,1,0.4327433628318584,126,0.6395939086294417
slap-2m,2022-10-30/10302022035407,fixed,2,0.46351172047766476,425,0.7748404740200546
slap-2m,2022-10-30/10302022035407,fixed,3,0.5681415929203539,494,1.3571428571428572
slap-2m,2022-10-30/10302022035407,fixed,4,0.8429898275099513,1483,1.4245917387127762
slap-2m,2022-10-30/10302022035407,matched,1,0.3168141592920354,69,0.5655737704918032
slap-2m,2022-10-30/10302022035407,matched,2,0.13312693498452013,61,0.48031496062992124
slap-2m,2022-10-30/10302022035407,matched,3,0.2491150442477876,188,0.9715762273901808
slap-2m,2022-10-30/10302022035407,matched,4,0.5568332596196374,1106,1.505786249149081
slap-2m,2022-10-30/10302022035407,all,1,1.0,126,0.3285528031290743
slap-2m,2022-10-30/10302022035407,all,2,1.0,712,0.6856042368801155
slap-2m,2022-10-30/10302022035407,all,3,1.0,989,1.4917043740573155
slap-2m,2022-10-30/10302022035407,all,4,1.0,1677,1.3974999999999997
slap-2m,2022-10-30/10302022035936,fixed,1,0.7011545293072824,1062,1.4518113465481888
slap-2m,2022-10-30/10302022035936,fixed,2,0.8086145648312612,1344,1.2479108635097493
slap-2m,2022-10-30/10302022035936,fixed,3,0.8077264653641207,1660,1.358428805237316
slap-2m,2022-10-30/10302022035936,fixed,4,0.829560585885486,1123,1.1583290355853533
slap-2m,2022-10-30/10302022035936,matched,1,0.1447602131438721,157,1.2170542635658914
slap-2m,2022-10-30/10302022035936,matched,2,0.30728241563055064,500,1.0
slap-2m,2022-10-30/10302022035936,matched,3,0.42761989342806395,963,1.3747323340471092
slap-2m,2022-10-30/10302022035936,matched,4,0.37638703950288505,647,1.1647164716471647
slap-2m,2022-10-30/10302022035936,all,1,1.0,1139,0.874136607828089
slap-2m,2022-10-30/10302022035936,all,2,1.0,1382,1.180187873612297
slap-2m,2022-10-30/10302022035936,all,3,1.0,1686,1.2806684390429168
slap-2m,2022-10-30/10302022035936,all,4,1.0,1123,1.1583290355853533
slap-2m,2022-10-30/10302022040455,fixed,1,0.5623188405797102,45,1.0
slap-2m,2022-10-30/10302022040455,fixed,2,0.18799171842650103,3,
slap-2m,2022-10-30/10302022040455,fixed,3,0.8625258799171842,1028,0.739834472831954
slap-2m,2022-10-30/10302022040455,fixed,4,0.7552795031055901,651,0.5454545454545454
slap-2m,2022-10-30/10302022040455,matched,1,0.3002070393374741,0,
slap-2m,2022-10-30/10302022040455,matched,2,0.0,0,
slap-2m,2022-10-30/10302022040455,matched,3,0.5424430641821946,621,0.7246207701283546
slap-2m,2022-10-30/10302022040455,matched,4,0.4132505175983437,517,0.7899159663865546
slap-2m,2022-10-30/10302022040455,all,1,1.0,85,0.648854961832061
slap-2m,2022-10-30/10302022040455,all,2,1.0,322,1.5593220338983051
slap-2m,2022-10-30/10302022040455,all,3,1.0,1063,0.687136393018746
slap-2m,2022-10-30/10302022040455,all,4,1.0,733,0.44722391702257475
slap-2m,2022-10-19/10192022175658,fixed,1,1.0,234,0.6743515850144092
slap-2m,2022-10-19/10192022175658,fixed,2,1.0,0,
slap-2m,2022-10-19/10192022175658,fixed,3,0.9598509933774835,780,3.8235294117647056
slap-2m,2022-10-19/10192022175658,fixed,4,1.0,593,3.9533333333333336
slap-2m,2022-10-19/10192022175658,matched,1,0.0,0,
slap-2m,2022-10-19/10192022175658,matched,2,0.5169701986754967,0,
slap-2m,2022-10-19/10192022175658,matched,3,0.2595198675496689,254,5.521739130434782
slap-2m,2022-10-19/10192022175658,matched,4,0.4795200661977658,418,8.196078431372548
slap-2m,2022-10-19/10192022175658,all,1,1.0,234,0.6743515850144092
slap-2m,2022-10-19/10192022175658,all,2,1.0,0,
slap-2m,2022-10-19/10192022175658,all,3,1.0,809,3.771561771561771
slap-2m,2022-10-19/10192022175658,all,4,1.0,593,3.9533333333333336
slap-2m,2022-10-19/10192022180019,fixed,1,1.0,298,2.994974874371859
slap-2m,2022-10-19/10192022180019,fixed,2,0.7455947136563876,627,2.13265306122449
slap-2m,2022-10-19/10192022180019,fixed,3,0.9647577092511013,84,1.3770491803278688
slap-2m,2022-10-19/10192022180019,fixed,4,1.0,136,1.3877551020408163
slap-2m,2022-10-19/10192022180019,matched,1,0.3849118942731278,0,
slap-2m,2022-10-19/10192022180019,matched,2,0.07433920704845814,123,3.7272727272727275
slap-2m,2022-10-19/10192022180019,matched,3,0.2290748898678414,75,7.5
slap-2m,2022-10-19/10192022180019,matched,4,0.5674188222344524,23,
slap-2m,2022-10-19/10192022180019,all,1,1.0,298,2.994974874371859
slap-2m,2022-10-19/10192022180019,all,2,1.0,789,1.9899117276166458
slap-2m,2022-10-19/10192022180019,all,3,1.0,84,1.0243902439024388
slap-2m,2022-10-19/10192022180019,all,4,1.0,136,1.3877551020408163
slap-2m,2022-10-19/10192022180303,fixed,1,0.565775950668037,118,0.8581818181818183
slap-2m,2022-10-19/10192022180303,fixed,2,0.711864406779661,519,0.9018245004344048
slap-2m,2022-10-19/10192022180303,fixed,3,0.6798561151079137,236,0.4753272910372608
slap-2m,2022-10-19/10192022180303,fixed,4,0.1807909604519774,277,1.0374531835205993
slap-2m,2022-10-19/10192022180303,matched,1,0.34275436793422404,30,1.0
slap-2m,2022-10-19/10192022180303,matched,2,0.43708269131997946,233,0.7169230769230769
slap-2m,2022-10-19/10192022180303,matched,3,0.41161356628982526,165,0.904109589041096
slap-2m,2022-10-19/10192022180303,matched,4,0.06471494607087827,92,1.0
slap-2m,2022-10-19/10192022180303,all,1,1.0,118,0.833922261484099
slap-2m,2022-10-19/10192022180303,all,2,1.0,843,0.9952774498229043
slap-2m,2022-10-19/10192022180303,all,3,1.0,584,0.7550096961861669
slap-2m,2022-10-19/10192022180303,all,4,1.0,1580,1.051230871590153
slap-2m,2022-10-19/10192022180545,fixed,1,0.8931095406360424,2029,1.064253868345135
slap-2m,2022-10-19/10192022180545,fixed,2,0.8419077058953411,2418,1.561511139812722
slap-2m,2022-10-19/10192022180545,fixed,3,0.7811879001987193,2634,1.269703543022415
slap-2m,2022-10-19/10192022180545,fixed,4,0.8008390373150805,180,0.6040268456375839
slap-2m,2022-10-19/10192022180545,matched,1,0.4664310954063604,996,0.9955022488755622
slap-2m,2022-10-19/10192022180545,matched,2,0.41377787591079707,1430,1.498166579360922
slap-2m,2022-10-19/10192022180545,matched,3,0.20401854714064915,536,1.2582159624413147
slap-2m,2022-10-19/10192022180545,matched,4,0.17178185029807905,135,0.6108597285067874
slap-2m,2022-10-19/10192022180545,all,1,1.0,2219,1.0153283001601465
slap-2m,2022-10-19/10192022180545,all,2,1.0,2522,1.4967359050445104
slap-2m,2022-10-19/10192022180545,all,3,1.0,3157,1.3034682080924855
slap-2m,2022-10-19/10192022180545,all,4,1.0,180,0.6040268456375839
slap-2m,2022-10-19/10192022181152,fixed,1,0.39537420903338427,376,2.5841924398625427
slap-2m,2022-10-19/10192022181152,fixed,2,0.0030541012216404886,0,
slap-2m,2022-10-19/10192022181152,fixed,3,0.457342352171067,333,0.670020120724346
slap-2m,2022-10-19/10192022181152,fixed,4,0.3702006980802792,256,0.5701559020044543
slap-2m,2022-10-19/10192022181152,matched,1,0.4001745581496836,384,2.621160409556314
slap-2m,2022-10-19/10192022181152,matched,2,0.0037085514834205935,0,
slap-2m,2022-10-19/10192022181152,matched,3,0.4625790966615754,335,0.6627101879327398
slap-2m,2022-10-19/10192022181152,matched,4,0.38961605584642234,263,0.5307769929364279
slap-2m,2022-10-19/10192022181152,all,1,1.0,1099,2.0522875816993467
slap-2m,2022-10-19/10192022181152,all,2,1.0,245,0.3064415259537211
slap-2m,2022-10-19/10192022181152,all,3,1.0,929,1.0865497076023392
slap-2m,2022-10-19/10192022181152,all,4,1.0,575,0.530932594644506
slap-2m,2022-10-19/10192022183808,fixed,1,0.8030247141276282,50,0.3355704697986577
slap-2m,2022-10-19/10192022183808,fixed,2,0.515676872002951,759,5.345070422535211
slap-2m,2022-10-19/10192022183808,fixed,3,0.6399852452969385,487,1.9441117764471056
slap-2m,2022-10-19/10192022183808,fixed,4,0.5588343784581336,108,1.148936170212766
slap-2m,2022-10-19/10192022183808,matched,1,0.5986720767244559,49,0.38888888888888884
slap-2m,2022-10-19/10192022183808,matched,2,0.0,0,
slap-2m,2022-10-19/10192022183808,matched,3,0.4142382884544449,243,2.454545454545455
slap-2m,2022-10-19/10192022183808,matched,4,0.2430837329398746,43,1.3870967741935485
slap-2m,2022-10-19/10192022183808,all,1,1.0,50,0.29069767441860467
slap-2m,2022-10-19/10192022183808,all,2,1.0,777,5.162790697674419
slap-2m,2022-10-19/10192022183808,all,3,1.0,487,1.89126213592233
slap-2m,2022-10-19/10192022183808,all,4,1.0,108,1.148936170212766
slap-2m,2022-10-19/10192022184226,fixed,1,0.38025641025641027,220,0.5005688282138794
slap-2m,2022-10-19/10192022184226,fixed,2,0.2827480133299154,338,1.1675302245250432
slap-2m,2022-10-19/10192022184226,fixed,3,0.6446153846153846,671,0.7734870317002883
slap-2m,2022-10-19/10192022184226,fixed,4,0.5726736734170725,714,1.9778393351800554
slap-2m,2022-10-19/10192022184226,matched,1,0.19282051282051282,71,0.3053763440860215
slap-2m,2022-10-19/10192022184226,matched,2,0.15431940528069726,144,0.6923076923076923
slap-2m,2022-10-19/10192022184226,matched,3,0.3758974358974359,171,0.3475609756097561
slap-2m,2022-10-19/10192022184226,matched,4,0.5329402717251986,702,1.9719101123595506
slap-2m,2022-10-19/10192022184226,all,1,1.0,367,0.6338514680483591
slap-2m,2022-10-19/10192022184226,all,2,1.0,731,1.0789667896678967
slap-2m,2022-10-19/10192022184226,all,3,1.0,1408,1.2222222222222223
slap-2m,2022-10-19/10192022184226,all,4,1.0,714,1.5321888412017168
scn2a,s-DANNCE-SCN2A_SOC1/2022_09_22_M3_M4,fixed,1,0.9573033707865168,446,2.149397590361446
scn2a,s-DANNCE-SCN2A_SOC1/2022_09_22_M3_M4,fixed,2,0.9326292134831461,408,1.789473684210526
scn2a,s-DANNCE-SCN2A_SOC1/2022_09_22_M3_M4,fixed,3,0.8777078651685394,213,1.5214285714285716
scn2a,s-DANNCE-SCN2A_SOC1/2022_09_22_M3_M4,fixed,4,0.7919101123595506,266,1.079107505070994
scn2a,s-DANNCE-SCN2A_SOC1/2022_09_22_M3_M4,matched,1,0.3234606741573034,259,3.837037037037037
scn2a,s-DANNCE-SCN2A_SOC1/2022_09_22_M3_M4,matched,2,0.33784269662921346,168,2.1677419354838707
scn2a,s-DANNCE-SCN2A_SOC1/2022_09_22_M3_M4,matched,3,0.3516404494382023,35,1.5217391304347827
scn2a,s-DANNCE-SCN2A_SOC1/2022_09_22_M3_M4,matched,4,0.2430561797752809,1,
scn2a,s-DANNCE-SCN2A_SOC1/2022_09_22_M3_M4,all,1,1.0,514,2.4188235294117653
scn2a,s-DANNCE-SCN2A_SOC1/2022_09_22_M3_M4,all,2,1.0,408,1.6451612903225805
scn2a,s-DANNCE-SCN2A_SOC1/2022_09_22_M3_M4,all,3,1.0,302,1.6368563685636857
scn2a,s-DANNCE-SCN2A_SOC1/2022_09_22_M3_M4,all,4,1.0,362,1.2168067226890757
scn2a,s-DANNCE-SCN2A_SOC1/2022_09_22_M5_M6,fixed,1,0.9819325842696629,908,2.1774580335731417
scn2a,s-DANNCE-SCN2A_SOC1/2022_09_22_M5_M6,fixed,2,0.952808988764045,1800,1.8623900672529745
scn2a,s-DANNCE-SCN2A_SOC1/2022_09_22_M5_M6,fixed,3,0.9888988764044944,1054,1.666403162055336
scn2a,s-DANNCE-SCN2A_SOC1/2022_09_22_M5_M6,fixed,4,0.9326292134831461,992,2.2804597701149425
scn2a,s-DANNCE-SCN2A_SOC1/2022_09_22_M5_M6,matched,1,0.3470561797752809,673,3.004464285714286
scn2a,s-DANNCE-SCN2A_SOC1/2022_09_22_M5_M6,matched,2,0.2906516853932584,581,1.7395209580838324
scn2a,s-DANNCE-SCN2A_SOC1/2022_09_22_M5_M6,matched,3,0.3235955056179775,164,0.942528735632184
scn2a,s-DANNCE-SCN2A_SOC1/2022_09_22_M5_M6,matched,4,0.29469662921348316,354,2.8663967611336036
scn2a,s-DANNCE-SCN2A_SOC1/2022_09_22_M5_M6,all,1,1.0,908,2.1774580335731417
scn2a,s-DANNCE-SCN2A_SOC1/2022_09_22_M5_M6,all,2,1.0,1800,1.82741116751269
scn2a,s-DANNCE-SCN2A_SOC1/2022_09_22_M5_M6,all,3,1.0,1054,1.666403162055336
scn2a,s-DANNCE-SCN2A_SOC1/2022_09_22_M5_M6,all,4,1.0,992,2.2804597701149425
scn2a,s-DANNCE-SCN2A_SOC1/2022_09_23_M1_M6,fixed,1,0.9055280898876404,565,1.7278287461773698
scn2a,s-DANNCE-SCN2A_SOC1/2022_09_23_M1_M6,fixed,2,0.7983820224719101,531,1.206818181818182
scn2a,s-DANNCE-SCN2A_SOC1/2022_09_23_M1_M6,fixed,3,0.914561797752809,672,1.5609756097560976
scn2a,s-DANNCE-SCN2A_SOC1/2022_09_23_M1_M6,fixed,4,0.9020674157303371,115,0.7278481012658228
scn2a,s-DANNCE-SCN2A_SOC1/2022_09_23_M1_M6,matched,1,0.44507865168539323,278,1.9577464788732393
scn2a,s-DANNCE-SCN2A_SOC1/2022_09_23_M1_M6,matched,2,0.2802696629213483,43,0.33076923076923076
scn2a,s-DANNCE-SCN2A_SOC1/2022_09_23_M1_M6,matched,3,0.30089887640449436,93,0.5254237288135593
scn2a,s-DANNCE-SCN2A_SOC1/2022_09_23_M1_M6,matched,4,0.22975280898876405,16,
scn2a,s-DANNCE-SCN2A_SOC1/2022_09_23_M1_M6,all,1,1.0,643,1.6593548387096773
scn2a,s-DANNCE-SCN2A_SOC1/2022_09_23_M1_M6,all,2,1.0,539,0.9599287622439894
scn2a,s-DANNCE-SCN2A_SOC1/2022_09_23_M1_M6,all,3,1.0,682,1.4698275862068966
scn2a,s-DANNCE-SCN2A_SOC1/2022_09_23_M1_M6,all,4,1.0,115,0.6845238095238095
scn2a,s-DANNCE-SCN2A_SOC1/2022_09_23_M3_M2,fixed,1,0.8661573033707866,360,2.2222222222222223
scn2a,s-DANNCE-SCN2A_SOC1/2022_09_23_M3_M2,fixed,2,0.9149662921348315,1118,2.4017185821697096
scn2a,s-DANNCE-SCN2A_SOC1/2022_09_23_M3_M2,fixed,3,0.6282247191011235,822,2.781725888324873
scn2a,s-DANNCE-SCN2A_SOC1/2022_09_23_M3_M2,fixed,4,0.8017977528089888,252,3.0920245398773005
scn2a,s-DANNCE-SCN2A_SOC1/2022_09_23_M3_M2,matched,1,0.33069662921348314,171,4.499999999999999
scn2a,s-DANNCE-SCN2A_SOC1/2022_09_23_M3_M2,matched,2,0.2967191011235955,433,2.4122562674094707
scn2a,s-DANNCE-SCN2A_SOC1/2022_09_23_M3_M2,matched,3,0.16530337078651686,0,
scn2a,s-DANNCE-SCN2A_SOC1/2022_09_23_M3_M2,matched,4,0.4632808988764045,45,
scn2a,s-DANNCE-SCN2A_SOC1/2022_09_23_M3_M2,all,1,1.0,530,2.4367816091954024
scn2a,s-DANNCE-SCN2A_SOC1/2022_09_23_M3_M2,all,2,1.0,1140,2.441113490364026
scn2a,s-DANNCE-SCN2A_SOC1/2022_09_23_M3_M2,all,3,1.0,894,2.5147679324894514
scn2a,s-DANNCE-SCN2A_SOC1/2022_09_23_M3_M2,all,4,1.0,323,1.3402489626556016
scn2a,s-DANNCE-SCN2A_SOC1/2022_09_23_M5_M4,fixed,1,0.9683595505617978,648,1.1602506714413607
scn2a,s-DANNCE-SCN2A_SOC1/2022_09_23_M5_M4,fixed,2,0.9667865168539326,1102,1.668433005299016
scn2a,s-DANNCE-SCN2A_SOC1/2022_09_23_M5_M4,fixed,3,0.9634157303370786,2166,1.6496572734196497
scn2a,s-DANNCE-SCN2A_SOC1/2022_09_23_M5_M4,fixed,4,1.0,777,0.936144578313253
scn2a,s-DANNCE-SCN2A_SOC1/2022_09_23_M5_M4,matched,1,0.3347415730337079,376,2.0269541778975744
scn2a,s-DANNCE-SCN2A_SOC1/2022_09_23_M5_M4,matched,2,0.2815730337078652,277,1.5303867403314917
scn2a,s-DANNCE-SCN2A_SOC1/2022_09_23_M5_M4,matched,3,0.3393258426966292,1080,2.942779291553134
scn2a,s-DANNCE-SCN2A_SOC1/2022_09_23_M5_M4,matched,4,0.30035955056179775,281,1.8486842105263155
scn2a,s-DANNCE-SCN2A_SOC1/2022_09_23_M5_M4,all,1,1.0,648,1.1418502202643173
scn2a,s-DANNCE-SCN2A_SOC1/2022_09_23_M5_M4,all,2,1.0,1130,1.5705350938151494
scn2a,s-DANNCE-SCN2A_SOC1/2022_09_23_M5_M4,all,3,1.0,2166,1.611607142857143
scn2a,s-DANNCE-SCN2A_SOC1/2022_09_23_M5_M4,all,4,1.0,777,0.936144578313253
scn2a,s-DANNCE-SCN2A_SOC1/2022_09_24_M2_M4,fixed,1,0.8738876404494382,851,1.8340517241379308
scn2a,s-DANNCE-SCN2A_SOC1/2022_09_24_M2_M4,fixed,2,0.8744269662921348,804,1.796648044692737
scn2a,s-DANNCE-SCN2A_SOC1/2022_09_24_M2_M4,fixed,3,0.9480449438202248,774,1.894736842105263
scn2a,s-DANNCE-SCN2A_SOC1/2022_09_24_M2_M4,fixed,4,0.8906966292134831,624,1.485714285714286
scn2a,s-DANNCE-SCN2A_SOC1/2022_09_24_M2_M4,matched,1,0.358876404494382,295,1.750741839762611
scn2a,s-DANNCE-SCN2A_SOC1/2022_09_24_M2_M4,matched,2,0.274876404494382,250,3.571428571428571
scn2a,s-DANNCE-SCN2A_SOC1/2022_09_24_M2_M4,matched,3,0.32530337078651683,276,2.692682926829268
scn2a,s-DANNCE-SCN2A_SOC1/2022_09_24_M2_M4,matched,4,0.2969438202247191,39,0.8041237113402062
scn2a,s-DANNCE-SCN2A_SOC1/2022_09_24_M2_M4,all,1,1.0,991,1.7823741007194247
scn2a,s-DANNCE-SCN2A_SOC1/2022_09_24_M2_M4,all,2,1.0,851,1.7020000000000002
scn2a,s-DANNCE-SCN2A_SOC1/2022_09_24_M2_M4,all,3,1.0,774,1.8855054811205847
scn2a,s-DANNCE-SCN2A_SOC1/2022_09_24_M2_M4,all,4,1.0,669,1.503370786516854
scn2a,s-DANNCE-SCN2A_SOC1/2022_09_24_M3_M6,fixed,1,0.8627865168539326,857,2.0700483091787443
scn2a,s-DANNCE-SCN2A_SOC1/2022_09_24_M3_M6,fixed,2,0.9152808988764045,396,1.353846153846154
scn2a,s-DANNCE-SCN2A_SOC1/2022_09_24_M3_M6,fixed,3,0.8970337078651686,316,0.8010139416983524
scn2a,s-DANNCE-SCN2A_SOC1/2022_09_24_M3_M6,fixed,4,0.9187415730337078,1126,2.3050153531218016
scn2a,s-DANNCE-SCN2A_SOC1/2022_09_24_M3_M6,matched,1,0.341123595505618,359,2.63003663003663
scn2a,s-DANNCE-SCN2A_SOC1/2022_09_24_M3_M6,matched,2,0.4703370786516854,13,
scn2a,s-DANNCE-SCN2A_SOC1/2022_09_24_M3_M6,matched,3,0.24278651685393257,68,0.8607594936708861
scn2a,s-DANNCE-SCN2A_SOC1/2022_09_24_M3_M6,matched,4,0.20175280898876405,469,4.362790697674418
scn2a,s-DANNCE-SCN2A_SOC1/2022_09_24_M3_M6,all,1,1.0,984,1.9959432048681545
scn2a,s-DANNCE-SCN2A_SOC1/2022_09_24_M3_M6,all,2,1.0,396,1.353846153846154
scn2a,s-DANNCE-SCN2A_SOC1/2022_09_24_M3_M6,all,3,1.0,329,0.7207009857612268
scn2a,s-DANNCE-SCN2A_SOC1/2022_09_24_M3_M6,all,4,1.0,1169,1.9746621621621623
scn2a,s-DANNCE-SCN2A_SOC1/2022_09_24_M5_M1,fixed,1,0.9195505617977529,601,1.6353741496598642
scn2a,s-DANNCE-SCN2A_SOC1/2022_09_24_M5_M1,fixed,2,0.9572584269662922,645,1.3493723849372385
scn2a,s-DANNCE-SCN2A_SOC1/2022_09_24_M5_M1,fixed,3,0.9489887640449438,407,1.4535714285714285
scn2a,s-DANNCE-SCN2A_SOC1/2022_09_24_M5_M1,fixed,4,0.9403595505617978,288,1.3426573426573425
scn2a,s-DANNCE-SCN2A_SOC1/2022_09_24_M5_M1,matched,1,0.3624719101123596,256,2.3703703703703707
scn2a,s-DANNCE-SCN2A_SOC1/2022_09_24_M5_M1,matched,2,0.31582022471910115,316,1.9268292682926829
scn2a,s-DANNCE-SCN2A_SOC1/2022_09_24_M5_M1,matched,3,0.21968539325842695,85,1.752577319587629
scn2a,s-DANNCE-SCN2A_SOC1/2022_09_24_M5_M1,matched,4,0.3580224719101124,0,
scn2a,s-DANNCE-SCN2A_SOC1/2022_09_24_M5_M1,all,1,1.0,639,1.6771653543307088
scn2a,s-DANNCE-SCN2A_SOC1/2022_09_24_M5_M1,all,2,1.0,652,1.300099700897308
scn2a,s-DANNCE-SCN2A_SOC1/2022_09_24_M5_M1,all,3,1.0,407,1.4535714285714285
scn2a,s-DANNCE-SCN2A_SOC1/2022_09_24_M5_M1,all,4,1.0,315,1.4685314685314685
scn2a,s-DANNCE-SCN2A_SOC1/2022_09_25_M1_M4,fixed,1,0.9023820224719101,584,3.114666666666667
scn2a,s-DANNCE-SCN2A_SOC1/2022_09_25_M1_M4,fixed,2,0.8955955056179775,121,1.0852017937219731
scn2a,s-DANNCE-SCN2A_SOC1/2022_09_25_M1_M4,fixed,3,0.8595505617977528,161,0.6052631578947368
scn2a,s-DANNCE-SCN2A_SOC1/2022_09_25_M1_M4,fixed,4,0.8251685393258427,186,0.627318718381113
scn2a,s-DANNCE-SCN2A_SOC1/2022_09_25_M1_M4,matched,1,0.38925842696629215,282,2.922279792746114
scn2a,s-DANNCE-SCN2A_SOC1/2022_09_25_M1_M4,matched,2,0.40507865168539325,27,
scn2a,s-DANNCE-SCN2A_SOC1/2022_09_25_M1_M4,matched,3,0.1743370786516854,0,
scn2a,s-DANNCE-SCN2A_SOC1/2022_09_25_M1_M4,matched,4,0.2873258426966292,185,1.0818713450292399
scn2a,s-DANNCE-SCN2A_SOC1/2022_09_25_M1_M4,all,1,1.0,584,2.3595959595959597
scn2a,s-DANNCE-SCN2A_SOC1/2022_09_25_M1_M4,all,2,1.0,172,1.1944444444444444
scn2a,s-DANNCE-SCN2A_SOC1/2022_09_25_M1_M4,all,3,1.0,290,0.6736353077816493
scn2a,s-DANNCE-SCN2A_SOC1/2022_09_25_M1_M4,all,4,1.0,222,0.5254437869822486
scn2a,s-DANNCE-SCN2A_SOC1/2022_09_25_M5_M3,fixed,1,0.8540224719101124,729,2.222560975609756
scn2a,s-DANNCE-SCN2A_SOC1/2022_09_25_M5_M3,fixed,2,0.9486292134831461,932,2.2983970406905057
scn2a,s-DANNCE-SCN2A_SOC1/2022_09_25_M5_M3,fixed,3,0.9518202247191011,212,1.1070496083550914
scn2a,s-DANNCE-SCN2A_SOC1/2022_09_25_M5_M3,fixed,4,0.9742471910112359,324,2.2897526501766783
scn2a,s-DANNCE-SCN2A_SOC1/2022_09_25_M5_M3,matched,1,0.36651685393258426,392,5.764705882352942
scn2a,s-DANNCE-SCN2A_SOC1/2022_09_25_M5_M3,matched,2,0.2766741573033708,295,3.4104046242774566
scn2a,s-DANNCE-SCN2A_SOC1/2022_09_25_M5_M3,matched,3,0.25195505617977526,43,0.6935483870967742
scn2a,s-DANNCE-SCN2A_SOC1/2022_09_25_M5_M3,matched,4,0.3608539325842697,227,9.659574468085106
scn2a,s-DANNCE-SCN2A_SOC1/2022_09_25_M5_M3,all,1,1.0,909,2.1188811188811187
scn2a,s-DANNCE-SCN2A_SOC1/2022_09_25_M5_M3,all,2,1.0,1031,2.4460260972716488
scn2a,s-DANNCE-SCN2A_SOC1/2022_09_25_M5_M3,all,3,1.0,212,0.9636363636363636
scn2a,s-DANNCE-SCN2A_SOC1/2022_09_25_M5_M3,all,4,1.0,324,1.975609756097561
scn2a,s-DANNCE-SCN2A_SOC1/2022_09_25_M6_M2,fixed,1,0.8901573033707865,1098,1.9783783783783784
scn2a,s-DANNCE-SCN2A_SOC1/2022_09_25_M6_M2,fixed,2,0.9194606741573034,1278,2.138912133891213
scn2a,s-DANNCE-SCN2A_SOC1/2022_09_25_M6_M2,fixed,3,0.7640449438202247,313,0.8575342465753423
scn2a,s-DANNCE-SCN2A_SOC1/2022_09_25_M6_M2,fixed,4,0.8944269662921348,461,1.4752
scn2a,s-DANNCE-SCN2A_SOC1/2022_09_25_M6_M2,matched,1,0.45991011235955054,473,2.225882352941176
scn2a,s-DANNCE-SCN2A_SOC1/2022_09_25_M6_M2,matched,2,0.38620224719101126,709,2.807920792079208
scn2a,s-DANNCE-SCN2A_SOC1/2022_09_25_M6_M2,matched,3,0.18719101123595505,55,12.22222222222222
scn2a,s-DANNCE-SCN2A_SOC1/2022_09_25_M6_M2,matched,4,0.22269662921348315,159,6.359999999999999
scn2a,s-DANNCE-SCN2A_SOC1/2022_09_25_M6_M2,all,1,1.0,1181,1.8671936758893282
scn2a,s-DANNCE-SCN2A_SOC1/2022_09_25_M6_M2,all,2,1.0,1278,2.0916530278232406
scn2a,s-DANNCE-SCN2A_SOC1/2022_09_25_M6_M2,all,3,1.0,364,0.7956284153005464
scn2a,s-DANNCE-SCN2A_SOC1/2022_09_25_M6_M2,all,4,1.0,480,1.1294117647058823
scn2a,s-DANNCE-SCN2A_SOC1/2022_09_26_M1_M3,fixed,1,0.8632808988764045,936,2.154200230149597
scn2a,s-DANNCE-SCN2A_SOC1/2022_09_26_M1_M3,fixed,2,0.9066516853932585,558,2.728606356968215
scn2a,s-DANNCE-SCN2A_SOC1/2022_09_26_M1_M3,fixed,3,0.8907415730337078,46,0.3538461538461538
scn2a,s-DANNCE-SCN2A_SOC1/2022_09_26_M1_M3,fixed,4,0.9397752808988764,231,1.3791044776119405
scn2a,s-DANNCE-SCN2A_SOC1/2022_09_26_M1_M3,matched,1,0.28386516853932586,187,1.298611111111111
scn2a,s-DANNCE-SCN2A_SOC1/2022_09_26_M1_M3,matched,2,0.27775280898876403,81,80.99999999999999
scn2a,s-DANNCE-SCN2A_SOC1/2022_09_26_M1_M3,matched,3,0.24912359550561797,0,
scn2a,s-DANNCE-SCN2A_SOC1/2022_09_26_M1_M3,matched,4,0.44525842696629214,34,0.7640449438202247
scn2a,s-DANNCE-SCN2A_SOC1/2022_09_26_M1_M3,all,1,1.0,1250,2.446183953033268
scn2a,s-DANNCE-SCN2A_SOC1/2022_09_26_M1_M3,all,2,1.0,585,2.0490367775831873
scn2a,s-DANNCE-SCN2A_SOC1/2022_09_26_M1_M3,all,3,1.0,46,0.3016393442622951
scn2a,s-DANNCE-SCN2A_SOC1/2022_09_26_M1_M3,all,4,1.0,312,1.1386861313868613
scn2a,s-DANNCE-SCN2A_SOC1/2022_09_26_M5_M2,fixed,1,0.8747865168539326,1170,2.936010037641154
scn2a,s-DANNCE-SCN2A_SOC1/2022_09_26_M5_M2,fixed,2,0.8317303370786517,534,1.7142857142857142
scn2a,s-DANNCE-SCN2A_SOC1/2022_09_26_M5_M2,fixed,3,0.9003595505617977,576,2.25
scn2a,s-DANNCE-SCN2A_SOC1/2022_09_26_M5_M2,fixed,4,0.7972584269662921,412,0.7945998071359691
scn2a,s-DANNCE-SCN2A_SOC1/2022_09_26_M5_M2,matched,1,0.3275056179775281,403,3.4891774891774894
scn2a,s-DANNCE-SCN2A_SOC1/2022_09_26_M5_M2,matched,2,0.2751910112359551,301,4.63076923076923
scn2a,s-DANNCE-SCN2A_SOC1/2022_09_26_M5_M2,matched,3,0.39986516853932585,31,0.49206349206349204
scn2a,s-DANNCE-SCN2A_SOC1/2022_09_26_M5_M2,matched,4,0.253438202247191,253,2.9080459770114944
scn2a,s-DANNCE-SCN2A_SOC1/2022_09_26_M5_M2,all,1,1.0,1210,2.7688787185354693
scn2a,s-DANNCE-SCN2A_SOC1/2022_09_26_M5_M2,all,2,1.0,570,1.5302013422818792
scn2a,s-DANNCE-SCN2A_SOC1/2022_09_26_M5_M2,all,3,1.0,576,2.1735849056603773
scn2a,s-DANNCE-SCN2A_SOC1/2022_09_26_M5_M2,all,4,1.0,412,0.7363717605004467
scn2a,s-DANNCE-SCN2A_SOC1/2022_09_26_M6_M4,fixed,1,0.8616629213483146,2200,1.9766397124887691
scn2a,s-DANNCE-SCN2A_SOC1/2022_09_26_M6_M4,fixed,2,0.9493932584269663,1181,1.7342143906020557
scn2a,s-DANNCE-SCN2A_SOC1/2022_09_26_M6_M4,fixed,3,0.9603595505617978,1154,1.1021967526265521
scn2a,s-DANNCE-SCN2A_SOC1/2022_09_26_M6_M4,fixed,4,0.9841348314606742,268,0.8258859784283513
scn2a,s-DANNCE-SCN2A_SOC1/2022_09_26_M6_M4,matched,1,0.32723595505617975,916,3.5095785440613025
scn2a,s-DANNCE-SCN2A_SOC1/2022_09_26_M6_M4,matched,2,0.3421123595505618,341,2.2582781456953644
scn2a,s-DANNCE-SCN2A_SOC1/2022_09_26_M6_M4,matched,3,0.28314606741573034,241,0.921606118546845
scn2a,s-DANNCE-SCN2A_SOC1/2022_09_26_M6_M4,matched,4,0.30350561797752806,67,4.1875
scn2a,s-DANNCE-SCN2A_SOC1/2022_09_26_M6_M4,all,1,1.0,2490,1.8082788671023966
scn2a,s-DANNCE-SCN2A_SOC1/2022_09_26_M6_M4,all,2,1.0,1181,1.6189170664838934
scn2a,s-DANNCE-SCN2A_SOC1/2022_09_26_M6_M4,all,3,1.0,1158,1.1018078020932445
scn2a,s-DANNCE-SCN2A_SOC1/2022_09_26_M6_M4,all,4,1.0,268,0.8258859784283513
scn2a,s-DANNCE-SCN2A_SOC3/2022_10_04_M1_M2,fixed,1,0.7878202247191011,400,1.3675213675213678
scn2a,s-DANNCE-SCN2A_SOC3/2022_10_04_M1_M2,fixed,2,0.8129438202247191,68,0.28451882845188287
scn2a,s-DANNCE-SCN2A_SOC3/2022_10_04_M1_M2,fixed,3,0.9590112359550562,200,1.0695187165775404
scn2a,s-DANNCE-SCN2A_SOC3/2022_10_04_M1_M2,fixed,4,0.7777078651685393,362,1.8236775818639797
scn2a,s-DANNCE-SCN2A_SOC3/2022_10_04_M1_M2,matched,1,0.33069662921348314,249,1.6655518394648832
scn2a,s-DANNCE-SCN2A_SOC3/2022_10_04_M1_M2,matched,2,0.34040449438202247,65,0.6735751295336787
scn2a,s-DANNCE-SCN2A_SOC3/2022_10_04_M1_M2,matched,3,0.3204494382022472,200,2.5
scn2a,s-DANNCE-SCN2A_SOC3/2022_10_04_M1_M2,matched,4,0.2644494382022472,309,6.3061224489795915
scn2a,s-DANNCE-SCN2A_SOC3/2022_10_04_M1_M2,all,1,1.0,476,1.0138445154419595
scn2a,s-DANNCE-SCN2A_SOC3/2022_10_04_M1_M2,all,2,1.0,271,0.8429237947122862
scn2a,s-DANNCE-SCN2A_SOC3/2022_10_04_M1_M2,all,3,1.0,200,1.0282776349614398
scn2a,s-DANNCE-SCN2A_SOC3/2022_10_04_M1_M2,all,4,1.0,410,1.4642857142857144
scn2a,s-DANNCE-SCN2A_SOC3/2022_10_04_M3_M4,fixed,1,0.7994157303370787,458,1.7480916030534355
scn2a,s-DANNCE-SCN2A_SOC3/2022_10_04_M3_M4,fixed,2,0.9229213483146067,679,1.1666666666666665
scn2a,s-DANNCE-SCN2A_SOC3/2022_10_04_M3_M4,fixed,3,0.8025168539325843,549,2.8010204081632653
scn2a,s-DANNCE-SCN2A_SOC3/2022_10_04_M3_M4,fixed,4,0.8557752808988764,418,6.796747967479675
scn2a,s-DANNCE-SCN2A_SOC3/2022_10_04_M3_M4,matched,1,0.30624719101123593,88,1.5042735042735043
scn2a,s-DANNCE-SCN2A_SOC3/2022_10_04_M3_M4,matched,2,0.37141573033707864,519,2.1183673469387756
scn2a,s-DANNCE-SCN2A_SOC3/2022_10_04_M3_M4,matched,3,0.2620674157303371,290,16.11111111111111
scn2a,s-DANNCE-SCN2A_SOC3/2022_10_04_M3_M4,matched,4,0.31626966292134834,81,
scn2a,s-DANNCE-SCN2A_SOC3/2022_10_04_M3_M4,all,1,1.0,548,1.8115702479338844
scn2a,s-DANNCE-SCN2A_SOC3/2022_10_04_M3_M4,all,2,1.0,880,1.2698412698412698
scn2a,s-DANNCE-SCN2A_SOC3/2022_10_04_M3_M4,all,3,1.0,642,2.5991902834008096
scn2a,s-DANNCE-SCN2A_SOC3/2022_10_04_M3_M4,all,4,1.0,737,4.97972972972973
scn2a,s-DANNCE-SCN2A_SOC3/2022_10_04_M5_M6,fixed,1,0.9335730337078652,1489,2.3320281910728267
scn2a,s-DANNCE-SCN2A_SOC3/2022_10_04_M5_M6,fixed,2,0.9848988764044944,1524,1.9550994227068632
scn2a,s-DANNCE-SCN2A_SOC3/2022_10_04_M5_M6,fixed,3,0.9095730337078651,706,1.8978494623655915
scn2a,s-DANNCE-SCN2A_SOC3/2022_10_04_M5_M6,fixed,4,1.0,1331,2.5645472061657033
scn2a,s-DANNCE-SCN2A_SOC3/2022_10_04_M5_M6,matched,1,0.28791011235955055,501,3.9604743083003955
scn2a,s-DANNCE-SCN2A_SOC3/2022_10_04_M5_M6,matched,2,0.40413483146067414,736,2.652252252252252
scn2a,s-DANNCE-SCN2A_SOC3/2022_10_04_M5_M6,matched,3,0.28898876404494384,78,0.6995515695067266
scn2a,s-DANNCE-SCN2A_SOC3/2022_10_04_M5_M6,matched,4,0.2749662921348315,518,2.9855907780979827
scn2a,s-DANNCE-SCN2A_SOC3/2022_10_04_M5_M6,all,1,1.0,1489,2.201034737620103
scn2a,s-DANNCE-SCN2A_SOC3/2022_10_04_M5_M6,all,2,1.0,1524,1.9426386233269595
scn2a,s-DANNCE-SCN2A_SOC3/2022_10_04_M5_M6,all,3,1.0,706,1.511777301927195
scn2a,s-DANNCE-SCN2A_SOC3/2022_10_04_M5_M6,all,4,1.0,1331,2.5645472061657033
scn2a,s-DANNCE-SCN2A_SOC3/2022_10_05_M1_M6,fixed,1,0.8914606741573033,1035,2.363013698630137
scn2a,s-DANNCE-SCN2A_SOC3/2022_10_05_M1_M6,fixed,2,0.9359101123595506,657,0.892663043478261
scn2a,s-DANNCE-SCN2A_SOC3/2022_10_05_M1_M6,fixed,3,0.894876404494382,1122,2.457831325301205
scn2a,s-DANNCE-SCN2A_SOC3/2022_10_05_M1_M6,fixed,4,0.9213483146067416,33,0.30841121495327106
scn2a,s-DANNCE-SCN2A_SOC3/2022_10_05_M1_M6,matched,1,0.3471910112359551,493,2.5282051282051277
scn2a,s-DANNCE-SCN2A_SOC3/2022_10_05_M1_M6,matched,2,0.34238202247191013,241,2.398009950248756
scn2a,s-DANNCE-SCN2A_SOC3/2022_10_05_M1_M6,matched,3,0.2595955056179775,284,1.8501628664495113
scn2a,s-DANNCE-SCN2A_SOC3/2022_10_05_M1_M6,matched,4,0.3068314606741573,33,0.7764705882352941
scn2a,s-DANNCE-SCN2A_SOC3/2022_10_05_M1_M6,all,1,1.0,1192,2.3078412391093903
scn2a,s-DANNCE-SCN2A_SOC3/2022_10_05_M1_M6,all,2,1.0,657,0.8605108055009822
scn2a,s-DANNCE-SCN2A_SOC3/2022_10_05_M1_M6,all,3,1.0,1122,2.457831325301205
scn2a,s-DANNCE-SCN2A_SOC3/2022_10_05_M1_M6,all,4,1.0,33,0.30841121495327106
scn2a,s-DANNCE-SCN2A_SOC3/2022_10_05_M3_M2,fixed,1,0.8630561797752809,356,1.3160813308687616
scn2a,s-DANNCE-SCN2A_SOC3/2022_10_05_M3_M2,fixed,2,0.8509662921348314,254,1.3025641025641026
scn2a,s-DANNCE-SCN2A_SOC3/2022_10_05_M3_M2,fixed,3,0.8778876404494382,21,
scn2a,s-DANNCE-SCN2A_SOC3/2022_10_05_M3_M2,fixed,4,0.9373932584269663,207,1.0809399477806787
scn2a,s-DANNCE-SCN2A_SOC3/2022_10_05_M3_M2,matched,1,0.3191460674157303,77,1.5098039215686274
scn2a,s-DANNCE-SCN2A_SOC3/2022_10_05_M3_M2,matched,2,0.3750112359550562,128,2.2068965517241383
scn2a,s-DANNCE-SCN2A_SOC3/2022_10_05_M3_M2,matched,3,0.31186516853932583,8,
scn2a,s-DANNCE-SCN2A_SOC3/2022_10_05_M3_M2,matched,4,0.24997752808988763,145,1.7901234567901236
scn2a,s-DANNCE-SCN2A_SOC3/2022_10_05_M3_M2,all,1,1.0,381,1.2018927444794951
scn2a,s-DANNCE-SCN2A_SOC3/2022_10_05_M3_M2,all,2,1.0,312,1.3448275862068964
scn2a,s-DANNCE-SCN2A_SOC3/2022_10_05_M3_M2,all,3,1.0,21,
scn2a,s-DANNCE-SCN2A_SOC3/2022_10_05_M3_M2,all,4,1.0,207,0.7582417582417582
scn2a,s-DANNCE-SCN2A_SOC3/2022_10_05_M5_M4,fixed,1,0.8678651685393258,739,1.62954796030871
scn2a,s-DANNCE-SCN2A_SOC3/2022_10_05_M5_M4,fixed,2,0.9682247191011236,632,1.8781575037147102
scn2a,s-DANNCE-SCN2A_SOC3/2022_10_05_M5_M4,fixed,3,0.9607640449438202,982,1.5537974683544304
scn2a,s-DANNCE-SCN2A_SOC3/2022_10_05_M5_M4,fixed,4,0.9948314606741573,970,1.6825672159583696
scn2a,s-DANNCE-SCN2A_SOC3/2022_10_05_M5_M4,matched,1,0.2966292134831461,366,2.204819277108434
scn2a,s-DANNCE-SCN2A_SOC3/2022_10_05_M5_M4,matched,2,0.3349662921348315,278,3.213872832369942
scn2a,s-DANNCE-SCN2A_SOC3/2022_10_05_M5_M4,matched,3,0.23204494382022472,64,1.1228070175438596
scn2a,s-DANNCE-SCN2A_SOC3/2022_10_05_M5_M4,matched,4,0.3923595505617978,536,2.945054945054945
scn2a,s-DANNCE-SCN2A_SOC3/2022_10_05_M5_M4,all,1,1.0,931,1.6149176062445794
scn2a,s-DANNCE-SCN2A_SOC3/2022_10_05_M5_M4,all,2,1.0,646,1.837837837837838
scn2a,s-DANNCE-SCN2A_SOC3/2022_10_05_M5_M4,all,3,1.0,982,1.486752460257381
scn2a,s-DANNCE-SCN2A_SOC3/2022_10_05_M5_M4,all,4,1.0,970,1.6825672159583696
scn2a,s-DANNCE-SCN2A_SOC3/2022_10_06_M2_M4,fixed,1,0.8699775280898876,574,1.2437703141928493
scn2a,s-DANNCE-SCN2A_SOC3/2022_10_06_M2_M4,fixed,2,0.9250337078651686,1120,2.8828828828828827
scn2a,s-DANNCE-SCN2A_SOC3/2022_10_06_M2_M4,fixed,3,0.9602247191011236,519,1.6714975845410627
scn2a,s-DANNCE-SCN2A_SOC3/2022_10_06_M2_M4,fixed,4,0.9862022471910112,264,1.8657243816254419
scn2a,s-DANNCE-SCN2A_SOC3/2022_10_06_M2_M4,matched,1,0.2826067415730337,166,2.2133333333333334
scn2a,s-DANNCE-SCN2A_SOC3/2022_10_06_M2_M4,matched,2,0.35029213483146066,105,6.363636363636362
scn2a,s-DANNCE-SCN2A_SOC3/2022_10_06_M2_M4,matched,3,0.22368539325842696,20,
scn2a,s-DANNCE-SCN2A_SOC3/2022_10_06_M2_M4,matched,4,0.39941573033707867,172,1.645933014354067
scn2a,s-DANNCE-SCN2A_SOC3/2022_10_06_M2_M4,all,1,1.0,574,1.1526104417670682
scn2a,s-DANNCE-SCN2A_SOC3/2022_10_06_M2_M4,all,2,1.0,1135,2.8410513141426783
scn2a,s-DANNCE-SCN2A_SOC3/2022_10_06_M2_M4,all,3,1.0,621,1.913713405238829
scn2a,s-DANNCE-SCN2A_SOC3/2022_10_06_M2_M4,all,4,1.0,264,1.665615141955836
scn2a,s-DANNCE-SCN2A_SOC3/2022_10_06_M3_M6,fixed,1,0.7849438202247191,839,3.0179856115107917
scn2a,s-DANNCE-SCN2A_SOC3/2022_10_06_M3_M6,fixed,2,0.9281348314606741,902,2.036117381489842
scn2a,s-DANNCE-SCN2A_SOC3/2022_10_06_M3_M6,fixed,3,0.9169438202247191,5,
scn2a,s-DANNCE-SCN2A_SOC3/2022_10_06_M3_M6,fixed,4,0.9518202247191011,97,0.395112016293279
scn2a,s-DANNCE-SCN2A_SOC3/2022_10_06_M3_M6,matched,1,0.2893483146067416,207,3.259842519685039
scn2a,s-DANNCE-SCN2A_SOC3/2022_10_06_M3_M6,matched,2,0.41420224719101123,477,3.4945054945054945
scn2a,s-DANNCE-SCN2A_SOC3/2022_10_06_M3_M6,matched,3,0.36242696629213483,5,
scn2a,s-DANNCE-SCN2A_SOC3/2022_10_06_M3_M6,matched,4,0.19002247191011237,16,
scn2a,s-DANNCE-SCN2A_SOC3/2022_10_06_M3_M6,all,1,1.0,1082,2.6072289156626507
scn2a,s-DANNCE-SCN2A_SOC3/2022_10_06_M3_M6,all,2,1.0,904,2.040632054176072
scn2a,s-DANNCE-SCN2A_SOC3/2022_10_06_M3_M6,all,3,1.0,5,
scn2a,s-DANNCE-SCN2A_SOC3/2022_10_06_M3_M6,all,4,1.0,97,0.395112016293279
scn2a,s-DANNCE-SCN2A_SOC3/2022_10_06_M5_M1,fixed,1,0.9228314606741573,846,2.298913043478261
scn2a,s-DANNCE-SCN2A_SOC3/2022_10_06_M5_M1,fixed,2,0.9711460674157303,736,1.246401354784081
scn2a,s-DANNCE-SCN2A_SOC3/2022_10_06_M5_M1,fixed,3,0.9781573033707865,625,3.0193236714975846
scn2a,s-DANNCE-SCN2A_SOC3/2022_10_06_M5_M1,fixed,4,0.8635955056179775,366,2.1592920353982303
scn2a,s-DANNCE-SCN2A_SOC3/2022_10_06_M5_M1,matched,1,0.29658426966292134,330,4.125
scn2a,s-DANNCE-SCN2A_SOC3/2022_10_06_M5_M1,matched,2,0.2696629213483146,87,0.39999999999999997
scn2a,s-DANNCE-SCN2A_SOC3/2022_10_06_M5_M1,matched,3,0.47029213483146065,153,16.105263157894736
scn2a,s-DANNCE-SCN2A_SOC3/2022_10_06_M5_M1,matched,4,0.21946067415730336,33,3.6666666666666665
scn2a,s-DANNCE-SCN2A_SOC3/2022_10_06_M5_M1,all,1,1.0,891,2.2275000000000005
scn2a,s-DANNCE-SCN2A_SOC3/2022_10_06_M5_M1,all,2,1.0,750,1.2701100762066044
scn2a,s-DANNCE-SCN2A_SOC3/2022_10_06_M5_M1,all,3,1.0,625,3.0193236714975846
scn2a,s-DANNCE-SCN2A_SOC3/2022_10_06_M5_M1,all,4,1.0,497,1.4139402560455192
scn2a,s-DANNCE-SCN2A_SOC3/2022_10_07_M1_M4,fixed,1,0.7700224719101123,942,2.5019920318725104
scn2a,s-DANNCE-SCN2A_SOC3/2022_10_07_M1_M4,fixed,2,0.9210786516853933,353,1.867724867724868
scn2a,s-DANNCE-SCN2A_SOC3/2022_10_07_M1_M4,fixed,3,0.9782471910112359,17,
scn2a,s-DANNCE-SCN2A_SOC3/2022_10_07_M1_M4,fixed,4,0.921932584269663,128,1.9692307692307693
scn2a,s-DANNCE-SCN2A_SOC3/2022_10_07_M1_M4,matched,1,0.2837752808988764,204,2.050251256281407
scn2a,s-DANNCE-SCN2A_SOC3/2022_10_07_M1_M4,matched,2,0.22925842696629214,24,
scn2a,s-DANNCE-SCN2A_SOC3/2022_10_07_M1_M4,matched,3,0.4274606741573034,17,
scn2a,s-DANNCE-SCN2A_SOC3/2022_10_07_M1_M4,matched,4,0.3155056179775281,0,
scn2a,s-DANNCE-SCN2A_SOC3/2022_10_07_M1_M4,all,1,1.0,1041,2.057312252964427
scn2a,s-DANNCE-SCN2A_SOC3/2022_10_07_M1_M4,all,2,1.0,404,1.4480286738351256
scn2a,s-DANNCE-SCN2A_SOC3/2022_10_07_M1_M4,all,3,1.0,17,
scn2a,s-DANNCE-SCN2A_SOC3/2022_10_07_M1_M4,all,4,1.0,128,1.9692307692307693
scn2a,s-DANNCE-SCN2A_SOC3/2022_10_07_M5_M3,fixed,1,0.8417977528089887,823,1.8068057080131723
scn2a,s-DANNCE-SCN2A_SOC3/2022_10_07_M5_M3,fixed,2,0.9418426966292135,1164,3.5650842266462477
scn2a,s-DANNCE-SCN2A_SOC3/2022_10_07_M5_M3,fixed,3,1.0,619,1.7194444444444443
scn2a,s-DANNCE-SCN2A_SOC3/2022_10_07_M5_M3,fixed,4,0.9986516853932584,613,2.4618473895582333
scn2a,s-DANNCE-SCN2A_SOC3/2022_10_07_M5_M3,matched,1,0.20764044943820226,243,3.9512195121951215
scn2a,s-DANNCE-SCN2A_SOC3/2022_10_07_M5_M3,matched,2,0.39946067415730335,205,2.578616352201258
scn2a,s-DANNCE-SCN2A_SOC3/2022_10_07_M5_M3,matched,3,0.42934831460674155,291,2.1879699248120303
scn2a,s-DANNCE-SCN2A_SOC3/2022_10_07_M5_M3,matched,4,0.2195505617977528,7,
scn2a,s-DANNCE-SCN2A_SOC3/2022_10_07_M5_M3,all,1,1.0,996,1.7929792979297932
scn2a,s-DANNCE-SCN2A_SOC3/2022_10_07_M5_M3,all,2,1.0,1164,2.935687263556116
scn2a,s-DANNCE-SCN2A_SOC3/2022_10_07_M5_M3,all,3,1.0,619,1.7194444444444443
scn2a,s-DANNCE-SCN2A_SOC3/2022_10_07_M5_M3,all,4,1.0,613,2.4618473895582333
scn2a,s-DANNCE-SCN2A_SOC3/2022_10_07_M6_M2,fixed,1,0.7920449438202247,486,1.6875
scn2a,s-DANNCE-SCN2A_SOC3/2022_10_07_M6_M2,fixed,2,0.7577977528089888,394,1.7990867579908674
scn2a,s-DANNCE-SCN2A_SOC3/2022_10_07_M6_M2,fixed,3,0.7744269662921348,583,2.6320541760722347
scn2a,s-DANNCE-SCN2A_SOC3/2022_10_07_M6_M2,fixed,4,0.7945168539325843,497,1.4947368421052631
scn2a,s-DANNCE-SCN2A_SOC3/2022_10_07_M6_M2,matched,1,0.41582022471910113,172,1.0817610062893082
scn2a,s-DANNCE-SCN2A_SOC3/2022_10_07_M6_M2,matched,2,0.3522247191011236,194,5.878787878787878
scn2a,s-DANNCE-SCN2A_SOC3/2022_10_07_M6_M2,matched,3,0.18067415730337077,132,2.6938775510204085
scn2a,s-DANNCE-SCN2A_SOC3/2022_10_07_M6_M2,matched,4,0.3072808988764045,54,2.0
scn2a,s-DANNCE-SCN2A_SOC3/2022_10_07_M6_M2,all,1,1.0,641,1.8005617977528088
scn2a,s-DANNCE-SCN2A_SOC3/2022_10_07_M6_M2,all,2,1.0,397,1.212213740458015
scn2a,s-DANNCE-SCN2A_SOC3/2022_10_07_M6_M2,all,3,1.0,707,2.237341772151899
scn2a,s-DANNCE-SCN2A_SOC3/2022_10_07_M6_M2,all,4,1.0,497,1.251889168765743
scn2a,s-DANNCE-SCN2A_SOC3/2022_10_08_M1_M3,fixed,1,0.886247191011236,1036,4.875294117647059
scn2a,s-DANNCE-SCN2A_SOC3/2022_10_08_M1_M3,fixed,2,0.904,864,6.020905923344948
scn2a,s-DANNCE-SCN2A_SOC3/2022_10_08_M1_M3,fixed,3,0.8504269662921349,116,0.5523809523809524
scn2a,s-DANNCE-SCN2A_SOC3/2022_10_08_M1_M3,fixed,4,0.8800449438202247,0,
scn2a,s-DANNCE-SCN2A_SOC3/2022_10_08_M1_M3,matched,1,0.28876404494382024,395,6.991150442477877
scn2a,s-DANNCE-SCN2A_SOC3/2022_10_08_M1_M3,matched,2,0.24269662921348314,63,1.7746478873239435
scn2a,s-DANNCE-SCN2A_SOC3/2022_10_08_M1_M3,matched,3,0.3809438202247191,0,
scn2a,s-DANNCE-SCN2A_SOC3/2022_10_08_M1_M3,matched,4,0.3435955056179775,0,
scn2a,s-DANNCE-SCN2A_SOC3/2022_10_08_M1_M3,all,1,1.0,1036,4.272164948453608
scn2a,s-DANNCE-SCN2A_SOC3/2022_10_08_M1_M3,all,2,1.0,1073,6.184438040345821
scn2a,s-DANNCE-SCN2A_SOC3/2022_10_08_M1_M3,all,3,1.0,132,0.6285714285714287
scn2a,s-DANNCE-SCN2A_SOC3/2022_10_08_M1_M3,all,4,1.0,0,
scn2a,s-DANNCE-SCN2A_SOC3/2022_10_08_M5_M2,fixed,1,0.925123595505618,451,1.549828178694158
scn2a,s-DANNCE-SCN2A_SOC3/2022_10_08_M5_M2,fixed,2,0.9370786516853933,526,1.9811676082862522
scn2a,s-DANNCE-SCN2A_SOC3/2022_10_08_M5_M2,fixed,3,0.9528988764044943,719,3.524509803921569
scn2a,s-DANNCE-SCN2A_SOC3/2022_10_08_M5_M2,fixed,4,0.9890337078651685,357,1.2331606217616582
scn2a,s-DANNCE-SCN2A_SOC3/2022_10_08_M5_M2,matched,1,0.23941573033707866,91,1.5041322314049586
scn2a,s-DANNCE-SCN2A_SOC3/2022_10_08_M5_M2,matched,2,0.32485393258426964,232,2.0262008733624453
scn2a,s-DANNCE-SCN2A_SOC3/2022_10_08_M5_M2,matched,3,0.43226966292134833,116,2.0900900900900896
scn2a,s-DANNCE-SCN2A_SOC3/2022_10_08_M5_M2,matched,4,0.2594606741573034,0,
scn2a,s-DANNCE-SCN2A_SOC3/2022_10_08_M5_M2,all,1,1.0,451,1.1534526854219949
scn2a,s-DANNCE-SCN2A_SOC3/2022_10_08_M5_M2,all,2,1.0,565,1.7851500789889414
scn2a,s-DANNCE-SCN2A_SOC3/2022_10_08_M5_M2,all,3,1.0,719,3.524509803921569
scn2a,s-DANNCE-SCN2A_SOC3/2022_10_08_M5_M2,all,4,1.0,367,1.2677029360967187
scn2a,s-DANNCE-SCN2A_SOC3/2022_10_08_M6_M4,fixed,1,0.8693932584269662,624,3.68141592920354
scn2a,s-DANNCE-SCN2A_SOC3/2022_10_08_M6_M4,fixed,2,0.907191011235955,407,2.3731778425655974
scn2a,s-DANNCE-SCN2A_SOC3/2022_10_08_M6_M4,fixed,3,0.7950561797752809,233,2.452631578947369
scn2a,s-DANNCE-SCN2A_SOC3/2022_10_08_M6_M4,fixed,4,0.7693483146067416,40,0.6557377049180328
scn2a,s-DANNCE-SCN2A_SOC3/2022_10_08_M6_M4,matched,1,0.46431460674157304,230,9.2
scn2a,s-DANNCE-SCN2A_SOC3/2022_10_08_M6_M4,matched,2,0.350561797752809,16,
scn2a,s-DANNCE-SCN2A_SOC3/2022_10_08_M6_M4,matched,3,0.20997752808988765,24,
scn2a,s-DANNCE-SCN2A_SOC3/2022_10_08_M6_M4,matched,4,0.23114606741573035,11,
scn2a,s-DANNCE-SCN2A_SOC3/2022_10_08_M6_M4,all,1,1.0,630,3.058252427184466
scn2a,s-DANNCE-SCN2A_SOC3/2022_10_08_M6_M4,all,2,1.0,427,1.9453302961275627
scn2a,s-DANNCE-SCN2A_SOC3/2022_10_08_M6_M4,all,3,1.0,233,1.94979079497908
scn2a,s-DANNCE-SCN2A_SOC3/2022_10_08_M6_M4,all,4,1.0,100,1.2422360248447206
