corpus,condition,lag_s,p25,p50,p75,n_sessions
Mouse-Dyad-10M,near,-5.003224448246273,0.8628511085573815,1.3526967541486257,1.7928149638088509,35
Mouse-Dyad-10M,near,-4.996562365092816,0.8628511085573815,1.3526967541486257,1.850716398763593,35
Mouse-Dyad-10M,near,-4.989900281939359,0.7718090624995002,1.3526967541486257,1.7928149638088509,35
Mouse-Dyad-10M,near,-4.9832381987859025,0.7706359652775483,1.274809966755944,1.7928149638088509,35
Mouse-Dyad-10M,near,-4.9765761156324455,0.7407623505224772,1.280325031416627,1.7928149638088509,35
Mouse-Dyad-10M,near,-4.9699140324789886,0.7696927959659343,1.2812122542515607,1.7928149638088509,35
Mouse-Dyad-10M,near,-4.963251949325531,0.7700611926207077,1.2812122542515607,1.7928149638088509,35
Mouse-Dyad-10M,near,-4.956589866172074,0.8405402957360726,1.2812122542515607,1.7138286535032032,35
Mouse-Dyad-10M,near,-4.949927783018617,0.8411971868147212,1.2812122542515607,1.7928149638088509,35
Mouse-Dyad-10M,near,-4.94326569986516,0.8411971868147212,1.2812122542515607,1.7928149638088509,35
Mouse-Dyad-10M,near,-4.936603616711703,0.8411971868147212,1.2812122542515607,1.8141716374603918,35
Mouse-Dyad-10M,near,-4.929941533558246,0.8411971868147212,1.2812122542515607,1.8141716374603918,35
Mouse-Dyad-10M,near,-4.923279450404789,0.8411971868147212,1.2812122542515607,1.7408106686462714,35
Mouse-Dyad-10M,near,-4.916617367251331,0.8411971868147212,1.2812122542515607,1.7408106686462714,35
Mouse-Dyad-10M,near,-4.909955284097874,0.7487882951715171,1.2812122542515607,1.7408106686462714,35
Mouse-Dyad-10M,near,-4.903293200944417,0.7481977261479569,1.2812122542515607,1.7137509649382365,35
Mouse-Dyad-10M,near,-4.89663111779096,0.7481977261479569,1.4150163519213341,1.712716467435925,35
Mouse-Dyad-10M,near,-4.889969034637503,0.7608842395202801,1.4030532452818067,1.7240955834176777,35
Mouse-Dyad-10M,near,-4.883306951484046,0.7621429381548015,1.4025311613704752,1.7240955834176777,35
Mouse-Dyad-10M,near,-4.876644868330589,0.7621429381548015,1.41580722623508,1.7240955834176777,35
Mouse-Dyad-10M,near,-4.869982785177132,0.7621429381548015,1.4341583666464606,1.7240955834176777,35
Mouse-Dyad-10M,near,-4.863320702023675,0.8048385875754803,1.4341583666464606,1.7240955834176777,35
Mouse-Dyad-10M,near,-4.856658618870218,0.8327041596919744,1.4315281835262752,1.6971135682746095,35
Mouse-Dyad-10M,near,-4.849996535716761,0.8327041596919744,1.4284434650263174,1.7126681435378455,35
Mouse-Dyad-10M,near,-4.843334452563304,0.8818129732258386,1.41580722623508,1.7140574982303065,35
Mouse-Dyad-10M,near,-4.836672369409847,0.8868208381275029,1.41580722623508,1.7140574982303065,35
Mouse-Dyad-10M,near,-4.830010286256389,0.8874328693526286,1.4163781618724645,1.7140574982303065,35
Mouse-Dyad-10M,near,-4.823348203102932,0.8874328693526286,1.4167428306901453,1.7255635744978304,35
Mouse-Dyad-10M,near,-4.816686119949475,0.8874328693526286,1.4167428306901453,1.7255635744978304,35
Mouse-Dyad-10M,near,-4.810024036796018,0.8874328693526286,1.4284434650263174,1.761050859649489,35
Mouse-Dyad-10M,near,-4.803361953642561,0.886224896792364,1.4284434650263174,1.813934011121837,35
Mouse-Dyad-10M,near,-4.796699870489104,0.886224896792364,1.4284434650263174,1.813934011121837,35
Mouse-Dyad-10M,near,-4.790037787335647,0.886224896792364,1.368212693361483,1.813934011121837,35
Mouse-Dyad-10M,near,-4.783375704182189,0.886224896792364,1.368212693361483,1.7619297159592575,35
Mouse-Dyad-10M,near,-4.776713621028732,0.8945350899619947,1.368212693361483,1.7619297159592575,35
Mouse-Dyad-10M,near,-4.7700515378752755,0.8945350899619947,1.368212693361483,1.7619297159592575,35
Mouse-Dyad-10M,near,-4.7633894547218185,0.8502875145284996,1.4162342612124865,1.7619297159592575,35
Mouse-Dyad-10M,near,-4.756727371568362,0.8422700066487065,1.237338535073138,1.7619297159592575,35
Mouse-Dyad-10M,near,-4.750065288414905,0.841632154493439,1.1879218542784187,1.7349477008161895,35
Mouse-Dyad-10M,near,-4.743403205261447,0.841632154493439,1.237338535073138,1.7349477008161895,35
Mouse-Dyad-10M,near,-4.73674112210799,0.841632154493439,1.237338535073138,1.7349477008161895,35
Mouse-Dyad-10M,near,-4.730079038954533,0.841632154493439,1.237338535073138,1.7581856376883365,35
Mouse-Dyad-10M,near,-4.723416955801076,0.841632154493439,1.237338535073138,1.7586362513033258,35
Mouse-Dyad-10M,near,-4.716754872647619,0.7658392238312681,1.237338535073138,1.7586362513033258,35
Mouse-Dyad-10M,near,-4.710092789494162,0.7658392238312681,1.237338535073138,1.7586362513033258,35
Mouse-Dyad-10M,near,-4.703430706340705,0.7658392238312681,1.237338535073138,1.7586362513033258,35
Mouse-Dyad-10M,near,-4.696768623187247,0.7658392238312681,1.237338535073138,1.7586362513033258,35
Mouse-Dyad-10M,near,-4.69010654003379,0.6992207152257743,1.237338535073138,1.7586362513033258,35
Mouse-Dyad-10M,near,-4.683444456880333,0.6914882316560071,1.237338535073138,1.7586362513033258,35
Mouse-Dyad-10M,near,-4.676782373726876,0.6908955898498708,1.237338535073138,1.7586362513033258,35
Mouse-Dyad-10M,near,-4.670120290573419,0.6987170187569729,1.2667165264525004,1.7586362513033258,35
Mouse-Dyad-10M,near,-4.663458207419962,0.6987170187569729,1.2677264919365188,1.7586362513033258,35
Mouse-Dyad-10M,near,-4.6567961242665055,0.6987170187569729,1.322763653683298,1.7586362513033258,35
Mouse-Dyad-10M,near,-4.650134041113048,0.6987170187569729,1.3235262349218755,1.7586362513033258,35
Mouse-Dyad-10M,near,-4.643471957959591,0.7625403981411034,1.3235262349218755,1.7586362513033258,35
Mouse-Dyad-10M,near,-4.636809874806134,0.8405826758056618,1.3235262349218755,1.7586362513033258,35
Mouse-Dyad-10M,near,-4.630147791652677,0.8411971868147212,1.3235262349218755,1.7586362513033258,35
Mouse-Dyad-10M,near,-4.62348570849922,0.7625403981411034,1.2677264919365188,1.7139917009277168,35
Mouse-Dyad-10M,near,-4.616823625345763,0.7354741855572593,1.1989251227702915,1.6903031504405805,35
Mouse-Dyad-10M,near,-4.610161542192305,0.73485509375949,1.1984775284191698,1.6903031504405805,35
Mouse-Dyad-10M,near,-4.603499459038848,0.73485509375949,1.1984775284191698,1.6903031504405805,35
Mouse-Dyad-10M,near,-4.596837375885391,0.73485509375949,1.1984775284191698,1.6903031504405805,35
Mouse-Dyad-10M,near,-4.590175292731934,0.73485509375949,1.201854727252395,1.6903031504405805,35
Mouse-Dyad-10M,near,-4.583513209578477,0.73485509375949,1.2283474103939107,1.6903031504405805,35
Mouse-Dyad-10M,near,-4.57685112642502,0.73485509375949,1.2285295529184435,1.6903031504405805,35
Mouse-Dyad-10M,near,-4.570189043271563,0.73485509375949,1.1984775284191698,1.6903031504405805,35
Mouse-Dyad-10M,near,-4.563526960118105,0.73485509375949,1.1656695463492794,1.6545876353034097,35
Mouse-Dyad-10M,near,-4.5568648769646485,0.73485509375949,1.1984775284191698,1.6545876353034097,35
Mouse-Dyad-10M,near,-4.5502027938111915,0.73485509375949,1.1296697004600011,1.5807100032206856,35
Mouse-Dyad-10M,near,-4.543540710657735,0.73485509375949,1.2020371345189704,1.5803043986716614,35
Mouse-Dyad-10M,near,-4.536878627504278,0.73485509375949,1.2021573383074964,1.5296476382336688,35
Mouse-Dyad-10M,near,-4.530216544350821,0.73485509375949,1.2026037223692883,1.548904309609072,35
Mouse-Dyad-10M,near,-4.523554461197364,0.73485509375949,1.2020371345189704,1.549187574058836,35
Mouse-Dyad-10M,near,-4.516892378043906,0.73485509375949,1.1656695463492794,1.5215674567229123,35
Mouse-Dyad-10M,near,-4.510230294890449,0.73485509375949,1.1656695463492794,1.4858671092380407,35
Mouse-Dyad-10M,near,-4.503568211736992,0.73485509375949,1.1656695463492794,1.495144895345272,35
Mouse-Dyad-10M,near,-4.496906128583535,0.73485509375949,1.1656695463492794,1.5400192009667348,35
Mouse-Dyad-10M,near,-4.490244045430078,0.73485509375949,1.1656695463492794,1.5850546068100524,35
Mouse-Dyad-10M,near,-4.483581962276621,0.73485509375949,1.1656695463492794,1.4993184501638592,35
Mouse-Dyad-10M,near,-4.476919879123163,0.73485509375949,1.1656695463492794,1.525447646831977,35
Mouse-Dyad-10M,near,-4.470257795969706,0.73485509375949,1.1656695463492794,1.5522994503704033,35
Mouse-Dyad-10M,near,-4.463595712816249,0.73485509375949,1.1656695463492794,1.5526979286316016,35
Mouse-Dyad-10M,near,-4.456933629662792,0.73485509375949,1.1656695463492794,1.5368969642744115,35
Mouse-Dyad-10M,near,-4.450271546509335,0.73485509375949,1.1597290098863646,1.565881385608461,35
Mouse-Dyad-10M,near,-4.4436094633558785,0.73485509375949,1.1595180928601894,1.566245766343343,35
Mouse-Dyad-10M,near,-4.4369473802024215,0.73485509375949,1.1044069551477858,1.5836660553238655,35
Mouse-Dyad-10M,near,-4.430285297048964,0.73485509375949,1.1595180928601894,1.566245766343343,35
Mouse-Dyad-10M,near,-4.423623213895507,0.73485509375949,1.1595180928601894,1.5836660553238655,35
Mouse-Dyad-10M,near,-4.41696113074205,0.73485509375949,1.1540986862427711,1.5836660553238655,35
Mouse-Dyad-10M,near,-4.410299047588593,0.73485509375949,1.1595180928601894,1.5836660553238655,35
Mouse-Dyad-10M,near,-4.403636964435136,0.73485509375949,1.1754021104994157,1.5836660553238655,35
Mouse-Dyad-10M,near,-4.396974881281679,0.73485509375949,1.1595180928601894,1.588351643420327,35
Mouse-Dyad-10M,near,-4.390312798128221,0.73485509375949,1.2023956470395758,1.588351643420327,35
Mouse-Dyad-10M,near,-4.383650714974764,0.6372667282104618,1.1597258524458518,1.588351643420327,35
Mouse-Dyad-10M,near,-4.376988631821307,0.6372667282104618,1.205654824214643,1.588351643420327,35
Mouse-Dyad-10M,near,-4.37032654866785,0.6751769048922727,1.2058780328379233,1.5678224871991213,35
Mouse-Dyad-10M,near,-4.363664465514393,0.6751769048922727,1.2058780328379233,1.5678224871991213,35
Mouse-Dyad-10M,near,-4.357002382360936,0.6743926969594478,1.2058780328379233,1.5678224871991213,35
Mouse-Dyad-10M,near,-4.350340299207479,0.47045413706252637,1.2058780328379233,1.5678224871991213,35
Mouse-Dyad-10M,near,-4.3436782160540215,0.5221877657113246,1.25201646288814,1.5678224871991213,35
Mouse-Dyad-10M,near,-4.3370161329005645,0.5225097424122742,1.2093578926838635,1.5678224871991213,35
Mouse-Dyad-10M,near,-4.330354049747108,0.5225097424122742,1.1804480675376847,1.6086998264418106,35
Mouse-Dyad-10M,near,-4.323691966593651,0.5225097424122742,1.1804480675376847,1.609068133862313,35
Mouse-Dyad-10M,near,-4.317029883440194,0.5225097424122742,1.2018973335479979,1.5916478448817906,35
Mouse-Dyad-10M,near,-4.310367800286737,0.5225097424122742,1.2020371345189704,1.5916478448817906,35
Mouse-Dyad-10M,near,-4.30370571713328,0.6729646683627666,1.2522379728156567,1.6626434172031583,35
Mouse-Dyad-10M,near,-4.297043633979822,0.6729646683627666,1.269871855931902,1.6202838048732486,35
Mouse-Dyad-10M,near,-4.290381550826365,0.5831220492790223,1.269871855931902,1.620504220265492,35
Mouse-Dyad-10M,near,-4.283719467672908,0.5825791455476469,1.269871855931902,1.6397763045594844,35
Mouse-Dyad-10M,near,-4.277057384519451,0.5825791455476469,1.2837007995024123,1.7026183852915153,35
Mouse-Dyad-10M,near,-4.270395301365994,0.5825791455476469,1.2983955208565918,1.7026183852915153,35
Mouse-Dyad-10M,near,-4.263733218212537,0.5825791455476469,1.2985979127933904,1.7026183852915153,35
Mouse-Dyad-10M,near,-4.257071135059079,0.48634461736924123,1.3118416928217864,1.7026183852915153,35
Mouse-Dyad-10M,near,-4.250409051905622,0.48578043269283194,1.3118416928217864,1.7026183852915153,35
Mouse-Dyad-10M,near,-4.243746968752165,0.48578043269283194,1.3118416928217864,1.7026183852915153,35
Mouse-Dyad-10M,near,-4.237084885598708,0.48578043269283194,1.3118416928217864,1.7026183852915153,35
Mouse-Dyad-10M,near,-4.2304228024452515,0.48578043269283194,1.3447421184092019,1.7026183852915153,35
Mouse-Dyad-10M,near,-4.2237607192917945,0.48578043269283194,1.3449578527711241,1.7026183852915153,35
Mouse-Dyad-10M,near,-4.217098636138338,0.48578043269283194,1.3449578527711241,1.7026183852915153,35
Mouse-Dyad-10M,near,-4.21043655298488,0.48578043269283194,1.3449578527711241,1.593993557420343,35
Mouse-Dyad-10M,near,-4.203774469831423,0.48578043269283194,1.3449578527711241,1.5936183818463876,35
Mouse-Dyad-10M,near,-4.197112386677966,0.48578043269283194,1.2988119484595488,1.5920416609906094,35
Mouse-Dyad-10M,near,-4.190450303524509,0.48578043269283194,1.3000231562266402,1.5948452169774798,35
Mouse-Dyad-10M,near,-4.183788220371052,0.48578043269283194,1.3118416928217864,1.5980337591040352,35
Mouse-Dyad-10M,near,-4.177126137217595,0.48578043269283194,1.302070194782105,1.5980337591040352,35
Mouse-Dyad-10M,near,-4.170464054064138,0.48863860807197734,1.3447601969950946,1.5951063676403257,35
Mouse-Dyad-10M,near,-4.16380197091068,0.4888814768526065,1.3449578527711241,1.594925046074073,35
Mouse-Dyad-10M,near,-4.157139887757223,0.4888814768526065,1.336576267417409,1.594925046074073,35
Mouse-Dyad-10M,near,-4.150477804603766,0.4888814768526065,1.3141007903506394,1.5381374150128073,35
Mouse-Dyad-10M,near,-4.143815721450309,0.5416625390737039,1.3020686160618484,1.5381374150128073,35
Mouse-Dyad-10M,near,-4.137153638296852,0.5416625390737039,1.3018722232620252,1.5799102704253047,35
Mouse-Dyad-10M,near,-4.130491555143395,0.5416625390737039,1.3018722232620252,1.5803043986716614,35
Mouse-Dyad-10M,near,-4.1238294719899375,0.5416625390737039,1.3018722232620252,1.5803043986716614,35
Mouse-Dyad-10M,near,-4.117167388836481,0.5416625390737039,1.2652572893345064,1.554683189584902,35
Mouse-Dyad-10M,near,-4.110505305683024,0.5416625390737039,1.2652572893345064,1.554683189584902,35
Mouse-Dyad-10M,near,-4.103843222529567,0.5416625390737039,1.3118416928217864,1.554683189584902,35
Mouse-Dyad-10M,near,-4.09718113937611,0.5416625390737039,1.3001639523188022,1.554683189584902,35
Mouse-Dyad-10M,near,-4.090519056222653,0.5416625390737039,1.2589951935926478,1.5854407558848198,35
Mouse-Dyad-10M,near,-4.083856973069196,0.5416625390737039,1.2587865937529261,1.5550722404947557,35
Mouse-Dyad-10M,near,-4.077194889915738,0.5416625390737039,1.2587865937529261,1.554683189584902,35
Mouse-Dyad-10M,near,-4.070532806762281,0.5862219768704175,1.2587865937529261,1.554683189584902,35
Mouse-Dyad-10M,near,-4.063870723608824,0.5864590261115702,1.2991902361694478,1.554683189584902,35
Mouse-Dyad-10M,near,-4.057208640455367,0.5864590261115702,1.2996751070683057,1.4915593303963883,35
Mouse-Dyad-10M,near,-4.05054655730191,0.5864590261115702,1.2996751070683057,1.4911728181547987,35
Mouse-Dyad-10M,near,-4.043884474148453,0.5864590261115702,1.2371392665190768,1.5502165490110817,35
Mouse-Dyad-10M,near,-4.037222390994995,0.5864590261115702,1.2996751070683057,1.5799538061935237,35
Mouse-Dyad-10M,near,-4.030560307841538,0.5864590261115702,1.2996751070683057,1.5804951765101762,35
Mouse-Dyad-10M,near,-4.0238982246880814,0.5864590261115702,1.3138414740784825,1.5290780727761506,35
Mouse-Dyad-10M,near,-4.0172361415346245,0.5864590261115702,1.3138414740784825,1.685455789333322,35
Mouse-Dyad-10M,near,-4.0105740583811675,0.5864590261115702,1.3138414740784825,1.685970006684975,35
Mouse-Dyad-10M,near,-4.003911975227711,0.5864590261115702,1.3138414740784825,1.685854371840125,35
Mouse-Dyad-10M,near,-3.997249892074253,0.5864590261115702,1.3138414740784825,1.6883565497419761,35
Mouse-Dyad-10M,near,-3.9905878089207962,0.5864590261115702,1.2785866996077404,1.781844621444429,35
Mouse-Dyad-10M,near,-3.9839257257673393,0.5864590261115702,1.301683408319428,1.781844621444429,35
Mouse-Dyad-10M,near,-3.977263642613882,0.5864590261115702,1.34476935357258,1.7660190525783375,35
Mouse-Dyad-10M,near,-3.970601559460425,0.5864590261115702,1.3449578527711241,1.7658150401920278,35
Mouse-Dyad-10M,near,-3.963939476306968,0.5864590261115702,1.3449578527711241,1.7658150401920278,35
Mouse-Dyad-10M,near,-3.9572773931535106,0.5418929928367868,1.3050791180072132,1.7499884461380657,35
Mouse-Dyad-10M,near,-3.9506153100000536,0.5416625390737039,1.3050791180072132,1.7532514357187325,35
Mouse-Dyad-10M,near,-3.9439532268465967,0.5416625390737039,1.3050791180072132,1.7532958135123926,35
Mouse-Dyad-10M,near,-3.9372911436931393,0.5416625390737039,1.3050791180072132,1.7532958135123926,35
Mouse-Dyad-10M,near,-3.9306290605396823,0.5416625390737039,1.3050791180072132,1.6601639211523018,35
Mouse-Dyad-10M,near,-3.9239669773862254,0.5416625390737039,1.3050791180072132,1.640869342328475,35
Mouse-Dyad-10M,near,-3.9173048942327684,0.5416625390737039,1.2955233689465067,1.6406239853271347,35
Mouse-Dyad-10M,near,-3.910642811079311,0.5416625390737039,1.283645454604271,1.6708392035695145,35
Mouse-Dyad-10M,near,-3.903980727925854,0.5416625390737039,1.3196760623876047,1.6917278587045737,35
Mouse-Dyad-10M,near,-3.897318644772397,0.5416625390737039,1.2987826230633217,1.7721236566212,35
Mouse-Dyad-10M,near,-3.8906565616189397,0.48900425140180137,1.2985979127933904,1.7728357493375597,35
Mouse-Dyad-10M,near,-3.8839944784654827,0.4887158550929752,1.2985979127933904,1.7728357493375597,35
Mouse-Dyad-10M,near,-3.877332395312026,0.5332865439993333,1.2785866996077404,1.7616933224964866,35
Mouse-Dyad-10M,near,-3.8706703121585684,0.5335123421308415,1.2785866996077404,1.7613548516538107,35
Mouse-Dyad-10M,near,-3.8640082290051114,0.5861726051199264,1.2785866996077404,1.7613548516538107,35
Mouse-Dyad-10M,near,-3.8573461458516545,0.5864590261115702,1.2785866996077404,1.7767768745495647,35
Mouse-Dyad-10M,near,-3.8506840626981975,0.5864590261115702,1.2785866996077404,1.7615523711836056,35
Mouse-Dyad-10M,near,-3.84402197954474,0.5864590261115702,1.2532692516916049,1.7767768745495647,35
Mouse-Dyad-10M,near,-3.837359896391283,0.631032042833717,1.2532692516916049,1.8089270202546515,35
Mouse-Dyad-10M,near,-3.830697813237826,0.6312555131494366,1.2532692516916049,1.8095149652146612,35
Mouse-Dyad-10M,near,-3.824035730084369,0.6312555131494366,1.2532692516916049,1.8559403193980786,35
Mouse-Dyad-10M,near,-3.817373646930912,0.6312555131494366,1.2532692516916049,1.87127194932425,35
Mouse-Dyad-10M,near,-3.810711563777455,0.6312555131494366,1.2522379728156567,1.825782821857158,35
Mouse-Dyad-10M,near,-3.8040494806239975,0.6312555131494366,1.2522379728156567,1.8048949118423618,35
Mouse-Dyad-10M,near,-3.7973873974705405,0.6312555131494366,1.2569976326264543,1.8048949118423618,35
Mouse-Dyad-10M,near,-3.7907253143170836,0.6312555131494366,1.2569976326264543,1.820730049128581,35
Mouse-Dyad-10M,near,-3.7840632311636266,0.6312555131494366,1.2569976326264543,1.820924493094763,35
Mouse-Dyad-10M,near,-3.7774011480101692,0.6312555131494366,1.2569976326264543,1.820924493094763,35
Mouse-Dyad-10M,near,-3.7707390648567123,0.6758324095645647,1.2524302651760495,1.835290684773378,35
Mouse-Dyad-10M,near,-3.7640769817032553,0.6760520001873029,1.2522379728156567,1.836954074347164,35
Mouse-Dyad-10M,near,-3.757414898549798,0.6760520001873029,1.2522379728156567,1.836954074347164,35
Mouse-Dyad-10M,near,-3.750752815396341,0.6760520001873029,1.2522379728156567,1.8211168866852023,35
Mouse-Dyad-10M,near,-3.744090732242884,0.6760520001873029,1.2820946338205421,1.8050869637035118,35
Mouse-Dyad-10M,near,-3.7374286490894266,0.5325671111111181,1.2405539798556875,1.7619297159592575,35
Mouse-Dyad-10M,near,-3.7307665659359697,0.5225097424122742,1.2522379728156567,1.7619297159592575,35
Mouse-Dyad-10M,near,-3.7241044827825127,0.5818716637966141,1.23481014897915,1.7619297159592575,35
Mouse-Dyad-10M,near,-3.7174423996290553,0.5831569262481371,1.2203170991317467,1.7619297159592575,35
Mouse-Dyad-10M,near,-3.7107803164755984,0.5831569262481371,1.1509690863995499,1.8083388559157827,35
Mouse-Dyad-10M,near,-3.7041182333221414,0.5831569262481371,1.1509690863995499,1.808907406858014,35
Mouse-Dyad-10M,near,-3.6974561501686845,0.5831569262481371,1.1509690863995499,1.808907406858014,35
Mouse-Dyad-10M,near,-3.690794067015227,0.5186977043390613,1.2545193388041216,1.808907406858014,35
Mouse-Dyad-10M,near,-3.68413198386177,0.5186977043390613,1.2493261445587223,1.808907406858014,35
Mouse-Dyad-10M,near,-3.677469900708313,0.5186977043390613,1.2545193388041216,1.808907406858014,35
Mouse-Dyad-10M,near,-3.6708078175548557,0.46500761789821093,1.1047027784281078,1.7619297159592575,35
Mouse-Dyad-10M,near,-3.664145734401399,0.46500761789821093,1.2387059397006654,1.7619297159592575,35
Mouse-Dyad-10M,near,-3.657483651247942,0.46500761789821093,1.2392977504116272,1.7619297159592575,35
Mouse-Dyad-10M,near,-3.6508215680944844,0.46500761789821093,1.2392977504116272,1.8467524836344273,35
Mouse-Dyad-10M,near,-3.6441594849410275,0.46500761789821093,1.2392977504116272,1.8444153608687994,35
Mouse-Dyad-10M,near,-3.6374974017875705,0.46500761789821093,1.2552874310498434,1.8895474104409593,35
Mouse-Dyad-10M,near,-3.6308353186341136,0.46500761789821093,1.2573838115098348,1.820422790919948,35
Mouse-Dyad-10M,near,-3.624173235480656,0.46500761789821093,1.2573838115098348,1.8201255042425348,35
Mouse-Dyad-10M,near,-3.617511152327199,0.46500761789821093,1.268344779835167,1.777327850035294,35
Mouse-Dyad-10M,near,-3.6108490691737423,0.46500761789821093,1.283490051025927,1.7770316543181661,35
Mouse-Dyad-10M,near,-3.604186986020285,0.46500761789821093,1.283490051025927,1.7770316543181661,35
Mouse-Dyad-10M,near,-3.597524902866828,0.47726355828667977,1.283490051025927,1.7770316543181661,35
Mouse-Dyad-10M,near,-3.590862819713371,0.47726355828667977,1.283490051025927,1.7770316543181661,35
Mouse-Dyad-10M,near,-3.5842007365599136,0.47726355828667977,1.283490051025927,1.7770316543181661,35
Mouse-Dyad-10M,near,-3.5775386534064566,0.47726355828667977,1.283490051025927,1.7770316543181661,35
Mouse-Dyad-10M,near,-3.5708765702529996,0.47726355828667977,1.283490051025927,1.7770316543181661,35
Mouse-Dyad-10M,near,-3.5642144870995427,0.47726355828667977,1.283490051025927,1.9261784602558212,35
Mouse-Dyad-10M,near,-3.5575524039460853,0.47726355828667977,1.283490051025927,1.9261784602558212,35
Mouse-Dyad-10M,near,-3.5508903207926283,0.5820029248328852,1.283490051025927,1.9198668340001734,35
Mouse-Dyad-10M,near,-3.5442282376391714,0.5820029248328852,1.283490051025927,1.9196846922884427,35
Mouse-Dyad-10M,near,-3.537566154485714,0.5820029248328852,1.283490051025927,1.9196846922884427,35
Mouse-Dyad-10M,near,-3.530904071332257,0.5820029248328852,1.2573838115098348,1.902287213734041,35
Mouse-Dyad-10M,near,-3.5242419881788,0.5820029248328852,1.2573838115098348,1.902285351965359,35
Mouse-Dyad-10M,near,-3.5175799050253427,0.5820029248328852,1.2573838115098348,1.9234107390918838,35
Mouse-Dyad-10M,near,-3.5109178218718857,0.5820029248328852,1.25713715168231,1.9783175914470577,35
Mouse-Dyad-10M,near,-3.5042557387184288,0.5820029248328852,1.2569976326264543,2.0045703265784,35
Mouse-Dyad-10M,near,-3.497593655564972,0.5308184485906653,1.2303222072289164,2.0043512131952004,35
Mouse-Dyad-10M,near,-3.4909315724115144,0.5303758640270397,1.2303222072289164,2.0043512131952004,35
Mouse-Dyad-10M,near,-3.4842694892580575,0.5303758640270397,1.2573838115098348,2.0043512131952004,35
Mouse-Dyad-10M,near,-3.4776074061046005,0.5820029248328852,1.2673817062445083,2.0043512131952004,35
Mouse-Dyad-10M,near,-3.470945322951143,0.5820029248328852,1.2718045431429055,2.0202027534873546,35
Mouse-Dyad-10M,near,-3.464283239797686,0.5820029248328852,1.2392905957807843,2.004528912426158,35
Mouse-Dyad-10M,near,-3.457621156644229,0.5820029248328852,1.2405343034757745,2.0043512131952004,35
Mouse-Dyad-10M,near,-3.450959073490772,0.7094561725336661,1.2405343034757745,2.0043512131952004,35
Mouse-Dyad-10M,near,-3.444296990337315,0.7094561725336661,1.2405343034757745,2.0043512131952004,35
Mouse-Dyad-10M,near,-3.437634907183858,0.7094561725336661,1.2405343034757745,1.9375014770727637,35
Mouse-Dyad-10M,near,-3.430972824030401,0.7094561725336661,1.2718045431429055,1.9530549801894217,35
Mouse-Dyad-10M,near,-3.4243107408769435,0.5820029248328852,1.2718045431429055,1.9532309707739273,35
Mouse-Dyad-10M,near,-3.4176486577234866,0.5820029248328852,1.2718045431429055,1.9532309707739273,35
Mouse-Dyad-10M,near,-3.4109865745700296,0.5820029248328852,1.2718045431429055,1.9457389541731156,35
Mouse-Dyad-10M,near,-3.4043244914165722,0.7094561725336661,1.254776367446654,1.9452163364308843,35
Mouse-Dyad-10M,near,-3.3976624082631153,0.7094561725336661,1.2718045431429055,1.9452163364308843,35
Mouse-Dyad-10M,near,-3.3910003251096583,0.7094561725336661,1.2718045431429055,1.9452163364308843,35
Mouse-Dyad-10M,near,-3.384338241956201,0.7094561725336661,1.2996751070683057,1.9452163364308843,35
Mouse-Dyad-10M,near,-3.377676158802744,0.7094561725336661,1.2718045431429055,1.8650938469012792,35
Mouse-Dyad-10M,near,-3.371014075649287,0.7094561725336661,1.2718045431429055,1.864576332847939,35
Mouse-Dyad-10M,near,-3.3643519924958296,0.7094561725336661,1.2718045431429055,1.864576332847939,35
Mouse-Dyad-10M,near,-3.3576899093423727,0.7094561725336661,1.2718045431429055,1.7951894962627764,35
Mouse-Dyad-10M,near,-3.3510278261889157,0.7094561725336661,1.2996751070683057,1.7951894962627764,35
Mouse-Dyad-10M,near,-3.3443657430354587,0.7094561725336661,1.2996751070683057,1.8306139200864422,35
Mouse-Dyad-10M,near,-3.3377036598820014,0.7261853795249245,1.303049476132784,1.830754867154587,35
Mouse-Dyad-10M,near,-3.3310415767285444,0.7261853795249245,1.2718045431429055,1.830754867154587,35
Mouse-Dyad-10M,near,-3.3243794935750874,0.805169311025277,1.2718045431429055,1.830754867154587,35
Mouse-Dyad-10M,near,-3.31771741042163,0.8062900796359037,1.2718045431429055,1.830754867154587,35
Mouse-Dyad-10M,near,-3.311055327268173,0.8062900796359037,1.2689809948857078,1.7951894962627764,35
Mouse-Dyad-10M,near,-3.304393244114716,0.8062900796359037,1.2718045431429055,1.7951894962627764,35
Mouse-Dyad-10M,near,-3.2977311609612587,0.8062900796359037,1.2718045431429055,1.7951894962627764,35
Mouse-Dyad-10M,near,-3.291069077807802,0.8062900796359037,1.2718045431429055,1.7614265271686416,35
Mouse-Dyad-10M,near,-3.284406994654345,0.8062900796359037,1.2718045431429055,1.7614265271686416,35
Mouse-Dyad-10M,near,-3.277744911500888,0.8460192654549349,1.2736833481895533,1.7614265271686416,35
Mouse-Dyad-10M,near,-3.2710828283474305,0.8460192654549349,1.2718045431429055,1.7614265271686416,35
Mouse-Dyad-10M,near,-3.2644207451939735,0.8460192654549349,1.2736833481895533,1.7626243528405143,35
Mouse-Dyad-10M,near,-3.2577586620405166,0.8460192654549349,1.2573838115098348,1.8046316891801264,35
Mouse-Dyad-10M,near,-3.251096578887059,0.8460192654549349,1.2573838115098348,1.8047689862245935,35
Mouse-Dyad-10M,near,-3.244434495733602,0.8460192654549349,1.2573838115098348,1.8047689862245935,35
Mouse-Dyad-10M,near,-3.2377724125801453,0.7869037050979439,1.2718045431429055,1.8047689862245935,35
Mouse-Dyad-10M,near,-3.231110329426688,0.7866151998306277,1.2718045431429055,1.8047689862245935,35
Mouse-Dyad-10M,near,-3.224448246273231,0.7866151998306277,1.2573838115098348,1.9207371610206836,35
Mouse-Dyad-10M,near,-3.217786163119774,0.7866151998306277,1.2573838115098348,1.9214007769344277,35
Mouse-Dyad-10M,near,-3.211124079966317,0.8498196617361824,1.2718045431429055,1.9214007769344277,35
Mouse-Dyad-10M,near,-3.2044619968128596,0.850125571260731,1.2718045431429055,1.8793911944263972,35
Mouse-Dyad-10M,near,-3.1977999136594026,0.850125571260731,1.2734527157348523,1.8372462802712655,35
Mouse-Dyad-10M,near,-3.1911378305059457,0.85370014003499,1.2736833481895533,1.837111510166269,35
Mouse-Dyad-10M,near,-3.1844757473524883,0.85370014003499,1.2736833481895533,1.837111510166269,35
Mouse-Dyad-10M,near,-3.1778136641990313,0.85370014003499,1.2837007995024123,1.8272435123795332,35
Mouse-Dyad-10M,near,-3.1711515810455744,0.85370014003499,1.2837007995024123,1.8282403279580146,35
Mouse-Dyad-10M,near,-3.164489497892117,0.85370014003499,1.3515064737083935,1.9156044715370524,35
Mouse-Dyad-10M,near,-3.15782741473866,0.85370014003499,1.3053075700890073,1.9346538753440647,35
Mouse-Dyad-10M,near,-3.151165331585203,0.85370014003499,1.3513457770891975,1.9346538753440647,35
Mouse-Dyad-10M,near,-3.144503248431746,0.85370014003499,1.3515064737083935,1.9236987526068803,35
Mouse-Dyad-10M,near,-3.1378411652782887,0.8455611099954874,1.3692891679308532,1.897496881190739,35
Mouse-Dyad-10M,near,-3.1311790821248318,0.8455611099954874,1.3822277801259735,1.8965979992399915,35
Mouse-Dyad-10M,near,-3.124516998971375,0.9013906068455355,1.3822277801259735,1.8965979992399915,35
Mouse-Dyad-10M,near,-3.1178549158179174,0.9013906068455355,1.3692891679308532,1.8965979992399915,35
Mouse-Dyad-10M,near,-3.1111928326644605,0.9013906068455355,1.3692891679308532,1.8965979992399915,35
Mouse-Dyad-10M,near,-3.1045307495110035,0.925824512391386,1.387222532299408,1.8965979992399915,35
Mouse-Dyad-10M,near,-3.097868666357546,0.925824512391386,1.387222532299408,1.8965979992399915,35
Mouse-Dyad-10M,near,-3.091206583204089,0.925824512391386,1.387222532299408,1.8965979992399915,35
Mouse-Dyad-10M,near,-3.084544500050632,0.925824512391386,1.3692891679308532,1.8965979992399915,35
Mouse-Dyad-10M,near,-3.0778824168971752,0.9270883765550272,1.348378036991398,1.8965979992399915,35
Mouse-Dyad-10M,near,-3.071220333743718,0.9259404519258354,1.3692891679308532,1.9412504434263067,35
Mouse-Dyad-10M,near,-3.064558250590261,0.925824512391386,1.3692891679308532,1.9951114004586943,35
Mouse-Dyad-10M,near,-3.057896167436804,0.90982408319555,1.3692891679308532,2.024199718933979,35
Mouse-Dyad-10M,near,-3.0512340842833465,0.9457987574450948,1.3692891679308532,2.024234068693321,35
Mouse-Dyad-10M,near,-3.0445720011298896,0.9457092840042672,1.387222532299408,2.024234068693321,35
Mouse-Dyad-10M,near,-3.0379099179764326,0.9216063885440009,1.3822277801259735,2.0435840507109995,35
Mouse-Dyad-10M,near,-3.031247834822975,0.9043994118954723,1.3822277801259735,2.0085495115101284,35
Mouse-Dyad-10M,near,-3.0245857516695183,0.8603220900272082,1.3822277801259735,2.0269688214339987,35
Mouse-Dyad-10M,near,-3.0179236685160613,0.8601351410582275,1.3822277801259735,2.027216469418485,35
Mouse-Dyad-10M,near,-3.011261585362604,0.8601351410582275,1.3822277801259735,2.027216469418485,35
Mouse-Dyad-10M,near,-3.004599502209147,0.8360304673830032,1.3692891679308532,2.0435861335378362,35
Mouse-Dyad-10M,near,-2.99793741905569,0.8358700723938963,1.3692891679308532,2.0437740045184882,35
Mouse-Dyad-10M,near,-2.991275335902233,0.8358700723938963,1.3822277801259735,2.075526294120599,35
Mouse-Dyad-10M,near,-2.9846132527487756,0.8358700723938963,1.3822277801259735,2.0378318476157498,35
Mouse-Dyad-10M,near,-2.9779511695953187,0.8358700723938963,1.3822277801259735,2.0375529674623647,35
Mouse-Dyad-10M,near,-2.9712890864418617,0.8188230054878057,1.3822277801259735,2.0413452718798406,35
Mouse-Dyad-10M,near,-2.9646270032884043,0.8187108383894003,1.3822277801259735,2.0413452718798406,35
Mouse-Dyad-10M,near,-2.9579649201349474,0.8187108383894003,1.3692891679308532,2.0413452718798406,35
Mouse-Dyad-10M,near,-2.9513028369814904,0.7953713949737299,1.374515108920511,2.0413452718798406,35
Mouse-Dyad-10M,near,-2.944640753828033,0.7953713949737299,1.3747496703692579,2.0413452718798406,35
Mouse-Dyad-10M,near,-2.937978670674576,0.8393396394462742,1.3822277801259735,1.9629450377598463,35
Mouse-Dyad-10M,near,-2.931316587521119,0.8395212352509424,1.387222532299408,1.9116760182416361,35
Mouse-Dyad-10M,near,-2.924654504367662,0.8395212352509424,1.387222532299408,1.9116760182416361,35
Mouse-Dyad-10M,near,-2.9179924212142048,0.8455456730318975,1.387222532299408,1.9116760182416361,35
Mouse-Dyad-10M,near,-2.911330338060748,0.8457014446621166,1.387222532299408,1.8696540818073144,35
Mouse-Dyad-10M,near,-2.904668254907291,0.8109320871894838,1.387222532299408,1.9115536020629285,35
Mouse-Dyad-10M,near,-2.8980061717538335,0.8110417393305267,1.387222532299408,1.9116760182416361,35
Mouse-Dyad-10M,near,-2.8913440886003765,0.8628606786666128,1.387222532299408,1.9116760182416361,35
Mouse-Dyad-10M,near,-2.8846820054469196,0.8628606786666128,1.387222532299408,1.9116760182416361,35
Mouse-Dyad-10M,near,-2.878019922293462,0.9068326291759876,1.387222532299408,1.9116760182416361,35
Mouse-Dyad-10M,near,-2.871357839140005,0.9070105189438251,1.387222532299408,1.9116760182416361,35
Mouse-Dyad-10M,near,-2.8646957559865482,0.9070105189438251,1.387222532299408,1.9116760182416361,35
Mouse-Dyad-10M,near,-2.8580336728330913,0.9070105189438251,1.3822277801259735,1.9116760182416361,35
Mouse-Dyad-10M,near,-2.851371589679634,0.8836710755281547,1.3822277801259735,1.866566472204582,35
Mouse-Dyad-10M,near,-2.844709506526177,0.8836710755281547,1.3692891679308532,1.8664374803228005,35
Mouse-Dyad-10M,near,-2.83804742337272,0.8836710755281547,1.3692891679308532,1.8664374803228005,35
Mouse-Dyad-10M,near,-2.8313853402192626,0.8836710755281547,1.3692891679308532,1.8664374803228005,35
Mouse-Dyad-10M,near,-2.8247232570658056,0.802931837969538,1.3692891679308532,1.8664374803228005,35
Mouse-Dyad-10M,near,-2.8180611739123487,0.8035104250132324,1.3118416928217864,1.7132088227167865,35
Mouse-Dyad-10M,near,-2.8113990907588913,0.8035104250132324,1.2903970708125247,1.6680974683823238,35
Mouse-Dyad-10M,near,-2.8047370076054343,0.8035104250132324,1.2903970708125247,1.581060598798257,35
Mouse-Dyad-10M,near,-2.7980749244519774,0.8035104250132324,1.2903970708125247,1.6028164133041432,35
Mouse-Dyad-10M,near,-2.7914128412985204,0.8035104250132324,1.3118416928217864,1.6229388851642716,35
Mouse-Dyad-10M,near,-2.784750758145063,0.8035104250132324,1.3118416928217864,1.6445510211243382,35
Mouse-Dyad-10M,near,-2.778088674991606,0.8035104250132324,1.3118416928217864,1.6232257501916503,35
Mouse-Dyad-10M,near,-2.771426591838149,0.8035104250132324,1.3638496820191772,1.6224299247702796,35
Mouse-Dyad-10M,near,-2.7647645086846917,0.8035104250132324,1.3118416928217864,1.630667655618058,35
Mouse-Dyad-10M,near,-2.7581024255312347,0.8035104250132324,1.3118416928217864,1.630761905907987,35
Mouse-Dyad-10M,near,-2.751440342377778,0.8035104250132324,1.3118416928217864,1.630761905907987,35
Mouse-Dyad-10M,near,-2.7447782592243204,0.8035104250132324,1.3118416928217864,1.608296194290764,35
Mouse-Dyad-10M,near,-2.7381161760708634,0.8035104250132324,1.3118416928217864,1.6082262080253216,35
Mouse-Dyad-10M,near,-2.7314540929174065,0.8035104250132324,1.3118416928217864,1.6246894464666024,35
Mouse-Dyad-10M,near,-2.7247920097639495,0.8035104250132324,1.3118416928217864,1.5851654932570778,35
Mouse-Dyad-10M,near,-2.718129926610492,0.8035104250132324,1.2854918863734992,1.5778066680016418,35
Mouse-Dyad-10M,near,-2.711467843457035,0.8035104250132324,1.2843730628494912,1.5779212225908883,35
Mouse-Dyad-10M,near,-2.704805760303578,0.8035104250132324,1.2843730628494912,1.6065249567486184,35
Mouse-Dyad-10M,near,-2.698143677150121,0.8035104250132324,1.3556842712921262,1.641608670729517,35
Mouse-Dyad-10M,near,-2.691481593996664,0.8035104250132324,1.3561651134043107,1.6788592848658341,35
Mouse-Dyad-10M,near,-2.684819510843207,0.8035104250132324,1.3561651134043107,1.6356872809856573,35
Mouse-Dyad-10M,near,-2.6781574276897495,0.8035104250132324,1.3561651134043107,1.6356872809856573,35
Mouse-Dyad-10M,near,-2.6714953445362926,0.8035104250132324,1.3561651134043107,1.6356872809856573,35
Mouse-Dyad-10M,near,-2.6648332613828356,0.8035104250132324,1.3561651134043107,1.6356872809856573,35
Mouse-Dyad-10M,near,-2.658171178229378,0.8035104250132324,1.3561651134043107,1.6356872809856573,35
Mouse-Dyad-10M,near,-2.6515090950759213,0.7932861874413094,1.3118416928217864,1.5136147555179633,35
Mouse-Dyad-10M,near,-2.6448470119224643,0.79279528832073,1.3118416928217864,1.566527620644751,35
Mouse-Dyad-10M,near,-2.6381849287690073,0.79279528832073,1.3118416928217864,1.5667968685121398,35
Mouse-Dyad-10M,near,-2.63152284561555,0.79279528832073,1.3118416928217864,1.5785891150759501,35
Mouse-Dyad-10M,near,-2.624860762462093,0.79279528832073,1.3118416928217864,1.5790699298160575,35
Mouse-Dyad-10M,near,-2.618198679308636,0.7446007304849339,1.401835724955102,1.5894214381081517,35
Mouse-Dyad-10M,near,-2.6115365961551786,0.7444868976166664,1.401835724955102,1.5892888497963802,35
Mouse-Dyad-10M,near,-2.6048745130017217,0.7444868976166664,1.401835724955102,1.7104034058933313,35
Mouse-Dyad-10M,near,-2.5982124298482647,0.7444868976166664,1.390560110832465,1.7105353194554236,35
Mouse-Dyad-10M,near,-2.5915503466948073,0.7444868976166664,1.3118416928217864,1.7105353194554236,35
Mouse-Dyad-10M,near,-2.5848882635413504,0.8035104250132324,1.3118416928217864,1.7105353194554236,35
Mouse-Dyad-10M,near,-2.5782261803878934,0.7853189997881465,1.3118416928217864,1.7105353194554236,35
Mouse-Dyad-10M,near,-2.5715640972344365,0.7847925255902882,1.3118416928217864,1.7105353194554236,35
Mouse-Dyad-10M,near,-2.564902014080979,0.7847925255902882,1.3118416928217864,1.697321259001091,35
Mouse-Dyad-10M,near,-2.558239930927522,0.7847925255902882,1.3118416928217864,1.697321259001091,35
Mouse-Dyad-10M,near,-2.551577847774065,0.7847925255902882,1.3118416928217864,1.697321259001091,35
Mouse-Dyad-10M,near,-2.5449157646206078,0.7847925255902882,1.3020020036183306,1.697321259001091,35
Mouse-Dyad-10M,near,-2.538253681467151,0.7847925255902882,1.3018722232620252,1.697321259001091,35
Mouse-Dyad-10M,near,-2.531591598313694,0.7847925255902882,1.2589065764923684,1.697321259001091,35
Mouse-Dyad-10M,near,-2.5249295151602364,0.7847925255902882,1.3118416928217864,1.697321259001091,35
Mouse-Dyad-10M,near,-2.5182674320067795,0.7847925255902882,1.3118416928217864,1.72695902719907,35
Mouse-Dyad-10M,near,-2.5116053488533225,0.7681019264476936,1.3118416928217864,1.7270865548882526,35
Mouse-Dyad-10M,near,-2.5049432656998656,0.7010378434785165,1.3118416928217864,1.7270865548882526,35
Mouse-Dyad-10M,near,-2.498281182546408,0.7010378434785165,1.3405496827396253,1.7270865548882526,35
Mouse-Dyad-10M,near,-2.4916190993929512,0.7251699016640756,1.3411819464019321,1.7270865548882526,35
Mouse-Dyad-10M,near,-2.4849570162394943,0.7253029121428476,1.3118416928217864,1.7270865548882526,35
Mouse-Dyad-10M,near,-2.478294933086037,0.7253029121428476,1.3271917184219042,1.7270865548882526,35
Mouse-Dyad-10M,near,-2.47163284993258,0.7253029121428476,1.3282118222232078,1.7270865548882526,35
Mouse-Dyad-10M,near,-2.464970766779123,0.7253029121428476,1.3282118222232078,1.7368695788922608,35
Mouse-Dyad-10M,near,-2.4583086836256656,0.7253029121428476,1.3282118222232078,1.7368695788922608,35
Mouse-Dyad-10M,near,-2.4516466004722086,0.7253029121428476,1.3282118222232078,1.7368695788922608,35
Mouse-Dyad-10M,near,-2.4449845173187517,0.7253029121428476,1.3282118222232078,1.7368695788922608,35
Mouse-Dyad-10M,near,-2.4383224341652947,0.7253029121428476,1.3282118222232078,1.7368695788922608,35
Mouse-Dyad-10M,near,-2.4316603510118373,0.6824081624703239,1.3282118222232078,1.7368695788922608,35
Mouse-Dyad-10M,near,-2.4249982678583804,0.6651413726620086,1.3282118222232078,1.7368695788922608,35
Mouse-Dyad-10M,near,-2.4183361847049234,0.652811714232243,1.3282118222232078,1.7842577133697837,35
Mouse-Dyad-10M,near,-2.411674101551466,0.609255168813544,1.3282118222232078,1.7324734110810551,35
Mouse-Dyad-10M,near,-2.405012018398009,0.609126426050669,1.3282118222232078,1.7049410519232127,35
Mouse-Dyad-10M,near,-2.398349935244552,0.5807280484719235,1.3282118222232078,1.68054948387587,35
Mouse-Dyad-10M,near,-2.3916878520910947,0.5563942827903557,1.3411819464019321,1.7172886373555243,35
Mouse-Dyad-10M,near,-2.3850257689376377,0.5562666069564559,1.3411819464019321,1.6822712591339355,35
Mouse-Dyad-10M,near,-2.378363685784181,0.5464126438140504,1.3411819464019321,1.6822712591339355,35
Mouse-Dyad-10M,near,-2.3717016026307234,0.5464126438140504,1.3411819464019321,1.6822712591339355,35
Mouse-Dyad-10M,near,-2.3650395194772664,0.5561773259700571,1.3411819464019321,1.7172898428871288,35
Mouse-Dyad-10M,near,-2.3583774363238095,0.573336811470289,1.3411819464019321,1.7173968338171102,35
Mouse-Dyad-10M,near,-2.3517153531703525,0.573425840960952,1.3411819464019321,1.7173968338171102,35
Mouse-Dyad-10M,near,-2.345053270016895,0.573425840960952,1.3411819464019321,1.7173968338171102,35
Mouse-Dyad-10M,near,-2.338391186863438,0.6817465673566908,1.2397146382497257,1.6822712591339355,35
Mouse-Dyad-10M,near,-2.331729103709981,0.6815029345718563,1.2392977504116272,1.6822712591339355,35
Mouse-Dyad-10M,near,-2.325067020556524,0.6815029345718563,1.2392977504116272,1.7172916511845373,35
Mouse-Dyad-10M,near,-2.318404937403067,0.7150186800464019,1.2392977504116272,1.7173968338171102,35
Mouse-Dyad-10M,near,-2.31174285424961,0.715229964323643,1.2392977504116272,1.7173968338171102,35
Mouse-Dyad-10M,near,-2.3050807710961525,0.715229964323643,1.2392977504116272,1.6822712591339355,35
Mouse-Dyad-10M,near,-2.2984186879426955,0.715229964323643,1.2392977504116272,1.6822712591339355,35
Mouse-Dyad-10M,near,-2.2917566047892386,0.7219597403451294,1.2392977504116272,1.669706678012648,35
Mouse-Dyad-10M,near,-2.2850945216357816,0.7222634641771959,1.2392977504116272,1.6822712591339355,35
Mouse-Dyad-10M,near,-2.2784324384823242,0.7222634641771959,1.2392977504116272,1.6807534695241446,35
Mouse-Dyad-10M,near,-2.2717703553288673,0.7617948665725744,1.2392977504116272,1.6807534695241446,35
Mouse-Dyad-10M,near,-2.2651082721754103,0.7621429381548015,1.2392977504116272,1.6807534695241446,35
Mouse-Dyad-10M,near,-2.258446189021953,0.7621429381548015,1.3720505815969244,1.6807534695241446,35
Mouse-Dyad-10M,near,-2.251784105868496,0.7025236470662772,1.2392977504116272,1.6627894867324016,35
Mouse-Dyad-10M,near,-2.245122022715039,0.7025236470662772,1.2392977504116272,1.6626876193117435,35
Mouse-Dyad-10M,near,-2.2384599395615816,0.7025959818725596,1.2392977504116272,1.6626876193117435,35
Mouse-Dyad-10M,near,-2.2317978564081247,0.7025959818725596,1.2392977504116272,1.6626876193117435,35
Mouse-Dyad-10M,near,-2.2251357732546677,0.6652085642643255,1.1883920601813733,1.6807534695241446,35
Mouse-Dyad-10M,near,-2.2184736901012108,0.7079620332510517,1.2249679346466391,1.6807534695241446,35
Mouse-Dyad-10M,near,-2.2118116069477534,0.7252194155583851,1.225326249131649,1.6807534695241446,35
Mouse-Dyad-10M,near,-2.2051495237942964,0.7253029121428476,1.225326249131649,1.6962425839546542,35
Mouse-Dyad-10M,near,-2.1984874406408395,0.7253029121428476,1.225326249131649,1.697321259001091,35
Mouse-Dyad-10M,near,-2.191825357487382,0.7253029121428476,1.2548823982089616,1.697321259001091,35
Mouse-Dyad-10M,near,-2.185163274333925,0.7253029121428476,1.3274273296771446,1.697321259001091,35
Mouse-Dyad-10M,near,-2.178501191180468,0.7286962511633287,1.3282118222232078,1.6590657262439878,35
Mouse-Dyad-10M,near,-2.1718391080270107,0.7526838980327011,1.3282118222232078,1.6597873874708964,35
Mouse-Dyad-10M,near,-2.165177024873554,0.7527998376478859,1.3282118222232078,1.6598225534558781,35
Mouse-Dyad-10M,near,-2.158514941720097,0.7527998376478859,1.3282118222232078,1.6598225534558781,35
Mouse-Dyad-10M,near,-2.15185285856664,0.7527998376478859,1.3282118222232078,1.6730260068159164,35
Mouse-Dyad-10M,near,-2.1451907754131825,0.764546079292306,1.3282118222232078,1.697321259001091,35
Mouse-Dyad-10M,near,-2.1385286922597255,0.7786211177161448,1.3282118222232078,1.6567484891953466,35
Mouse-Dyad-10M,near,-2.1318666091062686,0.7789428807198885,1.2548823982089616,1.6566583616876307,35
Mouse-Dyad-10M,near,-2.125204525952811,0.7650728463909009,1.2548823982089616,1.640469446801793,35
Mouse-Dyad-10M,near,-2.118542442799354,0.7650728463909009,1.2548823982089616,1.640469446801793,35
Mouse-Dyad-10M,near,-2.1118803596458973,0.7650728463909009,1.2548823982089616,1.640469446801793,35
Mouse-Dyad-10M,near,-2.10521827649244,0.7650728463909009,1.2548823982089616,1.640469446801793,35
Mouse-Dyad-10M,near,-2.098556193338983,0.7789428807198885,1.3902501114053236,1.689858661750843,35
Mouse-Dyad-10M,near,-2.091894110185526,0.7789428807198885,1.3902501114053236,1.6738287387691526,35
Mouse-Dyad-10M,near,-2.085232027032069,0.7789428807198885,1.4284434650263174,1.6737214357719976,35
Mouse-Dyad-10M,near,-2.0785699438786116,0.7789428807198885,1.4284434650263174,1.6737214357719976,35
Mouse-Dyad-10M,near,-2.0719078607251546,0.7789428807198885,1.4284434650263174,1.6737214357719976,35
Mouse-Dyad-10M,near,-2.0652457775716977,0.7789428807198885,1.4284434650263174,1.689645080944405,35
Mouse-Dyad-10M,near,-2.0585836944182403,0.7789428807198885,1.4284434650263174,1.6897510170243986,35
Mouse-Dyad-10M,near,-2.0519216112647833,0.7789428807198885,1.3904949314657347,1.6897510170243986,35
Mouse-Dyad-10M,near,-2.0452595281113264,0.7979315929026898,1.4284434650263174,1.6897510170243986,35
Mouse-Dyad-10M,near,-2.038597444957869,0.7980407753010398,1.4284434650263174,1.6897510170243986,35
Mouse-Dyad-10M,near,-2.031935361804412,0.7980407753010398,1.4284434650263174,1.6897510170243986,35
Mouse-Dyad-10M,near,-2.025273278650955,0.78095799600039,1.4284434650263174,1.6897510170243986,35
Mouse-Dyad-10M,near,-2.0186111954974977,0.7808815412965437,1.4284434650263174,1.6509235839866472,35
Mouse-Dyad-10M,near,-2.0119491123440407,0.7738322615858687,1.4284434650263174,1.6506711453740648,35
Mouse-Dyad-10M,near,-2.0052870291905838,0.8320077850929196,1.4284434650263174,1.6506711453740648,35
Mouse-Dyad-10M,near,-1.9986249460371266,0.8324172650245921,1.4284434650263174,1.6477872983257897,35
Mouse-Dyad-10M,near,-1.9919628628836696,0.8185472306956045,1.4284434650263174,1.6477872983257897,35
Mouse-Dyad-10M,near,-1.9853007797302125,0.8185472306956045,1.4284434650263174,1.665697854072981,35
Mouse-Dyad-10M,near,-1.9786386965767553,0.8891074061912739,1.4284434650263174,1.6657815238465,35
Mouse-Dyad-10M,near,-1.9719766134232983,0.8895932752232063,1.4284434650263174,1.697109505345994,35
Mouse-Dyad-10M,near,-1.9653145302698412,0.8895932752232063,1.3210011478879746,1.735612516458277,35
Mouse-Dyad-10M,near,-1.9586524471163842,0.8895932752232063,1.4380625806534106,1.7414489819183776,35
Mouse-Dyad-10M,near,-1.951990363962927,0.8895932752232063,1.4380625806534106,1.7362366536033331,35
Mouse-Dyad-10M,near,-1.9453282808094698,0.8895932752232063,1.4380625806534106,1.7262103775773112,35
Mouse-Dyad-10M,near,-1.938666197656013,0.8895932752232063,1.5043125039774219,1.7511446745754005,35
Mouse-Dyad-10M,near,-1.9320041145025557,0.8265204360276629,1.5043125039774219,1.7262418759442277,35
Mouse-Dyad-10M,near,-1.9253420313490988,0.8262880547293823,1.5043125039774219,1.7262418759442277,35
Mouse-Dyad-10M,near,-1.9186799481956416,0.8874765868790115,1.5043125039774219,1.826506611936781,35
Mouse-Dyad-10M,near,-1.9120178650421844,0.8874311197356445,1.5043125039774219,1.877061274259122,35
Mouse-Dyad-10M,near,-1.9053557818887275,0.8466478546392389,1.5043125039774219,1.877061274259122,35
Mouse-Dyad-10M,near,-1.8986936987352703,0.8463151994467809,1.5043125039774219,1.877061274259122,35
Mouse-Dyad-10M,near,-1.8920316155818133,0.8463151994467809,1.5043125039774219,1.877061274259122,35
Mouse-Dyad-10M,near,-1.8853695324283561,0.8463151994467809,1.5043125039774219,1.877061274259122,35
Mouse-Dyad-10M,near,-1.878707449274899,0.8463151994467809,1.5043125039774219,1.877061274259122,35
Mouse-Dyad-10M,near,-1.872045366121442,0.8874311197356445,1.5043125039774219,1.877061274259122,35
Mouse-Dyad-10M,near,-1.8653832829679848,0.8874311197356445,1.5043125039774219,1.8792641324273118,35
Mouse-Dyad-10M,near,-1.8587211998145277,0.8874311197356445,1.5043125039774219,1.8793011963131183,35
Mouse-Dyad-10M,near,-1.8520591166610707,0.8874311197356445,1.4478311271255997,1.9848431337301824,35
Mouse-Dyad-10M,near,-1.8453970335076135,0.919947404610797,1.4478311271255997,1.9852085376664057,35
Mouse-Dyad-10M,near,-1.8387349503541566,0.919947404610797,1.4478311271255997,1.9852085376664057,35
Mouse-Dyad-10M,near,-1.8320728672006994,0.8984480046632825,1.5865232103203977,1.9852085376664057,35
Mouse-Dyad-10M,near,-1.8254107840472422,0.8848609098435279,1.5865232103203977,1.9852085376664057,35
Mouse-Dyad-10M,near,-1.8187487008937853,0.9062111639761752,1.5865232103203977,1.9852085376664057,35
Mouse-Dyad-10M,near,-1.812086617740328,0.9062542630391591,1.5865232103203977,1.9852085376664057,35
Mouse-Dyad-10M,near,-1.8054245345868711,0.9284716623129952,1.5865232103203977,1.9852085376664057,35
Mouse-Dyad-10M,near,-1.798762451433414,0.9284716623129952,1.5865232103203977,1.9852085376664057,35
Mouse-Dyad-10M,near,-1.7921003682799568,0.9284716623129952,1.5865232103203977,2.047063922452779,35
Mouse-Dyad-10M,near,-1.7854382851264998,0.9284716623129952,1.5934566539080617,2.0634093522868664,35
Mouse-Dyad-10M,near,-1.7787762019730426,0.9714198690394393,1.640174111490804,2.0648338779487494,35
Mouse-Dyad-10M,near,-1.7721141188195857,0.9715655122373639,1.640174111490804,2.0648338779487494,35
Mouse-Dyad-10M,near,-1.7654520356661285,0.981981290001231,1.640174111490804,2.0648338779487494,35
Mouse-Dyad-10M,near,-1.7587899525126713,0.981981290001231,1.640174111490804,2.0648338779487494,35
Mouse-Dyad-10M,near,-1.7521278693592144,0.981981290001231,1.640174111490804,2.0648338779487494,35
Mouse-Dyad-10M,near,-1.7454657862057572,0.981981290001231,1.640174111490804,2.0648338779487494,35
Mouse-Dyad-10M,near,-1.7388037030523003,1.006886690309774,1.640174111490804,2.0648338779487494,35
Mouse-Dyad-10M,near,-1.732141619898843,1.006886690309774,1.640174111490804,2.0648338779487494,35
Mouse-Dyad-10M,near,-1.725479536745386,1.006886690309774,1.6471560555484503,2.0446183644843448,35
Mouse-Dyad-10M,near,-1.718817453591929,1.006886690309774,1.6471948206363356,2.0446183644843448,35
Mouse-Dyad-10M,near,-1.7121553704384718,1.006886690309774,1.6471948206363356,2.0446183644843448,35
Mouse-Dyad-10M,near,-1.7054932872850148,1.006886690309774,1.6471948206363356,2.0446183644843448,35
Mouse-Dyad-10M,near,-1.6988312041315576,1.006886690309774,1.6083273973233247,2.0446183644843448,35
Mouse-Dyad-10M,near,-1.6921691209781005,1.006886690309774,1.6081149489860018,2.0446183644843448,35
Mouse-Dyad-10M,near,-1.6855070378246435,1.006886690309774,1.6081149489860018,2.0446183644843448,35
Mouse-Dyad-10M,near,-1.6788449546711863,1.006886690309774,1.6081149489860018,2.0446183644843448,35
Mouse-Dyad-10M,near,-1.6721828715177294,0.9414902193653465,1.6081149489860018,2.0446183644843448,35
Mouse-Dyad-10M,near,-1.6655207883642722,1.0293496083852747,1.5865232103203977,2.0446183644843448,35
Mouse-Dyad-10M,near,-1.658858705210815,1.0508955803995343,1.5865232103203977,2.0478844323833236,35
Mouse-Dyad-10M,near,-1.652196622057358,1.0724385530261087,1.6469882042141544,2.0478844323833236,35
Mouse-Dyad-10M,near,-1.645534538903901,1.0749204164499744,1.6471948206363356,2.0478844323833236,35
Mouse-Dyad-10M,near,-1.638872455750444,1.072477705288453,1.6471948206363356,2.0478844323833236,35
Mouse-Dyad-10M,near,-1.6322103725969868,1.072477705288453,1.6757497774291692,2.0478844323833236,35
Mouse-Dyad-10M,near,-1.6255482894435296,1.072477705288453,1.6502173637315987,2.0478844323833236,35
Mouse-Dyad-10M,near,-1.6188862062900726,1.072477705288453,1.6499425640851184,2.0478844323833236,35
Mouse-Dyad-10M,near,-1.6122241231366155,1.0418350949282966,1.6499425640851184,2.0478844323833236,35
Mouse-Dyad-10M,near,-1.6055620399831585,1.0418350949282966,1.6499425640851184,2.0478844323833236,35
Mouse-Dyad-10M,near,-1.5988999568297013,1.0418350949282966,1.6499425640851184,2.0478844323833236,35
Mouse-Dyad-10M,near,-1.5922378736762441,0.9574391508528313,1.6499425640851184,1.9852085376664057,35
Mouse-Dyad-10M,near,-1.5855757905227872,0.9572732584437843,1.5915941576817993,1.9852085376664057,35
Mouse-Dyad-10M,near,-1.57891370736933,0.9922216630623071,1.59520194698581,2.029841685161667,35
Mouse-Dyad-10M,near,-1.572251624215873,0.9922216630623071,1.5914605106610105,2.0478844323833236,35
Mouse-Dyad-10M,near,-1.5655895410624159,0.9922216630623071,1.5914605106610105,2.0478844323833236,35
Mouse-Dyad-10M,near,-1.5589274579089587,0.9922216630623071,1.5914605106610105,2.0723015248689203,35
Mouse-Dyad-10M,near,-1.5522653747555017,0.9244321032241212,1.5914605106610105,2.072542152973022,35
Mouse-Dyad-10M,near,-1.5456032916020446,0.9244321032241212,1.5914605106610105,2.072542152973022,35
Mouse-Dyad-10M,near,-1.5389412084485876,0.9244321032241212,1.5914605106610105,2.072542152973022,35
Mouse-Dyad-10M,near,-1.5322791252951304,0.8814637137324219,1.5865232103203977,2.072542152973022,35
Mouse-Dyad-10M,near,-1.5256170421416733,0.8813382532997525,1.5865232103203977,2.072542152973022,35
Mouse-Dyad-10M,near,-1.5189549589882163,0.898440146276364,1.5865232103203977,2.072542152973022,35
Mouse-Dyad-10M,near,-1.5122928758347591,0.8984974873042486,1.6415404457408216,2.019707568242472,35
Mouse-Dyad-10M,near,-1.505630792681302,0.8984974873042486,1.5865232103203977,1.901708313329392,35
Mouse-Dyad-10M,near,-1.498968709527845,0.8984974873042486,1.5865232103203977,1.901708313329392,35
Mouse-Dyad-10M,near,-1.4923066263743878,0.8984974873042486,1.4380625806534106,1.901708313329392,35
Mouse-Dyad-10M,near,-1.4856445432209309,0.8984974873042486,1.4380625806534106,1.901708313329392,35
Mouse-Dyad-10M,near,-1.4789824600674737,0.8984974873042486,1.4243794496591025,1.901708313329392,35
Mouse-Dyad-10M,near,-1.4723203769140165,0.8984974873042486,1.4243794496591025,1.901708313329392,35
Mouse-Dyad-10M,near,-1.4656582937605596,0.9060404512432252,1.4243794496591025,1.901708313329392,35
Mouse-Dyad-10M,near,-1.4589962106071024,0.9059683480908078,1.4243794496591025,1.901708313329392,35
Mouse-Dyad-10M,near,-1.4523341274536454,0.9274767467437807,1.4243794496591025,1.901708313329392,35
Mouse-Dyad-10M,near,-1.4456720443001883,0.9275111628453574,1.4243794496591025,1.9674039448893486,35
Mouse-Dyad-10M,near,-1.439009961146731,0.9275111628453574,1.4243794496591025,1.967020375024198,35
Mouse-Dyad-10M,near,-1.4323478779932741,0.9506546108753157,1.4243794496591025,1.967020375024198,35
Mouse-Dyad-10M,near,-1.425685794839817,0.9909401646506798,1.4243794496591025,1.967020375024198,35
Mouse-Dyad-10M,near,-1.41902371168636,0.9910303368275872,1.4243794496591025,1.9774940925313111,35
Mouse-Dyad-10M,near,-1.4123616285329028,1.0100529762106905,1.4243794496591025,1.9774940925313111,35
Mouse-Dyad-10M,near,-1.4056995453794456,1.0101062933067935,1.4243794496591025,1.9774940925313111,35
Mouse-Dyad-10M,near,-1.3990374622259887,1.0101062933067935,1.4243794496591025,1.9774940925313111,35
Mouse-Dyad-10M,near,-1.3923753790725315,1.0101062933067935,1.4243794496591025,1.9774940925313111,35
Mouse-Dyad-10M,near,-1.3857132959190746,1.0101062933067935,1.4243794496591025,1.9774940925313111,35
Mouse-Dyad-10M,near,-1.3790512127656174,1.0101062933067935,1.4243794496591025,1.9774940925313111,35
Mouse-Dyad-10M,near,-1.3723891296121602,1.0101062933067935,1.4966966821711198,2.005411465909708,35
Mouse-Dyad-10M,near,-1.3657270464587032,1.0101062933067935,1.4966966821711198,1.9856710666804718,35
Mouse-Dyad-10M,near,-1.359064963305246,1.0098589319596192,1.4966966821711198,2.005411465909708,35
Mouse-Dyad-10M,near,-1.352402880151789,1.0098267260664007,1.4966966821711198,2.005411465909708,35
Mouse-Dyad-10M,near,-1.345740796998332,0.9660396329673206,1.5760557864811997,2.005411465909708,35
Mouse-Dyad-10M,near,-1.3390787138448748,0.9659564530295812,1.5760557864811997,2.005411465909708,35
Mouse-Dyad-10M,near,-1.3324166306914178,0.9659564530295812,1.560323296200403,2.005411465909708,35
Mouse-Dyad-10M,near,-1.3257545475379606,0.9247745066264847,1.5602324525474587,2.005411465909708,35
Mouse-Dyad-10M,near,-1.3190924643845037,0.9247092860477071,1.5602324525474587,2.005411465909708,35
Mouse-Dyad-10M,near,-1.3124303812310465,0.9247092860477071,1.5602324525474587,1.9340238431611425,35
Mouse-Dyad-10M,near,-1.3057682980775893,0.9030354814781607,1.5602324525474587,1.9333989322940137,35
Mouse-Dyad-10M,near,-1.2991062149241324,0.902954772231641,1.5371383753241126,1.9333989322940137,35
Mouse-Dyad-10M,near,-1.2924441317706752,0.902954772231641,1.5369759148308657,1.9333989322940137,35
Mouse-Dyad-10M,near,-1.2857820486172182,0.8966410881684812,1.5369759148308657,1.9333989322940137,35
Mouse-Dyad-10M,near,-1.279119965463761,0.9137520349916013,1.4996110794877016,1.872900667737135,35
Mouse-Dyad-10M,near,-1.2724578823103039,0.8966891238541209,1.5369759148308657,1.872900667737135,35
Mouse-Dyad-10M,near,-1.265795799156847,0.9015915869632014,1.5252416098506678,1.872900667737135,35
Mouse-Dyad-10M,near,-1.2591337160033897,0.8649904877891116,1.52515530838037,1.872900667737135,35
Mouse-Dyad-10M,near,-1.2524716328499328,0.8647975683491078,1.5052018711173227,1.8774970433829217,35
Mouse-Dyad-10M,near,-1.2458095496964756,0.8647975683491078,1.5049167523260638,1.8775537033683778,35
Mouse-Dyad-10M,near,-1.2391474665430184,0.8399798433572166,1.5049167523260638,1.8775537033683778,35
Mouse-Dyad-10M,near,-1.2324853833895615,0.8740989881210717,1.5049167523260638,1.8775537033683778,35
Mouse-Dyad-10M,near,-1.2258233002361043,0.8744108078994633,1.5368501584520344,1.845863084403756,35
Mouse-Dyad-10M,near,-1.2191612170826474,0.8744108078994633,1.4945161930986872,1.8304681145654333,35
Mouse-Dyad-10M,near,-1.2124991339291902,0.824927840664167,1.4588161715301982,1.7942726782334044,35
Mouse-Dyad-10M,near,-1.205837050775733,0.7504947764616532,1.4588161715301982,1.7942726782334044,35
Mouse-Dyad-10M,near,-1.199174967622276,0.7504947764616532,1.4588161715301982,1.764429110152891,35
Mouse-Dyad-10M,near,-1.1925128844688189,0.7504947764616532,1.4588161715301982,1.764429110152891,35
Mouse-Dyad-10M,near,-1.1858508013153617,0.7975172467234717,1.4250147508871456,1.7657674748008017,35
Mouse-Dyad-10M,near,-1.1791887181619047,0.7975172467234717,1.4198837640198891,1.764429110152891,35
Mouse-Dyad-10M,near,-1.1725266350084476,0.7975172467234717,1.4197362998798642,1.764429110152891,35
Mouse-Dyad-10M,near,-1.1658645518549906,0.7975172467234717,1.380802226108086,1.872900667737135,35
Mouse-Dyad-10M,near,-1.1592024687015334,0.8415954369553045,1.3806564282295302,1.872900667737135,35
Mouse-Dyad-10M,near,-1.1525403855480763,0.8416670870006842,1.3806564282295302,1.872900667737135,35
Mouse-Dyad-10M,near,-1.1458783023946193,0.8416670870006842,1.419593001393513,1.872900667737135,35
Mouse-Dyad-10M,near,-1.1392162192411621,0.8416670870006842,1.4197362998798642,1.872900667737135,35
Mouse-Dyad-10M,near,-1.1325541360877052,0.8416670870006842,1.4197362998798642,1.872900667737135,35
Mouse-Dyad-10M,near,-1.125892052934248,0.8416670870006842,1.4197362998798642,1.872900667737135,35
Mouse-Dyad-10M,near,-1.1192299697807908,0.8501907226264965,1.4197362998798642,1.872900667737135,35
Mouse-Dyad-10M,near,-1.1125678866273339,0.8744108078994633,1.3725903366274952,1.872900667737135,35
Mouse-Dyad-10M,near,-1.1059058034738767,0.8744108078994633,1.3725903366274952,1.872900667737135,35
Mouse-Dyad-10M,near,-1.0992437203204197,0.8744108078994633,1.3725903366274952,1.872900667737135,35
Mouse-Dyad-10M,near,-1.0925816371669625,0.8744108078994633,1.3725903366274952,1.872900667737135,35
Mouse-Dyad-10M,near,-1.0859195540135054,0.8744108078994633,1.3725903366274952,1.872900667737135,35
Mouse-Dyad-10M,near,-1.0792574708600484,0.920065823459433,1.3725903366274952,1.872900667737135,35
Mouse-Dyad-10M,near,-1.0725953877065912,0.970281524497908,1.3725903366274952,1.872900667737135,35
Mouse-Dyad-10M,near,-1.0659333045531343,0.970281524497908,1.4105063589856672,1.872900667737135,35
Mouse-Dyad-10M,near,-1.059271221399677,0.9822683108542789,1.4541473416688973,1.872900667737135,35
Mouse-Dyad-10M,near,-1.05260913824622,0.9945465931622391,1.4105063589856672,1.8024580929191192,35
Mouse-Dyad-10M,near,-1.045947055092763,1.0886235407042197,1.4657295776785748,1.872900667737135,35
Mouse-Dyad-10M,near,-1.0392849719393058,1.0886235407042197,1.426886977419993,1.872900667737135,35
Mouse-Dyad-10M,near,-1.0326228887858488,1.1299537368702524,1.4267570090253958,1.872900667737135,35
Mouse-Dyad-10M,near,-1.0259608056323917,1.1300478433730472,1.4267570090253958,1.872900667737135,35
Mouse-Dyad-10M,near,-1.0192987224789345,1.1300478433730472,1.4267570090253958,1.872900667737135,35
Mouse-Dyad-10M,near,-1.0126366393254775,1.1300478433730472,1.4587122858259458,1.872900667737135,35
Mouse-Dyad-10M,near,-1.0059745561720204,1.0878916707846704,1.4907721317893288,1.872900667737135,35
Mouse-Dyad-10M,near,-0.9993124730185633,1.0878093032832226,1.490875334035,1.872900667737135,35
Mouse-Dyad-10M,near,-0.9926503898651062,0.9374617671348126,1.3200292831479956,1.872900667737135,35
Mouse-Dyad-10M,near,-0.9859883067116492,0.9372180146575102,1.3200292831479956,1.872900667737135,35
Mouse-Dyad-10M,near,-0.9793262235581921,0.9372180146575102,1.3200292831479956,1.8842854043708663,35
Mouse-Dyad-10M,near,-0.9726641404047349,0.9372180146575102,1.3200292831479956,1.8843349984722153,35
Mouse-Dyad-10M,near,-0.9660020572512779,0.9221660119644606,1.3200292831479956,1.9349271220697475,35
Mouse-Dyad-10M,near,-0.9593399740978208,0.9221660119644606,1.3200292831479956,1.9349760414214179,35
Mouse-Dyad-10M,near,-0.9526778909443637,0.8504165314115277,1.3200292831479956,1.9382127294319407,35
Mouse-Dyad-10M,near,-0.9460158077909067,0.8502705659093028,1.3153069573094116,2.0192385271008044,35
Mouse-Dyad-10M,near,-0.9393537246374495,0.9221660119644606,1.3862740353037728,1.985180741972094,35
Mouse-Dyad-10M,near,-0.9326916414839924,0.9221660119644606,1.387222532299408,1.9382127294319407,35
Mouse-Dyad-10M,near,-0.9260295583305354,0.9181714421196929,1.5288008293479085,1.9382127294319407,35
Mouse-Dyad-10M,near,-0.9193674751770783,0.9181295498964039,1.5552567133456578,1.9510123543402602,35
Mouse-Dyad-10M,near,-0.9127053920236211,0.8729323014350534,1.5393706127521396,1.9572135364163046,35
Mouse-Dyad-10M,near,-0.906043308870164,0.8728910119775681,1.5342387446414738,1.9572911642880086,35
Mouse-Dyad-10M,near,-0.899381225716707,0.8728910119775681,1.5344680455963404,1.9572911642880086,35
Mouse-Dyad-10M,near,-0.8927191425632499,0.8502705659093028,1.5344680455963404,1.9572911642880086,35
Mouse-Dyad-10M,near,-0.8860570594097928,0.8502705659093028,1.5072117623666224,1.9572911642880086,35
Mouse-Dyad-10M,near,-0.8793949762563357,0.8502705659093028,1.5072117623666224,1.9572911642880086,35
Mouse-Dyad-10M,near,-0.8727328931028786,0.8728910119775681,1.480544691818709,1.9236697215578245,35
Mouse-Dyad-10M,near,-0.8660708099494215,0.8728910119775681,1.480544691818709,1.9236697215578245,35
Mouse-Dyad-10M,near,-0.8594087267959645,0.8276913524530076,1.480544691818709,1.9236697215578245,35
Mouse-Dyad-10M,near,-0.8527466436425074,0.824927840664167,1.480544691818709,1.9236697215578245,35
Mouse-Dyad-10M,near,-0.8460845604890502,0.824927840664167,1.480544691818709,1.872900667737135,35
Mouse-Dyad-10M,near,-0.8394224773355932,0.8236970931252111,1.480544691818709,1.872900667737135,35
Mouse-Dyad-10M,near,-0.8327603941821361,0.77894910224961,1.4246967181598729,1.872900667737135,35
Mouse-Dyad-10M,near,-0.826098311028679,0.7789006060873447,1.4246967181598729,1.872900667737135,35
Mouse-Dyad-10M,near,-0.819436227875222,0.7789006060873447,1.4246967181598729,1.872900667737135,35
Mouse-Dyad-10M,near,-0.8127741447217648,0.7789006060873447,1.4246967181598729,1.872900667737135,35
Mouse-Dyad-10M,near,-0.8061120615683077,0.7789006060873447,1.4246967181598729,1.872900667737135,35
Mouse-Dyad-10M,near,-0.7994499784148507,0.7341607183391221,1.4246967181598729,1.872900667737135,35
Mouse-Dyad-10M,near,-0.7927878952613936,0.7341607183391221,1.4246967181598729,1.872900667737135,35
Mouse-Dyad-10M,near,-0.7861258121079365,0.693067209674157,1.4246967181598729,1.872900667737135,35
Mouse-Dyad-10M,near,-0.7794637289544794,0.693067209674157,1.480544691818709,1.872900667737135,35
Mouse-Dyad-10M,near,-0.7728016458010223,0.693067209674157,1.480544691818709,1.9173983338565375,35
Mouse-Dyad-10M,near,-0.7661395626475652,0.693067209674157,1.353696999966101,1.9174374693378735,35
Mouse-Dyad-10M,near,-0.7594774794941082,0.693067209674157,1.353696999966101,1.9174374693378735,35
Mouse-Dyad-10M,near,-0.752815396340651,0.693067209674157,1.353696999966101,1.9174374693378735,35
Mouse-Dyad-10M,near,-0.7461533131871939,0.7372208679889267,1.480544691818709,1.9365159041939415,35
Mouse-Dyad-10M,near,-0.7394912300337368,0.7372546228738786,1.480544691818709,1.9365159041939415,35
Mouse-Dyad-10M,near,-0.7328291468802798,0.7372546228738786,1.475868845819832,1.9365159041939415,35
Mouse-Dyad-10M,near,-0.7261670637268227,0.7372546228738786,1.4758159925489625,1.9365159041939415,35
Mouse-Dyad-10M,near,-0.7195049805733655,0.7372546228738786,1.480544691818709,1.9365159041939415,35
Mouse-Dyad-10M,near,-0.7128428974199085,0.7372546228738786,1.480544691818709,1.9462451149301307,35
Mouse-Dyad-10M,near,-0.7061808142664514,0.7372546228738786,1.3384092318338547,1.9462451149301307,35
Mouse-Dyad-10M,near,-0.6995187311129943,0.7372546228738786,1.480544691818709,1.967020375024198,35
Mouse-Dyad-10M,near,-0.6928566479595373,0.6951391896792154,1.292049291856121,1.967020375024198,35
Mouse-Dyad-10M,near,-0.6861945648060801,0.8762803144956977,1.292049291856121,1.9628197426035925,35
Mouse-Dyad-10M,near,-0.679532481652623,0.8766829413554619,1.480544691818709,1.9676101475008867,35
Mouse-Dyad-10M,near,-0.672870398499166,0.8766829413554619,1.4848062420877657,1.9676101475008867,35
Mouse-Dyad-10M,near,-0.6662083153457089,0.8766829413554619,1.4848062420877657,1.96279635036296,35
Mouse-Dyad-10M,near,-0.6595462321922518,0.8766829413554619,1.4758587095123157,1.96279635036296,35
Mouse-Dyad-10M,near,-0.6528841490387947,0.8766829413554619,1.5022824662283711,1.9676101475008867,35
Mouse-Dyad-10M,near,-0.6462220658853376,0.8766829413554619,1.5023084109484355,1.979282928890238,35
Mouse-Dyad-10M,near,-0.6395599827318805,0.8766829413554619,1.5023084109484355,1.979282928890238,35
Mouse-Dyad-10M,near,-0.6328978995784235,0.8766829413554619,1.4758411430429026,2.013351161039037,35
Mouse-Dyad-10M,near,-0.6262358164249664,0.8766829413554619,1.5022835251965365,2.0133727364066116,35
Mouse-Dyad-10M,near,-0.6195737332715092,0.88679810274867,1.4807394079953908,2.0133727364066116,35
Mouse-Dyad-10M,near,-0.6129116501180522,0.8868261313584962,1.4807193439671495,2.0133727364066116,35
Mouse-Dyad-10M,near,-0.6062495669645951,0.8868261313584962,1.4807193439671495,2.091406897975749,35
Mouse-Dyad-10M,near,-0.599587483811138,0.8868261313584962,1.4277821607356695,2.091352877442157,35
Mouse-Dyad-10M,near,-0.5929254006576808,0.8950411051678955,1.5491925662581996,2.1032074530440954,35
Mouse-Dyad-10M,near,-0.5862633175042238,0.895031279659687,1.4311291117893221,1.978693156413549,35
Mouse-Dyad-10M,near,-0.5796012343507667,0.895031279659687,1.480673278851933,1.978693156413549,35
Mouse-Dyad-10M,near,-0.5729391511973096,0.895031279659687,1.4807193439671495,1.9873729120800339,35
Mouse-Dyad-10M,near,-0.5662770680438526,0.895031279659687,1.4944247314433547,1.987460695528924,35
Mouse-Dyad-10M,near,-0.5596149848903954,0.895031279659687,1.4945161930986872,1.987460695528924,35
Mouse-Dyad-10M,near,-0.5529529017369383,0.895031279659687,1.4945161930986872,1.98898045349044,35
Mouse-Dyad-10M,near,-0.5462908185834813,0.9408886177688421,1.4150918141482989,1.989166873920662,35
Mouse-Dyad-10M,near,-0.5396287354300242,0.9408886177688421,1.4149964374847268,2.0680180193518676,35
Mouse-Dyad-10M,near,-0.5329666522765671,0.9772790965640588,1.4149964374847268,2.0981035868721873,35
Mouse-Dyad-10M,near,-0.52630456912311,0.9773032071961677,1.4149964374847268,2.0981035868721873,35
Mouse-Dyad-10M,near,-0.5196424859696529,0.9773032071961677,1.4149964374847268,2.0981035868721873,35
Mouse-Dyad-10M,near,-0.5129804028161958,0.9773032071961677,1.4149964374847268,1.989166873920662,35
Mouse-Dyad-10M,near,-0.5063183196627388,1.0225188400145,1.4149964374847268,1.989166873920662,35
Mouse-Dyad-10M,near,-0.49965623650928165,1.1167736300981765,1.4945968945592727,1.989166873920662,35
Mouse-Dyad-10M,near,-0.4929941533558246,1.1167962338157782,1.4945161930986872,1.989166873920662,35
Mouse-Dyad-10M,near,-0.48633207020236746,1.1167962338157782,1.4945161930986872,1.989166873920662,35
Mouse-Dyad-10M,near,-0.4796699870489104,1.2147215509120484,1.5492123394689385,2.047462543922985,35
Mouse-Dyad-10M,near,-0.47300790389545333,1.2147215509120484,1.5492960848320747,2.047462543922985,35
Mouse-Dyad-10M,near,-0.4663458207419962,1.1167962338157782,1.5508877506488734,2.047462543922985,35
Mouse-Dyad-10M,near,-0.45968373758853914,1.1167962338157782,1.5508877506488734,2.207846900948035,35
Mouse-Dyad-10M,near,-0.453021654435082,1.1167962338157782,1.5508877506488734,2.2080501749305763,35
Mouse-Dyad-10M,near,-0.44635957128162496,1.1513990786180854,1.5508877506488734,2.2437004051436324,35
Mouse-Dyad-10M,near,-0.43969748812816783,1.194006120395316,1.5508877506488734,2.3532323464933205,35
Mouse-Dyad-10M,near,-0.43303540497471077,1.194032351116074,1.5508877506488734,2.353441707494489,35
Mouse-Dyad-10M,near,-0.4263733218212537,1.194032351116074,1.5701887241032486,2.3755995890714767,35
Mouse-Dyad-10M,near,-0.4197112386677966,1.2899711308668764,1.8412100487725132,2.3846142393373677,35
Mouse-Dyad-10M,near,-0.4130491555143395,1.2899711308668764,1.8412100487725132,2.3846142393373677,35
Mouse-Dyad-10M,near,-0.4063870723608824,1.2899711308668764,1.8412100487725132,2.3846142393373677,35
Mouse-Dyad-10M,near,-0.39972498920742533,1.2899711308668764,1.8412100487725132,2.4009417423207315,35
Mouse-Dyad-10M,near,-0.39306290605396826,1.2961744953918395,1.8412100487725132,2.4009417423207315,35
Mouse-Dyad-10M,near,-0.38640082290051114,1.2780888029961983,1.8412100487725132,2.4415232392888973,35
Mouse-Dyad-10M,near,-0.3797387397470541,1.2780888029961983,1.8412100487725132,2.5855146763379615,35
Mouse-Dyad-10M,near,-0.37307665659359696,1.2780888029961983,1.912272610329222,2.5855467738376543,35
Mouse-Dyad-10M,near,-0.3664145734401399,1.2780888029961983,1.9831540129004972,2.686791748503757,35
Mouse-Dyad-10M,near,-0.35975249028668277,1.2780888029961983,1.9951797349408271,2.652751316112833,35
Mouse-Dyad-10M,near,-0.3530904071332257,1.3346357205005197,2.060776134716882,2.652739052219686,35
Mouse-Dyad-10M,near,-0.34642832397976864,1.361729872343171,2.060839083592719,2.821929926256206,35
Mouse-Dyad-10M,near,-0.3397662408263115,1.3852135518502942,2.060839083592719,2.656950143425899,35
Mouse-Dyad-10M,near,-0.33310415767285445,1.404191312784263,2.060839083592719,2.837506704712993,35
Mouse-Dyad-10M,near,-0.32644207451939733,1.4042053513368669,2.060839083592719,2.9848216901718367,35
Mouse-Dyad-10M,near,-0.31977999136594026,1.4042053513368669,2.060839083592719,2.9849083027220313,35
Mouse-Dyad-10M,near,-0.3131179082124832,1.4042053513368669,2.060839083592719,2.9849083027220313,35
Mouse-Dyad-10M,near,-0.3064558250590261,1.4795902862933232,2.060839083592719,2.878984543969962,35
Mouse-Dyad-10M,near,-0.299793741905569,1.5248316215592004,2.060839083592719,2.8789683110061777,35
Mouse-Dyad-10M,near,-0.2931316587521119,1.5313275688972197,2.060839083592719,2.8789683110061777,35
Mouse-Dyad-10M,near,-0.2864695755986548,1.5313275688972197,2.067940259121439,2.8789683110061777,35
Mouse-Dyad-10M,near,-0.2798074924451977,1.5313275688972197,2.0680999458477283,2.889068422157271,35
Mouse-Dyad-10M,near,-0.27314540929174064,1.5313275688972197,2.0680999458477283,2.970470247417246,35
Mouse-Dyad-10M,near,-0.26648332613828357,1.5623503383308937,2.1317537030819027,2.9974559831487984,35
Mouse-Dyad-10M,near,-0.25982124298482645,1.5623503383308937,2.2422508350518697,2.9974559831487984,35
Mouse-Dyad-10M,near,-0.2531591598313694,1.5896089077646227,2.274310681015252,2.9974559831487984,35
Mouse-Dyad-10M,near,-0.2464970766779123,1.6013951500392174,2.3263316259733102,3.0147983500203432,35
Mouse-Dyad-10M,near,-0.2398349935244552,1.678918786090265,2.3263316259733102,3.014895615816317,35
Mouse-Dyad-10M,near,-0.2331729103709981,1.660859283430038,2.3263316259733102,3.014895615816317,35
Mouse-Dyad-10M,near,-0.226510827217541,1.660849456443215,2.3263316259733102,3.014895615816317,35
Mouse-Dyad-10M,near,-0.21984874406408392,1.8357589463460633,2.399584762829123,3.151633940601626,35
Mouse-Dyad-10M,near,-0.21318666091062685,1.7366362223733653,2.399584762829123,3.151654884614717,35
Mouse-Dyad-10M,near,-0.20652457775716976,1.7818767979979828,2.5608014842527904,3.284210874228876,35
Mouse-Dyad-10M,near,-0.19986249460371266,1.781886140867925,2.5848129177481223,3.284210874228876,35
Mouse-Dyad-10M,near,-0.19320041145025557,1.8271159386826215,2.5848129177481223,3.284210874228876,35
Mouse-Dyad-10M,near,-0.18653832829679848,1.9646077015598093,2.7048069701066546,3.3022462101765164,35
Mouse-Dyad-10M,near,-0.17987624514334138,1.9680632555610016,2.8432058696989473,3.3192159739948783,35
Mouse-Dyad-10M,near,-0.17321416198988432,1.9827890442943903,2.8432942095229348,3.3192159739948783,35
Mouse-Dyad-10M,near,-0.16655207883642723,1.9827890442943903,2.7048069701066546,3.3192159739948783,35
Mouse-Dyad-10M,near,-0.15988999568297013,1.9413497345642492,2.8432942095229348,3.3192159739948783,35
Mouse-Dyad-10M,near,-0.15322791252951304,1.9827890442943903,2.8432942095229348,3.3516539897905546,35
Mouse-Dyad-10M,near,-0.14656582937605594,2.0280094092667733,2.8432942095229348,3.337886870730794,35
Mouse-Dyad-10M,near,-0.13990374622259885,2.0280094092667733,2.8432942095229348,3.4087186027956102,35
Mouse-Dyad-10M,near,-0.13324166306914179,2.070351202690734,2.8432942095229348,3.4865202099828214,35
Mouse-Dyad-10M,near,-0.1265795799156847,2.070351202690734,2.8432942095229348,3.534006649955014,35
Mouse-Dyad-10M,near,-0.1199174967622276,2.1155843157173453,2.8432942095229348,3.562778539625768,35
Mouse-Dyad-10M,near,-0.1132554136087705,2.132194112088575,2.8432942095229348,3.562778539625768,35
Mouse-Dyad-10M,near,-0.10659333045531343,2.190764595714914,2.8432942095229348,3.529670178070246,35
Mouse-Dyad-10M,near,-0.09993124730185633,2.132194112088575,2.8432942095229348,3.6406383909008433,35
Mouse-Dyad-10M,near,-0.09326916414839924,2.190756281712445,2.8432942095229348,3.6406383909008433,35
Mouse-Dyad-10M,near,-0.08660708099494216,2.258764702079489,2.764487208817119,3.6812725938741817,35
Mouse-Dyad-10M,near,-0.07994499784148507,2.2178265760808014,2.764455560251947,3.731722104618532,35
Mouse-Dyad-10M,near,-0.07328291468802797,2.217823206828177,2.764455560251947,3.73174905696989,35
Mouse-Dyad-10M,near,-0.06662083153457089,2.2427385381199905,2.764455560251947,3.73174905696989,35
Mouse-Dyad-10M,near,-0.0599587483811138,2.1820916156420616,2.7814727514158353,3.822636415622438,35
Mouse-Dyad-10M,near,-0.05329666522765671,2.1820847909901433,2.8300062523031433,3.870409928767744,35
Mouse-Dyad-10M,near,-0.04663458207419962,2.1820847909901433,2.8432942095229348,3.881396428434042,35
Mouse-Dyad-10M,near,-0.03997249892074253,2.2071595894877674,2.8432942095229348,3.9513452718275652,35
Mouse-Dyad-10M,near,-0.033310415767285446,2.187627750751189,2.8432942095229348,3.9513452718275652,35
Mouse-Dyad-10M,near,-0.026648332613828356,2.2593163605297284,2.8650115816738206,3.9513452718275652,35
Mouse-Dyad-10M,near,-0.019986249460371266,2.2432923522259087,2.8432942095229348,3.962036432016987,35
Mouse-Dyad-10M,near,-0.013324166306914178,2.2593202248318582,2.867673708195894,3.919601067931267,35
Mouse-Dyad-10M,near,-0.006662083153457089,2.259320908290439,2.8682868873648113,3.9196011642354573,35
Mouse-Dyad-10M,near,0.0,2.336557025590735,2.8676778214968186,3.976432649246948,35
Mouse-Dyad-10M,near,0.006662083153457089,2.320527537964054,2.8676830387466343,3.976432649246948,35
Mouse-Dyad-10M,near,0.013324166306914178,2.305441232143357,3.0211662236777905,3.976432649246948,35
Mouse-Dyad-10M,near,0.019986249460371266,2.280861229929685,3.0211662236777905,3.976431012806522,35
Mouse-Dyad-10M,near,0.026648332613828356,2.306021884593499,3.0211662236777905,3.9691780967002774,35
Mouse-Dyad-10M,near,0.033310415767285446,2.3060198017666624,3.0211662236777905,3.9691780967002774,35
Mouse-Dyad-10M,near,0.03997249892074253,2.4667746794038843,3.0211662236777905,3.976432649246948,35
Mouse-Dyad-10M,near,0.04663458207419962,2.4925239911579733,3.034085568614909,3.976432649246948,35
Mouse-Dyad-10M,near,0.05329666522765671,2.4925239911579733,3.1202549331687996,3.976432649246948,35
Mouse-Dyad-10M,near,0.0599587483811138,2.4622995479652774,3.1633380367254897,3.9764375585682266,35
Mouse-Dyad-10M,near,0.06662083153457089,2.4622995479652774,3.1633380367254897,4.019537509586805,35
Mouse-Dyad-10M,near,0.07328291468802797,2.4622995479652774,3.1633380367254897,4.16978993801272,35
Mouse-Dyad-10M,near,0.07994499784148507,2.4622995479652774,3.163341537712886,4.386921914290037,35
Mouse-Dyad-10M,near,0.08660708099494216,2.4622995479652774,3.1745456181795735,4.386921914290037,35
Mouse-Dyad-10M,near,0.09326916414839924,2.4622995479652774,3.2495137161604033,4.386921914290037,35
Mouse-Dyad-10M,near,0.09993124730185633,2.4622995479652774,3.292594925252786,4.386921914290037,35
Mouse-Dyad-10M,near,0.10659333045531343,2.4622995479652774,3.2925999771576047,4.386921914290037,35
Mouse-Dyad-10M,near,0.1132554136087705,2.4622995479652774,3.3356805547618853,4.38693200603807,35
Mouse-Dyad-10M,near,0.1199174967622276,2.4622995479652774,3.3356805547618853,4.446336665294615,35
Mouse-Dyad-10M,near,0.1265795799156847,2.4622995479652774,3.3356865538988574,4.494308873592518,35
Mouse-Dyad-10M,near,0.13324166306914179,2.4622995479652774,3.378778814033031,4.494324291596422,35
Mouse-Dyad-10M,near,0.13990374622259885,2.4622995479652774,3.4470606603913145,4.565134111162958,35
Mouse-Dyad-10M,near,0.14656582937605594,2.4622995479652774,3.4543522488350358,4.565208107382476,35
Mouse-Dyad-10M,near,0.15322791252951304,2.4622588930947775,3.4470606603913145,4.803683441724549,35
Mouse-Dyad-10M,near,0.15988999568297013,2.187625667924353,3.4543522488350358,4.857688569247188,35
Mouse-Dyad-10M,near,0.16655207883642723,2.187625667924353,3.4543522488350358,4.857699924703805,35
Mouse-Dyad-10M,near,0.17321416198988432,2.187625667924353,3.4543668489297437,4.863073853807398,35
Mouse-Dyad-10M,near,0.17987624514334138,2.187648162454187,3.4666678082334017,4.863073853807398,35
Mouse-Dyad-10M,near,0.18653832829679848,2.226695971154558,3.4666678082334017,4.863073853807398,35
Mouse-Dyad-10M,near,0.19320041145025557,2.2106880387179375,3.4666678082334017,4.863073853807398,35
Mouse-Dyad-10M,near,0.19986249460371266,2.2302181392297626,3.4666678082334017,4.863091662774517,35
Mouse-Dyad-10M,near,0.20652457775716976,2.2337391622466045,3.636066207059325,4.909316948847105,35
Mouse-Dyad-10M,near,0.21318666091062685,2.253266184545385,3.636066207059325,4.909306152852254,35
Mouse-Dyad-10M,near,0.21984874406408392,2.2532774616119653,3.636066207059325,4.858675905897902,35
Mouse-Dyad-10M,near,0.226510827217541,2.3161915387563132,3.636066207059325,4.858675905897902,35
Mouse-Dyad-10M,near,0.2331729103709981,2.3161915387563132,3.636066207059325,4.858675905897902,35
Mouse-Dyad-10M,near,0.2398349935244552,2.316179236501862,3.630719109778813,4.871239311640069,35
Mouse-Dyad-10M,near,0.2464970766779123,2.300177370422502,3.650610964309098,4.871239311640069,35
Mouse-Dyad-10M,near,0.2531591598313694,2.3196889076160474,3.6274690281936177,4.8712479417871,35
Mouse-Dyad-10M,near,0.25982124298482645,2.3036989669613215,3.650610964309098,4.905329119156443,35
Mouse-Dyad-10M,near,0.26648332613828357,2.3357481371961724,3.650610964309098,4.9053699486675555,35
Mouse-Dyad-10M,near,0.27314540929174064,2.355288489586706,3.650610964309098,4.985955290370985,35
Mouse-Dyad-10M,near,0.2798074924451977,2.3675448160908488,3.5202827319360326,4.935342249533429,35
Mouse-Dyad-10M,near,0.2864695755986548,2.4623413711948343,3.5202827319360326,4.951210499963747,35
Mouse-Dyad-10M,near,0.2931316587521119,2.4623413711948343,3.5202827319360326,4.951210499963747,35
Mouse-Dyad-10M,near,0.299793741905569,2.3674167067336636,3.5202827319360326,4.951220719874704,35
Mouse-Dyad-10M,near,0.3064558250590261,2.4090268097206264,3.5202827319360326,4.9852847882375215,35
Mouse-Dyad-10M,near,0.3131179082124832,2.4090268097206264,3.5202827319360326,4.934659264530918,35
Mouse-Dyad-10M,near,0.31977999136594026,2.4003918679663756,3.5202827319360326,4.934648363292565,35
Mouse-Dyad-10M,near,0.32644207451939733,2.400412279669373,3.5203835078086896,4.900569457014545,35
Mouse-Dyad-10M,near,0.33310415767285445,2.321472093292809,3.3404469204017775,4.842141539207029,35
Mouse-Dyad-10M,near,0.3397662408263115,2.268550100776877,3.5539453025229593,4.807509184777279,35
Mouse-Dyad-10M,near,0.34642832397976864,2.268550100776877,3.5538027073679377,4.807509184777279,35
Mouse-Dyad-10M,near,0.3530904071332257,2.310292962109797,3.552326903833485,4.807509184777279,35
Mouse-Dyad-10M,near,0.35975249028668277,2.310292962109797,3.552326903833485,4.807509184777279,35
Mouse-Dyad-10M,near,0.3664145734401399,2.310292962109797,3.552326903833485,4.807509184777279,35
Mouse-Dyad-10M,near,0.37307665659359696,2.310292962109797,3.5523664275713944,4.807452023461723,35
Mouse-Dyad-10M,near,0.3797387397470541,2.310095844680869,3.7642068872651926,4.726869181194334,35
Mouse-Dyad-10M,near,0.38640082290051114,2.1702700023632078,3.7642068872651926,4.726869181194334,35
Mouse-Dyad-10M,near,0.39306290605396826,2.1702700023632078,3.7642068872651926,4.726804219742952,35
Mouse-Dyad-10M,near,0.39972498920742533,2.3102328194922754,3.7642068872651926,4.576591125283008,35
Mouse-Dyad-10M,near,0.4063870723608824,2.221810752291493,3.7642068872651926,4.533530004167162,35
Mouse-Dyad-10M,near,0.4130491555143395,2.266583573202174,3.7642068872651926,4.533530004167162,35
Mouse-Dyad-10M,near,0.4197112386677966,2.266583573202174,3.764277839632932,4.5334814374548635,35
Mouse-Dyad-10M,near,0.4263733218212537,2.266583573202174,3.7775409116759957,4.491011993206133,35
Mouse-Dyad-10M,near,0.43303540497471077,2.266583573202174,3.7775409116759957,4.491011993206133,35
Mouse-Dyad-10M,near,0.43969748812816783,2.266583573202174,3.777676650606515,4.566425317816309,35
Mouse-Dyad-10M,near,0.44635957128162496,2.266583573202174,4.034799091415959,4.566425317816309,35
Mouse-Dyad-10M,near,0.453021654435082,2.266818730836684,4.0349389436474015,4.566425317816309,35
Mouse-Dyad-10M,near,0.45968373758853914,2.4420428507587895,4.050564925281658,4.56646295594611,35
Mouse-Dyad-10M,near,0.4663458207419962,2.4810360768127246,4.050564925281658,4.609519167740679,35
Mouse-Dyad-10M,near,0.47300790389545333,2.362468087410112,3.5101065431492424,4.527926277441992,35
Mouse-Dyad-10M,near,0.4796699870489104,2.362468087410112,3.5101065431492424,4.527926277441992,35
Mouse-Dyad-10M,near,0.48633207020236746,2.362468087410112,3.5099319457228315,4.527926277441992,35
Mouse-Dyad-10M,near,0.4929941533558246,2.362468087410112,3.4764650090547806,4.527926277441992,35
Mouse-Dyad-10M,near,0.49965623650928165,2.362468087410112,3.602956855448823,4.588835902343394,35
Mouse-Dyad-10M,near,0.5063183196627388,2.362468087410112,3.602956855448823,4.588835902343394,35
Mouse-Dyad-10M,near,0.5129804028161958,2.362468087410112,3.602956855448823,4.588835902343394,35
Mouse-Dyad-10M,near,0.5196424859696529,2.362468087410112,3.603081860561002,4.588835902343394,35
Mouse-Dyad-10M,near,0.52630456912311,2.362468087410112,3.7262993118798406,4.588835902343394,35
Mouse-Dyad-10M,near,0.5329666522765671,2.362468087410112,3.7295672964364712,4.588835902343394,35
Mouse-Dyad-10M,near,0.5396287354300242,2.362468087410112,3.7296971094375806,4.588835902343394,35
Mouse-Dyad-10M,near,0.5462908185834813,2.362468087410112,3.8561777374241197,4.588835902343394,35
Mouse-Dyad-10M,near,0.5529529017369383,2.362468087410112,3.8561777374241197,4.588835902343394,35
Mouse-Dyad-10M,near,0.5596149848903954,2.362468087410112,3.824976560424807,4.588835902343394,35
Mouse-Dyad-10M,near,0.5662770680438526,2.362468087410112,3.636066207059325,4.588835902343394,35
Mouse-Dyad-10M,near,0.5729391511973096,2.36257277112568,3.636066207059325,4.588835902343394,35
Mouse-Dyad-10M,near,0.5796012343507667,2.4639755854369465,3.636066207059325,4.588835902343394,35
Mouse-Dyad-10M,near,0.5862633175042238,2.4639755854369465,3.636066207059325,4.588835902343394,35
Mouse-Dyad-10M,near,0.5929254006576808,2.4639755854369465,3.636066207059325,4.588835902343394,35
Mouse-Dyad-10M,near,0.599587483811138,2.4639755854369465,3.636066207059325,4.588835902343394,35
Mouse-Dyad-10M,near,0.6062495669645951,2.2043199103002644,3.636066207059325,4.588835902343394,35
Mouse-Dyad-10M,near,0.6129116501180522,2.2043199103002644,3.636066207059325,4.588835902343394,35
Mouse-Dyad-10M,near,0.6195737332715092,2.2043199103002644,3.636066207059325,4.588835902343394,35
Mouse-Dyad-10M,near,0.6262358164249664,2.2043199103002644,3.636066207059325,4.588835902343394,35
Mouse-Dyad-10M,near,0.6328978995784235,2.257633464729309,3.636066207059325,4.588464547472732,35
Mouse-Dyad-10M,near,0.6395599827318805,2.257633464729309,3.596410195248133,4.375148712544243,35
Mouse-Dyad-10M,near,0.6462220658853376,2.257633464729309,3.5972697805313403,4.375148712544243,35
Mouse-Dyad-10M,near,0.6528841490387947,2.257633464729309,3.5972697805313403,4.375148712544243,35
Mouse-Dyad-10M,near,0.6595462321922518,2.257633464729309,3.596410195248133,4.375148712544243,35
Mouse-Dyad-10M,near,0.6662083153457089,2.257633464729309,3.596410195248133,4.375148712544243,35
Mouse-Dyad-10M,near,0.672870398499166,2.3144987909388934,3.596410195248133,4.374935024911528,35
Mouse-Dyad-10M,near,0.679532481652623,2.3144987909388934,3.596590310543891,4.2163606062537315,35
Mouse-Dyad-10M,near,0.6861945648060801,2.3144987909388934,3.5972697805313403,4.2163606062537315,35
Mouse-Dyad-10M,near,0.6928566479595373,2.3144987909388934,3.5972697805313403,4.2163606062537315,35
Mouse-Dyad-10M,near,0.6995187311129943,2.3144987909388934,3.5972697805313403,4.2163606062537315,35
Mouse-Dyad-10M,near,0.7061808142664514,2.3144987909388934,3.5972697805313403,4.2163606062537315,35
Mouse-Dyad-10M,near,0.7128428974199085,2.3144987909388934,3.5972697805313403,4.2163606062537315,35
Mouse-Dyad-10M,near,0.7195049805733655,2.3144987909388934,3.5680680487824517,4.2163606062537315,35
Mouse-Dyad-10M,near,0.7261670637268227,2.3144987909388934,3.5972697805313403,4.2163606062537315,35
Mouse-Dyad-10M,near,0.7328291468802798,2.3144987909388934,3.3866361012908643,4.2163606062537315,35
Mouse-Dyad-10M,near,0.7394912300337368,2.3607832704086062,3.3866361012908643,4.2163606062537315,35
Mouse-Dyad-10M,near,0.7461533131871939,2.3607832704086062,3.3866361012908643,4.2163606062537315,35
Mouse-Dyad-10M,near,0.752815396340651,2.3607832704086062,3.3866361012908643,4.2163606062537315,35
Mouse-Dyad-10M,near,0.7594774794941082,2.3607832704086062,3.3865069103802874,4.2163606062537315,35
Mouse-Dyad-10M,near,0.7661395626475652,2.3607832704086062,3.197630554622854,4.1658590286109085,35
Mouse-Dyad-10M,near,0.7728016458010223,2.3608868990500786,3.197630554622854,4.1658590286109085,35
Mouse-Dyad-10M,near,0.7794637289544794,2.3949170933231336,3.197630554622854,4.165739602290907,35
Mouse-Dyad-10M,near,0.7861258121079365,2.3949170933231336,3.197630554622854,4.092565400171782,35
Mouse-Dyad-10M,near,0.7927878952613936,2.3949170933231336,3.197630554622854,4.092565400171782,35
Mouse-Dyad-10M,near,0.7994499784148507,2.3949170933231336,3.197630554622854,4.092565400171782,35
Mouse-Dyad-10M,near,0.8061120615683077,2.3950383809351363,3.1973124691819685,4.128246871855145,35
Mouse-Dyad-10M,near,0.8127741447217648,2.2043199103002644,2.8867385575309537,4.085219025027964,35
Mouse-Dyad-10M,near,0.819436227875222,2.2043199103002644,2.8867385575309537,4.085083596917456,35
Mouse-Dyad-10M,near,0.826098311028679,2.1911635298998418,2.8867385575309537,3.9349736979251597,35
Mouse-Dyad-10M,near,0.8327603941821361,2.1911635298998418,2.8867385575309537,3.935101290147384,35
Mouse-Dyad-10M,near,0.8394224773355932,2.028373772495299,2.8866626090398118,4.015710834932702,35
Mouse-Dyad-10M,near,0.8460845604890502,2.001692367987267,2.812448837942434,4.120906684179726,35
Mouse-Dyad-10M,near,0.8527466436425074,1.8247436913585329,2.812448837942434,4.076473705537811,35
Mouse-Dyad-10M,near,0.8594087267959645,1.8247436913585329,2.812551376214488,4.076473705537811,35
Mouse-Dyad-10M,near,0.8660708099494215,1.8247436913585329,2.8976721090256765,4.0765446179562765,35
Mouse-Dyad-10M,near,0.8727328931028786,1.8247436913585329,2.8976721090256765,4.117717329554074,35
Mouse-Dyad-10M,near,0.8793949762563357,1.8247436913585329,2.897652442209525,4.117717329554074,35
Mouse-Dyad-10M,near,0.8860570594097928,1.8247436913585329,2.881697801459783,4.117717329554074,35
Mouse-Dyad-10M,near,0.8927191425632499,1.8247436913585329,2.8815047410106294,4.117717329554074,35
Mouse-Dyad-10M,near,0.899381225716707,1.8247436913585329,2.7272255668591914,4.076335905937809,35
Mouse-Dyad-10M,near,0.906043308870164,1.8247436913585329,2.7272255668591914,3.995833701954866,35
Mouse-Dyad-10M,near,0.9127053920236211,1.8247436913585329,2.7591949021863837,3.995833701954866,35
Mouse-Dyad-10M,near,0.9193674751770783,1.757877609640477,2.727136435516543,3.995395947134238,35
Mouse-Dyad-10M,near,0.9260295583305354,1.757877609640477,2.7591949021863837,3.757759791117146,35
Mouse-Dyad-10M,near,0.9326916414839924,1.757877609640477,2.7591949021863837,3.757759791117146,35
Mouse-Dyad-10M,near,0.9393537246374495,1.757877609640477,2.7591949021863837,3.7293980916135507,35
Mouse-Dyad-10M,near,0.9460158077909067,1.757877609640477,2.7591949021863837,3.7293980916135507,35
Mouse-Dyad-10M,near,0.9526778909443637,1.757877609640477,2.7591949021863837,3.7293980916135507,35
Mouse-Dyad-10M,near,0.9593399740978208,1.757877609640477,2.7591949021863837,3.7293980916135507,35
Mouse-Dyad-10M,near,0.9660020572512779,1.757877609640477,2.7591949021863837,3.7293980916135507,35
Mouse-Dyad-10M,near,0.9726641404047349,1.757877609640477,2.7591949021863837,3.7293980916135507,35
Mouse-Dyad-10M,near,0.9793262235581921,1.757877609640477,2.7591949021863837,3.729511413942248,35
Mouse-Dyad-10M,near,0.9859883067116492,1.757877609640477,2.7591949021863837,3.745074732526666,35
Mouse-Dyad-10M,near,0.9926503898651062,1.757877609640477,2.749904273475197,3.745074732526666,35
Mouse-Dyad-10M,near,0.9993124730185633,1.757877609640477,2.749904273475197,3.7141901207355756,35
Mouse-Dyad-10M,near,1.0059745561720204,1.757877609640477,2.749904273475197,3.661565274528148,35
Mouse-Dyad-10M,near,1.0126366393254775,1.757877609640477,2.749904273475197,3.626487204391897,35
Mouse-Dyad-10M,near,1.0192987224789345,1.757877609640477,2.749904273475197,3.6265131944370737,35
Mouse-Dyad-10M,near,1.0259608056323917,1.757877609640477,2.749904273475197,3.6496671743807645,35
Mouse-Dyad-10M,near,1.0326228887858488,1.5871160511450002,2.739318786322647,3.649642704216799,35
Mouse-Dyad-10M,near,1.0392849719393058,1.5871160511450002,2.739448754717244,3.627688634108946,35
Mouse-Dyad-10M,near,1.045947055092763,1.5871160511450002,2.749904273475197,3.5728276920807254,35
Mouse-Dyad-10M,near,1.05260913824622,1.5871160511450002,2.7072596238178446,3.6398375671186534,35
Mouse-Dyad-10M,near,1.059271221399677,1.5871160511450002,2.7071271560310426,3.639999864425323,35
Mouse-Dyad-10M,near,1.0659333045531343,1.5871160511450002,2.668179752167511,3.7204775707015982,35
Mouse-Dyad-10M,near,1.0725953877065912,1.5871160511450002,2.668289788998988,3.7204775707015982,35
Mouse-Dyad-10M,near,1.0792574708600484,1.483877790819681,2.7001039474933077,3.7204775707015982,35
Mouse-Dyad-10M,near,1.0859195540135054,1.483877790819681,2.5669810501711483,3.5715574874745153,35
Mouse-Dyad-10M,near,1.0925816371669625,1.4231119835321666,2.365136800440016,3.5715574874745153,35
Mouse-Dyad-10M,near,1.0992437203204197,1.4231119835321666,2.4502297127897954,3.5715574874745153,35
Mouse-Dyad-10M,near,1.1059058034738767,1.4231119835321666,2.4502297127897954,3.5715574874745153,35
Mouse-Dyad-10M,near,1.1125678866273339,1.4231119835321666,2.4502297127897954,3.5715574874745153,35
Mouse-Dyad-10M,near,1.1192299697807908,1.4231119835321666,2.450096174575027,3.5715574874745153,35
Mouse-Dyad-10M,near,1.125892052934248,1.4231119835321666,2.365115595307331,3.5715574874745153,35
Mouse-Dyad-10M,near,1.1325541360877052,1.4231119835321666,2.434255405223902,3.571114021240173,35
Mouse-Dyad-10M,near,1.1392162192411621,1.4231119835321666,2.434255405223902,3.406574342622565,35
Mouse-Dyad-10M,near,1.1458783023946193,1.4231119835321666,2.434255405223902,3.406574342622565,35
Mouse-Dyad-10M,near,1.1525403855480763,1.4231119835321666,2.434255405223902,3.406063822335939,35
Mouse-Dyad-10M,near,1.1592024687015334,1.4407422193016732,2.434255405223902,3.2129202231974965,35
Mouse-Dyad-10M,near,1.1658645518549906,1.4407422193016732,2.4343684341004495,3.210528151445787,35
Mouse-Dyad-10M,near,1.1725266350084476,1.4407422193016732,2.5035043687412513,3.2088930957828485,35
Mouse-Dyad-10M,near,1.1791887181619047,1.4407422193016732,2.5035043687412513,3.209066948743961,35
Mouse-Dyad-10M,near,1.1858508013153617,1.4406689221288147,2.5035043687412513,3.3375140250480158,35
Mouse-Dyad-10M,near,1.1925128844688189,1.4231119835321666,2.503362086952897,3.3375140250480158,35
Mouse-Dyad-10M,near,1.199174967622276,1.4062119632455192,2.4182810976580087,3.3375140250480158,35
Mouse-Dyad-10M,near,1.205837050775733,1.4062119632455192,2.4181641935056963,3.337450151864429,35
Mouse-Dyad-10M,near,1.2124991339291902,1.4062119632455192,2.3490321341406597,3.24643946093168,35
Mouse-Dyad-10M,near,1.2191612170826474,1.4062119632455192,2.3490321341406597,3.128936271117875,35
Mouse-Dyad-10M,near,1.2258233002361043,1.4062119632455192,2.344000528839735,3.114099734099039,35
Mouse-Dyad-10M,near,1.2324853833895615,1.3920739813231742,2.343780801631621,3.114099734099039,35
Mouse-Dyad-10M,near,1.2391474665430184,1.3920739813231742,2.1954340555762384,3.1322394721671913,35
Mouse-Dyad-10M,near,1.2458095496964756,1.3587158337438894,2.1954340555762384,3.1322394721671913,35
Mouse-Dyad-10M,near,1.2524716328499328,1.365652609638611,2.1954340555762384,3.121020810569637,35
Mouse-Dyad-10M,near,1.2591337160033897,1.3835958449701384,2.1954340555762384,3.1029449434621803,35
Mouse-Dyad-10M,near,1.265795799156847,1.3835958449701384,2.1954340555762384,3.1029449434621803,35
Mouse-Dyad-10M,near,1.2724578823103039,1.3051072768784344,2.174849168215795,2.933531609908248,35
Mouse-Dyad-10M,near,1.279119965463761,1.3051072768784344,2.1412852435886123,3.0984790254210237,35
Mouse-Dyad-10M,near,1.2857820486172182,1.3051072768784344,2.1412852435886123,3.0984790254210237,35
Mouse-Dyad-10M,near,1.2924441317706752,1.3051072768784344,2.0468675823127414,3.0984790254210237,35
Mouse-Dyad-10M,near,1.2991062149241324,1.3051330892274784,2.0468675823127414,3.0984790254210237,35
Mouse-Dyad-10M,near,1.3057682980775893,1.3183794307982355,2.0468675823127414,3.0657221768536322,35
Mouse-Dyad-10M,near,1.3124303812310465,1.3315784446673504,2.0468675823127414,3.0135591771639367,35
Mouse-Dyad-10M,near,1.3190924643845037,1.3208051617872645,2.0468675823127414,3.0135591771639367,35
Mouse-Dyad-10M,near,1.3257545475379606,1.320778819954138,2.0468675823127414,3.0135591771639367,35
Mouse-Dyad-10M,near,1.3324166306914178,1.2792599031541767,2.009083383962611,3.0135591771639367,35
Mouse-Dyad-10M,near,1.3390787138448748,1.1614654009549241,2.009083383962611,3.013311260773894,35
Mouse-Dyad-10M,near,1.345740796998332,1.1614654009549241,2.009083383962611,2.807848599616889,35
Mouse-Dyad-10M,near,1.352402880151789,1.1614654009549241,1.9015897379047784,2.807848599616889,35
Mouse-Dyad-10M,near,1.359064963305246,1.1614654009549241,1.9015897379047784,2.807848599616889,35
Mouse-Dyad-10M,near,1.3657270464587032,1.1614654009549241,1.9015897379047784,2.807848599616889,35
Mouse-Dyad-10M,near,1.3723891296121602,1.1415267203561246,1.9015897379047784,2.9095520906758665,35
Mouse-Dyad-10M,near,1.3790512127656174,1.141589106616705,1.9015897379047784,2.9095520906758665,35
Mouse-Dyad-10M,near,1.3857132959190746,1.1614654009549241,1.901755070932589,2.9095520906758665,35
Mouse-Dyad-10M,near,1.3923753790725315,1.1614654009549241,1.9868130089880207,2.815882494521822,35
Mouse-Dyad-10M,near,1.3990374622259887,1.1614654009549241,1.9868130089880207,2.815882494521822,35
Mouse-Dyad-10M,near,1.4056995453794456,1.141463128563938,1.9868130089880207,2.815882494521822,35
Mouse-Dyad-10M,near,1.4123616285329028,1.0962881824372888,1.9868130089880207,2.815882494521822,35
Mouse-Dyad-10M,near,1.41902371168636,1.0962881824372888,1.9866437016085798,2.815882494521822,35
Mouse-Dyad-10M,near,1.425685794839817,1.0962881824372888,1.9014196356550148,2.815882494521822,35
Mouse-Dyad-10M,near,1.4323478779932741,1.0962881824372888,1.8163664668215358,2.815882494521822,35
Mouse-Dyad-10M,near,1.439009961146731,1.0962881824372888,1.8165059767491567,2.816609002858897,35
Mouse-Dyad-10M,near,1.4456720443001883,1.0962926552085825,1.885615430338885,2.9095520906758665,35
Mouse-Dyad-10M,near,1.4523341274536454,1.0993820869720454,1.9703983536479535,2.9095520906758665,35
Mouse-Dyad-10M,near,1.4589962106071024,1.0993820869720454,1.9550384704576278,2.9095520906758665,35
Mouse-Dyad-10M,near,1.4656582937605596,1.0992540131022888,1.9703983536479535,2.909474454762112,35
Mouse-Dyad-10M,near,1.4723203769140165,1.0119989156691303,1.9703983536479535,2.8036120989600124,35
Mouse-Dyad-10M,near,1.4789824600674737,1.0119365844955688,1.9703983536479535,2.8036120989600124,35
Mouse-Dyad-10M,near,1.4856445432209309,0.969854282285051,1.9703983536479535,2.8036120989600124,35
Mouse-Dyad-10M,near,1.4923066263743878,0.969854282285051,1.954864393856234,2.8036120989600124,35
Mouse-Dyad-10M,near,1.498968709527845,0.9697911087983333,1.9546855480328844,2.8036120989600124,35
Mouse-Dyad-10M,near,1.505630792681302,0.9658662233796449,1.9254586638123015,2.8036120989600124,35
Mouse-Dyad-10M,near,1.5122928758347591,0.9658662233796449,1.9254586638123015,2.8036120989600124,35
Mouse-Dyad-10M,near,1.5189549589882163,0.9658662233796449,1.8696411227729914,2.8036120989600124,35
Mouse-Dyad-10M,near,1.5256170421416733,0.9658662233796449,1.8696411227729914,2.8036120989600124,35
Mouse-Dyad-10M,near,1.5322791252951304,0.9658662233796449,1.8696411227729914,2.8036120989600124,35
Mouse-Dyad-10M,near,1.5389412084485876,0.9658662233796449,1.8696411227729914,2.767787192284162,35
Mouse-Dyad-10M,near,1.5456032916020446,0.9658662233796449,1.8696411227729914,2.6873829791278894,35
Mouse-Dyad-10M,near,1.5522653747555017,0.9658662233796449,1.8696411227729914,2.6685959557946015,35
Mouse-Dyad-10M,near,1.5589274579089587,0.9658662233796449,1.8696411227729914,2.6685959557946015,35
Mouse-Dyad-10M,near,1.5655895410624159,0.9658662233796449,1.8696411227729914,2.6685959557946015,35
Mouse-Dyad-10M,near,1.572251624215873,0.9658662233796449,1.6770309761440492,2.6683550616790406,35
Mouse-Dyad-10M,near,1.57891370736933,0.9658662233796449,1.6770309761440492,2.360907395429226,35
Mouse-Dyad-10M,near,1.5855757905227872,0.9658662233796449,1.6770309761440492,2.360907395429226,35
Mouse-Dyad-10M,near,1.5922378736762441,0.9658662233796449,1.6770309761440492,2.360907395429226,35
Mouse-Dyad-10M,near,1.5988999568297013,0.9658662233796449,1.6770309761440492,2.360907395429226,35
Mouse-Dyad-10M,near,1.6055620399831585,0.9658662233796449,1.6770309761440492,2.3606972533028445,35
Mouse-Dyad-10M,near,1.6122241231366155,0.9658662233796449,1.6770309761440492,2.3606972533028445,35
Mouse-Dyad-10M,near,1.6188862062900726,0.8277672481053213,1.6770309761440492,2.36044921402284,35
Mouse-Dyad-10M,near,1.6255482894435296,0.8698436541237445,1.6770309761440492,2.321305227917084,35
Mouse-Dyad-10M,near,1.6322103725969868,0.8699174929345779,1.677897101646003,2.3371493687076637,35
Mouse-Dyad-10M,near,1.638872455750444,0.9150821920425803,1.6816376293990654,2.3176341104735396,35
Mouse-Dyad-10M,near,1.645534538903901,0.9150821920425803,1.6816376293990654,2.3017730017612568,35
Mouse-Dyad-10M,near,1.652196622057358,0.9151518232634965,1.6816376293990654,2.317718175878954,35
Mouse-Dyad-10M,near,1.658858705210815,0.9573018697690975,1.6811255234339293,2.317614451102496,35
Mouse-Dyad-10M,near,1.6655207883642722,1.1024759915068019,1.6681888884028573,2.3509929639611924,35
Mouse-Dyad-10M,near,1.6721828715177294,1.1024759915068019,1.6681888884028573,2.3509929639611924,35
Mouse-Dyad-10M,near,1.6788449546711863,1.1024759915068019,1.6681888884028573,2.3509929639611924,35
Mouse-Dyad-10M,near,1.6855070378246435,1.1024759915068019,1.6681888884028573,2.3509929639611924,35
Mouse-Dyad-10M,near,1.6921691209781005,1.1025473073540293,1.6681888884028573,2.3509929639611924,35
Mouse-Dyad-10M,near,1.6988312041315576,1.144620624890881,1.702996293529715,2.3509929639611924,35
Mouse-Dyad-10M,near,1.7054932872850148,1.144620624890881,1.702996293529715,2.293350877955379,35
Mouse-Dyad-10M,near,1.7121553704384718,1.144620624890881,1.702996293529715,2.2932666483636908,35
Mouse-Dyad-10M,near,1.718817453591929,1.144620624890881,1.702996293529715,2.278618996520754,35
Mouse-Dyad-10M,near,1.725479536745386,1.144620624890881,1.702996293529715,2.214701639392484,35
Mouse-Dyad-10M,near,1.732141619898843,1.115377041385217,1.702834165155129,2.245007213158197,35
Mouse-Dyad-10M,near,1.7388037030523003,1.193894830829692,1.6681888884028573,2.245007213158197,35
Mouse-Dyad-10M,near,1.7454657862057572,1.1486613918324668,1.6681888884028573,2.245007213158197,35
Mouse-Dyad-10M,near,1.7521278693592144,1.1132449373740712,1.6309963295184677,2.245007213158197,35
Mouse-Dyad-10M,near,1.7587899525126713,1.1132449373740712,1.6309963295184677,2.245007213158197,35
Mouse-Dyad-10M,near,1.7654520356661285,1.11335405956962,1.6309963295184677,2.2448646405778296,35
Mouse-Dyad-10M,near,1.7721141188195857,1.1573947776512836,1.6309963295184677,2.225288661883657,35
Mouse-Dyad-10M,near,1.7787762019730426,1.1928847941253233,1.6309963295184677,2.233130042034261,35
Mouse-Dyad-10M,near,1.7854382851264998,1.1926588652433232,1.645919924655051,2.225288661883657,35
Mouse-Dyad-10M,near,1.7921003682799568,1.1025803433106676,1.645919924655051,2.225288661883657,35
Mouse-Dyad-10M,near,1.798762451433414,1.0282849995604744,1.645919924655051,2.225288661883657,35
Mouse-Dyad-10M,near,1.8054245345868711,0.8569204178843559,1.739820712090745,2.225288661883657,35
Mouse-Dyad-10M,near,1.812086617740328,0.766763353005887,1.739627242303442,2.2332803934801793,35
Mouse-Dyad-10M,near,1.8187487008937853,0.766763353005887,1.6912905747620828,2.2332803934801793,35
Mouse-Dyad-10M,near,1.8254107840472422,0.766763353005887,1.6912905747620828,2.2332803934801793,35
Mouse-Dyad-10M,near,1.8320728672006994,0.8087760806790107,1.7311431957382934,2.2332803934801793,35
Mouse-Dyad-10M,near,1.8387349503541566,0.8087760806790107,1.7311431957382934,2.191834289400926,35
Mouse-Dyad-10M,near,1.8453970335076135,0.8368449809723204,1.7311431957382934,2.1504179303502244,35
Mouse-Dyad-10M,near,1.8520591166610707,0.8269165330958528,1.7311431957382934,2.1822120465233605,35
Mouse-Dyad-10M,near,1.8587211998145277,0.8269165330958528,1.7311431957382934,2.225288661883657,35
Mouse-Dyad-10M,near,1.8653832829679848,0.8269165330958528,1.7311431957382934,2.203832097104038,35
Mouse-Dyad-10M,near,1.872045366121442,0.8269165330958528,1.7311431957382934,2.203832097104038,35
Mouse-Dyad-10M,near,1.878707449274899,0.8269165330958528,1.7309190423063623,2.2039166200411047,35
Mouse-Dyad-10M,near,1.8853695324283561,0.8269165330958528,1.6912905747620828,2.177709727166438,35
Mouse-Dyad-10M,near,1.8920316155818133,0.8269165330958528,1.6910885695429854,2.177709727166438,35
Mouse-Dyad-10M,near,1.8986936987352703,0.8269165330958528,1.645919924655051,2.177709727166438,35
Mouse-Dyad-10M,near,1.9053557818887275,0.8269165330958528,1.645919924655051,2.178057861383328,35
Mouse-Dyad-10M,near,1.9120178650421844,0.9066553641881228,1.645919924655051,2.217869102923765,35
Mouse-Dyad-10M,near,1.9186799481956416,0.9066553641881228,1.645919924655051,2.157701752162157,35
Mouse-Dyad-10M,near,1.9253420313490988,0.9066553641881228,1.645919924655051,2.0773557210592166,35
Mouse-Dyad-10M,near,1.9320041145025557,0.9066553641881228,1.645919924655051,2.0773557210592166,35
Mouse-Dyad-10M,near,1.938666197656013,0.9066553641881228,1.645919924655051,2.0773557210592166,35
Mouse-Dyad-10M,near,1.9453282808094698,0.9066553641881228,1.645919924655051,2.0715779342366734,35
Mouse-Dyad-10M,near,1.951990363962927,0.9066553641881228,1.645919924655051,2.0716040660046238,35
Mouse-Dyad-10M,near,1.9586524471163842,0.9066553641881228,1.645919924655051,2.072820213818502,35
Mouse-Dyad-10M,near,1.9653145302698412,0.9066553641881228,1.645919924655051,2.0366702609263507,35
Mouse-Dyad-10M,near,1.9719766134232983,0.9066553641881228,1.645919924655051,2.0273550426028963,35
Mouse-Dyad-10M,near,1.9786386965767553,0.9066553641881228,1.645919924655051,2.0090476255691456,35
Mouse-Dyad-10M,near,1.9853007797302125,0.9066553641881228,1.4105063589856672,2.008945790240636,35
Mouse-Dyad-10M,near,1.9919628628836696,0.9066553641881228,1.4569564280687892,1.998772563744322,35
Mouse-Dyad-10M,near,1.9986249460371266,0.9066553641881228,1.4569564280687892,1.9982817869443856,35
Mouse-Dyad-10M,near,2.0052870291905838,0.9066553641881228,1.4947956257538257,1.9199056185511707,35
Mouse-Dyad-10M,near,2.0119491123440407,0.8909067005525813,1.4947956257538257,1.9199056185511707,35
Mouse-Dyad-10M,near,2.0186111954974977,0.8909067005525813,1.4949782637920443,1.9199056185511707,35
Mouse-Dyad-10M,near,2.025273278650955,0.9264047757867009,1.585101992791831,1.9199056185511707,35
Mouse-Dyad-10M,near,2.031935361804412,0.9649502169051148,1.5624680006183909,1.9199056185511707,35
Mouse-Dyad-10M,near,2.038597444957869,0.9070749230096229,1.5624680006183909,1.9197238982114897,35
Mouse-Dyad-10M,near,2.0452595281113264,0.9280073423285053,1.5624680006183909,1.8965747902407235,35
Mouse-Dyad-10M,near,2.0519216112647833,0.9678527739994087,1.5624680006183909,1.8965747902407235,35
Mouse-Dyad-10M,near,2.0585836944182403,1.0670092548361638,1.5647146737005055,1.8965747902407235,35
Mouse-Dyad-10M,near,2.0652457775716977,1.0670092548361638,1.5624680006183909,1.896297851629891,35
Mouse-Dyad-10M,near,2.0719078607251546,1.0670092548361638,1.5624680006183909,1.8706884089451181,35
Mouse-Dyad-10M,near,2.0785699438786116,1.0670092548361638,1.5624680006183909,1.8706884089451181,35
Mouse-Dyad-10M,near,2.085232027032069,1.0670092548361638,1.5647146737005055,1.8706884089451181,35
Mouse-Dyad-10M,near,2.091894110185526,1.0670092548361638,1.5647146737005055,1.8703678972828888,35
Mouse-Dyad-10M,near,2.098556193338983,1.0670092548361638,1.6299456170891578,1.8337745209901533,35
Mouse-Dyad-10M,near,2.10521827649244,1.0670092548361638,1.6297415192320819,1.8337745209901533,35
Mouse-Dyad-10M,near,2.1118803596458973,1.0670092548361638,1.5767575526597923,1.8681847556510338,35
Mouse-Dyad-10M,near,2.118542442799354,1.0670092548361638,1.5647146737005055,1.8335857459387,35
Mouse-Dyad-10M,near,2.125204525952811,1.0670092548361638,1.5754045918297126,1.8182617633091376,35
Mouse-Dyad-10M,near,2.1318666091062686,1.0670092548361638,1.5776178401545278,1.808654935887892,35
Mouse-Dyad-10M,near,2.1385286922597255,1.0670092548361638,1.6102065991247239,1.853504149315623,35
Mouse-Dyad-10M,near,2.1451907754131825,1.0670092548361638,1.5800318631284274,1.9070026567462084,35
Mouse-Dyad-10M,near,2.15185285856664,1.0670092548361638,1.5800318631284274,1.9070026567462084,35
Mouse-Dyad-10M,near,2.158514941720097,1.0670092548361638,1.5800318631284274,1.9150540063060846,35
Mouse-Dyad-10M,near,2.165177024873554,1.0667352739158287,1.4947956257538257,1.9150540063060846,35
Mouse-Dyad-10M,near,2.1718391080270107,0.9766237320210442,1.4947956257538257,1.896443065250736,35
Mouse-Dyad-10M,near,2.178501191180468,0.9767583846925361,1.4947956257538257,1.8590518455814147,35
Mouse-Dyad-10M,near,2.185163274333925,0.9721769514736442,1.4947956257538257,1.8590518455814147,35
Mouse-Dyad-10M,near,2.191825357487382,0.985115792430381,1.4947956257538257,1.8590518455814147,35
Mouse-Dyad-10M,near,2.1984874406408395,0.985115792430381,1.4947956257538257,1.8590518455814147,35
Mouse-Dyad-10M,near,2.2051495237942964,0.985115792430381,1.4947956257538257,1.8590518455814147,35
Mouse-Dyad-10M,near,2.2118116069477534,0.985115792430381,1.4869964014959736,1.8593907305236408,35
Mouse-Dyad-10M,near,2.2184736901012108,0.9862358261167251,1.4869964014959736,1.9070026567462084,35
Mouse-Dyad-10M,near,2.2251357732546677,1.0207735722982567,1.4947956257538257,1.9070026567462084,35
Mouse-Dyad-10M,near,2.2317978564081247,1.0204911611957566,1.4869964014959736,1.9061861821876958,35
Mouse-Dyad-10M,near,2.2384599395615816,1.0133106686304476,1.4869964014959736,1.793870615143311,35
Mouse-Dyad-10M,near,2.245122022715039,1.0207735722982567,1.4869964014959736,1.79373667949338,35
Mouse-Dyad-10M,near,2.251784105868496,1.0207735722982567,1.4873895394506982,1.7929091885174957,35
Mouse-Dyad-10M,near,2.258446189021953,1.020633978244328,1.4947956257538257,1.7929091885174957,35
Mouse-Dyad-10M,near,2.2651082721754103,1.0133106686304476,1.4947956257538257,1.7929091885174957,35
Mouse-Dyad-10M,near,2.2717703553288673,1.0133106686304476,1.4947956257538257,1.7929091885174957,35
Mouse-Dyad-10M,near,2.2784324384823242,1.0133106686304476,1.475121699624773,1.6771373535601861,35
Mouse-Dyad-10M,near,2.2850945216357816,1.0133106686304476,1.475121699624773,1.6735097110047685,35
Mouse-Dyad-10M,near,2.2917566047892386,1.0133106686304476,1.475121699624773,1.6541126571005864,35
Mouse-Dyad-10M,near,2.2984186879426955,1.0133106686304476,1.475121699624773,1.6541126571005864,35
Mouse-Dyad-10M,near,2.3050807710961525,1.0133106686304476,1.475121699624773,1.6541126571005864,35
Mouse-Dyad-10M,near,2.31174285424961,1.0207735722982567,1.4441084641778958,1.6538073876580266,35
Mouse-Dyad-10M,near,2.318404937403067,1.0207735722982567,1.4243794496591025,1.6413407799982975,35
Mouse-Dyad-10M,near,2.325067020556524,1.0207735722982567,1.4243794496591025,1.681240662844093,35
Mouse-Dyad-10M,near,2.331729103709981,1.0207735722982567,1.3978664136861272,1.681240662844093,35
Mouse-Dyad-10M,near,2.338391186863438,1.0809344994225696,1.387864223675124,1.6813606098249887,35
Mouse-Dyad-10M,near,2.345053270016895,1.0809344994225696,1.387864223675124,1.6970033243770182,35
Mouse-Dyad-10M,near,2.3517153531703525,1.0211218860923696,1.3657912827811165,1.663768444756108,35
Mouse-Dyad-10M,near,2.3583774363238095,1.0219358090044355,1.387864223675124,1.6208671493218791,35
Mouse-Dyad-10M,near,2.3650395194772664,1.0610311412132467,1.3874822367616835,1.6250212879839152,35
Mouse-Dyad-10M,near,2.3717016026307234,1.0610311412132467,1.3963387373505438,1.6248270970533518,35
Mouse-Dyad-10M,near,2.378363685784181,1.0610311412132467,1.3963387373505438,1.588706795520554,35
Mouse-Dyad-10M,near,2.3850257689376377,1.0610311412132467,1.3962615016289268,1.588706795520554,35
Mouse-Dyad-10M,near,2.3916878520910947,1.0610311412132467,1.4243794496591025,1.610123321215656,35
Mouse-Dyad-10M,near,2.398349935244552,1.0610311412132467,1.4243794496591025,1.7283150921042347,35
Mouse-Dyad-10M,near,2.405012018398009,1.0610311412132467,1.4097139347706125,1.77192263314906,35
Mouse-Dyad-10M,near,2.411674101551466,1.0605286052126215,1.4097139347706125,1.7788346801113564,35
Mouse-Dyad-10M,near,2.4183361847049234,1.1069185099570409,1.4097139347706125,1.7901131080295545,35
Mouse-Dyad-10M,near,2.4249982678583804,1.1066116513262623,1.4097139347706125,1.7901131080295545,35
Mouse-Dyad-10M,near,2.4316603510118373,1.0165329871419213,1.4097139347706125,1.7901131080295545,35
Mouse-Dyad-10M,near,2.4383224341652947,1.0165329871419213,1.4097139347706125,1.7901131080295545,35
Mouse-Dyad-10M,near,2.4449845173187517,1.0163818631956314,1.4093135523463522,1.7901131080295545,35
Mouse-Dyad-10M,near,2.4516466004722086,0.9723831468647088,1.353160603387972,1.7901131080295545,35
Mouse-Dyad-10M,near,2.4583086836256656,0.9723831468647088,1.3530809945017244,1.8067519625073019,35
Mouse-Dyad-10M,near,2.464970766779123,0.9723831468647088,1.3526967541486257,1.8067519625073019,35
Mouse-Dyad-10M,near,2.47163284993258,0.9723831468647088,1.358063954806159,1.8067519625073019,35
Mouse-Dyad-10M,near,2.478294933086037,0.9723831468647088,1.3579836986931941,1.9284216231241138,35
Mouse-Dyad-10M,near,2.4849570162394943,0.9723831468647088,1.3526967541486257,1.9284216231241138,35
Mouse-Dyad-10M,near,2.4916190993929512,0.97253715328409,1.3846370608030756,1.9284216231241138,35
Mouse-Dyad-10M,near,2.498281182546408,1.0165329871419213,1.4060461619213647,1.9284216231241138,35
Mouse-Dyad-10M,near,2.5049432656998656,1.0165329871419213,1.379653021787445,1.9284216231241138,35
Mouse-Dyad-10M,near,2.5116053488533225,0.9980214765075681,1.3526967541486257,1.9285072432670132,35
Mouse-Dyad-10M,near,2.5182674320067795,0.9982459545742325,1.3526967541486257,1.9310472794374989,35
Mouse-Dyad-10M,near,2.5249295151602364,1.0165329871419213,1.3526967541486257,1.9310472794374989,35
Mouse-Dyad-10M,near,2.531591598313694,0.9461531975885615,1.3526967541486257,1.9310472794374989,35
Mouse-Dyad-10M,near,2.538253681467151,0.9459963086960923,1.3526967541486257,1.9391415605073266,35
Mouse-Dyad-10M,near,2.5449157646206078,1.0690631716525054,1.3526967541486257,1.9310472794374989,35
Mouse-Dyad-10M,near,2.551577847774065,1.0520000090192887,1.331571536406686,1.9310472794374989,35
Mouse-Dyad-10M,near,2.558239930927522,1.0517905446447449,1.331673197350612,1.9310472794374989,35
Mouse-Dyad-10M,near,2.564902014080979,1.00890615909492,1.3526967541486257,1.9310472794374989,35
Mouse-Dyad-10M,near,2.5715640972344365,1.00890615909492,1.358063954806159,1.9310472794374989,35
Mouse-Dyad-10M,near,2.5782261803878934,1.0088088302449583,1.3579804625596061,1.9275885860039406,35
Mouse-Dyad-10M,near,2.5848882635413504,0.899152042429793,1.3522454596917304,1.9275885860039406,35
Mouse-Dyad-10M,near,2.5915503466948073,0.899152042429793,1.3118416928217864,1.9275885860039406,35
Mouse-Dyad-10M,near,2.5982124298482647,0.899152042429793,1.3118416928217864,1.9275885860039406,35
Mouse-Dyad-10M,near,2.6048745130017217,0.899152042429793,1.3630516614398562,1.8953191522584554,35
Mouse-Dyad-10M,near,2.6115365961551786,0.899152042429793,1.3561651134043107,1.8953191522584554,35
Mouse-Dyad-10M,near,2.618198679308636,0.8593077614629108,1.3561651134043107,1.8953191522584554,35
Mouse-Dyad-10M,near,2.624860762462093,0.8432830290754161,1.3561651134043107,1.8952296712603056,35
Mouse-Dyad-10M,near,2.63152284561555,0.8429342764194165,1.3561651134043107,1.8613190528493646,35
Mouse-Dyad-10M,near,2.6381849287690073,0.7924616246491618,1.3118416928217864,1.8540841629751417,35
Mouse-Dyad-10M,near,2.6448470119224643,0.7924616246491618,1.3561651134043107,1.8089649726852444,35
Mouse-Dyad-10M,near,2.6515090950759213,0.7924616246491618,1.3556599184218696,1.895184877072492,35
Mouse-Dyad-10M,near,2.658171178229378,0.7924616246491618,1.2286706520187656,1.7583239297360418,35
Mouse-Dyad-10M,near,2.6648332613828356,0.7924616246491618,1.281885639275029,1.7582330860830975,35
Mouse-Dyad-10M,near,2.6714953445362926,0.7924616246491618,1.281885639275029,1.7484419122596355,35
Mouse-Dyad-10M,near,2.6781574276897495,0.7924616246491618,1.281885639275029,1.7484419122596355,35
Mouse-Dyad-10M,near,2.684819510843207,0.7921218883079457,1.281885639275029,1.748131239480964,35
Mouse-Dyad-10M,near,2.691481593996664,0.6817810177831112,1.281885639275029,1.7177444322634399,35
Mouse-Dyad-10M,near,2.698143677150121,0.6817810177831112,1.281885639275029,1.7178664923384894,35
Mouse-Dyad-10M,near,2.704805760303578,0.6817810177831112,1.281885639275029,1.722217126871667,35
Mouse-Dyad-10M,near,2.711467843457035,0.6817810177831112,1.281885639275029,1.722217126871667,35
Mouse-Dyad-10M,near,2.718129926610492,0.6817810177831112,1.305351147415087,1.722217126871667,35
Mouse-Dyad-10M,near,2.7247920097639495,0.6817810177831112,1.3118416928217864,1.722217126871667,35
Mouse-Dyad-10M,near,2.7314540929174065,0.6817810177831112,1.3118416928217864,1.722217126871667,35
Mouse-Dyad-10M,near,2.7381161760708634,0.6726500323112061,1.3118416928217864,1.722217126871667,35
Mouse-Dyad-10M,near,2.7447782592243204,0.6726500323112061,1.3118416928217864,1.722217126871667,35
Mouse-Dyad-10M,near,2.751440342377778,0.6158499821974602,1.3118416928217864,1.7221233308000015,35
Mouse-Dyad-10M,near,2.7581024255312347,0.6158499821974602,1.3118416928217864,1.6881273193552937,35
Mouse-Dyad-10M,near,2.7647645086846917,0.6158499821974602,1.3118416928217864,1.6879873087970652,35
Mouse-Dyad-10M,near,2.771426591838149,0.6392424347987548,1.3561651134043107,1.6517237071452677,35
Mouse-Dyad-10M,near,2.778088674991606,0.6392424347987548,1.3561651134043107,1.6374862764060911,35
Mouse-Dyad-10M,near,2.784750758145063,0.6392424347987548,1.3118416928217864,1.6379161163527378,35
Mouse-Dyad-10M,near,2.7914128412985204,0.6392424347987548,1.3561651134043107,1.7332423391212757,35
Mouse-Dyad-10M,near,2.7980749244519774,0.6392424347987548,1.3561651134043107,1.7330988128193483,35
Mouse-Dyad-10M,near,2.8047370076054343,0.6392424347987548,1.3561651134043107,1.7188316171893017,35
Mouse-Dyad-10M,near,2.8113990907588913,0.6392424347987548,1.3561651134043107,1.7367526936940416,35
Mouse-Dyad-10M,near,2.8180611739123487,0.6392424347987548,1.3561651134043107,1.7365764865436732,35
Mouse-Dyad-10M,near,2.8247232570658056,0.6392424347987548,1.3556617132671018,1.7188316171893017,35
Mouse-Dyad-10M,near,2.8313853402192626,0.6392424347987548,1.281885639275029,1.5889437901358177,35
Mouse-Dyad-10M,near,2.83804742337272,0.6392424347987548,1.3742758038394303,1.5889437901358177,35
Mouse-Dyad-10M,near,2.844709506526177,0.6392424347987548,1.3742758038394303,1.5889437901358177,35
Mouse-Dyad-10M,near,2.851371589679634,0.6392424347987548,1.3742758038394303,1.5920085843651877,35
Mouse-Dyad-10M,near,2.8580336728330913,0.6392424347987548,1.3742758038394303,1.7097557533238417,35
Mouse-Dyad-10M,near,2.8646957559865482,0.6392424347987548,1.3742758038394303,1.7009394779200844,35
Mouse-Dyad-10M,near,2.871357839140005,0.6396057756500335,1.3742758038394303,1.7564797014620586,35
Mouse-Dyad-10M,near,2.878019922293462,0.6920192972121331,1.3742758038394303,1.756237115273064,35
Mouse-Dyad-10M,near,2.8846820054469196,0.742848192783172,1.408496080262677,1.8269213132729654,35
Mouse-Dyad-10M,near,2.8913440886003765,0.742848192783172,1.408496080262677,1.8269213132729654,35
Mouse-Dyad-10M,near,2.8980061717538335,0.742848192783172,1.408496080262677,1.8269213132729654,35
Mouse-Dyad-10M,near,2.904668254907291,0.6726500323112061,1.408496080262677,1.8269213132729654,35
Mouse-Dyad-10M,near,2.911330338060748,0.6726500323112061,1.4380625806534106,1.8269213132729654,35
Mouse-Dyad-10M,near,2.9179924212142048,0.6726500323112061,1.4380625806534106,1.8269213132729654,35
Mouse-Dyad-10M,near,2.924654504367662,0.6722624312580734,1.4385569947714831,1.7174289726127359,35
Mouse-Dyad-10M,near,2.931316587521119,0.6694356563644431,1.4594990749226726,1.7707297143912792,35
Mouse-Dyad-10M,near,2.937978670674576,0.6694356563644431,1.4594990749226726,1.7707297143912792,35
Mouse-Dyad-10M,near,2.944640753828033,0.6696767585872244,1.4598504076067622,1.7707297143912792,35
Mouse-Dyad-10M,near,2.9513028369814904,0.7125295062888117,1.5326424326977983,1.7707297143912792,35
Mouse-Dyad-10M,near,2.9579649201349474,0.7125295062888117,1.4594990749226726,1.7559160421062465,35
Mouse-Dyad-10M,near,2.9646270032884043,0.7727218075382432,1.4594990749226726,1.7610915647620418,35
Mouse-Dyad-10M,near,2.9712890864418617,0.7731770565871441,1.4594990749226726,1.7610915647620418,35
Mouse-Dyad-10M,near,2.9779511695953187,0.8192766642468368,1.4594990749226726,1.7694800381305056,35
Mouse-Dyad-10M,near,2.9846132527487756,0.8521062426081296,1.4594990749226726,1.7694800381305056,35
Mouse-Dyad-10M,near,2.991275335902233,0.8521062426081296,1.4594990749226726,1.7826647339803294,35
Mouse-Dyad-10M,near,2.99793741905569,0.8521062426081296,1.4594990749226726,1.7694800381305056,35
Mouse-Dyad-10M,near,3.004599502209147,0.8521062426081296,1.4196847894456015,1.7694800381305056,35
Mouse-Dyad-10M,near,3.011261585362604,0.8521062426081296,1.4196847894456015,1.7694800381305056,35
Mouse-Dyad-10M,near,3.0179236685160613,0.8521062426081296,1.3902501114053236,1.7694800381305056,35
Mouse-Dyad-10M,near,3.0245857516695183,0.8521062426081296,1.3902501114053236,1.7694800381305056,35
Mouse-Dyad-10M,near,3.031247834822975,0.8521062426081296,1.3902501114053236,1.7694800381305056,35
Mouse-Dyad-10M,near,3.0379099179764326,0.7947123400053584,1.3902501114053236,1.7694800381305056,35
Mouse-Dyad-10M,near,3.0445720011298896,0.7947123400053584,1.3902501114053236,1.769376249257016,35
Mouse-Dyad-10M,near,3.0512340842833465,0.8192766642468368,1.3902501114053236,1.7610915647620418,35
Mouse-Dyad-10M,near,3.057896167436804,0.8192766642468368,1.3902501114053236,1.7610915647620418,35
Mouse-Dyad-10M,near,3.064558250590261,0.8192766642468368,1.3908443203563063,1.7610915647620418,35
Mouse-Dyad-10M,near,3.071220333743718,0.8192766642468368,1.4951677280332016,1.7610915647620418,35
Mouse-Dyad-10M,near,3.0778824168971752,0.8192766642468368,1.4196847894456015,1.7594630023349658,35
Mouse-Dyad-10M,near,3.084544500050632,0.8116050037295652,1.3222522760041397,1.6730733679155874,35
Mouse-Dyad-10M,near,3.091206583204089,0.7784761697911251,1.2985979127933904,1.6463070056344464,35
Mouse-Dyad-10M,near,3.097868666357546,0.7784761697911251,1.281885639275029,1.6463070056344464,35
Mouse-Dyad-10M,near,3.1045307495110035,0.7784761697911251,1.281885639275029,1.6463070056344464,35
Mouse-Dyad-10M,near,3.1111928326644605,0.7784761697911251,1.281885639275029,1.6461214034133245,35
Mouse-Dyad-10M,near,3.1178549158179174,0.7944457697250691,1.281885639275029,1.6241848042706435,35
Mouse-Dyad-10M,near,3.124516998971375,0.7944457697250691,1.281885639275029,1.6593587128327385,35
Mouse-Dyad-10M,near,3.1311790821248318,0.7944457697250691,1.281885639275029,1.6456465074059698,35
Mouse-Dyad-10M,near,3.1378411652782887,0.7944457697250691,1.281885639275029,1.6456465074059698,35
Mouse-Dyad-10M,near,3.144503248431746,0.7946401307677108,1.281885639275029,1.645372008715687,35
Mouse-Dyad-10M,near,3.151165331585203,0.8385956100022816,1.281885639275029,1.5907719754161884,35
Mouse-Dyad-10M,near,3.15782741473866,0.7701822776716278,1.281885639275029,1.5907719754161884,35
Mouse-Dyad-10M,near,3.164489497892117,0.8015043064683856,1.281885639275029,1.5907719754161884,35
Mouse-Dyad-10M,near,3.1711515810455744,0.7774081682249542,1.281885639275029,1.5909256946882917,35
Mouse-Dyad-10M,near,3.1778136641990313,0.7774081682249542,1.2953236023247556,1.7217047086957313,35
Mouse-Dyad-10M,near,3.1844757473524883,0.7774081682249542,1.2953236023247556,1.7217047086957313,35
Mouse-Dyad-10M,near,3.1911378305059457,0.7774081682249542,1.2953236023247556,1.7217047086957313,35
Mouse-Dyad-10M,near,3.1977999136594026,0.7775288861783943,1.2718045431429055,1.7215496976650395,35
Mouse-Dyad-10M,near,3.2044619968128596,0.7945674022294502,1.2718045431429055,1.68039681315082,35
Mouse-Dyad-10M,near,3.211124079966317,0.7945674022294502,1.269871855931902,1.68039681315082,35
Mouse-Dyad-10M,near,3.217786163119774,0.7945674022294502,1.269871855931902,1.68039681315082,35
Mouse-Dyad-10M,near,3.224448246273231,0.7945674022294502,1.2903970708125247,1.68039681315082,35
Mouse-Dyad-10M,near,3.231110329426688,0.7947398890802627,1.2903970708125247,1.6805895692048742,35
Mouse-Dyad-10M,near,3.2377724125801453,0.8188324708937815,1.2903970708125247,1.723008448692441,35
Mouse-Dyad-10M,near,3.244434495733602,0.8186592727569846,1.2903970708125247,1.7228978465449818,35
Mouse-Dyad-10M,near,3.251096578887059,0.7945674022294502,1.2903970708125247,1.6889186411760675,35
Mouse-Dyad-10M,near,3.2577586620405166,0.7949571234339763,1.2903970708125247,1.6889186411760675,35
Mouse-Dyad-10M,near,3.2644207451939735,0.854820486158315,1.2903970708125247,1.6887238979461967,35
Mouse-Dyad-10M,near,3.2710828283474305,0.854820486158315,1.2903970708125247,1.6851833933703455,35
Mouse-Dyad-10M,near,3.277744911500888,0.854820486158315,1.2903970708125247,1.6853215327279703,35
Mouse-Dyad-10M,near,3.284406994654345,0.854820486158315,1.2903970708125247,1.7273280267544249,35
Mouse-Dyad-10M,near,3.291069077807802,0.8553247306205441,1.2903970708125247,1.7273280267544249,35
Mouse-Dyad-10M,near,3.2977311609612587,0.9028492818826621,1.2898213214409697,1.7273280267544249,35
Mouse-Dyad-10M,near,3.304393244114716,0.854820486158315,1.269871855931902,1.7273280267544249,35
Mouse-Dyad-10M,near,3.311055327268173,0.854820486158315,1.269871855931902,1.7273280267544249,35
Mouse-Dyad-10M,near,3.31771741042163,0.854820486158315,1.269871855931902,1.7273280267544249,35
Mouse-Dyad-10M,near,3.3243794935750874,0.854820486158315,1.269871855931902,1.7273280267544249,35
Mouse-Dyad-10M,near,3.3310415767285444,0.854820486158315,1.269871855931902,1.7273280267544249,35
Mouse-Dyad-10M,near,3.3377036598820014,0.8626122306954327,1.269871855931902,1.693967529978477,35
Mouse-Dyad-10M,near,3.3443657430354587,0.8626122306954327,1.269871855931902,1.693967529978477,35
Mouse-Dyad-10M,near,3.3510278261889157,0.8790855548226462,1.269871855931902,1.693967529978477,35
Mouse-Dyad-10M,near,3.3576899093423727,0.8789063107549973,1.2677392110430323,1.693967529978477,35
Mouse-Dyad-10M,near,3.3643519924958296,0.894370943832334,1.2332638304565084,1.7051859394228308,35
Mouse-Dyad-10M,near,3.371014075649287,0.894370943832334,1.2718045431429055,1.681440009502544,35
Mouse-Dyad-10M,near,3.377676158802744,0.894370943832334,1.2718045431429055,1.705389356281623,35
Mouse-Dyad-10M,near,3.384338241956201,0.894370943832334,1.2718045431429055,1.6669421155602953,35
Mouse-Dyad-10M,near,3.3910003251096583,0.894370943832334,1.2718045431429055,1.6783461049677875,35
Mouse-Dyad-10M,near,3.3976624082631153,0.894370943832334,1.2718045431429055,1.6802820080600762,35
Mouse-Dyad-10M,near,3.4043244914165722,0.8938587292064406,1.2718045431429055,1.6802820080600762,35
Mouse-Dyad-10M,near,3.4109865745700296,0.8626122306954327,1.226182597221703,1.6649904092375303,35
Mouse-Dyad-10M,near,3.4176486577234866,0.8626122306954327,1.2718045431429055,1.6510403594605112,35
Mouse-Dyad-10M,near,3.4243107408769435,0.8626122306954327,1.2718045431429055,1.6626177595353036,35
Mouse-Dyad-10M,near,3.430972824030401,0.8626122306954327,1.2718045431429055,1.6783461049677875,35
Mouse-Dyad-10M,near,3.437634907183858,0.8626122306954327,1.2718045431429055,1.6783461049677875,35
Mouse-Dyad-10M,near,3.444296990337315,0.8626122306954327,1.2718045431429055,1.6783461049677875,35
Mouse-Dyad-10M,near,3.450959073490772,0.8626122306954327,1.2718045431429055,1.6624443488680032,35
Mouse-Dyad-10M,near,3.457621156644229,0.894370943832334,1.2718045431429055,1.6625622185077003,35
Mouse-Dyad-10M,near,3.464283239797686,0.8881994670209614,1.281885639275029,1.6802820080600762,35
Mouse-Dyad-10M,near,3.470945322951143,0.8533000463179934,1.2788424710935686,1.6802820080600762,35
Mouse-Dyad-10M,near,3.4776074061046005,0.8533000463179934,1.281885639275029,1.7115061020620215,35
Mouse-Dyad-10M,near,3.4842694892580575,0.8576568855780252,1.281885639275029,1.7115061020620215,35
Mouse-Dyad-10M,near,3.4909315724115144,0.8279612579636446,1.281885639275029,1.711090184433067,35
Mouse-Dyad-10M,near,3.497593655564972,0.8280932932252214,1.281885639275029,1.6653100623824315,35
Mouse-Dyad-10M,near,3.5042557387184288,0.8449882052108282,1.281885639275029,1.6802820080600762,35
Mouse-Dyad-10M,near,3.5109178218718857,0.8256040058457559,1.281885639275029,1.6802820080600762,35
Mouse-Dyad-10M,near,3.5175799050253427,0.8576568855780252,1.35513626469651,1.8144265076230965,35
Mouse-Dyad-10M,near,3.5242419881788,0.8579709170315448,1.3550221370519957,1.8144265076230965,35
Mouse-Dyad-10M,near,3.530904071332257,0.8597199711005459,1.3334068844332423,1.8144265076230965,35
Mouse-Dyad-10M,near,3.537566154485714,0.8279612579636446,1.307054779315751,1.7113855071127384,35
Mouse-Dyad-10M,near,3.5442282376391714,0.8279612579636446,1.307054779315751,1.6874778400222488,35
Mouse-Dyad-10M,near,3.5508903207926283,0.8278272107361779,1.307195886823857,1.6874778400222488,35
Mouse-Dyad-10M,near,3.5575524039460853,0.8204299436463504,1.3222522760041397,1.688026965695716,35
Mouse-Dyad-10M,near,3.5642144870995427,0.8204299436463504,1.3222522760041397,1.7661181169190328,35
Mouse-Dyad-10M,near,3.5708765702529996,0.8204299436463504,1.3222522760041397,1.7959067351226665,35
Mouse-Dyad-10M,near,3.5775386534064566,0.8204299436463504,1.3068230721508989,1.837643001628587,35
Mouse-Dyad-10M,near,3.5842007365599136,0.8204299436463504,1.2638766453531791,1.7655052791433183,35
Mouse-Dyad-10M,near,3.590862819713371,0.8204299436463504,1.2638766453531791,1.7655052791433183,35
Mouse-Dyad-10M,near,3.597524902866828,0.8204299436463504,1.281885639275029,1.7655052791433183,35
Mouse-Dyad-10M,near,3.604186986020285,0.8204299436463504,1.281885639275029,1.7655052791433183,35
Mouse-Dyad-10M,near,3.6108490691737423,0.8280975686527381,1.281885639275029,1.7655456557128426,35
Mouse-Dyad-10M,near,3.617511152327199,0.8451204919681408,1.282755867171354,1.7981338950057668,35
Mouse-Dyad-10M,near,3.624173235480656,0.8452573056487058,1.408496080262677,1.7557380667576563,35
Mouse-Dyad-10M,near,3.6308353186341136,0.8622797259726367,1.408496080262677,1.7557380667576563,35
Mouse-Dyad-10M,near,3.6374974017875705,0.8621424093005977,1.408496080262677,1.7555210671586574,35
Mouse-Dyad-10M,near,3.6441594849410275,0.8072677260540758,1.408496080262677,1.7181753200184446,35
Mouse-Dyad-10M,near,3.6508215680944844,0.8076326837187775,1.4067031090202529,1.6882691618430226,35
Mouse-Dyad-10M,near,3.657483651247942,0.8079587113870331,1.2455695937672886,1.6882691618430226,35
Mouse-Dyad-10M,near,3.664145734401399,0.8312118425058261,1.2455695937672886,1.6880505725033728,35
Mouse-Dyad-10M,near,3.6708078175548557,0.8310158832175822,1.276625229475513,1.7056376598794962,35
Mouse-Dyad-10M,near,3.677469900708313,0.8069467738414949,1.276625229475513,1.6900263155488016,35
Mouse-Dyad-10M,near,3.68413198386177,0.8069467738414949,1.276625229475513,1.7095252835887549,35
Mouse-Dyad-10M,near,3.690794067015227,0.8069467738414949,1.276625229475513,1.6874778400222488,35
Mouse-Dyad-10M,near,3.6974561501686845,0.8069467738414949,1.276625229475513,1.6874778400222488,35
Mouse-Dyad-10M,near,3.7041182333221414,0.805183066013457,1.276625229475513,1.6874778400222488,35
Mouse-Dyad-10M,near,3.7107803164755984,0.7483837211227877,1.4274970280985386,1.6874778400222488,35
Mouse-Dyad-10M,near,3.7174423996290553,0.8109490660891612,1.4274970280985386,1.6874778400222488,35
Mouse-Dyad-10M,near,3.7241044827825127,0.8106096755403744,1.4278208579884177,1.686743088941855,35
Mouse-Dyad-10M,near,3.7307665659359697,0.7695247634203338,1.276625229475513,1.6744417974368928,35
Mouse-Dyad-10M,near,3.7374286490894266,0.7704495685520195,1.276625229475513,1.6739958751840067,35
Mouse-Dyad-10M,near,3.744090732242884,0.908967730186074,1.276625229475513,1.664097444366941,35
Mouse-Dyad-10M,near,3.750752815396341,0.8233229686336584,1.276625229475513,1.6641930809384087,35
Mouse-Dyad-10M,near,3.757414898549798,0.8672409757180626,1.276625229475513,1.6872774143558078,35
Mouse-Dyad-10M,near,3.7640769817032553,0.8674419140081866,1.276625229475513,1.7042213443115048,35
Mouse-Dyad-10M,near,3.7707390648567123,0.9290947662014801,1.2784770939339352,1.7041319887450255,35
Mouse-Dyad-10M,near,3.7774011480101692,0.9290947662014801,1.314183242288619,1.6985815593547624,35
Mouse-Dyad-10M,near,3.7840632311636266,0.9290947662014801,1.4043185499161541,1.6985815593547624,35
Mouse-Dyad-10M,near,3.7907253143170836,0.9287886386609878,1.40399903245889,1.6985815593547624,35
Mouse-Dyad-10M,near,3.7973873974705405,0.8617972802097206,1.3200292831479956,1.6985815593547624,35
Mouse-Dyad-10M,near,3.8040494806239975,0.8617972802097206,1.3200292831479956,1.6974918319792267,35
Mouse-Dyad-10M,near,3.810711563777455,0.8617972802097206,1.31968450110884,1.6601373688111414,35
Mouse-Dyad-10M,near,3.817373646930912,0.8617972802097206,1.2548823982089616,1.6601373688111414,35
Mouse-Dyad-10M,near,3.824035730084369,0.8877899273644261,1.3141874616492397,1.6601373688111414,35
Mouse-Dyad-10M,near,3.830697813237826,0.8877899273644261,1.4043185499161541,1.6601373688111414,35
Mouse-Dyad-10M,near,3.837359896391283,0.8877899273644261,1.3225911365835596,1.6985815593547624,35
Mouse-Dyad-10M,near,3.84402197954474,0.8877899273644261,1.3225911365835596,1.6985815593547624,35
Mouse-Dyad-10M,near,3.8506840626981975,0.8877899273644261,1.3225911365835596,1.6985815593547624,35
Mouse-Dyad-10M,near,3.8573461458516545,0.8877899273644261,1.281885639275029,1.6601373688111414,35
Mouse-Dyad-10M,near,3.8640082290051114,0.8877899273644261,1.281885639275029,1.6601373688111414,35
Mouse-Dyad-10M,near,3.8706703121585684,0.8877899273644261,1.281885639275029,1.6601373688111414,35
Mouse-Dyad-10M,near,3.877332395312026,0.8877899273644261,1.2548823982089616,1.6601373688111414,35
Mouse-Dyad-10M,near,3.8839944784654827,0.8877899273644261,1.2544115215508125,1.6601373688111414,35
Mouse-Dyad-10M,near,3.8906565616189397,0.8877899273644261,1.2544115215508125,1.6110920285491115,35
Mouse-Dyad-10M,near,3.897318644772397,0.8877899273644261,1.254677239235678,1.6110920285491115,35
Mouse-Dyad-10M,near,3.903980727925854,0.8519724372714861,1.281885639275029,1.6110920285491115,35
Mouse-Dyad-10M,near,3.910642811079311,0.8519724372714861,1.281885639275029,1.6457846000513627,35
Mouse-Dyad-10M,near,3.9173048942327684,0.8519724372714861,1.281885639275029,1.6457846000513627,35
Mouse-Dyad-10M,near,3.9239669773862254,0.8489388954407608,1.2324808755355192,1.6457846000513627,35
Mouse-Dyad-10M,near,3.9306290605396823,0.8489388954407608,1.281885639275029,1.6462394311665376,35
Mouse-Dyad-10M,near,3.9372911436931393,0.8489388954407608,1.281885639275029,1.6464263190025423,35
Mouse-Dyad-10M,near,3.9439532268465967,0.8489388954407608,1.2280973874764238,1.646628622742401,35
Mouse-Dyad-10M,near,3.9506153100000536,0.8489388954407608,1.2280973874764238,1.6601373688111414,35
Mouse-Dyad-10M,near,3.9572773931535106,0.8489388954407608,1.2280973874764238,1.6110920285491115,35
Mouse-Dyad-10M,near,3.963939476306968,0.8489388954407608,1.2213090506851545,1.6110920285491115,35
Mouse-Dyad-10M,near,3.970601559460425,0.8489388954407608,1.2213090506851545,1.6110920285491115,35
Mouse-Dyad-10M,near,3.977263642613882,0.8486006192407064,1.2213090506851545,1.6110920285491115,35
Mouse-Dyad-10M,near,3.9839257257673393,0.842235769570817,1.2213090506851545,1.609836421743036,35
Mouse-Dyad-10M,near,3.9905878089207962,0.842235769570817,1.226182597221703,1.5843368224528391,35
Mouse-Dyad-10M,near,3.997249892074253,0.842235769570817,1.2289778311674129,1.5843368224528391,35
Mouse-Dyad-10M,near,4.003911975227711,0.842235769570817,1.2289778311674129,1.5619572082872002,35
Mouse-Dyad-10M,near,4.0105740583811675,0.7996559270642836,1.226182597221703,1.5619572082872002,35
Mouse-Dyad-10M,near,4.0172361415346245,0.842235769570817,1.226182597221703,1.5622083972036822,35
Mouse-Dyad-10M,near,4.0238982246880814,0.842235769570817,1.226182597221703,1.581497144112367,35
Mouse-Dyad-10M,near,4.030560307841538,0.842235769570817,1.2266095947473175,1.581497144112367,35
Mouse-Dyad-10M,near,4.037222390994995,0.842235769570817,1.2289778311674129,1.581497144112367,35
Mouse-Dyad-10M,near,4.043884474148453,0.842235769570817,1.2289778311674129,1.5813142046912407,35
Mouse-Dyad-10M,near,4.05054655730191,0.842235769570817,1.2289778311674129,1.5780727957989238,35
Mouse-Dyad-10M,near,4.057208640455367,0.842235769570817,1.2289778311674129,1.5782694660441123,35
Mouse-Dyad-10M,near,4.063870723608824,0.8424869565115146,1.2289778311674129,1.5875333856824745,35
Mouse-Dyad-10M,near,4.070532806762281,0.8863856098480295,1.28090643256297,1.5901646091558628,35
Mouse-Dyad-10M,near,4.077194889915738,0.8863856098480295,1.2289778311674129,1.5901646091558628,35
Mouse-Dyad-10M,near,4.083856973069196,0.8863856098480295,1.2157009642438275,1.5901646091558628,35
Mouse-Dyad-10M,near,4.090519056222653,0.8863856098480295,1.2157009642438275,1.5901646091558628,35
Mouse-Dyad-10M,near,4.09718113937611,0.8852119104855845,1.2157009642438275,1.5901646091558628,35
Mouse-Dyad-10M,near,4.103843222529567,0.8315573569034584,1.2289778311674129,1.5922365033023465,35
Mouse-Dyad-10M,near,4.110505305683024,0.83181142631725,1.2289778311674129,1.6051990889607468,35
Mouse-Dyad-10M,near,4.117167388836481,0.8565674783350743,1.2289778311674129,1.6493864274914611,35
Mouse-Dyad-10M,near,4.1238294719899375,0.8565674783350743,1.2289778311674129,1.6764694288074167,35
Mouse-Dyad-10M,near,4.130491555143395,0.7709790023724046,1.2289778311674129,1.6426199572140256,35
Mouse-Dyad-10M,near,4.137153638296852,0.7709790023724046,1.2289778311674129,1.6424194116930675,35
Mouse-Dyad-10M,near,4.143815721450309,0.7709790023724046,1.2289778311674129,1.6681086281858941,35
Mouse-Dyad-10M,near,4.150477804603766,0.7709790023724046,1.2289778311674129,1.6678491079620672,35
Mouse-Dyad-10M,near,4.157139887757223,0.7709790023724046,1.2289778311674129,1.6483554532835794,35
Mouse-Dyad-10M,near,4.16380197091068,0.7709790023724046,1.2289778311674129,1.6421147641350604,35
Mouse-Dyad-10M,near,4.170464054064138,0.7709790023724046,1.2587865937529261,1.625063257426803,35
Mouse-Dyad-10M,near,4.177126137217595,0.7709790023724046,1.2589845652730058,1.625063257426803,35
Mouse-Dyad-10M,near,4.183788220371052,0.7709790023724046,1.2422875783718932,1.6689935751258935,35
Mouse-Dyad-10M,near,4.190450303524509,0.7709790023724046,1.2422875783718932,1.6410928386792039,35
Mouse-Dyad-10M,near,4.197112386677966,0.7709790023724046,1.2422875783718932,1.6410928386792039,35
Mouse-Dyad-10M,near,4.203774469831423,0.7709790023724046,1.2154865888385176,1.6410928386792039,35
Mouse-Dyad-10M,near,4.21043655298488,0.7709790023724046,1.1693410242660938,1.6408295693670707,35
Mouse-Dyad-10M,near,4.217098636138338,0.7709790023724046,1.1691411582817075,1.6215529028540367,35
Mouse-Dyad-10M,near,4.2237607192917945,0.7709790023724046,1.1562392162503032,1.6215529028540367,35
Mouse-Dyad-10M,near,4.2304228024452515,0.7709790023724046,1.1562392162503032,1.6215529028540367,35
Mouse-Dyad-10M,near,4.237084885598708,0.7709790023724046,1.1562392162503032,1.6215529028540367,35
Mouse-Dyad-10M,near,4.243746968752165,0.7709790023724046,1.1562392162503032,1.6424667104035953,35
Mouse-Dyad-10M,near,4.250409051905622,0.7716350738699185,1.1562392162503032,1.648568692360727,35
Mouse-Dyad-10M,near,4.257071135059079,0.7947510098182646,1.1562392162503032,1.648568692360727,35
Mouse-Dyad-10M,near,4.263733218212537,0.7947510098182646,1.1562392162503032,1.6483499856149324,35
Mouse-Dyad-10M,near,4.270395301365994,0.7947510098182646,1.1562392162503032,1.6424667104035953,35
Mouse-Dyad-10M,near,4.277057384519451,0.8178826499420498,1.229552207310324,1.6424667104035953,35
Mouse-Dyad-10M,near,4.283719467672908,0.8178826499420498,1.2257720919414634,1.6421159666722618,35
Mouse-Dyad-10M,near,4.290381550826365,0.8178826499420498,1.229552207310324,1.632807379204868,35
Mouse-Dyad-10M,near,4.297043633979822,0.8178826499420498,1.229552207310324,1.6514373279823134,35
Mouse-Dyad-10M,near,4.30370571713328,0.7622468766682033,1.229552207310324,1.6514373279823134,35
Mouse-Dyad-10M,near,4.310367800286737,0.7622468766682033,1.229552207310324,1.6509385555560008,35
Mouse-Dyad-10M,near,4.317029883440194,0.7622468766682033,1.229552207310324,1.6424667104035953,35
Mouse-Dyad-10M,near,4.323691966593651,0.7630999239869533,1.229943402316289,1.642820727015781,35
Mouse-Dyad-10M,near,4.330354049747108,0.7636827808377622,1.2785866996077404,1.6716189827586598,35
Mouse-Dyad-10M,near,4.3370161329005645,0.7636827808377622,1.2784462514100505,1.6713477987045469,35
Mouse-Dyad-10M,near,4.3436782160540215,0.7636827808377622,1.2548823982089616,1.652079046933493,35
Mouse-Dyad-10M,near,4.350340299207479,0.7636827808377622,1.2548823982089616,1.652079046933493,35
Mouse-Dyad-10M,near,4.357002382360936,0.7636827808377622,1.2548823982089616,1.6959449268392572,35
Mouse-Dyad-10M,near,4.363664465514393,0.7636827808377622,1.2548823982089616,1.711478166820219,35
Mouse-Dyad-10M,near,4.37032654866785,0.7636827808377622,1.2548823982089616,1.6935849530350242,35
Mouse-Dyad-10M,near,4.376988631821307,0.7645793178370623,1.2548823982089616,1.708016146419306,35
Mouse-Dyad-10M,near,4.383650714974764,0.824703712507088,1.2548823982089616,1.6939755630471507,35
Mouse-Dyad-10M,near,4.390312798128221,0.824703712507088,1.2305052142269814,1.7529890186593315,35
Mouse-Dyad-10M,near,4.396974881281679,0.824703712507088,1.2548823982089616,1.7529890186593315,35
Mouse-Dyad-10M,near,4.403636964435136,0.7399107733919021,1.2548823982089616,1.7529890186593315,35
Mouse-Dyad-10M,near,4.410299047588593,0.7399107733919021,1.2548823982089616,1.7529890186593315,35
Mouse-Dyad-10M,near,4.41696113074205,0.7399107733919021,1.2573838115098348,1.753222985072134,35
Mouse-Dyad-10M,near,4.423623213895507,0.7399107733919021,1.2573838115098348,1.8589290103751852,35
Mouse-Dyad-10M,near,4.430285297048964,0.7399107733919021,1.2573838115098348,1.8595857361661525,35
Mouse-Dyad-10M,near,4.4369473802024215,0.7399107733919021,1.2573838115098348,1.8812522679672092,35
Mouse-Dyad-10M,near,4.4436094633558785,0.7399107733919021,1.235740016379837,1.8819331000650057,35
Mouse-Dyad-10M,near,4.450271546509335,0.7399107733919021,1.235740016379837,1.9315510941457352,35
Mouse-Dyad-10M,near,4.456933629662792,0.7399107733919021,1.235740016379837,1.8470050629643833,35
Mouse-Dyad-10M,near,4.463595712816249,0.7399107733919021,1.235740016379837,1.8470050629643833,35
Mouse-Dyad-10M,near,4.470257795969706,0.7399107733919021,1.235740016379837,1.8470050629643833,35
Mouse-Dyad-10M,near,4.476919879123163,0.7399107733919021,1.235740016379837,1.8470050629643833,35
Mouse-Dyad-10M,near,4.483581962276621,0.7565140574750451,1.2357122728307066,1.8470050629643833,35
Mouse-Dyad-10M,near,4.490244045430078,0.7565140574750451,1.2548823982089616,1.8345720478815828,35
Mouse-Dyad-10M,near,4.496906128583535,0.7565140574750451,1.2548823982089616,1.771489442052193,35
Mouse-Dyad-10M,near,4.503568211736992,0.7565140574750451,1.2548823982089616,1.7712936379327315,35
Mouse-Dyad-10M,near,4.510230294890449,0.7565140574750451,1.2548823982089616,1.7231810513481292,35
Mouse-Dyad-10M,near,4.516892378043906,0.7565140574750451,1.2573838115098348,1.7231810513481292,35
Mouse-Dyad-10M,near,4.523554461197364,0.8380252192565192,1.2573838115098348,1.8056691638433904,35
Mouse-Dyad-10M,near,4.530216544350821,0.8757071971806709,1.2573838115098348,1.8056691638433904,35
Mouse-Dyad-10M,near,4.536878627504278,0.8757071971806709,1.2573838115098348,1.8056691638433904,35
Mouse-Dyad-10M,near,4.543540710657735,0.8757071971806709,1.3200292831479956,1.8094092631527556,35
Mouse-Dyad-10M,near,4.5502027938111915,0.8757071971806709,1.3200292831479956,1.8094092631527556,35
Mouse-Dyad-10M,near,4.5568648769646485,0.8757071971806709,1.3200292831479956,1.8094092631527556,35
Mouse-Dyad-10M,near,4.563526960118105,0.8757071971806709,1.3200292831479956,1.8103096289668072,35
Mouse-Dyad-10M,near,4.570189043271563,0.8757071971806709,1.3200292831479956,1.905098729970301,35
Mouse-Dyad-10M,near,4.57685112642502,0.8757071971806709,1.3200292831479956,1.904825692013318,35
Mouse-Dyad-10M,near,4.583513209578477,0.8757071971806709,1.2653352146901957,1.8624870944286798,35
Mouse-Dyad-10M,near,4.590175292731934,0.8757071971806709,1.2651176670389448,1.8624870944286798,35
Mouse-Dyad-10M,near,4.596837375885391,0.8757071971806709,1.2573838115098348,1.8624870944286798,35
Mouse-Dyad-10M,near,4.603499459038848,0.7399107733919021,1.2220148254266276,1.6360011244118098,35
Mouse-Dyad-10M,near,4.610161542192305,0.7399107733919021,1.1775203774280354,1.6360011244118098,35
Mouse-Dyad-10M,near,4.616823625345763,0.7399107733919021,1.1775203774280354,1.6360011244118098,35
Mouse-Dyad-10M,near,4.62348570849922,0.7406064230012388,1.1773706523140601,1.636656096497036,35
Mouse-Dyad-10M,near,4.630147791652677,0.7955465466657485,1.160535608086897,1.693712876235299,35
Mouse-Dyad-10M,near,4.636809874806134,0.7955465466657485,1.160535608086897,1.7360482943386353,35
Mouse-Dyad-10M,near,4.643471957959591,0.7955465466657485,1.160535608086897,1.7360482943386353,35
Mouse-Dyad-10M,near,4.650134041113048,0.7955465466657485,1.160535608086897,1.7360482943386353,35
Mouse-Dyad-10M,near,4.6567961242665055,0.7955465466657485,1.160535608086897,1.7360482943386353,35
Mouse-Dyad-10M,near,4.663458207419962,0.7955465466657485,1.160535608086897,1.7358222365855402,35
Mouse-Dyad-10M,near,4.670120290573419,0.7945899676147444,1.1775203774280354,1.7014238125799608,35
Mouse-Dyad-10M,near,4.676782373726876,0.6736295412098318,1.1775203774280354,1.7011971089475764,35
Mouse-Dyad-10M,near,4.683444456880333,0.6736295412098318,1.1777064910831894,1.666799330821286,35
Mouse-Dyad-10M,near,4.69010654003379,0.6736295412098318,1.2039782999666764,1.666799330821286,35
Mouse-Dyad-10M,near,4.696768623187247,0.6736295412098318,1.1991094444093215,1.6665505430067626,35
Mouse-Dyad-10M,near,4.703430706340705,0.6736295412098318,1.1991440382697587,1.570250665449087,35
Mouse-Dyad-10M,near,4.710092789494162,0.6736295412098318,1.2038256232041842,1.570250665449087,35
Mouse-Dyad-10M,near,4.716754872647619,0.6736295412098318,1.1775203774280354,1.570250665449087,35
Mouse-Dyad-10M,near,4.723416955801076,0.5532190939636525,1.1776733386755973,1.570250665449087,35
Mouse-Dyad-10M,near,4.730079038954533,0.5532190939636525,1.160535608086897,1.570250665449087,35
Mouse-Dyad-10M,near,4.73674112210799,0.5532190939636525,1.160535608086897,1.5700210553598746,35
Mouse-Dyad-10M,near,4.743403205261447,0.5532190939636525,1.160535608086897,1.5356261836904124,35
Mouse-Dyad-10M,near,4.750065288414905,0.5532190939636525,1.1775203774280354,1.5356261836904124,35
Mouse-Dyad-10M,near,4.756727371568362,0.5532190939636525,1.1775203774280354,1.5356261836904124,35
Mouse-Dyad-10M,near,4.7633894547218185,0.5532190939636525,1.17770966798769,1.5356261836904124,35
Mouse-Dyad-10M,near,4.7700515378752755,0.5532190939636525,1.2040127958275084,1.5356261836904124,35
Mouse-Dyad-10M,near,4.776713621028732,0.5548676327431499,1.1758896452033631,1.5356261836904124,35
Mouse-Dyad-10M,near,4.783375704182189,0.6736295412098318,1.1758896452033631,1.5356261836904124,35
Mouse-Dyad-10M,near,4.790037787335647,0.6736295412098318,1.2040127958275084,1.5356261836904124,35
Mouse-Dyad-10M,near,4.796699870489104,0.6736295412098318,1.2040127958275084,1.5356261836904124,35
Mouse-Dyad-10M,near,4.803361953642561,0.6736295412098318,1.2040127958275084,1.5356261836904124,35
Mouse-Dyad-10M,near,4.810024036796018,0.6736295412098318,1.2040127958275084,1.5356261836904124,35
Mouse-Dyad-10M,near,4.816686119949475,0.6736295412098318,1.204168777466417,1.5356261836904124,35
Mouse-Dyad-10M,near,4.823348203102932,0.6736295412098318,1.2257935360468215,1.5667611315457148,35
Mouse-Dyad-10M,near,4.830010286256389,0.6736295412098318,1.2520942812082674,1.5598270038542776,35
Mouse-Dyad-10M,near,4.836672369409847,0.6736295412098318,1.2519376523426387,1.5598270038542776,35
Mouse-Dyad-10M,near,4.843334452563304,0.6736295412098318,1.2305052142269814,1.5598270038542776,35
Mouse-Dyad-10M,near,4.849996535716761,0.5882329258054949,1.2303124820207874,1.6633385953354711,35
Mouse-Dyad-10M,near,4.856658618870218,0.5882329258054949,1.1847997847349196,1.7104574118776612,35
Mouse-Dyad-10M,near,4.863320702023675,0.5882329258054949,1.1460359891825391,1.7308779411973663,35
Mouse-Dyad-10M,near,4.869982785177132,0.5882329258054949,1.1556158952931088,1.7308779411973663,35
Mouse-Dyad-10M,near,4.876644868330589,0.5882329258054949,1.1328040156942643,1.7308779411973663,35
Mouse-Dyad-10M,near,4.883306951484046,0.5887979956485894,1.1328040156942643,1.7294790442336716,35
Mouse-Dyad-10M,near,4.889969034637503,0.6417657753818453,1.1328040156942643,1.6206990605587375,35
Mouse-Dyad-10M,near,4.89663111779096,0.6417657753818453,1.1328040156942643,1.6587597384117956,35
Mouse-Dyad-10M,near,4.903293200944417,0.6417657753818453,1.1328040156942643,1.6587597384117956,35
Mouse-Dyad-10M,near,4.909955284097874,0.6417657753818453,1.1328040156942643,1.6587597384117956,35
Mouse-Dyad-10M,near,4.916617367251331,0.6417657753818453,1.1328040156942643,1.6587597384117956,35
Mouse-Dyad-10M,near,4.923279450404789,0.6417657753818453,1.1113002468374866,1.6587597384117956,35
Mouse-Dyad-10M,near,4.929941533558246,0.6417657753818453,1.1113002468374866,1.6587597384117956,35
Mouse-Dyad-10M,near,4.936603616711703,0.6417657753818453,1.1113002468374866,1.6587597384117956,35
Mouse-Dyad-10M,near,4.94326569986516,0.6417657753818453,1.1113002468374866,1.6587597384117956,35
Mouse-Dyad-10M,near,4.949927783018617,0.5532190939636525,1.1113002468374866,1.6587597384117956,35
Mouse-Dyad-10M,near,4.956589866172074,0.5532190939636525,1.1113002468374866,1.6587597384117956,35
Mouse-Dyad-10M,near,4.963251949325531,0.5532190939636525,1.0864579909056018,1.6587597384117956,35
Mouse-Dyad-10M,near,4.9699140324789886,0.5532190939636525,1.1113002468374866,1.6113622892139623,35
Mouse-Dyad-10M,near,4.9765761156324455,0.5532190939636525,1.0911641095028919,1.6113622892139623,35
Mouse-Dyad-10M,near,4.9832381987859025,0.5532190939636525,1.091362136549913,1.6113622892139623,35
Mouse-Dyad-10M,near,4.989900281939359,0.5532190939636525,1.1113002468374866,1.61157923786112,35
Mouse-Dyad-10M,near,4.996562365092816,0.5532190939636525,1.1113002468374866,1.6240401183833941,35
Mouse-Dyad-10M,near,5.003224448246273,0.5532190939636525,1.0911641095028919,1.6240401183833941,35
Mouse-Dyad-10M,far,-5.003224448246273,0.7180584804628833,0.9223466182947784,1.1958837517217393,56
Mouse-Dyad-10M,far,-4.996562365092816,0.6871270678948964,0.9223466182947784,1.1742924439124978,56
Mouse-Dyad-10M,far,-4.989900281939359,0.6653910904926656,0.9223466182947784,1.1742924439124978,56
Mouse-Dyad-10M,far,-4.9832381987859025,0.6653910904926656,0.9165651388458234,1.1742924439124978,56
Mouse-Dyad-10M,far,-4.9765761156324455,0.6744815383009725,0.9165651388458234,1.1903697735264371,56
Mouse-Dyad-10M,far,-4.9699140324789886,0.6712657171537111,0.9165651388458234,1.1952112717439929,56
Mouse-Dyad-10M,far,-4.963251949325531,0.6711157971834212,0.9165651388458234,1.1744429540520165,56
Mouse-Dyad-10M,far,-4.956589866172074,0.6711157971834212,0.9165651388458234,1.1744429540520165,56
Mouse-Dyad-10M,far,-4.949927783018617,0.6620987928134302,0.9165651388458234,1.178832921851016,56
Mouse-Dyad-10M,far,-4.94326569986516,0.6612342704952754,0.9165651388458234,1.18893892800087,56
Mouse-Dyad-10M,far,-4.936603616711703,0.6612342704952754,0.8905717292409013,1.1745431392804104,56
Mouse-Dyad-10M,far,-4.929941533558246,0.6542853184443019,0.8894458058459978,1.1744429540520165,56
Mouse-Dyad-10M,far,-4.923279450404789,0.6542853184443019,0.8891595558943146,1.1744429540520165,56
Mouse-Dyad-10M,far,-4.916617367251331,0.6654379264981586,0.9187918775144484,1.1744429540520165,56
Mouse-Dyad-10M,far,-4.909955284097874,0.6869895600312683,0.9347907766731114,1.1744429540520165,56
Mouse-Dyad-10M,far,-4.903293200944417,0.6869895600312683,0.9347907766731114,1.1598716508868903,56
Mouse-Dyad-10M,far,-4.89663111779096,0.7156925486298562,0.9521484469176673,1.1952112717439929,56
Mouse-Dyad-10M,far,-4.889969034637503,0.7159647169931184,0.9585628816893315,1.2212080105344367,56
Mouse-Dyad-10M,far,-4.883306951484046,0.7159647169931184,0.9587966329249968,1.2214388125032314,56
Mouse-Dyad-10M,far,-4.876644868330589,0.7159647169931184,0.9587966329249968,1.2328968799515172,56
Mouse-Dyad-10M,far,-4.869982785177132,0.7226630392832044,0.9259319085347764,1.2331937851627923,56
Mouse-Dyad-10M,far,-4.863320702023675,0.7226630392832044,0.9273220118433021,1.2516304416899546,56
Mouse-Dyad-10M,far,-4.856658618870218,0.731284641020234,0.898270645231179,1.2184871812908455,56
Mouse-Dyad-10M,far,-4.849996535716761,0.731284641020234,0.898270645231179,1.2184871812908455,56
Mouse-Dyad-10M,far,-4.843334452563304,0.731284641020234,0.898270645231179,1.2184871812908455,56
Mouse-Dyad-10M,far,-4.836672369409847,0.7226630392832044,0.8889994104208259,1.1353621232555726,56
Mouse-Dyad-10M,far,-4.830010286256389,0.7226630392832044,0.898270645231179,1.1353621232555726,56
Mouse-Dyad-10M,far,-4.823348203102932,0.7244774233909343,0.898270645231179,1.2067383352159353,56
Mouse-Dyad-10M,far,-4.816686119949475,0.7252210533546514,0.8997470371180628,1.1383289042141587,56
Mouse-Dyad-10M,far,-4.810024036796018,0.6995711151000017,0.8997470371180628,1.1312188154103808,56
Mouse-Dyad-10M,far,-4.803361953642561,0.6995711151000017,0.8997470371180628,1.1311771473520391,56
Mouse-Dyad-10M,far,-4.796699870489104,0.7004676658805862,0.8997470371180628,1.1421632596105897,56
Mouse-Dyad-10M,far,-4.790037787335647,0.6424942288330244,0.8997470371180628,1.12337536101471,56
Mouse-Dyad-10M,far,-4.783375704182189,0.7215797843336077,0.9123770724198783,1.12337536101471,56
Mouse-Dyad-10M,far,-4.776713621028732,0.7218456576462903,0.9123770724198783,1.12337536101471,56
Mouse-Dyad-10M,far,-4.7700515378752755,0.6950434378976296,0.9123770724198783,1.12337536101471,56
Mouse-Dyad-10M,far,-4.7633894547218185,0.7155620215551264,0.9123770724198783,1.12337536101471,56
Mouse-Dyad-10M,far,-4.756727371568362,0.7253591496151263,0.8997470371180628,1.12337536101471,56
Mouse-Dyad-10M,far,-4.750065288414905,0.7209491068657058,0.8938769582855955,1.12337536101471,56
Mouse-Dyad-10M,far,-4.743403205261447,0.7209491068657058,0.8938769582855955,1.1570818420610443,56
Mouse-Dyad-10M,far,-4.73674112210799,0.6973455544735462,0.8938769582855955,1.1169826871892434,56
Mouse-Dyad-10M,far,-4.730079038954533,0.7209491068657058,0.8938769582855955,1.1169826871892434,56
Mouse-Dyad-10M,far,-4.723416955801076,0.6969675625152079,0.8997470371180628,1.1169826871892434,56
Mouse-Dyad-10M,far,-4.716754872647619,0.673651790028633,0.8997470371180628,1.1170838220002604,56
Mouse-Dyad-10M,far,-4.710092789494162,0.6733623054796629,0.8785384900149192,1.1170838220002604,56
Mouse-Dyad-10M,far,-4.703430706340705,0.6733623054796629,0.8746861284433891,1.1170838220002604,56
Mouse-Dyad-10M,far,-4.696768623187247,0.6497516621728593,0.8721364722963657,1.1170838220002604,56
Mouse-Dyad-10M,far,-4.69010654003379,0.6497516621728593,0.8721364722963657,1.1170838220002604,56
Mouse-Dyad-10M,far,-4.683444456880333,0.6462677797194565,0.8702352181260138,1.1170838220002604,56
Mouse-Dyad-10M,far,-4.676782373726876,0.6453254291820079,0.8702352181260138,1.1170838220002604,56
Mouse-Dyad-10M,far,-4.670120290573419,0.6497516621728593,0.8756823161075665,1.1170838220002604,56
Mouse-Dyad-10M,far,-4.663458207419962,0.6497516621728593,0.8761540755181123,1.1170838220002604,56
Mouse-Dyad-10M,far,-4.6567961242665055,0.6497516621728593,0.8742999056951799,1.1170838220002604,56
Mouse-Dyad-10M,far,-4.650134041113048,0.6497516621728593,0.8742999056951799,1.1120677296603698,56
Mouse-Dyad-10M,far,-4.643471957959591,0.6497516621728593,0.8742999056951799,1.1120216118432449,56
Mouse-Dyad-10M,far,-4.636809874806134,0.6497516621728593,0.8793487043531316,1.1120216118432449,56
Mouse-Dyad-10M,far,-4.630147791652677,0.6497516621728593,0.8793487043531316,1.1120216118432449,56
Mouse-Dyad-10M,far,-4.62348570849922,0.6497516621728593,0.89180912937756,1.1120216118432449,56
Mouse-Dyad-10M,far,-4.616823625345763,0.6506878543848698,0.8976792082100272,1.1120216118432449,56
Mouse-Dyad-10M,far,-4.610161542192305,0.6505376098327353,0.8882483787749171,1.0806710808464812,56
Mouse-Dyad-10M,far,-4.603499459038848,0.6698320124624878,0.8981474312366505,1.0806710808464812,56
Mouse-Dyad-10M,far,-4.596837375885391,0.658024843657129,0.8974119121967047,1.0806710808464812,56
Mouse-Dyad-10M,far,-4.590175292731934,0.6573283087214432,0.8905668336628025,1.0806710808464812,56
Mouse-Dyad-10M,far,-4.583513209578477,0.6698320124624878,0.8998004953397197,1.0938014098354651,56
Mouse-Dyad-10M,far,-4.57685112642502,0.6903150596476829,0.8998004953397197,1.0961520106806453,56
Mouse-Dyad-10M,far,-4.570189043271563,0.6698304811549074,0.9000677913530423,1.0838025613120927,56
Mouse-Dyad-10M,far,-4.563526960118105,0.6695027835779178,0.9000677913530423,1.083666586430081,56
Mouse-Dyad-10M,far,-4.5568648769646485,0.6695027835779178,0.9000677913530423,1.091323133106343,56
Mouse-Dyad-10M,far,-4.5502027938111915,0.6903150596476829,0.9000677913530423,1.0918602810661142,56
Mouse-Dyad-10M,far,-4.543540710657735,0.7098360137738459,0.9000677913530423,1.0918602810661142,56
Mouse-Dyad-10M,far,-4.536878627504278,0.7098360137738459,0.9000677913530423,1.0918602810661142,56
Mouse-Dyad-10M,far,-4.530216544350821,0.7098360137738459,0.9000677913530423,1.1103055943921003,56
Mouse-Dyad-10M,far,-4.523554461197364,0.7098360137738459,0.9000677913530423,1.1213193606318026,56
Mouse-Dyad-10M,far,-4.516892378043906,0.6903150596476829,0.9000677913530423,1.1215084098124843,56
Mouse-Dyad-10M,far,-4.510230294890449,0.6903150596476829,0.9194799530893377,1.2192562691627957,56
Mouse-Dyad-10M,far,-4.503568211736992,0.7098360137738459,0.8998004953397197,1.2202606990636566,56
Mouse-Dyad-10M,far,-4.496906128583535,0.7098360137738459,0.9000677913530423,1.2092572591047053,56
Mouse-Dyad-10M,far,-4.490244045430078,0.7006713127451898,0.8998004953397197,1.2084718586137764,56
Mouse-Dyad-10M,far,-4.483581962276621,0.7077756770412917,0.8998004953397197,1.2084718586137764,56
Mouse-Dyad-10M,far,-4.476919879123163,0.7077756770412917,0.9000677913530423,1.2084718586137764,56
Mouse-Dyad-10M,far,-4.470257795969706,0.6826586384530702,0.8999976630979125,1.2084718586137764,56
Mouse-Dyad-10M,far,-4.463595712816249,0.6826586384530702,0.8999976630979125,1.2084718586137764,56
Mouse-Dyad-10M,far,-4.456933629662792,0.6826586384530702,0.8999976630979125,1.173976245742832,56
Mouse-Dyad-10M,far,-4.450271546509335,0.6826586384530702,0.896948456273285,1.173976245742832,56
Mouse-Dyad-10M,far,-4.4436094633558785,0.6771645948935934,0.896948456273285,1.173976245742832,56
Mouse-Dyad-10M,far,-4.4369473802024215,0.6766050002296424,0.896948456273285,1.1907549642675208,56
Mouse-Dyad-10M,far,-4.430285297048964,0.6766050002296424,0.896948456273285,1.1911601563282466,56
Mouse-Dyad-10M,far,-4.423623213895507,0.6596373360356689,0.8879445174762544,1.1684944823630112,56
Mouse-Dyad-10M,far,-4.41696113074205,0.6581952835718882,0.8879445174762544,1.1911601563282466,56
Mouse-Dyad-10M,far,-4.410299047588593,0.6581952835718882,0.8879445174762544,1.1911601563282466,56
Mouse-Dyad-10M,far,-4.403636964435136,0.6581952835718882,0.8943284774710547,1.2084718586137764,56
Mouse-Dyad-10M,far,-4.396974881281679,0.6581952835718882,0.8943284774710547,1.2084718586137764,56
Mouse-Dyad-10M,far,-4.390312798128221,0.6492052058490563,0.8635565546068158,1.2084718586137764,56
Mouse-Dyad-10M,far,-4.383650714974764,0.6439792883201241,0.8635565546068158,1.2084718586137764,56
Mouse-Dyad-10M,far,-4.376988631821307,0.6439792883201241,0.8578446518071001,1.2084718586137764,56
Mouse-Dyad-10M,far,-4.37032654866785,0.6545236224436243,0.8997493752496561,1.1945658091571163,56
Mouse-Dyad-10M,far,-4.363664465514393,0.6534773662213861,0.8996626896105896,1.1945658091571163,56
Mouse-Dyad-10M,far,-4.357002382360936,0.6534773662213861,0.9085870117746129,1.1945658091571163,56
Mouse-Dyad-10M,far,-4.350340299207479,0.6822099248324422,0.9260935656999563,1.1945658091571163,56
Mouse-Dyad-10M,far,-4.3436782160540215,0.6556773616635789,0.908788326478765,1.1945658091571163,56
Mouse-Dyad-10M,far,-4.3370161329005645,0.6550002213400824,0.8998520651557347,1.2084718586137764,56
Mouse-Dyad-10M,far,-4.330354049747108,0.6550002213400824,0.8998520651557347,1.2084718586137764,56
Mouse-Dyad-10M,far,-4.323691966593651,0.6810726525717676,0.8998520651557347,1.1945658091571163,56
Mouse-Dyad-10M,far,-4.317029883440194,0.6817936210115934,0.9281735480548932,1.1945658091571163,56
Mouse-Dyad-10M,far,-4.310367800286737,0.6923482529334277,0.9107466107625573,1.1945658091571163,56
Mouse-Dyad-10M,far,-4.30370571713328,0.6923482529334277,0.8978313598448744,1.1945658091571163,56
Mouse-Dyad-10M,far,-4.297043633979822,0.6923482529334277,0.9281735480548932,1.1945658091571163,56
Mouse-Dyad-10M,far,-4.290381550826365,0.6923482529334277,0.9281735480548932,1.1866841890287376,56
Mouse-Dyad-10M,far,-4.283719467672908,0.6923482529334277,0.9281735480548932,1.186813610558049,56
Mouse-Dyad-10M,far,-4.277057384519451,0.6923482529334277,0.9001304403432411,1.186813610558049,56
Mouse-Dyad-10M,far,-4.270395301365994,0.6923482529334277,0.8998520651557347,1.1773230386758322,56
Mouse-Dyad-10M,far,-4.263733218212537,0.6923482529334277,0.917157304376926,1.1773230386758322,56
Mouse-Dyad-10M,far,-4.257071135059079,0.7077756770412917,0.917157304376926,1.133293983442033,56
Mouse-Dyad-10M,far,-4.250409051905622,0.7077756770412917,0.9143753935656211,1.1461164723540045,56
Mouse-Dyad-10M,far,-4.243746968752165,0.7077756770412917,0.909564358614261,1.124251246218387,56
Mouse-Dyad-10M,far,-4.237084885598708,0.7077756770412917,0.8721997188303305,1.124251246218387,56
Mouse-Dyad-10M,far,-4.2304228024452515,0.6872339628748693,0.8721997188303305,1.0928586940377687,56
Mouse-Dyad-10M,far,-4.2237607192917945,0.6869895600312683,0.8721997188303305,1.0928586940377687,56
Mouse-Dyad-10M,far,-4.217098636138338,0.6869895600312683,0.909564358614261,1.0928586940377687,56
Mouse-Dyad-10M,far,-4.21043655298488,0.7077756770412917,0.9177780874743164,1.0969842855176375,56
Mouse-Dyad-10M,far,-4.203774469831423,0.7132268778617495,0.9279913752827846,1.0970937074547784,56
Mouse-Dyad-10M,far,-4.197112386677966,0.7132268778617495,0.9353524671704003,1.140600932561705,56
Mouse-Dyad-10M,far,-4.190450303524509,0.6869895600312683,0.9353524671704003,1.140600932561705,56
Mouse-Dyad-10M,far,-4.183788220371052,0.6869895600312683,0.9353524671704003,1.140600932561705,56
Mouse-Dyad-10M,far,-4.177126137217595,0.6583181939166025,0.9353524671704003,1.140600932561705,56
Mouse-Dyad-10M,far,-4.170464054064138,0.6583181939166025,0.9712913719861993,1.1634766233628748,56
Mouse-Dyad-10M,far,-4.16380197091068,0.6655011758929528,0.9602121904858019,1.1785334430626977,56
Mouse-Dyad-10M,far,-4.157139887757223,0.6657175423051154,0.9097233556649856,1.1825339835076507,56
Mouse-Dyad-10M,far,-4.150477804603766,0.6657175423051154,0.9097233556649856,1.1825339835076507,56
Mouse-Dyad-10M,far,-4.143815721450309,0.6657175423051154,0.9097233556649856,1.1943435070664685,56
Mouse-Dyad-10M,far,-4.137153638296852,0.6869895600312683,0.9097233556649856,1.1943435070664685,56
Mouse-Dyad-10M,far,-4.130491555143395,0.6869895600312683,0.9097233556649856,1.1825339835076507,56
Mouse-Dyad-10M,far,-4.1238294719899375,0.6657175423051154,0.9110139067758798,1.1825339835076507,56
Mouse-Dyad-10M,far,-4.117167388836481,0.6657175423051154,0.9110139067758798,1.1825339835076507,56
Mouse-Dyad-10M,far,-4.110505305683024,0.6497516621728593,0.9110139067758798,1.1954425134749445,56
Mouse-Dyad-10M,far,-4.103843222529567,0.6305226220944509,0.9110139067758798,1.1825339835076507,56
Mouse-Dyad-10M,far,-4.09718113937611,0.6305226220944509,0.9221824624774859,1.1669625285266938,56
Mouse-Dyad-10M,far,-4.090519056222653,0.6497516621728593,0.9116179463915539,1.1691916527986288,56
Mouse-Dyad-10M,far,-4.083856973069196,0.6497516621728593,0.9116179463915539,1.1691916527986288,56
Mouse-Dyad-10M,far,-4.077194889915738,0.6497516621728593,0.9000677913530423,1.1691916527986288,56
Mouse-Dyad-10M,far,-4.070532806762281,0.6497516621728593,0.9097233556649856,1.151284524818632,56
Mouse-Dyad-10M,far,-4.063870723608824,0.6497516621728593,0.9097233556649856,1.1466690908803516,56
Mouse-Dyad-10M,far,-4.057208640455367,0.6239761136308248,0.9208937106990703,1.1466690908803516,56
Mouse-Dyad-10M,far,-4.05054655730191,0.6239761136308248,0.9210763429453044,1.1403803048687893,56
Mouse-Dyad-10M,far,-4.043884474148453,0.6239761136308248,0.9249586451979241,1.135739316079352,56
Mouse-Dyad-10M,far,-4.037222390994995,0.6239761136308248,0.9249586451979241,1.1403803048687893,56
Mouse-Dyad-10M,far,-4.030560307841538,0.6239761136308248,0.9249586451979241,1.1403803048687893,56
Mouse-Dyad-10M,far,-4.0238982246880814,0.6239761136308248,0.9249586451979241,1.1403803048687893,56
Mouse-Dyad-10M,far,-4.0172361415346245,0.6239761136308248,0.9249586451979241,1.1403803048687893,56
Mouse-Dyad-10M,far,-4.0105740583811675,0.6497516621728593,0.9249586451979241,1.1403803048687893,56
Mouse-Dyad-10M,far,-4.003911975227711,0.6497516621728593,0.9116179463915539,1.1370354473281923,56
Mouse-Dyad-10M,far,-3.997249892074253,0.6583181939166025,0.9214871882291309,1.1403803048687893,56
Mouse-Dyad-10M,far,-3.9905878089207962,0.6583181939166025,0.9210763429453044,1.1374474083904487,56
Mouse-Dyad-10M,far,-3.9839257257673393,0.6309886189763081,0.9210763429453044,1.1374474083904487,56
Mouse-Dyad-10M,far,-3.977263642613882,0.6309886189763081,0.9210763429453044,1.1399769406426672,56
Mouse-Dyad-10M,far,-3.970601559460425,0.6309886189763081,0.911420778633361,1.1484852939749846,56
Mouse-Dyad-10M,far,-3.963939476306968,0.6309886189763081,0.910964824972855,1.1484852939749846,56
Mouse-Dyad-10M,far,-3.9572773931535106,0.6309886189763081,0.9107502794614722,1.1484852939749846,56
Mouse-Dyad-10M,far,-3.9506153100000536,0.6309886189763081,0.9107502794614722,1.1596891494464838,56
Mouse-Dyad-10M,far,-3.9439532268465967,0.6309886189763081,0.9227515542724529,1.1598123180491307,56
Mouse-Dyad-10M,far,-3.9372911436931393,0.6250819504997441,0.9227515542724529,1.1598123180491307,56
Mouse-Dyad-10M,far,-3.9306290605396823,0.6216387801339875,0.9227515542724529,1.1598123180491307,56
Mouse-Dyad-10M,far,-3.9239669773862254,0.6127748738141082,0.9107502794614722,1.1598123180491307,56
Mouse-Dyad-10M,far,-3.9173048942327684,0.6218488086547678,0.9107502794614722,1.1402738971322193,56
Mouse-Dyad-10M,far,-3.910642811079311,0.6218488086547678,0.9107502794614722,1.1874027440643569,56
Mouse-Dyad-10M,far,-3.903980727925854,0.6218488086547678,0.8841566602638313,1.2122697532426843,56
Mouse-Dyad-10M,far,-3.897318644772397,0.6127748738141082,0.8809040480070203,1.171898755941918,56
Mouse-Dyad-10M,far,-3.8906565616189397,0.6009265540649971,0.8804598038945306,1.171898755941918,56
Mouse-Dyad-10M,far,-3.8839944784654827,0.6009265540649971,0.8962675355675191,1.156553294702543,56
Mouse-Dyad-10M,far,-3.877332395312026,0.6009265540649971,0.8962675355675191,1.1483271446977572,56
Mouse-Dyad-10M,far,-3.8706703121585684,0.6116319977923319,0.8804598038945306,1.1482886911596955,56
Mouse-Dyad-10M,far,-3.8640082290051114,0.6116319977923319,0.8962675355675191,1.174494896643195,56
Mouse-Dyad-10M,far,-3.8573461458516545,0.6218488086547678,0.8962675355675191,1.147263858827191,56
Mouse-Dyad-10M,far,-3.8506840626981975,0.6218488086547678,0.8962675355675191,1.1482886911596955,56
Mouse-Dyad-10M,far,-3.84402197954474,0.6218488086547678,0.9088483614788161,1.183628706879469,56
Mouse-Dyad-10M,far,-3.837359896391283,0.6159371335703445,0.9086251638813555,1.183628706879469,56
Mouse-Dyad-10M,far,-3.830697813237826,0.6156188436243911,0.9086251638813555,1.1695834517463468,56
Mouse-Dyad-10M,far,-3.824035730084369,0.6156188436243911,0.8962675355675191,1.1693227265713808,56
Mouse-Dyad-10M,far,-3.817373646930912,0.6094584634958458,0.8962675355675191,1.163677972185729,56
Mouse-Dyad-10M,far,-3.810711563777455,0.6094584634958458,0.9108167390176869,1.1693227265713808,56
Mouse-Dyad-10M,far,-3.8040494806239975,0.6094584634958458,0.8962675355675191,1.1880000482399553,56
Mouse-Dyad-10M,far,-3.7973873974705405,0.6094584634958458,0.8962675355675191,1.1693227265713808,56
Mouse-Dyad-10M,far,-3.7907253143170836,0.6094584634958458,0.8962675355675191,1.2066908274200547,56
Mouse-Dyad-10M,far,-3.7840632311636266,0.6094584634958458,0.8962675355675191,1.1652797524596719,56
Mouse-Dyad-10M,far,-3.7774011480101692,0.6094584634958458,0.8962675355675191,1.1652797524596719,56
Mouse-Dyad-10M,far,-3.7707390648567123,0.6218488086547678,0.9108167390176869,1.1652797524596719,56
Mouse-Dyad-10M,far,-3.7640769817032553,0.6218488086547678,0.9108167390176869,1.1849152619245484,56
Mouse-Dyad-10M,far,-3.757414898549798,0.6156188436243911,0.9001667473139046,1.1849152619245484,56
Mouse-Dyad-10M,far,-3.750752815396341,0.6211242972226056,0.8999221934108644,1.178747342000897,56
Mouse-Dyad-10M,far,-3.744090732242884,0.6211242972226056,0.8962675355675191,1.1854562382801972,56
Mouse-Dyad-10M,far,-3.7374286490894266,0.6171374513905464,0.8962675355675191,1.185572968052016,56
Mouse-Dyad-10M,far,-3.7307665659359697,0.5928934193463683,0.8962675355675191,1.2045224671401464,56
Mouse-Dyad-10M,far,-3.7241044827825127,0.5768424516755737,0.8528348621260682,1.2035064452950737,56
Mouse-Dyad-10M,far,-3.7174423996290553,0.5768424516755737,0.8528348621260682,1.1754589460651845,56
Mouse-Dyad-10M,far,-3.7107803164755984,0.5768424516755737,0.8833602163739713,1.1754589460651845,56
Mouse-Dyad-10M,far,-3.7041182333221414,0.5707511383276267,0.8840628919218609,1.1754589460651845,56
Mouse-Dyad-10M,far,-3.6974561501686845,0.5928934193463683,0.8840628919218609,1.1754589460651845,56
Mouse-Dyad-10M,far,-3.690794067015227,0.5928934193463683,0.8840628919218609,1.1485383038009918,56
Mouse-Dyad-10M,far,-3.68413198386177,0.5928934193463683,0.8619190285935917,1.1405093467236251,56
Mouse-Dyad-10M,far,-3.677469900708313,0.5928934193463683,0.8621652904637306,1.1478530516858223,56
Mouse-Dyad-10M,far,-3.6708078175548557,0.605715813235515,0.8621652904637306,1.1573447725322756,56
Mouse-Dyad-10M,far,-3.664145734401399,0.6058051342718521,0.8840628919218609,1.1868513523193194,56
Mouse-Dyad-10M,far,-3.657483651247942,0.6058051342718521,0.9121928280898396,1.1869257138248752,56
Mouse-Dyad-10M,far,-3.6508215680944844,0.6107973011920106,0.9440507625968328,1.1869257138248752,56
Mouse-Dyad-10M,far,-3.6441594849410275,0.6107973011920106,0.9616370777373411,1.1869257138248752,56
Mouse-Dyad-10M,far,-3.6374974017875705,0.6139103772345385,0.9595258139738827,1.2078089100493896,56
Mouse-Dyad-10M,far,-3.6308353186341136,0.6656437476462065,0.9755354243787131,1.215475096148804,56
Mouse-Dyad-10M,far,-3.624173235480656,0.6656437476462065,0.9755354243787131,1.2339439559675938,56
Mouse-Dyad-10M,far,-3.617511152327199,0.6656437476462065,0.9799693143940414,1.22018515379272,56
Mouse-Dyad-10M,far,-3.6108490691737423,0.6656437476462065,0.9799693143940414,1.212377185292321,56
Mouse-Dyad-10M,far,-3.604186986020285,0.6579978830642738,1.013199028473954,1.219940894409206,56
Mouse-Dyad-10M,far,-3.597524902866828,0.6657175423051154,1.0210683436924146,1.219940894409206,56
Mouse-Dyad-10M,far,-3.590862819713371,0.6657175423051154,1.0210683436924146,1.1877469414239152,56
Mouse-Dyad-10M,far,-3.5842007365599136,0.6657175423051154,1.0210683436924146,1.1554701672687264,56
Mouse-Dyad-10M,far,-3.5775386534064566,0.6657175423051154,1.0122405348936736,1.1554701672687264,56
Mouse-Dyad-10M,far,-3.5708765702529996,0.6657175423051154,0.9901663007044345,1.1554701672687264,56
Mouse-Dyad-10M,far,-3.5642144870995427,0.6657175423051154,0.9901663007044345,1.1554701672687264,56
Mouse-Dyad-10M,far,-3.5575524039460853,0.6657175423051154,0.9901663007044345,1.2086074122548567,56
Mouse-Dyad-10M,far,-3.5508903207926283,0.6612740388477115,0.9901663007044345,1.2086074122548567,56
Mouse-Dyad-10M,far,-3.5442282376391714,0.6612740388477115,0.9901663007044345,1.1624236575457068,56
Mouse-Dyad-10M,far,-3.537566154485714,0.6429084781865378,0.9901663007044345,1.1624236575457068,56
Mouse-Dyad-10M,far,-3.530904071332257,0.6426862680537422,0.9901663007044345,1.1624236575457068,56
Mouse-Dyad-10M,far,-3.5242419881788,0.6426862680537422,0.9773234610481913,1.2086074122548567,56
Mouse-Dyad-10M,far,-3.5175799050253427,0.6538365087782212,0.9616370777373411,1.2086074122548567,56
Mouse-Dyad-10M,far,-3.5109178218718857,0.6753369679657661,0.9616370777373411,1.2110813872237385,56
Mouse-Dyad-10M,far,-3.5042557387184288,0.6753369679657661,0.9616370777373411,1.2110813872237385,56
Mouse-Dyad-10M,far,-3.497593655564972,0.6774850276326605,0.9616370777373411,1.1914300762015446,56
Mouse-Dyad-10M,far,-3.4909315724115144,0.7035361758418314,0.9616370777373411,1.1409958201291188,56
Mouse-Dyad-10M,far,-3.4842694892580575,0.7035361758418314,0.9616370777373411,1.1585690534008983,56
Mouse-Dyad-10M,far,-3.4776074061046005,0.7035361758418314,0.9792368567643192,1.1585690534008983,56
Mouse-Dyad-10M,far,-3.470945322951143,0.7035361758418314,0.9792368567643192,1.160636509801395,56
Mouse-Dyad-10M,far,-3.464283239797686,0.6860635860273475,0.9616370777373411,1.1604050359138072,56
Mouse-Dyad-10M,far,-3.457621156644229,0.6744110298565384,0.9440507625968328,1.1811965044165174,56
Mouse-Dyad-10M,far,-3.450959073490772,0.6741657846705825,0.9440507625968328,1.1811965044165174,56
Mouse-Dyad-10M,far,-3.444296990337315,0.6898056408197574,0.9616370777373411,1.187719124344955,56
Mouse-Dyad-10M,far,-3.437634907183858,0.6898056408197574,0.9774517237950967,1.163422285764726,56
Mouse-Dyad-10M,far,-3.430972824030401,0.6898056408197574,0.9687384206244187,1.1637087329727254,56
Mouse-Dyad-10M,far,-3.4243107408769435,0.6898056408197574,0.9687384206244187,1.1637087329727254,56
Mouse-Dyad-10M,far,-3.4176486577234866,0.6898056408197574,0.955572531612769,1.148434538878291,56
Mouse-Dyad-10M,far,-3.4109865745700296,0.6741657846705825,0.955572531612769,1.1490187608404443,56
Mouse-Dyad-10M,far,-3.4043244914165722,0.6858835691724283,0.9343195763587744,1.1490187608404443,56
Mouse-Dyad-10M,far,-3.3976624082631153,0.6858835691724283,0.9343195763587744,1.1468201656131556,56
Mouse-Dyad-10M,far,-3.3910003251096583,0.6858835691724283,0.9343195763587744,1.1466806658953188,56
Mouse-Dyad-10M,far,-3.384338241956201,0.7307086668544287,0.918885426861254,1.1496409101207958,56
Mouse-Dyad-10M,far,-3.377676158802744,0.7307086668544287,0.918885426861254,1.1385524499483073,56
Mouse-Dyad-10M,far,-3.371014075649287,0.7246442241875515,0.9662478868153261,1.1342140914332666,56
Mouse-Dyad-10M,far,-3.3643519924958296,0.7246442241875515,0.9662478868153261,1.1342140914332666,56
Mouse-Dyad-10M,far,-3.3576899093423727,0.7034480929874152,0.9516987415366901,1.1342140914332666,56
Mouse-Dyad-10M,far,-3.3510278261889157,0.6891061742384286,0.9516987415366901,1.1385524499483073,56
Mouse-Dyad-10M,far,-3.3443657430354587,0.6890287573453193,0.9662478868153261,1.1490187608404443,56
Mouse-Dyad-10M,far,-3.3377036598820014,0.6890287573453193,0.9662478868153261,1.159009040273377,56
Mouse-Dyad-10M,far,-3.3310415767285444,0.6890287573453193,0.9662478868153261,1.159009040273377,56
Mouse-Dyad-10M,far,-3.3243794935750874,0.6956895251025359,0.9662478868153261,1.1410979279868834,56
Mouse-Dyad-10M,far,-3.31771741042163,0.6956895251025359,0.9516987415366901,1.1342140914332666,56
Mouse-Dyad-10M,far,-3.311055327268173,0.6956895251025359,0.9362275692528368,1.1410979279868834,56
Mouse-Dyad-10M,far,-3.304393244114716,0.7041074116925807,0.9250342601963985,1.1410979279868834,56
Mouse-Dyad-10M,far,-3.2977311609612587,0.7247251257877584,0.9360479835650604,1.1410979279868834,56
Mouse-Dyad-10M,far,-3.291069077807802,0.7247251257877584,0.9360479835650604,1.1410979279868834,56
Mouse-Dyad-10M,far,-3.284406994654345,0.7247251257877584,0.9250342601963985,1.1410979279868834,56
Mouse-Dyad-10M,far,-3.277744911500888,0.7041074116925807,0.9536342987055686,1.1410979279868834,56
Mouse-Dyad-10M,far,-3.2710828283474305,0.7041074116925807,0.9810970446338227,1.1410979279868834,56
Mouse-Dyad-10M,far,-3.2644207451939735,0.7041074116925807,0.9732983162754885,1.1598704116041603,56
Mouse-Dyad-10M,far,-3.2577586620405166,0.7221389364927986,0.9870793405395899,1.183728130660755,56
Mouse-Dyad-10M,far,-3.251096578887059,0.7221389364927986,0.9876197703436582,1.183728130660755,56
Mouse-Dyad-10M,far,-3.244434495733602,0.7044489899864541,0.9876197703436582,1.183728130660755,56
Mouse-Dyad-10M,far,-3.2377724125801453,0.7221389364927986,0.9927452892993949,1.183728130660755,56
Mouse-Dyad-10M,far,-3.231110329426688,0.7221389364927986,0.9925481688374216,1.183728130660755,56
Mouse-Dyad-10M,far,-3.224448246273231,0.6959126649055506,0.9925481688374216,1.197803767340472,56
Mouse-Dyad-10M,far,-3.217786163119774,0.6959126649055506,0.9923195210124178,1.197803767340472,56
Mouse-Dyad-10M,far,-3.211124079966317,0.6959126649055506,0.9923195210124178,1.197803767340472,56
Mouse-Dyad-10M,far,-3.2044619968128596,0.7334455015681632,0.9923195210124178,1.2718166190908935,56
Mouse-Dyad-10M,far,-3.1977999136594026,0.6959126649055506,0.9733081440132649,1.2718166190908935,56
Mouse-Dyad-10M,far,-3.1911378305059457,0.7579699319726334,0.9620016388727521,1.228392598230294,56
Mouse-Dyad-10M,far,-3.1844757473524883,0.7415060852378568,0.9391861958609682,1.2138717410605144,56
Mouse-Dyad-10M,far,-3.1778136641990313,0.7413952436828106,0.9618274362607301,1.2156539309367733,56
Mouse-Dyad-10M,far,-3.1711515810455744,0.7188685126840236,0.9517824439454565,1.2162421069766212,56
Mouse-Dyad-10M,far,-3.164489497892117,0.7184194865104014,0.9366806508222134,1.2450068780764647,56
Mouse-Dyad-10M,far,-3.15782741473866,0.7184194865104014,0.9366806508222134,1.24539665669983,56
Mouse-Dyad-10M,far,-3.151165331585203,0.7184194865104014,0.9270809734955093,1.2709250238778393,56
Mouse-Dyad-10M,far,-3.144503248431746,0.7184194865104014,0.9274141177493018,1.2709250238778393,56
Mouse-Dyad-10M,far,-3.1378411652782887,0.6943809883960833,0.9274141177493018,1.225417405526552,56
Mouse-Dyad-10M,far,-3.1311790821248318,0.6943809883960833,0.9421982975825104,1.2247936050179882,56
Mouse-Dyad-10M,far,-3.124516998971375,0.6943809883960833,0.9423935395496063,1.2247936050179882,56
Mouse-Dyad-10M,far,-3.1178549158179174,0.7184194865104014,0.9361807847533055,1.2230299414246952,56
Mouse-Dyad-10M,far,-3.1111928326644605,0.7184194865104014,0.9371278016267589,1.2220517194391944,56
Mouse-Dyad-10M,far,-3.1045307495110035,0.7184194865104014,0.9423935395496063,1.2220517194391944,56
Mouse-Dyad-10M,far,-3.097868666357546,0.7184194865104014,0.9371278016267589,1.2220517194391944,56
Mouse-Dyad-10M,far,-3.091206583204089,0.7121713487346328,0.9423935395496063,1.2220517194391944,56
Mouse-Dyad-10M,far,-3.084544500050632,0.6943809883960833,0.9516600726225177,1.2220517194391944,56
Mouse-Dyad-10M,far,-3.0778824168971752,0.6925015666286991,0.9618274362607301,1.2220517194391944,56
Mouse-Dyad-10M,far,-3.071220333743718,0.6925015666286991,0.9618274362607301,1.2220517194391944,56
Mouse-Dyad-10M,far,-3.064558250590261,0.6925015666286991,0.9618274362607301,1.1780137735431895,56
Mouse-Dyad-10M,far,-3.057896167436804,0.6925015666286991,0.9618274362607301,1.2058273700464959,56
Mouse-Dyad-10M,far,-3.0512340842833465,0.6859534938347828,0.9618274362607301,1.1782630977374873,56
Mouse-Dyad-10M,far,-3.0445720011298896,0.6925015666286991,0.9774400175446474,1.2571164642962531,56
Mouse-Dyad-10M,far,-3.0379099179764326,0.6925015666286991,0.9774400175446474,1.2576462825379071,56
Mouse-Dyad-10M,far,-3.031247834822975,0.7411721038797959,0.9774400175446474,1.265693547990821,56
Mouse-Dyad-10M,far,-3.0245857516695183,0.7540442085723608,0.9774400175446474,1.265693547990821,56
Mouse-Dyad-10M,far,-3.0179236685160613,0.7541969751717821,0.9675767683964385,1.2673321475224633,56
Mouse-Dyad-10M,far,-3.011261585362604,0.7541969751717821,0.9675767683964385,1.2673321475224633,56
Mouse-Dyad-10M,far,-3.004599502209147,0.7700827228351955,0.9675767683964385,1.273372858441807,56
Mouse-Dyad-10M,far,-2.99793741905569,0.7700827228351955,0.972315513000976,1.2805593943859885,56
Mouse-Dyad-10M,far,-2.991275335902233,0.7933428192235532,0.9618274362607301,1.2805593943859885,56
Mouse-Dyad-10M,far,-2.9846132527487756,0.7933428192235532,0.9618274362607301,1.2805593943859885,56
Mouse-Dyad-10M,far,-2.9779511695953187,0.7119642750137123,0.9494640181518061,1.2805593943859885,56
Mouse-Dyad-10M,far,-2.9712890864418617,0.7473509378805498,0.9514748004579934,1.2805593943859885,56
Mouse-Dyad-10M,far,-2.9646270032884043,0.7467216650873811,0.9618274362607301,1.2732856295713961,56
Mouse-Dyad-10M,far,-2.9579649201349474,0.7467216650873811,0.9719038899140302,1.2845951849068247,56
Mouse-Dyad-10M,far,-2.9513028369814904,0.7467216650873811,0.9721098751995196,1.3242301953053124,56
Mouse-Dyad-10M,far,-2.944640753828033,0.7103602526097947,0.9721098751995196,1.2946034796845902,56
Mouse-Dyad-10M,far,-2.937978670674576,0.7103602526097947,0.9629359469750436,1.2944347091659274,56
Mouse-Dyad-10M,far,-2.931316587521119,0.7103602526097947,1.005884386225028,1.2944347091659274,56
Mouse-Dyad-10M,far,-2.924654504367662,0.7103602526097947,1.0117779681606818,1.2802145601622992,56
Mouse-Dyad-10M,far,-2.9179924212142048,0.7752933025400341,1.0167467828919579,1.3246209658766468,56
Mouse-Dyad-10M,far,-2.911330338060748,0.7291775039858794,1.0170222359228316,1.3181785667882493,56
Mouse-Dyad-10M,far,-2.904668254907291,0.728939111893643,1.0170222359228316,1.3615449845926428,56
Mouse-Dyad-10M,far,-2.8980061717538335,0.728939111893643,0.9919680497882564,1.3675406127161653,56
Mouse-Dyad-10M,far,-2.8913440886003765,0.728939111893643,1.031950766221602,1.3599461247194196,56
Mouse-Dyad-10M,far,-2.8846820054469196,0.728939111893643,1.0321490924567858,1.3834925378271885,56
Mouse-Dyad-10M,far,-2.878019922293462,0.7523050983464646,1.0610242251894029,1.3873509350124444,56
Mouse-Dyad-10M,far,-2.871357839140005,0.7392677083974275,1.0999524653342556,1.3873509350124444,56
Mouse-Dyad-10M,far,-2.8646957559865482,0.7293653998749703,1.1095622944584849,1.3873509350124444,56
Mouse-Dyad-10M,far,-2.8580336728330913,0.7676629384589454,1.117522057946516,1.3960345774644143,56
Mouse-Dyad-10M,far,-2.851371589679634,0.7958777618909901,1.117522057946516,1.3967350924977022,56
Mouse-Dyad-10M,far,-2.844709506526177,0.7590006781791584,1.1095622944584849,1.3967350924977022,56
Mouse-Dyad-10M,far,-2.83804742337272,0.7738667301062347,1.1133938471386675,1.3763030612628884,56
Mouse-Dyad-10M,far,-2.8313853402192626,0.8070320539989291,1.1134430177559915,1.3763030612628884,56
Mouse-Dyad-10M,far,-2.8247232570658056,0.8078550826823689,1.1095622944584849,1.3763030612628884,56
Mouse-Dyad-10M,far,-2.8180611739123487,0.8078550826823689,1.1095622944584849,1.3763030612628884,56
Mouse-Dyad-10M,far,-2.8113990907588913,0.8108495623556398,1.1095622944584849,1.3763030612628884,56
Mouse-Dyad-10M,far,-2.8047370076054343,0.8336992753673929,1.108829849931646,1.3360838549405902,56
Mouse-Dyad-10M,far,-2.7980749244519774,0.7996242381493988,1.0898946402261993,1.3936113415273357,56
Mouse-Dyad-10M,far,-2.7914128412985204,0.8178757730844167,1.0638174566659377,1.3360838549405902,56
Mouse-Dyad-10M,far,-2.784750758145063,0.7424386698055492,1.0825203138842772,1.2948874645798996,56
Mouse-Dyad-10M,far,-2.778088674991606,0.7942425039038044,1.0825203138842772,1.3290775606622716,56
Mouse-Dyad-10M,far,-2.771426591838149,0.7417982430453183,1.058764642851791,1.3291615028170476,56
Mouse-Dyad-10M,far,-2.7647645086846917,0.7421421059733073,1.0586388901876913,1.2865318062123172,56
Mouse-Dyad-10M,far,-2.7581024255312347,0.7419823781306395,1.0586388901876913,1.2865318062123172,56
Mouse-Dyad-10M,far,-2.751440342377778,0.7456022333970684,1.0848211621206716,1.343078111590252,56
Mouse-Dyad-10M,far,-2.7447782592243204,0.8297643511331696,1.0848211621206716,1.3435729823299345,56
Mouse-Dyad-10M,far,-2.7381161760708634,0.8403733712472423,1.0848211621206716,1.3435729823299345,56
Mouse-Dyad-10M,far,-2.7314540929174065,0.8406048507227888,1.0586388901876913,1.350495334453477,56
Mouse-Dyad-10M,far,-2.7247920097639495,0.8406048507227888,1.0823966772505829,1.3660307751655651,56
Mouse-Dyad-10M,far,-2.718129926610492,0.8301802531527387,1.1087025858172574,1.3658467934199692,56
Mouse-Dyad-10M,far,-2.711467843457035,0.8301802531527387,1.1087025858172574,1.3218684745906322,56
Mouse-Dyad-10M,far,-2.704805760303578,0.8301802531527387,1.1087025858172574,1.3233963187419953,56
Mouse-Dyad-10M,far,-2.698143677150121,0.827672734962946,1.1094572060857661,1.314830172222217,56
Mouse-Dyad-10M,far,-2.691481593996664,0.8566175961723745,1.0837006050288553,1.314739994955123,56
Mouse-Dyad-10M,far,-2.684819510843207,0.8566175961723745,1.1096267801953696,1.314739994955123,56
Mouse-Dyad-10M,far,-2.6781574276897495,0.8613057587846814,1.1095622944584849,1.2914927804342757,56
Mouse-Dyad-10M,far,-2.6714953445362926,0.8721608077321243,1.1095622944584849,1.2901193188939322,56
Mouse-Dyad-10M,far,-2.6648332613828356,0.8721608077321243,1.1095622944584849,1.2901193188939322,56
Mouse-Dyad-10M,far,-2.658171178229378,0.8614109259069291,1.0810566981713228,1.2901193188939322,56
Mouse-Dyad-10M,far,-2.6515090950759213,0.8051362104818938,1.0818113184398315,1.3166565988646899,56
Mouse-Dyad-10M,far,-2.6448470119224643,0.8010879732131064,1.1182606749607706,1.2901193188939322,56
Mouse-Dyad-10M,far,-2.6381849287690073,0.8010879732131064,1.0999749473671083,1.3049993709235577,56
Mouse-Dyad-10M,far,-2.63152284561555,0.7886364374207548,1.0950298158085936,1.3079275273299134,56
Mouse-Dyad-10M,far,-2.624860762462093,0.7886364374207548,1.121234761182894,1.3079275273299134,56
Mouse-Dyad-10M,far,-2.618198679308636,0.7886364374207548,1.1213867779897688,1.3100568356460502,56
Mouse-Dyad-10M,far,-2.6115365961551786,0.7859306679969735,1.1303047853930843,1.3297620698764412,56
Mouse-Dyad-10M,far,-2.6048745130017217,0.785877241470045,1.1303047853930843,1.3305038530401063,56
Mouse-Dyad-10M,far,-2.5982124298482647,0.785877241470045,1.1213867779897688,1.3305038530401063,56
Mouse-Dyad-10M,far,-2.5915503466948073,0.785877241470045,1.1213867779897688,1.3305038530401063,56
Mouse-Dyad-10M,far,-2.5848882635413504,0.785877241470045,1.1211982402967822,1.3243059800506392,56
Mouse-Dyad-10M,far,-2.5782261803878934,0.7701869444483718,1.1211982402967822,1.3241693416040525,56
Mouse-Dyad-10M,far,-2.5715640972344365,0.7701259875524405,1.1211982402967822,1.3241693416040525,56
Mouse-Dyad-10M,far,-2.564902014080979,0.7701259875524405,1.102313848306565,1.3343302353810176,56
Mouse-Dyad-10M,far,-2.558239930927522,0.7701259875524405,1.0454312606127427,1.3241693416040525,56
Mouse-Dyad-10M,far,-2.551577847774065,0.7701259875524405,1.106917270872791,1.348870182821081,56
Mouse-Dyad-10M,far,-2.5449157646206078,0.7701259875524405,1.0875976380744463,1.349291821455995,56
Mouse-Dyad-10M,far,-2.538253681467151,0.785877241470045,1.087296811006907,1.3343302353810176,56
Mouse-Dyad-10M,far,-2.531591598313694,0.785877241470045,1.087296811006907,1.3343302353810176,56
Mouse-Dyad-10M,far,-2.5249295151602364,0.801256221229308,1.106917270872791,1.3149364499835654,56
Mouse-Dyad-10M,far,-2.5182674320067795,0.8014111854158329,1.072830455973592,1.280250157025439,56
Mouse-Dyad-10M,far,-2.5116053488533225,0.8014111854158329,1.072519721461974,1.3661533652395046,56
Mouse-Dyad-10M,far,-2.5049432656998656,0.8014111854158329,1.067483571124945,1.3995970321846036,56
Mouse-Dyad-10M,far,-2.498281182546408,0.7843875377517695,1.0165384745898498,1.3201716548231501,56
Mouse-Dyad-10M,far,-2.4916190993929512,0.8064132064340919,1.0169162284763198,1.3170451646484302,56
Mouse-Dyad-10M,far,-2.4849570162394943,0.8064132064340919,1.0169162284763198,1.3170451646484302,56
Mouse-Dyad-10M,far,-2.478294933086037,0.8064132064340919,1.0169162284763198,1.3170451646484302,56
Mouse-Dyad-10M,far,-2.47163284993258,0.8064132064340919,1.0169162284763198,1.3100376919959138,56
Mouse-Dyad-10M,far,-2.464970766779123,0.8064132064340919,1.0169162284763198,1.3100376919959138,56
Mouse-Dyad-10M,far,-2.4583086836256656,0.8064132064340919,1.0169162284763198,1.3100376919959138,56
Mouse-Dyad-10M,far,-2.4516466004722086,0.8064132064340919,1.023552600996049,1.3614896835355497,56
Mouse-Dyad-10M,far,-2.4449845173187517,0.8166095775378776,1.0581393591419483,1.3620293622089557,56
Mouse-Dyad-10M,far,-2.4383224341652947,0.8166095775378776,1.0581393591419483,1.4091615818884633,56
Mouse-Dyad-10M,far,-2.4316603510118373,0.8166095775378776,1.0581393591419483,1.4450337308602628,56
Mouse-Dyad-10M,far,-2.4249982678583804,0.8166095775378776,1.0581393591419483,1.4091615818884633,56
Mouse-Dyad-10M,far,-2.4183361847049234,0.8166095775378776,1.0316336088302975,1.4080934423858666,56
Mouse-Dyad-10M,far,-2.411674101551466,0.8166095775378776,1.031455375521221,1.3999957648798962,56
Mouse-Dyad-10M,far,-2.405012018398009,0.8064132064340919,1.031455375521221,1.4497822442921406,56
Mouse-Dyad-10M,far,-2.398349935244552,0.8064132064340919,1.0383323863566245,1.449919397962994,56
Mouse-Dyad-10M,far,-2.3916878520910947,0.8064132064340919,1.0383323863566245,1.4525276123799418,56
Mouse-Dyad-10M,far,-2.3850257689376377,0.8064132064340919,1.0383323863566245,1.4525276123799418,56
Mouse-Dyad-10M,far,-2.378363685784181,0.8064132064340919,1.0564208582775538,1.4420117034549893,56
Mouse-Dyad-10M,far,-2.3717016026307234,0.8166095775378776,1.0828186797705617,1.3999957648798962,56
Mouse-Dyad-10M,far,-2.3650395194772664,0.8473947690115694,1.1028579365697628,1.3999957648798962,56
Mouse-Dyad-10M,far,-2.3583774363238095,0.8473947690115694,1.1042783865570507,1.3999957648798962,56
Mouse-Dyad-10M,far,-2.3517153531703525,0.8515564512892012,1.1042783865570507,1.3999957648798962,56
Mouse-Dyad-10M,far,-2.345053270016895,0.8420330719622717,1.1258213887133075,1.3847591498335579,56
Mouse-Dyad-10M,far,-2.338391186863438,0.8533287870690061,1.1258213887133075,1.3847591498335579,56
Mouse-Dyad-10M,far,-2.331729103709981,0.8533287870690061,1.1258213887133075,1.3847591498335579,56
Mouse-Dyad-10M,far,-2.325067020556524,0.8418902978716059,1.1258213887133075,1.3412974002986382,56
Mouse-Dyad-10M,far,-2.318404937403067,0.8418902978716059,1.1258213887133075,1.3286931085404095,56
Mouse-Dyad-10M,far,-2.31174285424961,0.8292389577687773,1.1042783865570507,1.3287267741267235,56
Mouse-Dyad-10M,far,-2.3050807710961525,0.8418902978716059,1.0958495335774072,1.3992387739471968,56
Mouse-Dyad-10M,far,-2.2984186879426955,0.8418902978716059,1.1274513500485803,1.4197483904799586,56
Mouse-Dyad-10M,far,-2.2917566047892386,0.8292389577687773,1.1274513500485803,1.4204402353956846,56
Mouse-Dyad-10M,far,-2.2850945216357816,0.8827824277891765,1.1435925742648885,1.4204402353956846,56
Mouse-Dyad-10M,far,-2.2784324384823242,0.8549388315253612,1.1274513500485803,1.4204402353956846,56
Mouse-Dyad-10M,far,-2.2717703553288673,0.8548121899195995,1.1435925742648885,1.4204402353956846,56
Mouse-Dyad-10M,far,-2.2651082721754103,0.8548121899195995,1.151065323761668,1.3852460258856714,56
Mouse-Dyad-10M,far,-2.258446189021953,0.8529746775001883,1.155303368360978,1.3852460258856714,56
Mouse-Dyad-10M,far,-2.251784105868496,0.8676347406595282,1.1456649050115328,1.3852460258856714,56
Mouse-Dyad-10M,far,-2.245122022715039,0.8676347406595282,1.1456649050115328,1.3852460258856714,56
Mouse-Dyad-10M,far,-2.2384599395615816,0.8676347406595282,1.1385241677270215,1.3982356735868267,56
Mouse-Dyad-10M,far,-2.2317978564081247,0.8676347406595282,1.1383682869704355,1.3804742525515437,56
Mouse-Dyad-10M,far,-2.2251357732546677,0.8676347406595282,1.1383682869704355,1.3804742525515437,56
Mouse-Dyad-10M,far,-2.2184736901012108,0.8676347406595282,1.1369041459249416,1.3804742525515437,56
Mouse-Dyad-10M,far,-2.2118116069477534,0.8676347406595282,1.1435925742648885,1.3502213968360453,56
Mouse-Dyad-10M,far,-2.2051495237942964,0.9126805177565644,1.155303368360978,1.3804742525515437,56
Mouse-Dyad-10M,far,-2.1984874406408395,0.9126805177565644,1.155303368360978,1.3804742525515437,56
Mouse-Dyad-10M,far,-2.191825357487382,0.9126805177565644,1.153224783409936,1.3499603923164871,56
Mouse-Dyad-10M,far,-2.185163274333925,0.9126805177565644,1.1638685543641456,1.4746311040913038,56
Mouse-Dyad-10M,far,-2.178501191180468,0.8920042330982043,1.150890507586038,1.4750938876701336,56
Mouse-Dyad-10M,far,-2.1718391080270107,0.8918149837485249,1.148684795007489,1.504908718646798,56
Mouse-Dyad-10M,far,-2.165177024873554,0.8866749411536885,1.1435113570737376,1.4755524384723289,56
Mouse-Dyad-10M,far,-2.158514941720097,0.8866280266125353,1.1369041459249416,1.4750938876701336,56
Mouse-Dyad-10M,far,-2.15185285856664,0.8866280266125353,1.1350517584555224,1.4750938876701336,56
Mouse-Dyad-10M,far,-2.1451907754131825,0.8866280266125353,1.1369041459249416,1.4750938876701336,56
Mouse-Dyad-10M,far,-2.1385286922597255,0.8843938381957256,1.1635345547896463,1.4750938876701336,56
Mouse-Dyad-10M,far,-2.1318666091062686,0.8843938381957256,1.1634724475873082,1.4750938876701336,56
Mouse-Dyad-10M,far,-2.125204525952811,0.9113643144435181,1.2007744680253019,1.4750938876701336,56
Mouse-Dyad-10M,far,-2.118542442799354,0.9113643144435181,1.20235190333142,1.4750938876701336,56
Mouse-Dyad-10M,far,-2.1118803596458973,0.9113643144435181,1.1983478629133715,1.4750938876701336,56
Mouse-Dyad-10M,far,-2.10521827649244,0.9113643144435181,1.1983478629133715,1.4750938876701336,56
Mouse-Dyad-10M,far,-2.098556193338983,0.9113643144435181,1.1983478629133715,1.4613985963326561,56
Mouse-Dyad-10M,far,-2.091894110185526,0.9113643144435181,1.1761426631865928,1.4543590561006245,56
Mouse-Dyad-10M,far,-2.085232027032069,0.8974102317736201,1.2025413067061081,1.418267854448871,56
Mouse-Dyad-10M,far,-2.0785699438786116,0.8967757755929084,1.2025413067061081,1.418267854448871,56
Mouse-Dyad-10M,far,-2.0719078607251546,0.8843938381957256,1.2051846875295489,1.3840461781374183,56
Mouse-Dyad-10M,far,-2.0652457775716977,0.8609034872761723,1.2051846875295489,1.376278467392003,56
Mouse-Dyad-10M,far,-2.0585836944182403,0.8608557750756474,1.2051846875295489,1.4124076858323473,56
Mouse-Dyad-10M,far,-2.0519216112647833,0.8608557750756474,1.1752574452753484,1.3814844218560582,56
Mouse-Dyad-10M,far,-2.0452595281113264,0.8608557750756474,1.1752574452753484,1.3817416846586332,56
Mouse-Dyad-10M,far,-2.038597444957869,0.8608557750756474,1.1752574452753484,1.4062052970865806,56
Mouse-Dyad-10M,far,-2.031935361804412,0.8481553778980122,1.1468676214814408,1.4063472113788147,56
Mouse-Dyad-10M,far,-2.025273278650955,0.8481553778980122,1.175199831055461,1.4063472113788147,56
Mouse-Dyad-10M,far,-2.0186111954974977,0.8443540377998454,1.1852295468600675,1.412188717804479,56
Mouse-Dyad-10M,far,-2.0119491123440407,0.8443540377998454,1.1848244666485397,1.412188717804479,56
Mouse-Dyad-10M,far,-2.0052870291905838,0.837539772546821,1.2052887460704724,1.4201708485469253,56
Mouse-Dyad-10M,far,-1.9986249460371266,0.837539772546821,1.2054680241075202,1.4201708485469253,56
Mouse-Dyad-10M,far,-1.9919628628836696,0.837539772546821,1.1763459019125846,1.4201708485469253,56
Mouse-Dyad-10M,far,-1.9853007797302125,0.837539772546821,1.1479330534683914,1.4201708485469253,56
Mouse-Dyad-10M,far,-1.9786386965767553,0.837539772546821,1.147800348156816,1.4063472113788147,56
Mouse-Dyad-10M,far,-1.9719766134232983,0.837539772546821,1.1416419055842086,1.4124339080685524,56
Mouse-Dyad-10M,far,-1.9653145302698412,0.748891966910026,1.1416419055842086,1.4120250224234105,56
Mouse-Dyad-10M,far,-1.9586524471163842,0.8062816496964718,1.146418659658384,1.412069610206955,56
Mouse-Dyad-10M,far,-1.951990363962927,0.8064574684976777,1.146418659658384,1.412069610206955,56
Mouse-Dyad-10M,far,-1.9453282808094698,0.7986288467967049,1.155110500310132,1.3886688321753833,56
Mouse-Dyad-10M,far,-1.938666197656013,0.7985890494858293,1.146418659658384,1.3761090397755176,56
Mouse-Dyad-10M,far,-1.9320041145025557,0.7985890494858293,1.155110500310132,1.3673999043963683,56
Mouse-Dyad-10M,far,-1.9253420313490988,0.795550741816664,1.155110500310132,1.3673999043963683,56
Mouse-Dyad-10M,far,-1.9186799481956416,0.7957104393763528,1.155110500310132,1.339344182937052,56
Mouse-Dyad-10M,far,-1.9120178650421844,0.7957104393763528,1.153723093624838,1.3673999043963683,56
Mouse-Dyad-10M,far,-1.9053557818887275,0.8214727226101843,1.1504473954000025,1.3797293817076635,56
Mouse-Dyad-10M,far,-1.8986936987352703,0.8216307624097375,1.1503920600110022,1.3797293817076635,56
Mouse-Dyad-10M,far,-1.8920316155818133,0.8216307624097375,1.1451832941289835,1.3414531366626672,56
Mouse-Dyad-10M,far,-1.8853695324283561,0.8797827187902753,1.1451832941289835,1.3414531366626672,56
Mouse-Dyad-10M,far,-1.878707449274899,0.8797827187902753,1.1374130386279324,1.3414531366626672,56
Mouse-Dyad-10M,far,-1.872045366121442,0.9002205032914299,1.128548069408459,1.3404408336058231,56
Mouse-Dyad-10M,far,-1.8653832829679848,0.899190654939205,1.1079222595871314,1.2894183636592258,56
Mouse-Dyad-10M,far,-1.8587211998145277,0.899190654939205,1.1079222595871314,1.3182401690772227,56
Mouse-Dyad-10M,far,-1.8520591166610707,0.8962844560660772,1.128548069408459,1.2854825036276252,56
Mouse-Dyad-10M,far,-1.8453970335076135,0.88311575169763,1.1079222595871314,1.2892541114153235,56
Mouse-Dyad-10M,far,-1.8387349503541566,0.8688864388004731,1.093029628521386,1.2701657267520434,56
Mouse-Dyad-10M,far,-1.8320728672006994,0.8684601708016579,1.093029628521386,1.2701657267520434,56
Mouse-Dyad-10M,far,-1.8254107840472422,0.8544451414626146,1.0840206155640362,1.2781002821709013,56
Mouse-Dyad-10M,far,-1.8187487008937853,0.8197588755038708,1.0925069628395416,1.278058868432965,56
Mouse-Dyad-10M,far,-1.812086617740328,0.8193063069869677,1.0831698214387333,1.287856224739478,56
Mouse-Dyad-10M,far,-1.8054245345868711,0.8193063069869677,1.0547735539491812,1.287856224739478,56
Mouse-Dyad-10M,far,-1.798762451433414,0.8193063069869677,1.0479034912618828,1.2725564658989468,56
Mouse-Dyad-10M,far,-1.7921003682799568,0.7932614208470294,1.0479034912618828,1.2817975468696758,56
Mouse-Dyad-10M,far,-1.7854382851264998,0.7630015842069745,1.0479034912618828,1.287856224739478,56
Mouse-Dyad-10M,far,-1.7787762019730426,0.7605636438367736,1.0279433718854216,1.3015771854557106,56
Mouse-Dyad-10M,far,-1.7721141188195857,0.7198069350326831,1.0279950311471797,1.301739627317891,56
Mouse-Dyad-10M,far,-1.7654520356661285,0.7198069350326831,1.0279950311471797,1.301739627317891,56
Mouse-Dyad-10M,far,-1.7587899525126713,0.7110195713149603,0.9995974370144061,1.301739627317891,56
Mouse-Dyad-10M,far,-1.7521278693592144,0.7198069350326831,0.9995474036129263,1.301739627317891,56
Mouse-Dyad-10M,far,-1.7454657862057572,0.7198069350326831,0.9995474036129263,1.301739627317891,56
Mouse-Dyad-10M,far,-1.7388037030523003,0.7198069350326831,0.9995474036129263,1.301739627317891,56
Mouse-Dyad-10M,far,-1.732141619898843,0.7110195713149603,0.9995474036129263,1.3139774504159158,56
Mouse-Dyad-10M,far,-1.725479536745386,0.7110195713149603,0.9956249052850038,1.3139381527083844,56
Mouse-Dyad-10M,far,-1.718817453591929,0.7110195713149603,0.9953179547925279,1.288153033699152,56
Mouse-Dyad-10M,far,-1.7121553704384718,0.7110195713149603,0.9935302305178668,1.3592387633937522,56
Mouse-Dyad-10M,far,-1.7054932872850148,0.7110195713149603,0.9935302305178668,1.3409371412396327,56
Mouse-Dyad-10M,far,-1.6988312041315576,0.7110195713149603,0.9935302305178668,1.3292231254427374,56
Mouse-Dyad-10M,far,-1.6921691209781005,0.6913384329637609,1.033927274685369,1.2881140382816787,56
Mouse-Dyad-10M,far,-1.6855070378246435,0.7298418447420819,1.0340374106629793,1.2881140382816787,56
Mouse-Dyad-10M,far,-1.6788449546711863,0.7298418447420819,1.0340374106629793,1.2712770073092021,56
Mouse-Dyad-10M,far,-1.6721828715177294,0.6913384329637609,1.0340374106629793,1.2691338097095985,56
Mouse-Dyad-10M,far,-1.6655207883642722,0.6913384329637609,1.0505609799154336,1.2835007380204582,56
Mouse-Dyad-10M,far,-1.658858705210815,0.6913384329637609,1.037699897757037,1.2835007380204582,56
Mouse-Dyad-10M,far,-1.652196622057358,0.6913384329637609,1.037699897757037,1.2715975101393486,56
Mouse-Dyad-10M,far,-1.645534538903901,0.6913384329637609,1.037699897757037,1.2933041084960102,56
Mouse-Dyad-10M,far,-1.638872455750444,0.6913384329637609,1.0530998462047534,1.2933041084960102,56
Mouse-Dyad-10M,far,-1.6322103725969868,0.6913384329637609,1.049790799599028,1.2933041084960102,56
Mouse-Dyad-10M,far,-1.6255482894435296,0.6913384329637609,1.0497584246271205,1.2933041084960102,56
Mouse-Dyad-10M,far,-1.6188862062900726,0.6913384329637609,1.053290669435141,1.349012265844582,56
Mouse-Dyad-10M,far,-1.6122241231366155,0.6901777410344612,1.0497584246271205,1.2933041084960102,56
Mouse-Dyad-10M,far,-1.6055620399831585,0.6956895251025359,1.0521400420426512,1.2906930037263284,56
Mouse-Dyad-10M,far,-1.5988999568297013,0.6956895251025359,1.0233438673672497,1.2906502456665292,56
Mouse-Dyad-10M,far,-1.5922378736762441,0.6956895251025359,1.0356119702371194,1.3341876964287729,56
Mouse-Dyad-10M,far,-1.5855757905227872,0.6893604768482643,1.0361899117905318,1.3341876964287729,56
Mouse-Dyad-10M,far,-1.57891370736933,0.6893604768482643,1.0232641927093729,1.3341876964287729,56
Mouse-Dyad-10M,far,-1.572251624215873,0.6893604768482643,1.0232641927093729,1.3341876964287729,56
Mouse-Dyad-10M,far,-1.5655895410624159,0.6893604768482643,1.0232641927093729,1.3341876964287729,56
Mouse-Dyad-10M,far,-1.5589274579089587,0.714146800851084,1.0136977000570426,1.3341876964287729,56
Mouse-Dyad-10M,far,-1.5522653747555017,0.6893604768482643,1.013864298951491,1.3341876964287729,56
Mouse-Dyad-10M,far,-1.5456032916020446,0.6893604768482643,1.013864298951491,1.3341876964287729,56
Mouse-Dyad-10M,far,-1.5389412084485876,0.6893604768482643,1.013864298951491,1.3341876964287729,56
Mouse-Dyad-10M,far,-1.5322791252951304,0.6893604768482643,0.9966472326497084,1.3484073029851131,56
Mouse-Dyad-10M,far,-1.5256170421416733,0.6893604768482643,0.9966472326497084,1.3484073029851131,56
Mouse-Dyad-10M,far,-1.5189549589882163,0.6893604768482643,1.010751003782699,1.3341876964287729,56
Mouse-Dyad-10M,far,-1.5122928758347591,0.6893604768482643,1.010751003782699,1.3038226976587313,56
Mouse-Dyad-10M,far,-1.505630792681302,0.6893604768482643,0.9972040322146843,1.3404457144966697,56
Mouse-Dyad-10M,far,-1.498968709527845,0.6893604768482643,0.9971344647481135,1.3404457144966697,56
Mouse-Dyad-10M,far,-1.4923066263743878,0.6893604768482643,0.9971344647481135,1.365362671434873,56
Mouse-Dyad-10M,far,-1.4856445432209309,0.7212742439948967,1.0261810229396224,1.3655497716549272,56
Mouse-Dyad-10M,far,-1.4789824600674737,0.7213987161874262,1.0261810229396224,1.3404457144966697,56
Mouse-Dyad-10M,far,-1.4723203769140165,0.7866802639280901,1.0261810229396224,1.3404457144966697,56
Mouse-Dyad-10M,far,-1.4656582937605596,0.7213987161874262,1.0261810229396224,1.3482995251166154,56
Mouse-Dyad-10M,far,-1.4589962106071024,0.7865899022256575,1.0261810229396224,1.3482995251166154,56
Mouse-Dyad-10M,far,-1.4523341274536454,0.7865899022256575,1.0261810229396224,1.3482995251166154,56
Mouse-Dyad-10M,far,-1.4456720443001883,0.7865899022256575,1.0177388122130915,1.3482995251166154,56
Mouse-Dyad-10M,far,-1.439009961146731,0.7808712554406763,1.0176826235288603,1.4012780760536094,56
Mouse-Dyad-10M,far,-1.4323478779932741,0.7900410134444587,1.0239377471442035,1.344991484408956,56
Mouse-Dyad-10M,far,-1.425685794839817,0.7578059200394307,1.0239377471442035,1.3197130749767838,56
Mouse-Dyad-10M,far,-1.41902371168636,0.7578059200394307,1.0404388078257503,1.3095339964796398,56
Mouse-Dyad-10M,far,-1.4123616285329028,0.7578059200394307,1.0404669542298988,1.3197130749767838,56
Mouse-Dyad-10M,far,-1.4056995453794456,0.748576870972635,1.0404669542298988,1.3197130749767838,56
Mouse-Dyad-10M,far,-1.3990374622259887,0.748576870972635,1.0404669542298988,1.3197130749767838,56
Mouse-Dyad-10M,far,-1.3923753790725315,0.748576870972635,1.0404669542298988,1.3197130749767838,56
Mouse-Dyad-10M,far,-1.3857132959190746,0.748576870972635,1.0262450496345208,1.3197130749767838,56
Mouse-Dyad-10M,far,-1.3790512127656174,0.7603544327194127,1.0417471211407294,1.3197130749767838,56
Mouse-Dyad-10M,far,-1.3723891296121602,0.760400523322594,1.0417471211407294,1.3197130749767838,56
Mouse-Dyad-10M,far,-1.3657270464587032,0.760400523322594,1.0354919975253862,1.3282257928916323,56
Mouse-Dyad-10M,far,-1.359064963305246,0.760400523322594,1.0370746831668853,1.3282257928916323,56
Mouse-Dyad-10M,far,-1.352402880151789,0.7720440301185152,1.0432913341288175,1.3282257928916323,56
Mouse-Dyad-10M,far,-1.345740796998332,0.7720440301185152,1.0370746831668853,1.405125744411115,56
Mouse-Dyad-10M,far,-1.3390787138448748,0.7720440301185152,1.0547042081085913,1.4052944687166993,56
Mouse-Dyad-10M,far,-1.3324166306914178,0.7720440301185152,1.0506225440451429,1.4052944687166993,56
Mouse-Dyad-10M,far,-1.3257545475379606,0.7720440301185152,1.0505609799154336,1.4064542067406653,56
Mouse-Dyad-10M,far,-1.3190924643845037,0.803816346290278,1.0505609799154336,1.4064542067406653,56
Mouse-Dyad-10M,far,-1.3124303812310465,0.803816346290278,1.0505609799154336,1.4064542067406653,56
Mouse-Dyad-10M,far,-1.3057682980775893,0.803816346290278,1.0505609799154336,1.3500249020123007,56
Mouse-Dyad-10M,far,-1.2991062149241324,0.803816346290278,1.0547042081085913,1.3298926006123426,56
Mouse-Dyad-10M,far,-1.2924441317706752,0.803816346290278,1.0585461193313757,1.3500249020123007,56
Mouse-Dyad-10M,far,-1.2857820486172182,0.803816346290278,1.0680466726273803,1.3399555882807208,56
Mouse-Dyad-10M,far,-1.279119965463761,0.803816346290278,1.0680466726273803,1.3716405724022236,56
Mouse-Dyad-10M,far,-1.2724578823103039,0.803816346290278,1.0680466726273803,1.3427074771857548,56
Mouse-Dyad-10M,far,-1.265795799156847,0.803816346290278,1.0680466726273803,1.342489778976895,56
Mouse-Dyad-10M,far,-1.2591337160033897,0.803816346290278,1.0630727768378074,1.3716405724022236,56
Mouse-Dyad-10M,far,-1.2524716328499328,0.7852543188714317,1.0629781310856519,1.395989046435661,56
Mouse-Dyad-10M,far,-1.2458095496964756,0.7838065529863587,1.055202525679946,1.3990482989330884,56
Mouse-Dyad-10M,far,-1.2391474665430184,0.7566641730234213,1.055202525679946,1.4148821077760387,56
Mouse-Dyad-10M,far,-1.2324853833895615,0.7981692636174363,1.055202525679946,1.4218489987572136,56
Mouse-Dyad-10M,far,-1.2258233002361043,0.8197021028527346,1.055202525679946,1.4218489987572136,56
Mouse-Dyad-10M,far,-1.2191612170826474,0.8106405031847441,1.0477774772997295,1.4149664467022016,56
Mouse-Dyad-10M,far,-1.2124991339291902,0.8173245044401756,1.0476981273631039,1.4218489987572136,56
Mouse-Dyad-10M,far,-1.205837050775733,0.8173688775568312,1.0384442228674773,1.4149664467022016,56
Mouse-Dyad-10M,far,-1.199174967622276,0.798634663996285,1.026358028721888,1.4270282957039924,56
Mouse-Dyad-10M,far,-1.1925128844688189,0.7982584247710864,1.026358028721888,1.3968506094343602,56
Mouse-Dyad-10M,far,-1.1858508013153617,0.7982584247710864,1.026358028721888,1.3968506094343602,56
Mouse-Dyad-10M,far,-1.1791887181619047,0.7982584247710864,1.0160440433254676,1.3968506094343602,56
Mouse-Dyad-10M,far,-1.1725266350084476,0.8163562870108939,1.0347779954724992,1.3968506094343602,56
Mouse-Dyad-10M,far,-1.1658645518549906,0.7715973534389693,1.0347779954724992,1.3889257513993885,56
Mouse-Dyad-10M,far,-1.1592024687015334,0.8106812499498759,1.0347779954724992,1.392917452129558,56
Mouse-Dyad-10M,far,-1.1525403855480763,0.7720949513098958,1.0488869890462393,1.392969270033954,56
Mouse-Dyad-10M,far,-1.1458783023946193,0.7720624728433356,1.0367664916973625,1.392969270033954,56
Mouse-Dyad-10M,far,-1.1392162192411621,0.8372340122923643,1.0160440433254676,1.3889257513993885,56
Mouse-Dyad-10M,far,-1.1325541360877052,0.8372340122923643,1.0367664916973625,1.3889257513993885,56
Mouse-Dyad-10M,far,-1.125892052934248,0.8372340122923643,1.0392461997204574,1.3889257513993885,56
Mouse-Dyad-10M,far,-1.1192299697807908,0.8372340122923643,1.039278228678223,1.3889257513993885,56
Mouse-Dyad-10M,far,-1.1125678866273339,0.8372340122923643,1.0410828341685932,1.3889257513993885,56
Mouse-Dyad-10M,far,-1.1059058034738767,0.8372340122923643,1.0553627896766167,1.37776038284627,56
Mouse-Dyad-10M,far,-1.0992437203204197,0.8288913538607744,1.0553627896766167,1.3406256081022778,56
Mouse-Dyad-10M,far,-1.0925816371669625,0.8288302548404503,1.0367664916973625,1.3406256081022778,56
Mouse-Dyad-10M,far,-1.0859195540135054,0.8288302548404503,1.0367664916973625,1.3406256081022778,56
Mouse-Dyad-10M,far,-1.0792574708600484,0.8288302548404503,1.0731895697701836,1.3144570015491936,56
Mouse-Dyad-10M,far,-1.0725953877065912,0.8288302548404503,1.0732363399589027,1.3309943561771707,56
Mouse-Dyad-10M,far,-1.0659333045531343,0.8334137559818136,1.0732363399589027,1.3195555669682832,56
Mouse-Dyad-10M,far,-1.059271221399677,0.8334437938699626,1.0845708088082975,1.319498610081291,56
Mouse-Dyad-10M,far,-1.05260913824622,0.8170878857218515,1.078448171599943,1.319498610081291,56
Mouse-Dyad-10M,far,-1.045947055092763,0.8169169071669378,1.0571635168673945,1.282823166312126,56
Mouse-Dyad-10M,far,-1.0392849719393058,0.8169169071669378,1.0670250150168537,1.2560593494248156,56
Mouse-Dyad-10M,far,-1.0326228887858488,0.8169169071669378,1.0732363399589027,1.2560593494248156,56
Mouse-Dyad-10M,far,-1.0259608056323917,0.8229755513993846,1.0732363399589027,1.250989304768257,56
Mouse-Dyad-10M,far,-1.0192987224789345,0.8229755513993846,1.0571635168673945,1.250989304768257,56
Mouse-Dyad-10M,far,-1.0126366393254775,0.8229755513993846,1.0732363399589027,1.2370624720452892,56
Mouse-Dyad-10M,far,-1.0059745561720204,0.8229755513993846,1.0732363399589027,1.2370624720452892,56
Mouse-Dyad-10M,far,-0.9993124730185633,0.8090484881550893,1.0571635168673945,1.2331883001073916,56
Mouse-Dyad-10M,far,-0.9926503898651062,0.8090484881550893,1.0571635168673945,1.2331883001073916,56
Mouse-Dyad-10M,far,-0.9859883067116492,0.772534678648624,1.040050358182536,1.2169765888115447,56
Mouse-Dyad-10M,far,-0.9793262235581921,0.772534678648624,1.0348171042846053,1.238240977305182,56
Mouse-Dyad-10M,far,-0.9726641404047349,0.7683372505581598,1.0347935821919951,1.2382211025027878,56
Mouse-Dyad-10M,far,-0.9660020572512779,0.7594661279001829,1.0012419694171668,1.2186137777623356,56
Mouse-Dyad-10M,far,-0.9593399740978208,0.7594661279001829,1.0012419694171668,1.2465377050485125,56
Mouse-Dyad-10M,far,-0.9526778909443637,0.7594661279001829,0.9763583657734877,1.2403499654065202,56
Mouse-Dyad-10M,far,-0.9460158077909067,0.7322330978882842,0.9745729984604692,1.2188239499311928,56
Mouse-Dyad-10M,far,-0.9393537246374495,0.7446364889526605,0.9745729984604692,1.2525199631133233,56
Mouse-Dyad-10M,far,-0.9326916414839924,0.7396009901437138,0.9988089063621675,1.2611552151844339,56
Mouse-Dyad-10M,far,-0.9260295583305354,0.7396009901437138,0.9839147845185787,1.2611552151844339,56
Mouse-Dyad-10M,far,-0.9193674751770783,0.7396009901437138,0.9838255332321293,1.2363818288456372,56
Mouse-Dyad-10M,far,-0.9127053920236211,0.7396009901437138,0.9838255332321293,1.2191215502225274,56
Mouse-Dyad-10M,far,-0.906043308870164,0.7396009901437138,0.9753056658039747,1.2156182051962585,56
Mouse-Dyad-10M,far,-0.899381225716707,0.7396009901437138,0.9752098780269869,1.2078049523418335,56
Mouse-Dyad-10M,far,-0.8927191425632499,0.7292917496882627,0.9745729984604692,1.2182861342404627,56
Mouse-Dyad-10M,far,-0.8860570594097928,0.7292917496882627,0.9752098780269869,1.219359088602794,56
Mouse-Dyad-10M,far,-0.8793949762563357,0.7292917496882627,0.9745729984604692,1.219359088602794,56
Mouse-Dyad-10M,far,-0.8727328931028786,0.6751556611509485,0.9731587704030946,1.2004444262009033,56
Mouse-Dyad-10M,far,-0.8660708099494215,0.7446197785829315,0.9503314188606289,1.20404848295957,56
Mouse-Dyad-10M,far,-0.8594087267959645,0.7446364889526605,0.9745729984604692,1.2039838125123956,56
Mouse-Dyad-10M,far,-0.8527466436425074,0.7446364889526605,0.9750524719092972,1.2039838125123956,56
Mouse-Dyad-10M,far,-0.8460845604890502,0.7446364889526605,0.9750524719092972,1.1986899569583822,56
Mouse-Dyad-10M,far,-0.8394224773355932,0.7348027923842498,0.9750524719092972,1.2717733741189108,56
Mouse-Dyad-10M,far,-0.8327603941821361,0.7348027923842498,0.9750524719092972,1.2717733741189108,56
Mouse-Dyad-10M,far,-0.826098311028679,0.7348027923842498,0.9754593831872932,1.2913163847087776,56
Mouse-Dyad-10M,far,-0.819436227875222,0.7446364889526605,0.9754593831872932,1.2717733741189108,56
Mouse-Dyad-10M,far,-0.8127741447217648,0.7446364889526605,0.9767899276083618,1.2717733741189108,56
Mouse-Dyad-10M,far,-0.8061120615683077,0.7841436744086975,0.9748225036207756,1.2673056330753083,56
Mouse-Dyad-10M,far,-0.7994499784148507,0.7939986850017198,0.9748225036207756,1.2672699640632157,56
Mouse-Dyad-10M,far,-0.7927878952613936,0.8001759569007807,0.9748225036207756,1.2608270264073114,56
Mouse-Dyad-10M,far,-0.7861258121079365,0.8004145932630189,0.9767269720755216,1.2608270264073114,56
Mouse-Dyad-10M,far,-0.7794637289544794,0.8004145932630189,0.9748225036207756,1.2671525639678722,56
Mouse-Dyad-10M,far,-0.7728016458010223,0.8004145932630189,0.9748225036207756,1.2771349996710954,56
Mouse-Dyad-10M,far,-0.7661395626475652,0.7939986850017198,0.9725643735943917,1.232241843815152,56
Mouse-Dyad-10M,far,-0.7594774794941082,0.7939986850017198,0.9748225036207756,1.2771349996710954,56
Mouse-Dyad-10M,far,-0.752815396340651,0.7932819129947223,0.9748225036207756,1.2771349996710954,56
Mouse-Dyad-10M,far,-0.7461533131871939,0.7844510768622572,0.9982391527870931,1.2771349996710954,56
Mouse-Dyad-10M,far,-0.7394912300337368,0.7909269189924302,0.9982391527870931,1.2729128667875933,56
Mouse-Dyad-10M,far,-0.7328291468802798,0.7909269189924302,0.9748225036207756,1.2814729297261072,56
Mouse-Dyad-10M,far,-0.7261670637268227,0.7909269189924302,0.9748225036207756,1.2814729297261072,56
Mouse-Dyad-10M,far,-0.7195049805733655,0.7909269189924302,0.9748225036207756,1.272891162026792,56
Mouse-Dyad-10M,far,-0.7128428974199085,0.7909269189924302,0.9754593831872932,1.272891162026792,56
Mouse-Dyad-10M,far,-0.7061808142664514,0.7909269189924302,0.9748225036207756,1.2814729297261072,56
Mouse-Dyad-10M,far,-0.6995187311129943,0.7909269189924302,0.9748225036207756,1.2814729297261072,56
Mouse-Dyad-10M,far,-0.6928566479595373,0.7688801636442303,0.9668840606969384,1.272891162026792,56
Mouse-Dyad-10M,far,-0.6861945648060801,0.765253525259729,0.9641309901965096,1.2814729297261072,56
Mouse-Dyad-10M,far,-0.679532481652623,0.7797146194119088,0.9748225036207756,1.2814729297261072,56
Mouse-Dyad-10M,far,-0.672870398499166,0.7798641034296572,0.9793493878435102,1.2814729297261072,56
Mouse-Dyad-10M,far,-0.6662083153457089,0.7798641034296572,0.9675463179782233,1.2625369577160876,56
Mouse-Dyad-10M,far,-0.6595462321922518,0.7900554806852385,0.9568656713703972,1.266780795360391,56
Mouse-Dyad-10M,far,-0.6528841490387947,0.7900554806852385,0.9567725502844129,1.266780795360391,56
Mouse-Dyad-10M,far,-0.6462220658853376,0.7900554806852385,0.9669845902598508,1.266780795360391,56
Mouse-Dyad-10M,far,-0.6395599827318805,0.7976862901893108,0.9669845902598508,1.2568651168780232,56
Mouse-Dyad-10M,far,-0.6328978995784235,0.7976862901893108,0.9669845902598508,1.2568651168780232,56
Mouse-Dyad-10M,far,-0.6262358164249664,0.7976862901893108,0.9748225036207756,1.2646908903813094,56
Mouse-Dyad-10M,far,-0.6195737332715092,0.8005020262087268,0.9748225036207756,1.2878275882891386,56
Mouse-Dyad-10M,far,-0.6129116501180522,0.8005020262087268,0.9769017362135168,1.299471215967071,56
Mouse-Dyad-10M,far,-0.6062495669645951,0.7977038906930967,0.9769017362135168,1.299471215967071,56
Mouse-Dyad-10M,far,-0.599587483811138,0.7700538039177558,0.9748225036207756,1.299471215967071,56
Mouse-Dyad-10M,far,-0.5929254006576808,0.785213837503292,0.9748225036207756,1.3167574753911164,56
Mouse-Dyad-10M,far,-0.5862633175042238,0.7794072976866715,0.9641309901965096,1.3167574753911164,56
Mouse-Dyad-10M,far,-0.5796012343507667,0.7900554806852385,0.9641309901965096,1.3167574753911164,56
Mouse-Dyad-10M,far,-0.5729391511973096,0.7900554806852385,0.9641309901965096,1.3167574753911164,56
Mouse-Dyad-10M,far,-0.5662770680438526,0.7793910138660619,0.9471851484560705,1.2878275882891386,56
Mouse-Dyad-10M,far,-0.5596149848903954,0.7793910138660619,0.9471051960085082,1.275537787270429,56
Mouse-Dyad-10M,far,-0.5529529017369383,0.770365118866541,0.9471051960085082,1.2767047107897964,56
Mouse-Dyad-10M,far,-0.5462908185834813,0.7786526694284883,0.9471051960085082,1.2767047107897964,56
Mouse-Dyad-10M,far,-0.5396287354300242,0.7786526694284883,0.9690638228525922,1.2767047107897964,56
Mouse-Dyad-10M,far,-0.5329666522765671,0.760035703903582,0.9690638228525922,1.3526406441101175,56
Mouse-Dyad-10M,far,-0.52630456912311,0.7600231210402527,0.9690638228525922,1.3527012656426725,56
Mouse-Dyad-10M,far,-0.5196424859696529,0.7600231210402527,0.9810841737245991,1.369391110030532,56
Mouse-Dyad-10M,far,-0.5129804028161958,0.7600231210402527,0.9796631318595466,1.3527324974750063,56
Mouse-Dyad-10M,far,-0.5063183196627388,0.7900554806852385,0.979696519537799,1.3527012656426725,56
Mouse-Dyad-10M,far,-0.49965623650928165,0.7900554806852385,0.979696519537799,1.3527012656426725,56
Mouse-Dyad-10M,far,-0.4929941533558246,0.7786644525289237,0.9810841737245991,1.3527012656426725,56
Mouse-Dyad-10M,far,-0.48633207020236746,0.7600231210402527,0.9810841737245991,1.3527012656426725,56
Mouse-Dyad-10M,far,-0.4796699870489104,0.7305681076160211,0.9810841737245991,1.369391110030532,56
Mouse-Dyad-10M,far,-0.47300790389545333,0.7515098323078189,0.9841956295016159,1.3568014250024514,56
Mouse-Dyad-10M,far,-0.4663458207419962,0.7004549109471563,1.0126332261772046,1.3040940221322512,56
Mouse-Dyad-10M,far,-0.45968373758853914,0.7271289387671167,1.0126332261772046,1.304051942611923,56
Mouse-Dyad-10M,far,-0.453021654435082,0.7271289387671167,1.0126332261772046,1.332784497632256,56
Mouse-Dyad-10M,far,-0.44635957128162496,0.7271289387671167,1.0126332261772046,1.3328000347105884,56
Mouse-Dyad-10M,far,-0.43969748812816783,0.7271289387671167,1.0126332261772046,1.3328000347105884,56
Mouse-Dyad-10M,far,-0.43303540497471077,0.7618902307280067,1.0126332261772046,1.3157690502817259,56
Mouse-Dyad-10M,far,-0.4263733218212537,0.7792872422164668,1.0111338900885651,1.2776256194117428,56
Mouse-Dyad-10M,far,-0.4197112386677966,0.7663208673816504,1.0473827562262183,1.2776256194117428,56
Mouse-Dyad-10M,far,-0.4130491555143395,0.7662981423838453,1.0547042081085913,1.2756612719327227,56
Mouse-Dyad-10M,far,-0.4063870723608824,0.7662981423838453,1.0558091298878605,1.2667223561953516,56
Mouse-Dyad-10M,far,-0.39972498920742533,0.7619268394041885,1.0111338900885651,1.2543393580151023,56
Mouse-Dyad-10M,far,-0.39306290605396826,0.7632758917933693,1.0111338900885651,1.2756612719327227,56
Mouse-Dyad-10M,far,-0.38640082290051114,0.7632631004101427,1.0473827562262183,1.2756612719327227,56
Mouse-Dyad-10M,far,-0.3797387397470541,0.7632631004101427,1.0473827562262183,1.2756612719327227,56
Mouse-Dyad-10M,far,-0.37307665659359696,0.7792872422164668,1.0553283887887606,1.3092777481704931,56
Mouse-Dyad-10M,far,-0.3664145734401399,0.7792872422164668,1.0074425378074465,1.3092448977217128,56
Mouse-Dyad-10M,far,-0.35975249028668277,0.7792872422164668,1.0074425378074465,1.3092448977217128,56
Mouse-Dyad-10M,far,-0.3530904071332257,0.7792872422164668,0.9738213324046365,1.3092448977217128,56
Mouse-Dyad-10M,far,-0.34642832397976864,0.7792872422164668,0.9738213324046365,1.3135315327653765,56
Mouse-Dyad-10M,far,-0.3397662408263115,0.7792872422164668,0.9738213324046365,1.3092448977217128,56
Mouse-Dyad-10M,far,-0.33310415767285445,0.7792872422164668,1.009062739020726,1.311903277598893,56
Mouse-Dyad-10M,far,-0.32644207451939733,0.7792872422164668,1.0090784675998874,1.3119108348503414,56
Mouse-Dyad-10M,far,-0.31977999136594026,0.7609106915895851,1.0090784675998874,1.3110223069106424,56
Mouse-Dyad-10M,far,-0.3131179082124832,0.7609106915895851,1.0411266323411383,1.291468917770043,56
Mouse-Dyad-10M,far,-0.3064558250590261,0.7913098816737518,1.0411561900864608,1.277198657380517,56
Mouse-Dyad-10M,far,-0.299793741905569,0.7913098816737518,1.0411561900864608,1.277198657380517,56
Mouse-Dyad-10M,far,-0.2931316587521119,0.7966730186526961,1.0085555494233647,1.2581561469065325,56
Mouse-Dyad-10M,far,-0.2864695755986548,0.796697332468012,1.0084999852512624,1.2951193784132962,56
Mouse-Dyad-10M,far,-0.2798074924451977,0.796697332468012,1.0084999852512624,1.2922271241249992,56
Mouse-Dyad-10M,far,-0.27314540929174064,0.8196363939052281,0.9764222627646888,1.2922175276942647,56
Mouse-Dyad-10M,far,-0.26648332613828357,0.8196869499170395,0.9764222627646888,1.2922175276942647,56
Mouse-Dyad-10M,far,-0.25982124298482645,0.747739988623918,1.0035425787829968,1.2922175276942647,56
Mouse-Dyad-10M,far,-0.2531591598313694,0.747739988623918,1.0035620992372891,1.3002179451329758,56
Mouse-Dyad-10M,far,-0.2464970766779123,0.750009258036765,1.0035620992372891,1.305418014757728,56
Mouse-Dyad-10M,far,-0.2398349935244552,0.7500159861125947,1.0201176368732467,1.3002545301289212,56
Mouse-Dyad-10M,far,-0.2331729103709981,0.7500159861125947,1.0201046286544138,1.3110743175567934,56
Mouse-Dyad-10M,far,-0.226510827217541,0.7642296447031277,1.0201046286544138,1.311077703463463,56
Mouse-Dyad-10M,far,-0.21984874406408392,0.7642517586198923,1.00512819862951,1.311077703463463,56
Mouse-Dyad-10M,far,-0.21318666091062685,0.7642517586198923,0.9885960649620792,1.311077703463463,56
Mouse-Dyad-10M,far,-0.20652457775716976,0.7642517586198923,1.0356398217238627,1.3002639640272187,56
Mouse-Dyad-10M,far,-0.19986249460371266,0.747739988623918,1.0411561900864608,1.3002639640272187,56
Mouse-Dyad-10M,far,-0.19320041145025557,0.7588643078256321,1.0356398217238627,1.2922292903324162,56
Mouse-Dyad-10M,far,-0.18653832829679848,0.7588643078256321,1.0356398217238627,1.311077703463463,56
Mouse-Dyad-10M,far,-0.17987624514334138,0.7627256288321571,1.0382975366652292,1.3157404823998484,56
Mouse-Dyad-10M,far,-0.17321416198988432,0.7627304191542092,1.0501236077979283,1.358335820266914,56
Mouse-Dyad-10M,far,-0.16655207883642723,0.7627304191542092,1.0446072394353303,1.3575859461110646,56
Mouse-Dyad-10M,far,-0.15988999568297013,0.7627304191542092,1.0342448770295645,1.3575835771053129,56
Mouse-Dyad-10M,far,-0.15322791252951304,0.7892261200204018,1.0342331742295676,1.358335820266914,56
Mouse-Dyad-10M,far,-0.14656582937605594,0.7892387707438555,1.0342331742295676,1.4061271746938104,56
Mouse-Dyad-10M,far,-0.13990374622259885,0.8416894834933676,1.0342331742295676,1.4061271746938104,56
Mouse-Dyad-10M,far,-0.13324166306914179,0.8345965149189036,1.0223722239040622,1.3652748300978037,56
Mouse-Dyad-10M,far,-0.1265795799156847,0.8345965149189036,1.010704826776775,1.3578825759540356,56
Mouse-Dyad-10M,far,-0.1199174967622276,0.8345965149189036,1.0106969340164031,1.3578807755096642,56
Mouse-Dyad-10M,far,-0.1132554136087705,0.8345965149189036,1.0105112028996688,1.3578807755096642,56
Mouse-Dyad-10M,far,-0.10659333045531343,0.8345965149189036,1.0223722239040622,1.3578807755096642,56
Mouse-Dyad-10M,far,-0.09993124730185633,0.8293670690526493,1.0105112028996688,1.3578807755096642,56
Mouse-Dyad-10M,far,-0.09326916414839924,0.8607749003504829,1.0105112028996688,1.3499379480025828,56
Mouse-Dyad-10M,far,-0.08660708099494216,0.8607749003504829,1.0105112028996688,1.3586429990069182,56
Mouse-Dyad-10M,far,-0.07994499784148507,0.8607749003504829,1.0105112028996688,1.3586429990069182,56
Mouse-Dyad-10M,far,-0.07328291468802797,0.8607749003504829,1.0105112028996688,1.3791220653690088,56
Mouse-Dyad-10M,far,-0.06662083153457089,0.8649469375598131,1.0485566289685089,1.3556274366420125,56
Mouse-Dyad-10M,far,-0.0599587483811138,0.8430042849291672,1.061328450934007,1.3556297987566603,56
Mouse-Dyad-10M,far,-0.05329666522765671,0.8399699575785878,1.06133114993272,1.3556297987566603,56
Mouse-Dyad-10M,far,-0.04663458207419962,0.8416921776979427,1.0485598135902483,1.3556297987566603,56
Mouse-Dyad-10M,far,-0.03997249892074253,0.8416894834933676,1.06133114993272,1.3694317535006642,56
Mouse-Dyad-10M,far,-0.033310415767285446,0.8498276895014638,1.06133114993272,1.3694323339418073,56
Mouse-Dyad-10M,far,-0.026648332613828356,0.8498276895014638,1.06133114993272,1.3694323339418073,56
Mouse-Dyad-10M,far,-0.019986249460371266,0.8498276895014638,1.0819079388275201,1.3694323339418073,56
Mouse-Dyad-10M,far,-0.013324166306914178,0.8498276895014638,1.0819110770721752,1.3694323339418073,56
Mouse-Dyad-10M,far,-0.006662083153457089,0.8498276895014638,1.0819110770721752,1.3694323339418073,56
Mouse-Dyad-10M,far,0.0,0.8401292749071541,1.0485598135902483,1.3694323339418073,56
Mouse-Dyad-10M,far,0.006662083153457089,0.8401292749071541,1.0485598135902483,1.3396174730521018,56
Mouse-Dyad-10M,far,0.013324166306914178,0.8269114966411862,1.0485598135902483,1.3396174730521018,56
Mouse-Dyad-10M,far,0.019986249460371266,0.828224428739003,1.0485598135902483,1.3396174730521018,56
Mouse-Dyad-10M,far,0.026648332613828356,0.8088113395408641,1.0485598135902483,1.3396174730521018,56
Mouse-Dyad-10M,far,0.033310415767285446,0.8088113395408641,1.0485598135902483,1.3396174730521018,56
Mouse-Dyad-10M,far,0.03997249892074253,0.8088113395408641,1.0485598135902483,1.3396174730521018,56
Mouse-Dyad-10M,far,0.04663458207419962,0.8088113395408641,1.0485598135902483,1.3396174730521018,56
Mouse-Dyad-10M,far,0.05329666522765671,0.8129058751231,1.0485598135902483,1.3141859787265946,56
Mouse-Dyad-10M,far,0.0599587483811138,0.8129058751231,1.0359921914449437,1.3308970236713515,56
Mouse-Dyad-10M,far,0.06662083153457089,0.8230109761853327,1.0501236077979283,1.302113891060626,56
Mouse-Dyad-10M,far,0.07328291468802797,0.8311954676733655,1.0737081576818057,1.3141859787265946,56
Mouse-Dyad-10M,far,0.07994499784148507,0.8311954676733655,1.0737081576818057,1.31415890992856,56
Mouse-Dyad-10M,far,0.08660708099494216,0.8311954676733655,1.1000989520149809,1.2632656214571099,56
Mouse-Dyad-10M,far,0.09326916414839924,0.8311954676733655,1.1132881106707027,1.30408511678024,56
Mouse-Dyad-10M,far,0.09993124730185633,0.8311954676733655,1.1018637459179415,1.30408511678024,56
Mouse-Dyad-10M,far,0.10659333045531343,0.8311954676733655,1.060677784577046,1.30408511678024,56
Mouse-Dyad-10M,far,0.1132554136087705,0.8311954676733655,1.0209201472982374,1.3551571971271477,56
Mouse-Dyad-10M,far,0.1199174967622276,0.8230062508445628,1.0209201472982374,1.3551571971271477,56
Mouse-Dyad-10M,far,0.1265795799156847,0.8129058751231,1.020933302376097,1.3551571971271477,56
Mouse-Dyad-10M,far,0.13324166306914179,0.8129058751231,1.0333078327861025,1.3629186370136135,56
Mouse-Dyad-10M,far,0.13990374622259885,0.8230062508445628,1.0444979796939737,1.3543664259081012,56
Mouse-Dyad-10M,far,0.14656582937605594,0.8104965845126743,1.073484249076711,1.3629108894728277,56
Mouse-Dyad-10M,far,0.15322791252951304,0.8104965845126743,1.0922335364994353,1.3659394138004812,56
Mouse-Dyad-10M,far,0.15988999568297013,0.8104915996113866,1.0922335364994353,1.3659394138004812,56
Mouse-Dyad-10M,far,0.16655207883642723,0.7862814056730227,1.0922335364994353,1.3659394138004812,56
Mouse-Dyad-10M,far,0.17321416198988432,0.80743619300752,1.0922335364994353,1.3659443928114177,56
Mouse-Dyad-10M,far,0.17987624514334138,0.8074437104270757,1.073484249076711,1.368609103130889,56
Mouse-Dyad-10M,far,0.18653832829679848,0.8202486982409762,1.0922335364994353,1.368609103130889,56
Mouse-Dyad-10M,far,0.19320041145025557,0.8202486982409762,1.0922256947406677,1.368609103130889,56
Mouse-Dyad-10M,far,0.19986249460371266,0.8105004407518425,1.0738993925111582,1.3685956081373247,56
Mouse-Dyad-10M,far,0.20652457775716976,0.8202486982409762,1.0738993925111582,1.3789093061937052,56
Mouse-Dyad-10M,far,0.21318666091062685,0.8189728260579963,1.0537849246840814,1.3789093061937052,56
Mouse-Dyad-10M,far,0.21984874406408392,0.8189728260579963,1.0537849246840814,1.3789093061937052,56
Mouse-Dyad-10M,far,0.226510827217541,0.8189360332044071,1.0537849246840814,1.3789093061937052,56
Mouse-Dyad-10M,far,0.2331729103709981,0.7714279000553571,1.0431271207746518,1.3577998269290399,56
Mouse-Dyad-10M,far,0.2398349935244552,0.7714279000553571,1.0431312760380873,1.3770347618464363,56
Mouse-Dyad-10M,far,0.2464970766779123,0.7893294701104705,1.048116824653778,1.3789093061937052,56
Mouse-Dyad-10M,far,0.2531591598313694,0.8244635915708488,1.0542212935707418,1.3663208102101356,56
Mouse-Dyad-10M,far,0.25982124298482645,0.8244635915708488,1.0568676650390048,1.3693554914476591,56
Mouse-Dyad-10M,far,0.26648332613828357,0.7893222433222298,1.0542212935707418,1.394271202714433,56
Mouse-Dyad-10M,far,0.27314540929174064,0.7666062587436351,1.0542212935707418,1.3941861263930306,56
Mouse-Dyad-10M,far,0.2798074924451977,0.7666062587436351,1.0542212935707418,1.3755502241853204,56
Mouse-Dyad-10M,far,0.2864695755986548,0.7598052481465629,1.0542212935707418,1.3670660508190013,56
Mouse-Dyad-10M,far,0.2931316587521119,0.807643441584692,1.0528561131663894,1.356181794520939,56
Mouse-Dyad-10M,far,0.299793741905569,0.807643441584692,1.0528561131663894,1.35462009447322,56
Mouse-Dyad-10M,far,0.3064558250590261,0.8087360464185378,1.0542212935707418,1.3519542749516082,56
Mouse-Dyad-10M,far,0.3131179082124832,0.8087360464185378,1.0528561131663894,1.3567067815379257,56
Mouse-Dyad-10M,far,0.31977999136594026,0.8086841035664117,1.0528561131663894,1.3567067815379257,56
Mouse-Dyad-10M,far,0.32644207451939733,0.7714279000553571,1.064791346704915,1.3567067815379257,56
Mouse-Dyad-10M,far,0.33310415767285445,0.7714279000553571,1.079498989392071,1.3567067815379257,56
Mouse-Dyad-10M,far,0.3397662408263115,0.7643944240199096,1.079498989392071,1.3567067815379257,56
Mouse-Dyad-10M,far,0.34642832397976864,0.7643944240199096,1.064791346704915,1.3567067815379257,56
Mouse-Dyad-10M,far,0.3530904071332257,0.7470769569172215,1.064791346704915,1.3724649022119053,56
Mouse-Dyad-10M,far,0.35975249028668277,0.7470769569172215,1.064791346704915,1.3724649022119053,56
Mouse-Dyad-10M,far,0.3664145734401399,0.7470769569172215,1.0484964926483507,1.3724649022119053,56
Mouse-Dyad-10M,far,0.37307665659359696,0.7470769569172215,1.0498986869864835,1.3726238034974765,56
Mouse-Dyad-10M,far,0.3797387397470541,0.7470769569172215,1.025518491805081,1.3726238034974765,56
Mouse-Dyad-10M,far,0.38640082290051114,0.7558543660830739,1.025518491805081,1.3726238034974765,56
Mouse-Dyad-10M,far,0.39306290605396826,0.7558543660830739,1.025518491805081,1.4182423448684591,56
Mouse-Dyad-10M,far,0.39972498920742533,0.7558543660830739,1.025518491805081,1.3726238034974765,56
Mouse-Dyad-10M,far,0.4063870723608824,0.7558543660830739,1.0498986869864835,1.3726238034974765,56
Mouse-Dyad-10M,far,0.4130491555143395,0.7558543660830739,1.045198791469633,1.3726238034974765,56
Mouse-Dyad-10M,far,0.4197112386677966,0.7558543660830739,1.045198791469633,1.3726238034974765,56
Mouse-Dyad-10M,far,0.4263733218212537,0.7558543660830739,1.045198791469633,1.3726238034974765,56
Mouse-Dyad-10M,far,0.43303540497471077,0.7558191354904013,1.0504502095715833,1.3882996821463982,56
Mouse-Dyad-10M,far,0.43969748812816783,0.7643944240199096,1.0504502095715833,1.4093114824200252,56
Mouse-Dyad-10M,far,0.44635957128162496,0.7643944240199096,1.0504502095715833,1.394271202714433,56
Mouse-Dyad-10M,far,0.453021654435082,0.7644109471740403,1.0504502095715833,1.4168123804337782,56
Mouse-Dyad-10M,far,0.45968373758853914,0.8047106488655364,1.0365133771855368,1.4168123804337782,56
Mouse-Dyad-10M,far,0.4663458207419962,0.7643944240199096,1.0470266183189965,1.4168123804337782,56
Mouse-Dyad-10M,far,0.47300790389545333,0.7643944240199096,1.045198791469633,1.416817136607992,56
Mouse-Dyad-10M,far,0.4796699870489104,0.7643944240199096,1.045198791469633,1.4182423448684591,56
Mouse-Dyad-10M,far,0.48633207020236746,0.7643944240199096,1.045198791469633,1.4182423448684591,56
Mouse-Dyad-10M,far,0.4929941533558246,0.7643944240199096,1.045198791469633,1.4182423448684591,56
Mouse-Dyad-10M,far,0.49965623650928165,0.7644397016557815,1.045198791469633,1.394271202714433,56
Mouse-Dyad-10M,far,0.5063183196627388,0.8208531314668156,1.045198791469633,1.4182423448684591,56
Mouse-Dyad-10M,far,0.5129804028161958,0.8208531314668156,1.0452416686033956,1.4182423448684591,56
Mouse-Dyad-10M,far,0.5196424859696529,0.8088548755858609,1.0464750957338969,1.394271202714433,56
Mouse-Dyad-10M,far,0.52630456912311,0.8088548755858609,1.0610241910614642,1.394271202714433,56
Mouse-Dyad-10M,far,0.5329666522765671,0.8088548755858609,1.0610241910614642,1.394271202714433,56
Mouse-Dyad-10M,far,0.5396287354300242,0.8089891541568098,1.055039287503843,1.4182423448684591,56
Mouse-Dyad-10M,far,0.5462908185834813,0.8503999810783902,1.0674801639869749,1.394271202714433,56
Mouse-Dyad-10M,far,0.5529529017369383,0.8503999810783902,1.0798582264946281,1.394271202714433,56
Mouse-Dyad-10M,far,0.5596149848903954,0.8504454142455059,1.079883618859494,1.394271202714433,56
Mouse-Dyad-10M,far,0.5662770680438526,0.858412626020941,1.0734349991584158,1.394271202714433,56
Mouse-Dyad-10M,far,0.5729391511973096,0.8329494089971106,1.0734349991584158,1.380043747148632,56
Mouse-Dyad-10M,far,0.5796012343507667,0.8233904332044448,1.0980897008025208,1.380043747148632,56
Mouse-Dyad-10M,far,0.5862633175042238,0.8342842097886948,1.0980897008025208,1.3800187304478924,56
Mouse-Dyad-10M,far,0.5929254006576808,0.8238970836358598,1.0980897008025208,1.4166345743798778,56
Mouse-Dyad-10M,far,0.599587483811138,0.8551992585641903,1.0980897008025208,1.4166345743798778,56
Mouse-Dyad-10M,far,0.6062495669645951,0.821398401583241,1.0980897008025208,1.4279370072589093,56
Mouse-Dyad-10M,far,0.6129116501180522,0.821398401583241,1.0734349991584158,1.4275310736677205,56
Mouse-Dyad-10M,far,0.6195737332715092,0.821398401583241,1.0734349991584158,1.4279370072589093,56
Mouse-Dyad-10M,far,0.6262358164249664,0.821398401583241,1.0734349991584158,1.434482037074809,56
Mouse-Dyad-10M,far,0.6328978995784235,0.8206783363299854,1.0544048594668336,1.4346307057070868,56
Mouse-Dyad-10M,far,0.6395599827318805,0.821398401583241,1.0734349991584158,1.4168123804337782,56
Mouse-Dyad-10M,far,0.6462220658853376,0.854535248023789,1.073475293777157,1.4168123804337782,56
Mouse-Dyad-10M,far,0.6528841490387947,0.854535248023789,1.091756995261618,1.4168123804337782,56
Mouse-Dyad-10M,far,0.6595462321922518,0.8717325070786919,1.1271075014802072,1.4168123804337782,56
Mouse-Dyad-10M,far,0.6662083153457089,0.8717325070786919,1.1271075014802072,1.4168123804337782,56
Mouse-Dyad-10M,far,0.672870398499166,0.8643391089656571,1.1163078648085503,1.374214110254973,56
Mouse-Dyad-10M,far,0.679532481652623,0.8717325070786919,1.077947776922882,1.3855888250168302,56
Mouse-Dyad-10M,far,0.6861945648060801,0.8643391089656571,1.077947776922882,1.391787402923394,56
Mouse-Dyad-10M,far,0.6928566479595373,0.8349330884824067,1.077947776922882,1.3715444209245653,56
Mouse-Dyad-10M,far,0.6995187311129943,0.8302984258762267,1.077947776922882,1.3715444209245653,56
Mouse-Dyad-10M,far,0.7061808142664514,0.8216307624097375,1.077947776922882,1.3792158138849524,56
Mouse-Dyad-10M,far,0.7128428974199085,0.8216307624097375,1.0988132021436432,1.3715444209245653,56
Mouse-Dyad-10M,far,0.7195049805733655,0.8216307624097375,1.0664440643395319,1.3663685151597345,56
Mouse-Dyad-10M,far,0.7261670637268227,0.8216307624097375,1.0642367998531872,1.3663685151597345,56
Mouse-Dyad-10M,far,0.7328291468802798,0.8216307624097375,1.0851022250739484,1.3734066432710814,56
Mouse-Dyad-10M,far,0.7394912300337368,0.8216307624097375,1.0851022250739484,1.374214110254973,56
Mouse-Dyad-10M,far,0.7461533131871939,0.8216307624097375,1.0851022250739484,1.374214110254973,56
Mouse-Dyad-10M,far,0.752815396340651,0.8216829380096656,1.085146416749093,1.374214110254973,56
Mouse-Dyad-10M,far,0.7594774794941082,0.8746986745341281,1.1027989410524315,1.3647425898193652,56
Mouse-Dyad-10M,far,0.7661395626475652,0.8822869958451062,1.1027989410524315,1.374214110254973,56
Mouse-Dyad-10M,far,0.7728016458010223,0.8822869958451062,1.1027989410524315,1.374214110254973,56
Mouse-Dyad-10M,far,0.7794637289544794,0.8883442611083064,1.094397064412887,1.3981572177100436,56
Mouse-Dyad-10M,far,0.7861258121079365,0.8883442611083064,1.094397064412887,1.3981572177100436,56
Mouse-Dyad-10M,far,0.7927878952613936,0.8866280266125353,1.1193630658719282,1.3981572177100436,56
Mouse-Dyad-10M,far,0.7994499784148507,0.8714357183232282,1.1193630658719282,1.3981572177100436,56
Mouse-Dyad-10M,far,0.8061120615683077,0.8714357183232282,1.1350740162927122,1.4301921437707663,56
Mouse-Dyad-10M,far,0.8127741447217648,0.8330305355746969,1.1146895064570943,1.4301921437707663,56
Mouse-Dyad-10M,far,0.819436227875222,0.8330305355746969,1.1013980014438403,1.4301921437707663,56
Mouse-Dyad-10M,far,0.826098311028679,0.8330305355746969,1.1013980014438403,1.4301921437707663,56
Mouse-Dyad-10M,far,0.8327603941821361,0.8330305355746969,1.1013980014438403,1.385569015348816,56
Mouse-Dyad-10M,far,0.8394224773355932,0.8330305355746969,1.1013980014438403,1.3343729774193593,56
Mouse-Dyad-10M,far,0.8460845604890502,0.8330305355746969,1.0855842768969692,1.385569015348816,56
Mouse-Dyad-10M,far,0.8527466436425074,0.8330305355746969,1.100730827643594,1.385569015348816,56
Mouse-Dyad-10M,far,0.8594087267959645,0.8330305355746969,1.073742834116508,1.3955350260974029,56
Mouse-Dyad-10M,far,0.8660708099494215,0.8330305355746969,1.0743787560838491,1.4215225314600959,56
Mouse-Dyad-10M,far,0.8727328931028786,0.8330305355746969,1.0617185030152747,1.4215225314600959,56
Mouse-Dyad-10M,far,0.8793949762563357,0.8480127258707346,1.0402550796327625,1.408548847499962,56
Mouse-Dyad-10M,far,0.8860570594097928,0.8168417924602307,1.0402550796327625,1.408548847499962,56
Mouse-Dyad-10M,far,0.8927191425632499,0.8170023558479231,1.0402550796327625,1.408548847499962,56
Mouse-Dyad-10M,far,0.899381225716707,0.8509264384297295,1.0402550796327625,1.408548847499962,56
Mouse-Dyad-10M,far,0.906043308870164,0.8878667352150428,1.0378266469895419,1.408548847499962,56
Mouse-Dyad-10M,far,0.9127053920236211,0.8724093940613293,1.0378266469895419,1.4085234965519675,56
Mouse-Dyad-10M,far,0.9193674751770783,0.8332779756918045,1.0378266469895419,1.3899961822021967,56
Mouse-Dyad-10M,far,0.9260295583305354,0.8312624609595328,1.0378266469895419,1.3899961822021967,56
Mouse-Dyad-10M,far,0.9326916414839924,0.8312624609595328,1.024269571843461,1.4021323575931923,56
Mouse-Dyad-10M,far,0.9393537246374495,0.8758741441286981,1.064002902639717,1.4171601780168717,56
Mouse-Dyad-10M,far,0.9460158077909067,0.8758741441286981,1.09345686481723,1.4169983290867236,56
Mouse-Dyad-10M,far,0.9526778909443637,0.8312624609595328,1.0676487162430397,1.3907980157988418,56
Mouse-Dyad-10M,far,0.9593399740978208,0.8312624609595328,1.083786866647249,1.3907980157988418,56
Mouse-Dyad-10M,far,0.9660020572512779,0.8312624609595328,1.0802785188898527,1.3907980157988418,56
Mouse-Dyad-10M,far,0.9726641404047349,0.8312624609595328,1.0802785188898527,1.385411596057372,56
Mouse-Dyad-10M,far,0.9793262235581921,0.8312624609595328,1.0802785188898527,1.385411596057372,56
Mouse-Dyad-10M,far,0.9859883067116492,0.8312624609595328,1.0801546503412514,1.385411596057372,56
Mouse-Dyad-10M,far,0.9926503898651062,0.8312624609595328,1.0684567698041327,1.385411596057372,56
Mouse-Dyad-10M,far,0.9993124730185633,0.8315563169721405,1.0482944296926722,1.385411596057372,56
Mouse-Dyad-10M,far,1.0059745561720204,0.8330305355746969,1.0684567698041327,1.3853273121960634,56
Mouse-Dyad-10M,far,1.0126366393254775,0.8330305355746969,1.0684567698041327,1.4034064195823979,56
Mouse-Dyad-10M,far,1.0192987224789345,0.8331748654162165,1.0838011418028968,1.4034064195823979,56
Mouse-Dyad-10M,far,1.0259608056323917,0.854028597592374,1.0851829373149364,1.3840460117959343,56
Mouse-Dyad-10M,far,1.0326228887858488,0.854028597592374,1.0966059376572985,1.3790749225549779,56
Mouse-Dyad-10M,far,1.0392849719393058,0.854028597592374,1.0966059376572985,1.374863663838723,56
Mouse-Dyad-10M,far,1.045947055092763,0.854028597592374,1.1224895557392691,1.3195532478588348,56
Mouse-Dyad-10M,far,1.05260913824622,0.8540573282945656,1.1224895557392691,1.295035811754884,56
Mouse-Dyad-10M,far,1.059271221399677,0.8657767490481653,1.1219773136656654,1.295035811754884,56
Mouse-Dyad-10M,far,1.0659333045531343,0.8657767490481653,1.092787616761877,1.3071700749170925,56
Mouse-Dyad-10M,far,1.0725953877065912,0.867753035104113,1.092787616761877,1.3071700749170925,56
Mouse-Dyad-10M,far,1.0792574708600484,0.8774509210665677,1.092787616761877,1.3071700749170925,56
Mouse-Dyad-10M,far,1.0859195540135054,0.8773629794764819,1.0866402415049403,1.3071700749170925,56
Mouse-Dyad-10M,far,1.0925816371669625,0.8773629794764819,1.0866402415049403,1.3071700749170925,56
Mouse-Dyad-10M,far,1.0992437203204197,0.8675443651933628,1.0852704335123997,1.3634258505085537,56
Mouse-Dyad-10M,far,1.1059058034738767,0.8394733825170873,1.0528417484976726,1.3230985047572767,56
Mouse-Dyad-10M,far,1.1125678866273339,0.7580015803439892,1.0528417484976726,1.3108743905703448,56
Mouse-Dyad-10M,far,1.1192299697807908,0.8061733344091461,1.0528417484976726,1.3109056481612935,56
Mouse-Dyad-10M,far,1.125892052934248,0.8125433786372984,1.0528417484976726,1.324380331488558,56
Mouse-Dyad-10M,far,1.1325541360877052,0.7828769971876752,1.063865483334962,1.324380331488558,56
Mouse-Dyad-10M,far,1.1392162192411621,0.782811055497899,1.0629494427234367,1.3758972637514324,56
Mouse-Dyad-10M,far,1.1458783023946193,0.769814134411948,1.0629494427234367,1.3758012582935173,56
Mouse-Dyad-10M,far,1.1525403855480763,0.8151115729149062,1.062840645065123,1.3698688124415113,56
Mouse-Dyad-10M,far,1.1592024687015334,0.8231621239152308,1.05626337777299,1.3698688124415113,56
Mouse-Dyad-10M,far,1.1658645518549906,0.8231621239152308,1.05626337777299,1.3836790459680082,56
Mouse-Dyad-10M,far,1.1725266350084476,0.8231621239152308,1.056310969136545,1.3836790459680082,56
Mouse-Dyad-10M,far,1.1791887181619047,0.8231621239152308,1.0571794183845151,1.3836790459680082,56
Mouse-Dyad-10M,far,1.1858508013153617,0.8231621239152308,1.0571794183845151,1.3835825683449972,56
Mouse-Dyad-10M,far,1.1925128844688189,0.7886734634901332,1.0777563213910488,1.4095313116601567,56
Mouse-Dyad-10M,far,1.199174967622276,0.7886734634901332,1.0777563213910488,1.4095313116601567,56
Mouse-Dyad-10M,far,1.205837050775733,0.8159167222638264,1.0777563213910488,1.4095313116601567,56
Mouse-Dyad-10M,far,1.2124991339291902,0.8231621239152308,1.0777563213910488,1.4095313116601567,56
Mouse-Dyad-10M,far,1.2191612170826474,0.8231621239152308,1.077878290046332,1.3836790459680082,56
Mouse-Dyad-10M,far,1.2258233002361043,0.8231621239152308,1.095106077227614,1.3836790459680082,56
Mouse-Dyad-10M,far,1.2324853833895615,0.8231621239152308,1.0895690360971517,1.3836790459680082,56
Mouse-Dyad-10M,far,1.2391474665430184,0.8507415961519094,1.1220253777848765,1.3836665861313353,56
Mouse-Dyad-10M,far,1.2458095496964756,0.8507415961519094,1.1055802972712807,1.367297867310695,56
Mouse-Dyad-10M,far,1.2524716328499328,0.8507415961519094,1.095106077227614,1.3263892269945847,56
Mouse-Dyad-10M,far,1.2591337160033897,0.9083306298217415,1.095106077227614,1.341354426951328,56
Mouse-Dyad-10M,far,1.265795799156847,0.9201005056592864,1.095106077227614,1.350952940633761,56
Mouse-Dyad-10M,far,1.2724578823103039,0.9201005056592864,1.0883389820999763,1.3549541071810653,56
Mouse-Dyad-10M,far,1.279119965463761,0.9179560678589664,1.0880822976095037,1.3549541071810653,56
Mouse-Dyad-10M,far,1.2857820486172182,0.9064207837299666,1.091008577286771,1.3442622227032957,56
Mouse-Dyad-10M,far,1.2924441317706752,0.9064207837299666,1.1134658965162898,1.3477924057996546,56
Mouse-Dyad-10M,far,1.2991062149241324,0.9029373782373109,1.1120153356956024,1.3477924057996546,56
Mouse-Dyad-10M,far,1.3057682980775893,0.8950255098765213,1.1120153356956024,1.3442224741327746,56
Mouse-Dyad-10M,far,1.3124303812310465,0.9029373782373109,1.1024960402641928,1.2878748828854674,56
Mouse-Dyad-10M,far,1.3190924643845037,0.9029373782373109,1.090738326019421,1.2878748828854674,56
Mouse-Dyad-10M,far,1.3257545475379606,0.9030145608040728,1.090738326019421,1.2668227571658481,56
Mouse-Dyad-10M,far,1.3324166306914178,0.8936235444491935,1.090738326019421,1.2325760775027372,56
Mouse-Dyad-10M,far,1.3390787138448748,0.9179560678589664,1.1327771403891105,1.2920616223228938,56
Mouse-Dyad-10M,far,1.345740796998332,0.9179560678589664,1.1327771403891105,1.3077210276308207,56
Mouse-Dyad-10M,far,1.352402880151789,0.9179560678589664,1.1101523930888915,1.3170782366141665,56
Mouse-Dyad-10M,far,1.359064963305246,0.9179560678589664,1.1101523930888915,1.3321551684541397,56
Mouse-Dyad-10M,far,1.3657270464587032,0.9179560678589664,1.098641109609455,1.3321551684541397,56
Mouse-Dyad-10M,far,1.3723891296121602,0.9179560678589664,1.0987246627270806,1.3321551684541397,56
Mouse-Dyad-10M,far,1.3790512127656174,0.9179560678589664,1.105024444927341,1.3321551684541397,56
Mouse-Dyad-10M,far,1.3857132959190746,0.9006314714613177,1.105024444927341,1.3258942739362731,56
Mouse-Dyad-10M,far,1.3923753790725315,0.9007760320399608,1.0919340068839956,1.3258942739362731,56
Mouse-Dyad-10M,far,1.3990374622259887,0.88572536875133,1.0919340068839956,1.3290072732902611,56
Mouse-Dyad-10M,far,1.4056995453794456,0.88572536875133,1.0919340068839956,1.3290072732902611,56
Mouse-Dyad-10M,far,1.4123616285329028,0.88572536875133,1.105024444927341,1.3290072732902611,56
Mouse-Dyad-10M,far,1.41902371168636,0.8962714923573829,1.105024444927341,1.3338075836100218,56
Mouse-Dyad-10M,far,1.425685794839817,0.8962714923573829,1.1059083478923235,1.3338637351528044,56
Mouse-Dyad-10M,far,1.4323478779932741,0.8994808861480765,1.128067022808641,1.3477924057996546,56
Mouse-Dyad-10M,far,1.439009961146731,0.9241137253736644,1.1282191563367976,1.3348040677239106,56
Mouse-Dyad-10M,far,1.4456720443001883,0.9501934630289592,1.1532244730646402,1.3290072732902611,56
Mouse-Dyad-10M,far,1.4523341274536454,0.9505548547384292,1.1434505661930876,1.3290072732902611,56
Mouse-Dyad-10M,far,1.4589962106071024,0.8975359250224509,1.1569817622869998,1.3291674553652189,56
Mouse-Dyad-10M,far,1.4656582937605596,0.9218937509465533,1.1498919856515875,1.3338075836100218,56
Mouse-Dyad-10M,far,1.4723203769140165,0.9105707504933919,1.1498919856515875,1.32639587114619,56
Mouse-Dyad-10M,far,1.4789824600674737,0.9105707504933919,1.1498919856515875,1.3216210277615439,56
Mouse-Dyad-10M,far,1.4856445432209309,0.9105707504933919,1.131463210532198,1.3338075836100218,56
Mouse-Dyad-10M,far,1.4923066263743878,0.9284931127856748,1.1442894120083733,1.3338075836100218,56
Mouse-Dyad-10M,far,1.498968709527845,0.9317538871361211,1.1442894120083733,1.3338075836100218,56
Mouse-Dyad-10M,far,1.505630792681302,0.9543886963119895,1.1441657769643307,1.3338075836100218,56
Mouse-Dyad-10M,far,1.5122928758347591,0.9340327783544201,1.1284498073649012,1.333549063071332,56
Mouse-Dyad-10M,far,1.5189549589882163,0.9340327783544201,1.1283808852316923,1.3264450789882338,56
Mouse-Dyad-10M,far,1.5256170421416733,0.9340327783544201,1.1316479477137094,1.3264450789882338,56
Mouse-Dyad-10M,far,1.5322791252951304,0.9269657091420496,1.1316479477137094,1.3348805882672912,56
Mouse-Dyad-10M,far,1.5389412084485876,0.9340327783544201,1.1316479477137094,1.3526160135938279,56
Mouse-Dyad-10M,far,1.5456032916020446,0.9103839394105091,1.1316479477137094,1.342932677597866,56
Mouse-Dyad-10M,far,1.5522653747555017,0.9163189147804981,1.1500767228330988,1.342932677597866,56
Mouse-Dyad-10M,far,1.5589274579089587,0.9009781085485422,1.154839409786689,1.3428058474642446,56
Mouse-Dyad-10M,far,1.5655895410624159,0.9009374215940671,1.150194404059325,1.3387180681399569,56
Mouse-Dyad-10M,far,1.572251624215873,0.8824150627585411,1.1246787233657427,1.3387180681399569,56
Mouse-Dyad-10M,far,1.57891370736933,0.8824150627585411,1.136666079026632,1.3311012500451957,56
Mouse-Dyad-10M,far,1.5855757905227872,0.8825115975130269,1.1244742490094162,1.322510749567575,56
Mouse-Dyad-10M,far,1.5922378736762441,0.8579525057678792,1.1054522866332976,1.3471337319414778,56
Mouse-Dyad-10M,far,1.5988999568297013,0.8579525057678792,1.1054522866332976,1.3471337319414778,56
Mouse-Dyad-10M,far,1.6055620399831585,0.8594299812511866,1.1276109615496153,1.3471337319414778,56
Mouse-Dyad-10M,far,1.6122241231366155,0.8448198980041028,1.1274986902904067,1.3471337319414778,56
Mouse-Dyad-10M,far,1.6188862062900726,0.8448198980041028,1.1164578825795508,1.3471337319414778,56
Mouse-Dyad-10M,far,1.6255482894435296,0.8193767713005137,1.1054522866332976,1.3471337319414778,56
Mouse-Dyad-10M,far,1.6322103725969868,0.8378129277434762,1.1164578825795508,1.3471337319414778,56
Mouse-Dyad-10M,far,1.638872455750444,0.8594299812511866,1.1164578825795508,1.3303399250533452,56
Mouse-Dyad-10M,far,1.645534538903901,0.8594299812511866,1.1054522866332976,1.2981816627247151,56
Mouse-Dyad-10M,far,1.652196622057358,0.8594299812511866,1.1054522866332976,1.2985771986136112,56
Mouse-Dyad-10M,far,1.658858705210815,0.8706388415661028,1.1054522866332976,1.2933404156298995,56
Mouse-Dyad-10M,far,1.6655207883642722,0.8706388415661028,1.116528436012226,1.2933404156298995,56
Mouse-Dyad-10M,far,1.6721828715177294,0.8706388415661028,1.1054522866332976,1.2933404156298995,56
Mouse-Dyad-10M,far,1.6788449546711863,0.8706388415661028,1.0926393924347628,1.2933404156298995,56
Mouse-Dyad-10M,far,1.6855070378246435,0.8706388415661028,1.0926393924347628,1.3132990896874894,56
Mouse-Dyad-10M,far,1.6921691209781005,0.8706388415661028,1.0925987488189601,1.3300726555863716,56
Mouse-Dyad-10M,far,1.6988312041315576,0.8706388415661028,1.0886536535259745,1.33014514716238,56
Mouse-Dyad-10M,far,1.7054932872850148,0.8706388415661028,1.0886536535259745,1.354385260558119,56
Mouse-Dyad-10M,far,1.7121553704384718,0.8661280177273891,1.0886536535259745,1.3898365458705162,56
Mouse-Dyad-10M,far,1.718817453591929,0.8661280177273891,1.102810711690191,1.3897632014524366,56
Mouse-Dyad-10M,far,1.725479536745386,0.8661280177273891,1.102810711690191,1.3765665746926428,56
Mouse-Dyad-10M,far,1.732141619898843,0.855480515239591,1.0886536535259745,1.3245702350715536,56
Mouse-Dyad-10M,far,1.7388037030523003,0.8326178206015351,1.0886536535259745,1.3312620551600958,56
Mouse-Dyad-10M,far,1.7454657862057572,0.8326178206015351,1.0886536535259745,1.3556084686875671,56
Mouse-Dyad-10M,far,1.7521278693592144,0.8326178206015351,1.0880546147446952,1.3556084686875671,56
Mouse-Dyad-10M,far,1.7587899525126713,0.8141183502890289,1.0714959531137167,1.3556084686875671,56
Mouse-Dyad-10M,far,1.7654520356661285,0.8172194733582804,1.0852614157263165,1.3307885666467625,56
Mouse-Dyad-10M,far,1.7721141188195857,0.8172194733582804,1.0540110614423304,1.3064342646324927,56
Mouse-Dyad-10M,far,1.7787762019730426,0.8172194733582804,1.0480163376175227,1.2935883948940108,56
Mouse-Dyad-10M,far,1.7854382851264998,0.7863363825850419,1.0428878801000554,1.2722508302230686,56
Mouse-Dyad-10M,far,1.7921003682799568,0.7863363825850419,1.0827097786817794,1.2722508302230686,56
Mouse-Dyad-10M,far,1.798762451433414,0.7863363825850419,1.0827097786817794,1.2722508302230686,56
Mouse-Dyad-10M,far,1.8054245345868711,0.7863363825850419,1.0628193271080693,1.2547145534100155,56
Mouse-Dyad-10M,far,1.812086617740328,0.768483746296872,1.0627186634897556,1.2486548752687239,56
Mouse-Dyad-10M,far,1.8187487008937853,0.7863363825850419,1.0485806921617544,1.2402296129333643,56
Mouse-Dyad-10M,far,1.8254107840472422,0.7710382647531986,1.0483726188509483,1.2292391208955529,56
Mouse-Dyad-10M,far,1.8320728672006994,0.7555928788022337,1.0462411146307775,1.2486548752687239,56
Mouse-Dyad-10M,far,1.8387349503541566,0.7320937390303317,1.0462411146307775,1.2486548752687239,56
Mouse-Dyad-10M,far,1.8453970335076135,0.7320937390303317,1.0251788863383031,1.2568153053687514,56
Mouse-Dyad-10M,far,1.8520591166610707,0.7320937390303317,1.0251788863383031,1.2486548752687239,56
Mouse-Dyad-10M,far,1.8587211998145277,0.732515312367632,1.0251788863383031,1.299460600848199,56
Mouse-Dyad-10M,far,1.8653832829679848,0.740966698893603,1.0342712958228093,1.3005910809819565,56
Mouse-Dyad-10M,far,1.872045366121442,0.740966698893603,1.0462411146307775,1.3005910809819565,56
Mouse-Dyad-10M,far,1.878707449274899,0.740966698893603,1.038911785343947,1.2953694637755608,56
Mouse-Dyad-10M,far,1.8853695324283561,0.752657527183509,1.038911785343947,1.2953694637755608,56
Mouse-Dyad-10M,far,1.8920316155818133,0.752657527183509,1.03280808166919,1.2953694637755608,56
Mouse-Dyad-10M,far,1.8986936987352703,0.752657527183509,1.0302043730819295,1.2958240110672343,56
Mouse-Dyad-10M,far,1.9053557818887275,0.7525489583198459,1.0251788863383031,1.299089674389743,56
Mouse-Dyad-10M,far,1.9120178650421844,0.737947556997244,1.0344317257830804,1.299089674389743,56
Mouse-Dyad-10M,far,1.9186799481956416,0.737947556997244,1.0405500680590212,1.3012665227756108,56
Mouse-Dyad-10M,far,1.9253420313490988,0.737947556997244,1.0559913968661152,1.2606383226868991,56
Mouse-Dyad-10M,far,1.9320041145025557,0.737947556997244,1.0559913968661152,1.299089674389743,56
Mouse-Dyad-10M,far,1.938666197656013,0.737947556997244,1.0562254099608643,1.299089674389743,56
Mouse-Dyad-10M,far,1.9453282808094698,0.737947556997244,1.075295239006005,1.299089674389743,56
Mouse-Dyad-10M,far,1.951990363962927,0.7365751002350015,1.0914153942885196,1.2991576402553382,56
Mouse-Dyad-10M,far,1.9586524471163842,0.6764185985939212,1.0934949781180767,1.3006827462423223,56
Mouse-Dyad-10M,far,1.9653145302698412,0.7365751002350015,1.0935508866538215,1.2677029690695376,56
Mouse-Dyad-10M,far,1.9719766134232983,0.7503703558755854,1.1032191265431626,1.268136765826927,56
Mouse-Dyad-10M,far,1.9786386965767553,0.7577394915162127,1.1032191265431626,1.3326634276603073,56
Mouse-Dyad-10M,far,1.9853007797302125,0.7577394915162127,1.1032191265431626,1.3325228141626049,56
Mouse-Dyad-10M,far,1.9919628628836696,0.7577394915162127,1.1139899541722134,1.3166491500826862,56
Mouse-Dyad-10M,far,1.9986249460371266,0.7577394915162127,1.1147288605270251,1.3005910809819565,56
Mouse-Dyad-10M,far,2.0052870291905838,0.7710382647531986,1.1196282823506722,1.3005910809819565,56
Mouse-Dyad-10M,far,2.0119491123440407,0.7711124058817669,1.1196282823506722,1.2629141848706664,56
Mouse-Dyad-10M,far,2.0186111954974977,0.7902451633423865,1.1144975621649063,1.2543911384140225,56
Mouse-Dyad-10M,far,2.025273278650955,0.7902451633423865,1.1144975621649063,1.254361729396092,56
Mouse-Dyad-10M,far,2.031935361804412,0.7902451633423865,1.1144975621649063,1.2372477169479525,56
Mouse-Dyad-10M,far,2.038597444957869,0.7902451633423865,1.1165913242738528,1.2554531360288133,56
Mouse-Dyad-10M,far,2.0452595281113264,0.7902451633423865,1.1144975621649063,1.2764101915674162,56
Mouse-Dyad-10M,far,2.0519216112647833,0.7902451633423865,1.1118961920632673,1.2706260216274354,56
Mouse-Dyad-10M,far,2.0585836944182403,0.7902451633423865,1.1118961920632673,1.2688906173779488,56
Mouse-Dyad-10M,far,2.0652457775716977,0.7921890660059031,1.1144975621649063,1.2689787443919216,56
Mouse-Dyad-10M,far,2.0719078607251546,0.8198750817626068,1.1165913242738528,1.2949106018303356,56
Mouse-Dyad-10M,far,2.0785699438786116,0.8205313402283464,1.1144975621649063,1.316757378893311,56
Mouse-Dyad-10M,far,2.085232027032069,0.8238947388239166,1.1165913242738528,1.326842881058388,56
Mouse-Dyad-10M,far,2.091894110185526,0.8654012005158122,1.1196282823506722,1.326842881058388,56
Mouse-Dyad-10M,far,2.098556193338983,0.8654012005158122,1.1196282823506722,1.3164306152971756,56
Mouse-Dyad-10M,far,2.10521827649244,0.8654012005158122,1.1165913242738528,1.3164306152971756,56
Mouse-Dyad-10M,far,2.1118803596458973,0.8654012005158122,1.1161162766752453,1.322027034393873,56
Mouse-Dyad-10M,far,2.118542442799354,0.8654012005158122,1.1146301825544327,1.3157660573214245,56
Mouse-Dyad-10M,far,2.125204525952811,0.8654012005158122,1.1122725616892821,1.2962599976478495,56
Mouse-Dyad-10M,far,2.1318666091062686,0.8654012005158122,1.1048044634319862,1.2966323356583636,56
Mouse-Dyad-10M,far,2.1385286922597255,0.8654012005158122,1.1048044634319862,1.324656074378118,56
Mouse-Dyad-10M,far,2.1451907754131825,0.8654012005158122,1.1048044634319862,1.324656074378118,56
Mouse-Dyad-10M,far,2.15185285856664,0.8654012005158122,1.1048044634319862,1.324656074378118,56
Mouse-Dyad-10M,far,2.158514941720097,0.8520782539527701,1.1048044634319862,1.324656074378118,56
Mouse-Dyad-10M,far,2.165177024873554,0.8520782539527701,1.092880565357905,1.324681195372114,56
Mouse-Dyad-10M,far,2.1718391080270107,0.8521582870915555,1.1048044634319862,1.327204711147702,56
Mouse-Dyad-10M,far,2.178501191180468,0.8693983672416307,1.1048044634319862,1.3303011481863947,56
Mouse-Dyad-10M,far,2.185163274333925,0.8693983672416307,1.1048044634319862,1.3651231159435926,56
Mouse-Dyad-10M,far,2.191825357487382,0.8693983672416307,1.1122725616892821,1.3651231159435926,56
Mouse-Dyad-10M,far,2.1984874406408395,0.8700234641777946,1.1122725616892821,1.365190039557226,56
Mouse-Dyad-10M,far,2.2051495237942964,0.9149570364215937,1.1148739317909213,1.302375996128455,56
Mouse-Dyad-10M,far,2.2118116069477534,0.8520782539527701,1.1148739317909213,1.3016658980922509,56
Mouse-Dyad-10M,far,2.2184736901012108,0.8422136574263595,1.127210178231879,1.330182843881749,56
Mouse-Dyad-10M,far,2.2251357732546677,0.8243495216614434,1.1273446467196262,1.3493394854979481,56
Mouse-Dyad-10M,far,2.2317978564081247,0.8245828832147757,1.138969182986852,1.3494970388504974,56
Mouse-Dyad-10M,far,2.2384599395615816,0.8963893438795896,1.138969182986852,1.3502466862268312,56
Mouse-Dyad-10M,far,2.245122022715039,0.8963893438795896,1.138969182986852,1.363944645919462,56
Mouse-Dyad-10M,far,2.251784105868496,0.8963893438795896,1.138969182986852,1.363944645919462,56
Mouse-Dyad-10M,far,2.258446189021953,0.8963893438795896,1.1388820319816513,1.363944645919462,56
Mouse-Dyad-10M,far,2.2651082721754103,0.8963893438795896,1.1122725616892821,1.3513880494139512,56
Mouse-Dyad-10M,far,2.2717703553288673,0.8963893438795896,1.0915802107995791,1.363944645919462,56
Mouse-Dyad-10M,far,2.2784324384823242,0.8683705447958828,1.1035041088736603,1.363944645919462,56
Mouse-Dyad-10M,far,2.2850945216357816,0.9056778702633579,1.1120313638165196,1.370503896319866,56
Mouse-Dyad-10M,far,2.2917566047892386,0.8260216424749615,1.1120313638165196,1.3263196986276804,56
Mouse-Dyad-10M,far,2.2984186879426955,0.8260216424749615,1.1120313638165196,1.307605359649366,56
Mouse-Dyad-10M,far,2.3050807710961525,0.8008080309187453,1.1120313638165196,1.307605359649366,56
Mouse-Dyad-10M,far,2.31174285424961,0.7746191466995926,1.1120313638165196,1.2853951403445676,56
Mouse-Dyad-10M,far,2.318404937403067,0.774431475291105,1.1129957448358954,1.2853951403445676,56
Mouse-Dyad-10M,far,2.325067020556524,0.772256655907881,1.1120240872697837,1.2746891853069262,56
Mouse-Dyad-10M,far,2.331729103709981,0.7855583051130066,1.0935220370140597,1.2746891853069262,56
Mouse-Dyad-10M,far,2.338391186863438,0.7855583051130066,1.0935220370140597,1.2853951403445676,56
Mouse-Dyad-10M,far,2.345053270016895,0.7855583051130066,1.0935220370140597,1.2853951403445676,56
Mouse-Dyad-10M,far,2.3517153531703525,0.7855583051130066,1.0935220370140597,1.2853951403445676,56
Mouse-Dyad-10M,far,2.3583774363238095,0.772256655907881,1.0935220370140597,1.2853951403445676,56
Mouse-Dyad-10M,far,2.3650395194772664,0.772256655907881,1.0748161239296663,1.2956612659781195,56
Mouse-Dyad-10M,far,2.3717016026307234,0.772256655907881,1.0748161239296663,1.2853951403445676,56
Mouse-Dyad-10M,far,2.378363685784181,0.7856228041980541,1.0748161239296663,1.2853951403445676,56
Mouse-Dyad-10M,far,2.3850257689376377,0.8274756159480643,1.0748161239296663,1.2853951403445676,56
Mouse-Dyad-10M,far,2.3916878520910947,0.7852944561316848,1.0748161239296663,1.2746891853069262,56
Mouse-Dyad-10M,far,2.398349935244552,0.7859317989057645,1.0935220370140597,1.2968233260001292,56
Mouse-Dyad-10M,far,2.405012018398009,0.7859317989057645,1.0748161239296663,1.2968233260001292,56
Mouse-Dyad-10M,far,2.411674101551466,0.7859317989057645,1.0748161239296663,1.2968233260001292,56
Mouse-Dyad-10M,far,2.4183361847049234,0.785349828046243,1.0748161239296663,1.296739122555722,56
Mouse-Dyad-10M,far,2.4249982678583804,0.785349828046243,1.0748161239296663,1.2853951403445676,56
Mouse-Dyad-10M,far,2.4316603510118373,0.7899273501107551,1.0935220370140597,1.3007492063959387,56
Mouse-Dyad-10M,far,2.4383224341652947,0.8480438042375338,1.1142952759220908,1.29380174897222,56
Mouse-Dyad-10M,far,2.4449845173187517,0.8480438042375338,1.1142952759220908,1.322334673509026,56
Mouse-Dyad-10M,far,2.4516466004722086,0.8919320611602402,1.1310317629432123,1.353228331999433,56
Mouse-Dyad-10M,far,2.4583086836256656,0.8752429785662466,1.1310317629432123,1.353228331999433,56
Mouse-Dyad-10M,far,2.464970766779123,0.8660350686457614,1.1148599484557797,1.316903336476999,56
Mouse-Dyad-10M,far,2.47163284993258,0.8605894330511271,1.1142952759220908,1.3226624275809011,56
Mouse-Dyad-10M,far,2.478294933086037,0.8605894330511271,1.1142952759220908,1.3223615694787914,56
Mouse-Dyad-10M,far,2.4849570162394943,0.8605894330511271,1.105275016357246,1.3142491103356941,56
Mouse-Dyad-10M,far,2.4916190993929512,0.8605894330511271,1.0872284285977922,1.3142491103356941,56
Mouse-Dyad-10M,far,2.498281182546408,0.8275411249617213,1.096660027227695,1.3176774756905236,56
Mouse-Dyad-10M,far,2.5049432656998656,0.8362053388755513,1.096660027227695,1.3318984218119976,56
Mouse-Dyad-10M,far,2.5116053488533225,0.8362053388755513,1.1360110490492326,1.3228816346767487,56
Mouse-Dyad-10M,far,2.5182674320067795,0.8207051754632241,1.1382136511212038,1.3242711380040015,56
Mouse-Dyad-10M,far,2.5249295151602364,0.8204997540074889,1.1274319187458763,1.3754756591963229,56
Mouse-Dyad-10M,far,2.531591598313694,0.80432912412332,1.1054732137918153,1.3754756591963229,56
Mouse-Dyad-10M,far,2.538253681467151,0.80432912412332,1.1054732137918153,1.3754756591963229,56
Mouse-Dyad-10M,far,2.5449157646206078,0.80432912412332,1.1276100313045592,1.3754756591963229,56
Mouse-Dyad-10M,far,2.551577847774065,0.80432912412332,1.115940066569144,1.3907501496965702,56
Mouse-Dyad-10M,far,2.558239930927522,0.80432912412332,1.1150214318143252,1.4296820219116442,56
Mouse-Dyad-10M,far,2.564902014080979,0.784976334253485,1.080819274493045,1.4346802871954376,56
Mouse-Dyad-10M,far,2.5715640972344365,0.784976334253485,1.080819274493045,1.4346802871954376,56
Mouse-Dyad-10M,far,2.5782261803878934,0.7689396229428088,1.0896324610571653,1.4305085675373563,56
Mouse-Dyad-10M,far,2.5848882635413504,0.7689396229428088,1.0896324610571653,1.434643520226168,56
Mouse-Dyad-10M,far,2.5915503466948073,0.7689396229428088,1.0896324610571653,1.410230478547291,56
Mouse-Dyad-10M,far,2.5982124298482647,0.7689396229428088,1.080819274493045,1.4100504034678913,56
Mouse-Dyad-10M,far,2.6048745130017217,0.7686784428581122,1.080819274493045,1.4305085675373563,56
Mouse-Dyad-10M,far,2.6115365961551786,0.7476251862820651,1.080819274493045,1.4305085675373563,56
Mouse-Dyad-10M,far,2.618198679308636,0.7476251862820651,1.080819274493045,1.4302694677177394,56
Mouse-Dyad-10M,far,2.624860762462093,0.7476251862820651,1.090318970002801,1.3556625204388286,56
Mouse-Dyad-10M,far,2.63152284561555,0.7476251862820651,1.0900653422463442,1.383356446104476,56
Mouse-Dyad-10M,far,2.6381849287690073,0.7479168407878267,1.0849447564290782,1.3930927276612453,56
Mouse-Dyad-10M,far,2.6448470119224643,0.7708236614855293,1.08179087446412,1.4066101137850813,56
Mouse-Dyad-10M,far,2.6515090950759213,0.784976334253485,1.08179087446412,1.4305885516501917,56
Mouse-Dyad-10M,far,2.658171178229378,0.7850651755610664,1.063769260674037,1.434977485599789,56
Mouse-Dyad-10M,far,2.6648332613828356,0.804279419537163,1.063769260674037,1.434977485599789,56
Mouse-Dyad-10M,far,2.6714953445362926,0.8123850724163058,1.0186722235582202,1.434977485599789,56
Mouse-Dyad-10M,far,2.6781574276897495,0.8123850724163058,1.0186722235582202,1.434977485599789,56
Mouse-Dyad-10M,far,2.684819510843207,0.8002101645077138,1.0186722235582202,1.4347731000377721,56
Mouse-Dyad-10M,far,2.691481593996664,0.8115485737603884,0.9766522310532104,1.4034147137563018,56
Mouse-Dyad-10M,far,2.698143677150121,0.8290220334307439,0.9987264652424497,1.4034147137563018,56
Mouse-Dyad-10M,far,2.704805760303578,0.8290220334307439,0.9987264652424497,1.4027816725104665,56
Mouse-Dyad-10M,far,2.711467843457035,0.8032308438075783,0.9774387513192702,1.3730445236055417,56
Mouse-Dyad-10M,far,2.718129926610492,0.8027660961206656,0.9820708617196061,1.3730445236055417,56
Mouse-Dyad-10M,far,2.7247920097639495,0.760979863487111,0.9752741700532759,1.3732527619326174,56
Mouse-Dyad-10M,far,2.7314540929174065,0.769130458271478,0.9752741700532759,1.3395232222512057,56
Mouse-Dyad-10M,far,2.7381161760708634,0.769130458271478,1.0127835394776565,1.3394995026224266,56
Mouse-Dyad-10M,far,2.7447782592243204,0.7509392746027954,1.0127835394776565,1.3331317267087224,56
Mouse-Dyad-10M,far,2.751440342377778,0.769130458271478,1.0127835394776565,1.367122942220742,56
Mouse-Dyad-10M,far,2.7581024255312347,0.769130458271478,1.0127835394776565,1.3186856250442307,56
Mouse-Dyad-10M,far,2.7647645086846917,0.769130458271478,1.0285515405765484,1.3327923011592178,56
Mouse-Dyad-10M,far,2.771426591838149,0.769130458271478,1.0285515405765484,1.3333487952205405,56
Mouse-Dyad-10M,far,2.778088674991606,0.8001084836486154,1.043227284304444,1.3477924982499425,56
Mouse-Dyad-10M,far,2.784750758145063,0.8001084836486154,1.043227284304444,1.3477924982499425,56
Mouse-Dyad-10M,far,2.7914128412985204,0.8001084836486154,1.043227284304444,1.3477924982499425,56
Mouse-Dyad-10M,far,2.7980749244519774,0.8002020008144907,1.043508241797574,1.3477924982499425,56
Mouse-Dyad-10M,far,2.8047370076054343,0.8303870421445527,1.0542985633804798,1.3226262245915208,56
Mouse-Dyad-10M,far,2.8113990907588913,0.8303870421445527,1.043227284304444,1.3226262245915208,56
Mouse-Dyad-10M,far,2.8180611739123487,0.8303870421445527,1.043227284304444,1.333422031738596,56
Mouse-Dyad-10M,far,2.8247232570658056,0.8303870421445527,1.0542985633804798,1.3430970951193295,56
Mouse-Dyad-10M,far,2.8313853402192626,0.8303870421445527,1.0545112862798205,1.3265268886452195,56
Mouse-Dyad-10M,far,2.83804742337272,0.8303870421445527,1.0748313394086795,1.3431544210799762,56
Mouse-Dyad-10M,far,2.844709506526177,0.8303870421445527,1.0748313394086795,1.3485902548294666,56
Mouse-Dyad-10M,far,2.851371589679634,0.8081816069961065,1.0766205659462709,1.3424488756153758,56
Mouse-Dyad-10M,far,2.8580336728330913,0.8081816069961065,1.0998426946833266,1.3485902548294666,56
Mouse-Dyad-10M,far,2.8646957559865482,0.8081816069961065,1.0998426946833266,1.3424488756153758,56
Mouse-Dyad-10M,far,2.871357839140005,0.8270329287970726,1.0998426946833266,1.3424488756153758,56
Mouse-Dyad-10M,far,2.878019922293462,0.8270329287970726,1.1004403039653714,1.3534380044820329,56
Mouse-Dyad-10M,far,2.8846820054469196,0.8270329287970726,1.122584449282575,1.3534380044820329,56
Mouse-Dyad-10M,far,2.8913440886003765,0.8270329287970726,1.1224479252154533,1.3534380044820329,56
Mouse-Dyad-10M,far,2.8980061717538335,0.8270329287970726,1.1210489878110173,1.353403201385824,56
Mouse-Dyad-10M,far,2.904668254907291,0.8270329287970726,1.1210489878110173,1.3543971805079933,56
Mouse-Dyad-10M,far,2.911330338060748,0.7836427562359558,1.0742342803763103,1.3543971805079933,56
Mouse-Dyad-10M,far,2.9179924212142048,0.8271633669702068,1.0742342803763103,1.3541911853783928,56
Mouse-Dyad-10M,far,2.924654504367662,0.879521315511652,1.1143046944217283,1.3483471857574667,56
Mouse-Dyad-10M,far,2.931316587521119,0.8588033478256211,1.023560956494765,1.340587655697857,56
Mouse-Dyad-10M,far,2.937978670674576,0.8588033478256211,1.023560956494765,1.3483471857574667,56
Mouse-Dyad-10M,far,2.944640753828033,0.8588033478256211,1.023560956494765,1.3483471857574667,56
Mouse-Dyad-10M,far,2.9513028369814904,0.872235426941083,1.0695632891208025,1.3604090934123902,56
Mouse-Dyad-10M,far,2.9579649201349474,0.872235426941083,1.1030839233829293,1.3483471857574667,56
Mouse-Dyad-10M,far,2.9646270032884043,0.872235426941083,1.1030839233829293,1.3400205482273861,56
Mouse-Dyad-10M,far,2.9712890864418617,0.872235426941083,1.1025910160360697,1.3327284283746448,56
Mouse-Dyad-10M,far,2.9779511695953187,0.872235426941083,1.0753662480112554,1.3409045555018944,56
Mouse-Dyad-10M,far,2.9846132527487756,0.872235426941083,1.0753662480112554,1.3409045555018944,56
Mouse-Dyad-10M,far,2.991275335902233,0.872235426941083,1.0753662480112554,1.3409045555018944,56
Mouse-Dyad-10M,far,2.99793741905569,0.8928816737009957,1.0834869445531192,1.3326591687287221,56
Mouse-Dyad-10M,far,3.004599502209147,0.8747203692855602,1.0383603358300943,1.3329476354704923,56
Mouse-Dyad-10M,far,3.011261585362604,0.872235426941083,1.0812745209274415,1.3329476354704923,56
Mouse-Dyad-10M,far,3.0179236685160613,0.872235426941083,1.0396983475992976,1.3329476354704923,56
Mouse-Dyad-10M,far,3.0245857516695183,0.8666359827513374,1.0396983475992976,1.3385890394319486,56
Mouse-Dyad-10M,far,3.031247834822975,0.8720536947485462,1.0396983475992976,1.3447725719254948,56
Mouse-Dyad-10M,far,3.0379099179764326,0.8703432525973338,1.0500773226830533,1.3604090934123902,56
Mouse-Dyad-10M,far,3.0445720011298896,0.8747203692855602,1.078725110575304,1.3604090934123902,56
Mouse-Dyad-10M,far,3.0512340842833465,0.8931753469864121,1.0789651508764244,1.3604662688106857,56
Mouse-Dyad-10M,far,3.057896167436804,0.8747203692855602,1.0913339376176392,1.3749697788696118,56
Mouse-Dyad-10M,far,3.064558250590261,0.8747203692855602,1.119950764624778,1.3761126020314416,56
Mouse-Dyad-10M,far,3.071220333743718,0.8747203692855602,1.119950764624778,1.315630208124425,56
Mouse-Dyad-10M,far,3.0778824168971752,0.8747203692855602,1.1125811210315213,1.3405268935371173,56
Mouse-Dyad-10M,far,3.084544500050632,0.8747203692855602,1.1125811210315213,1.3683547384157506,56
Mouse-Dyad-10M,far,3.091206583204089,0.8747203692855602,1.1125811210315213,1.3688499592645555,56
Mouse-Dyad-10M,far,3.097868666357546,0.8680014754974638,1.1125811210315213,1.3690771163503466,56
Mouse-Dyad-10M,far,3.1045307495110035,0.8681289399455268,1.119950764624778,1.3513179468313685,56
Mouse-Dyad-10M,far,3.1111928326644605,0.8725612629312156,1.119950764624778,1.3619843893741477,56
Mouse-Dyad-10M,far,3.1178549158179174,0.8684235883759166,1.119950764624778,1.3619843893741477,56
Mouse-Dyad-10M,far,3.124516998971375,0.8684235883759166,1.119950764624778,1.3619843893741477,56
Mouse-Dyad-10M,far,3.1311790821248318,0.8684235883759166,1.1322036590609736,1.3298667305687353,56
Mouse-Dyad-10M,far,3.1378411652782887,0.8684235883759166,1.1322036590609736,1.3298667305687353,56
Mouse-Dyad-10M,far,3.144503248431746,0.8684235883759166,1.1383414126629132,1.3481771761338073,56
Mouse-Dyad-10M,far,3.151165331585203,0.8684235883759166,1.1498171152932541,1.3481771761338073,56
Mouse-Dyad-10M,far,3.15782741473866,0.8684235883759166,1.1795628760059842,1.3481771761338073,56
Mouse-Dyad-10M,far,3.164489497892117,0.8684235883759166,1.1795628760059842,1.3481771761338073,56
Mouse-Dyad-10M,far,3.1711515810455744,0.8684235883759166,1.1679412572453913,1.3481771761338073,56
Mouse-Dyad-10M,far,3.1778136641990313,0.8684235883759166,1.161179486445943,1.3481771761338073,56
Mouse-Dyad-10M,far,3.1844757473524883,0.8684235883759166,1.1605404490165374,1.337766918932294,56
Mouse-Dyad-10M,far,3.1911378305059457,0.8684235883759166,1.15033613675307,1.2991263235168966,56
Mouse-Dyad-10M,far,3.1977999136594026,0.8465919613971814,1.15033613675307,1.299098621760658,56
Mouse-Dyad-10M,far,3.2044619968128596,0.8655987479200103,1.134228860604478,1.3154881521820703,56
Mouse-Dyad-10M,far,3.211124079966317,0.8658638630810889,1.134228860604478,1.3280221958495368,56
Mouse-Dyad-10M,far,3.217786163119774,0.866508993103047,1.134228860604478,1.345409701084325,56
Mouse-Dyad-10M,far,3.224448246273231,0.8700096122956871,1.1376006089212474,1.345409701084325,56
Mouse-Dyad-10M,far,3.231110329426688,0.8700096122956871,1.1376006089212474,1.3480021707325425,56
Mouse-Dyad-10M,far,3.2377724125801453,0.869970248310846,1.1373751385411839,1.3480897918405517,56
Mouse-Dyad-10M,far,3.244434495733602,0.8668485079174837,1.1346885822352548,1.3509375678295399,56
Mouse-Dyad-10M,far,3.251096578887059,0.7967391973507607,1.1346885822352548,1.3484725070035692,56
Mouse-Dyad-10M,far,3.2577586620405166,0.7661594505995312,1.104872829684878,1.3509375678295399,56
Mouse-Dyad-10M,far,3.2644207451939735,0.832333019535436,1.1240697282772283,1.3509375678295399,56
Mouse-Dyad-10M,far,3.2710828283474305,0.8100007704910277,1.097625724043621,1.3269869649539818,56
Mouse-Dyad-10M,far,3.277744911500888,0.8220457399722122,1.0974769973351184,1.3269869649539818,56
Mouse-Dyad-10M,far,3.284406994654345,0.8220457399722122,1.0885584134068353,1.3269869649539818,56
Mouse-Dyad-10M,far,3.291069077807802,0.8220457399722122,1.0885584134068353,1.3269869649539818,56
Mouse-Dyad-10M,far,3.2977311609612587,0.8219292867785546,1.0885584134068353,1.3406859962603468,56
Mouse-Dyad-10M,far,3.304393244114716,0.8100007704910277,1.0885584134068353,1.3406859962603468,56
Mouse-Dyad-10M,far,3.311055327268173,0.8259258783934018,1.0885584134068353,1.3413522099404471,56
Mouse-Dyad-10M,far,3.31771741042163,0.7933498283139513,1.0885584134068353,1.3537330261695022,56
Mouse-Dyad-10M,far,3.3243794935750874,0.7933498283139513,1.0885584134068353,1.3786169466830864,56
Mouse-Dyad-10M,far,3.3310415767285444,0.7684110875446718,1.057754309770849,1.340929529609042,56
Mouse-Dyad-10M,far,3.3377036598820014,0.7964760259503544,1.057754309770849,1.340929529609042,56
Mouse-Dyad-10M,far,3.3443657430354587,0.7644258630132734,1.0213027689413265,1.3025870190449724,56
Mouse-Dyad-10M,far,3.3510278261889157,0.7644258630132734,1.0213027689413265,1.2950005617330471,56
Mouse-Dyad-10M,far,3.3576899093423727,0.7286593168836737,1.0467112807102072,1.2950005617330471,56
Mouse-Dyad-10M,far,3.3643519924958296,0.704210831023792,1.0468639371894612,1.2950005617330471,56
Mouse-Dyad-10M,far,3.371014075649287,0.704210831023792,1.057754309770849,1.2950005617330471,56
Mouse-Dyad-10M,far,3.377676158802744,0.704210831023792,1.0210675560139748,1.3065861510142505,56
Mouse-Dyad-10M,far,3.384338241956201,0.704210831023792,0.9829357033587403,1.3064072532542879,56
Mouse-Dyad-10M,far,3.3910003251096583,0.691458050027048,1.0213027689413265,1.2950005617330471,56
Mouse-Dyad-10M,far,3.3976624082631153,0.691458050027048,1.0210697127663408,1.2950005617330471,56
Mouse-Dyad-10M,far,3.4043244914165722,0.691458050027048,0.9829357033587403,1.2950005617330471,56
Mouse-Dyad-10M,far,3.4109865745700296,0.691458050027048,0.9829357033587403,1.2953120607346817,56
Mouse-Dyad-10M,far,3.4176486577234866,0.691458050027048,0.9894991411139051,1.3649313932349483,56
Mouse-Dyad-10M,far,3.4243107408769435,0.6820739234830308,1.0148919084574728,1.317960485190666,56
Mouse-Dyad-10M,far,3.430972824030401,0.6820739234830308,1.0670198318586839,1.317960485190666,56
Mouse-Dyad-10M,far,3.437634907183858,0.6820739234830308,1.0670198318586839,1.3422963627074753,56
Mouse-Dyad-10M,far,3.444296990337315,0.6923482529334277,1.0577021830522533,1.3653066142598473,56
Mouse-Dyad-10M,far,3.450959073490772,0.6976600020855939,1.0577021830522533,1.3653066142598473,56
Mouse-Dyad-10M,far,3.457621156644229,0.6922775173021112,1.0577021830522533,1.3653066142598473,56
Mouse-Dyad-10M,far,3.464283239797686,0.691458050027048,1.0670198318586839,1.3653066142598473,56
Mouse-Dyad-10M,far,3.470945322951143,0.6981589103558874,1.0577433413216797,1.375052532138289,56
Mouse-Dyad-10M,far,3.4776074061046005,0.6981589103558874,1.0541050684873352,1.375052532138289,56
Mouse-Dyad-10M,far,3.4842694892580575,0.7187729409525285,1.0538309613312515,1.3747343407752914,56
Mouse-Dyad-10M,far,3.4909315724115144,0.7186715929966632,1.047899153030543,1.376012056263611,56
Mouse-Dyad-10M,far,3.497593655564972,0.7172904938295791,1.0330250995276262,1.376012056263611,56
Mouse-Dyad-10M,far,3.5042557387184288,0.6888344803630051,1.047899153030543,1.3655162867424473,56
Mouse-Dyad-10M,far,3.5109178218718857,0.6888344803630051,1.0599597876503304,1.365130825767547,56
Mouse-Dyad-10M,far,3.5175799050253427,0.6888344803630051,1.0599597876503304,1.3425060351900755,56
Mouse-Dyad-10M,far,3.5242419881788,0.6889187136080094,1.0599597876503304,1.3425060351900755,56
Mouse-Dyad-10M,far,3.530904071332257,0.7175820105004723,1.0597607866413448,1.31546195184391,56
Mouse-Dyad-10M,far,3.537566154485714,0.7356814009120828,1.0557347675526467,1.31546195184391,56
Mouse-Dyad-10M,far,3.5442282376391714,0.7356814009120828,1.0557347675526467,1.323812564754276,56
Mouse-Dyad-10M,far,3.5508903207926283,0.7543566282794434,1.0557347675526467,1.2651448961737026,56
Mouse-Dyad-10M,far,3.5575524039460853,0.7583693767555131,1.0557347675526467,1.2719676148788035,56
Mouse-Dyad-10M,far,3.5642144870995427,0.7583693767555131,1.0557347675526467,1.3360626798849187,56
Mouse-Dyad-10M,far,3.5708765702529996,0.7583693767555131,1.0557347675526467,1.3359071216585,56
Mouse-Dyad-10M,far,3.5775386534064566,0.7480047028271026,1.0557347675526467,1.3234116003621668,56
Mouse-Dyad-10M,far,3.5842007365599136,0.7199066833723563,1.0433397164054905,1.2983438789949515,56
Mouse-Dyad-10M,far,3.590862819713371,0.7049013640225186,1.0432684914672934,1.2983438789949515,56
Mouse-Dyad-10M,far,3.597524902866828,0.7199066833723563,1.0330250995276262,1.29845240015307,56
Mouse-Dyad-10M,far,3.604186986020285,0.7199066833723563,1.0433397164054905,1.3158680337489321,56
Mouse-Dyad-10M,far,3.6108490691737423,0.7199066833723563,1.044705886485084,1.3198462686713652,56
Mouse-Dyad-10M,far,3.617511152327199,0.7199066833723563,1.044705886485084,1.2772964066966066,56
Mouse-Dyad-10M,far,3.624173235480656,0.7199066833723563,1.0447777721369924,1.291564316863583,56
Mouse-Dyad-10M,far,3.6308353186341136,0.7148507765518015,1.03687027196298,1.2790619004907047,56
Mouse-Dyad-10M,far,3.6374974017875705,0.7148507765518015,1.0703384377115004,1.2790619004907047,56
Mouse-Dyad-10M,far,3.6441594849410275,0.7034178115721783,1.0703384377115004,1.3139219063927898,56
Mouse-Dyad-10M,far,3.6508215680944844,0.7718240022607044,1.0705527477821155,1.2982074204123895,56
Mouse-Dyad-10M,far,3.657483651247942,0.7718240022607044,1.09048253515715,1.2985049834181952,56
Mouse-Dyad-10M,far,3.664145734401399,0.7718240022607044,1.1044749313931908,1.3228191745512272,56
Mouse-Dyad-10M,far,3.6708078175548557,0.7718240022607044,1.123937499961921,1.326570108568913,56
Mouse-Dyad-10M,far,3.677469900708313,0.732073201409853,1.1167757329423937,1.3451374861135883,56
Mouse-Dyad-10M,far,3.68413198386177,0.732073201409853,1.110014182192709,1.3471007126178451,56
Mouse-Dyad-10M,far,3.690794067015227,0.732073201409853,1.110014182192709,1.2974752950266777,56
Mouse-Dyad-10M,far,3.6974561501686845,0.732073201409853,1.110014182192709,1.2974752950266777,56
Mouse-Dyad-10M,far,3.7041182333221414,0.732073201409853,1.0746738484448883,1.3109194064503593,56
Mouse-Dyad-10M,far,3.7107803164755984,0.7318922707460231,1.0940014014349955,1.3117459718946967,56
Mouse-Dyad-10M,far,3.7174423996290553,0.715115116369006,1.0940014014349955,1.3196544900402531,56
Mouse-Dyad-10M,far,3.7241044827825127,0.7718240022607044,1.087595582085032,1.3198812250308296,56
Mouse-Dyad-10M,far,3.7307665659359697,0.716552945147427,1.094951824155149,1.3405357848475057,56
Mouse-Dyad-10M,far,3.7374286490894266,0.7120240713713057,1.0778071602390318,1.3406919801204968,56
Mouse-Dyad-10M,far,3.744090732242884,0.7120240713713057,1.0778071602390318,1.3712463219273863,56
Mouse-Dyad-10M,far,3.750752815396341,0.7120240713713057,1.1058491668995059,1.3712463219273863,56
Mouse-Dyad-10M,far,3.757414898549798,0.7120240713713057,1.0703384377115004,1.3712463219273863,56
Mouse-Dyad-10M,far,3.7640769817032553,0.7120240713713057,1.070334506480457,1.377833722420161,56
Mouse-Dyad-10M,far,3.7707390648567123,0.716552945147427,1.0913426931272512,1.3712463219273863,56
Mouse-Dyad-10M,far,3.7774011480101692,0.716552945147427,1.0913426931272512,1.3712135992278296,56
Mouse-Dyad-10M,far,3.7840632311636266,0.7120240713713057,1.041571505600674,1.3535422898394385,56
Mouse-Dyad-10M,far,3.7907253143170836,0.7120240713713057,1.0419104066075895,1.3443095589796132,56
Mouse-Dyad-10M,far,3.7973873974705405,0.7056943834741323,1.0503965272413847,1.3443095589796132,56
Mouse-Dyad-10M,far,3.8040494806239975,0.7058052787725244,1.0505613777213758,1.336484183812356,56
Mouse-Dyad-10M,far,3.810711563777455,0.7120240713713057,1.0679023580250244,1.3259528409326342,56
Mouse-Dyad-10M,far,3.817373646930912,0.7120240713713057,1.042265050135872,1.3231415829753876,56
Mouse-Dyad-10M,far,3.824035730084369,0.7126202041100932,1.0531948731457965,1.3229087638616304,56
Mouse-Dyad-10M,far,3.830697813237826,0.715115116369006,1.0380978110449552,1.3112460099152412,56
Mouse-Dyad-10M,far,3.837359896391283,0.7478580186355738,1.0380978110449552,1.3112460099152412,56
Mouse-Dyad-10M,far,3.84402197954474,0.7478580186355738,1.0378721597479752,1.3112460099152412,56
Mouse-Dyad-10M,far,3.8506840626981975,0.7478580186355738,1.0408205183625405,1.2612872435373728,56
Mouse-Dyad-10M,far,3.8573461458516545,0.7859028882718143,1.020040903848189,1.3102199663982401,56
Mouse-Dyad-10M,far,3.8640082290051114,0.7859028882718143,1.0109397350844345,1.3102199663982401,56
Mouse-Dyad-10M,far,3.8706703121585684,0.8256021742917333,1.0312923316224467,1.3107697671729739,56
Mouse-Dyad-10M,far,3.877332395312026,0.8268186811198641,1.0312923316224467,1.3029119540198255,56
Mouse-Dyad-10M,far,3.8839944784654827,0.8499260932013972,1.0312923316224467,1.3409859499502228,56
Mouse-Dyad-10M,far,3.8906565616189397,0.8499260932013972,1.0312923316224467,1.3409859499502228,56
Mouse-Dyad-10M,far,3.897318644772397,0.8467122203669513,1.0312923316224467,1.3409859499502228,56
Mouse-Dyad-10M,far,3.903980727925854,0.8467122203669513,1.0312923316224467,1.3414775878408918,56
Mouse-Dyad-10M,far,3.910642811079311,0.8467122203669513,1.0006604964051178,1.3341303830368196,56
Mouse-Dyad-10M,far,3.9173048942327684,0.8467122203669513,1.0121726266522102,1.3341303830368196,56
Mouse-Dyad-10M,far,3.9239669773862254,0.8467122203669513,1.0130360420123687,1.3709500241158623,56
Mouse-Dyad-10M,far,3.9306290605396823,0.8467122203669513,1.0130360420123687,1.371007100828292,56
Mouse-Dyad-10M,far,3.9372911436931393,0.8467122203669513,1.0130360420123687,1.3620881103082363,56
Mouse-Dyad-10M,far,3.9439532268465967,0.8460545727300072,1.0128232039399068,1.3611935891050697,56
Mouse-Dyad-10M,far,3.9506153100000536,0.7836434815797172,1.0312923316224467,1.3341303830368196,56
Mouse-Dyad-10M,far,3.9572773931535106,0.7836434815797172,1.0379004070625755,1.3341303830368196,56
Mouse-Dyad-10M,far,3.963939476306968,0.7836434815797172,1.0375460202451525,1.3341303830368196,56
Mouse-Dyad-10M,far,3.970601559460425,0.7836434815797172,1.039169089098559,1.3193220365542722,56
Mouse-Dyad-10M,far,3.977263642613882,0.7836434815797172,1.0378288326285228,1.3338074830276767,56
Mouse-Dyad-10M,far,3.9839257257673393,0.7836434815797172,1.0314378740138155,1.3255025384151164,56
Mouse-Dyad-10M,far,3.9905878089207962,0.7836434815797172,1.0244347736438564,1.3255025384151164,56
Mouse-Dyad-10M,far,3.997249892074253,0.7836434815797172,1.0118757288373867,1.3255025384151164,56
Mouse-Dyad-10M,far,4.003911975227711,0.7836434815797172,1.010144640706998,1.3255025384151164,56
Mouse-Dyad-10M,far,4.0105740583811675,0.7631333064888925,1.0124505244939086,1.3255025384151164,56
Mouse-Dyad-10M,far,4.0172361415346245,0.7631333064888925,1.0124505244939086,1.3877892314811897,56
Mouse-Dyad-10M,far,4.0238982246880814,0.7631333064888925,1.0283152122140136,1.3877892314811897,56
Mouse-Dyad-10M,far,4.030560307841538,0.761789128041771,1.0124505244939086,1.3714518005440532,56
Mouse-Dyad-10M,far,4.037222390994995,0.7475049404350896,0.9987459090755106,1.369351299634686,56
Mouse-Dyad-10M,far,4.043884474148453,0.7056943834741323,0.9954840530176272,1.3273531303324908,56
Mouse-Dyad-10M,far,4.05054655730191,0.7058124646324919,0.9862581033941696,1.3273531303324908,56
Mouse-Dyad-10M,far,4.057208640455367,0.715115116369006,0.9550672201135271,1.3273531303324908,56
Mouse-Dyad-10M,far,4.063870723608824,0.715115116369006,0.9550672201135271,1.3273531303324908,56
Mouse-Dyad-10M,far,4.070532806762281,0.7226392003005486,0.9550672201135271,1.3748325438670466,56
Mouse-Dyad-10M,far,4.077194889915738,0.7226392003005486,0.9550672201135271,1.3748325438670466,56
Mouse-Dyad-10M,far,4.083856973069196,0.7226392003005486,0.9550672201135271,1.3740801991920175,56
Mouse-Dyad-10M,far,4.090519056222653,0.7226392003005486,0.9597751322256863,1.3266294528561142,56
Mouse-Dyad-10M,far,4.09718113937611,0.7245367827043904,0.9496152069294229,1.3266294528561142,56
Mouse-Dyad-10M,far,4.103843222529567,0.7245367827043904,0.9496152069294229,1.3265045287773338,56
Mouse-Dyad-10M,far,4.110505305683024,0.7226392003005486,0.9496152069294229,1.297400888778184,56
Mouse-Dyad-10M,far,4.117167388836481,0.715115116369006,0.9396341185524674,1.297400888778184,56
Mouse-Dyad-10M,far,4.1238294719899375,0.715115116369006,0.9396341185524674,1.2970242913523808,56
Mouse-Dyad-10M,far,4.130491555143395,0.715115116369006,0.9396341185524674,1.239145144824599,56
Mouse-Dyad-10M,far,4.137153638296852,0.6997553486869421,0.9396341185524674,1.2636229363250833,56
Mouse-Dyad-10M,far,4.143815721450309,0.6799717965745767,0.9396341185524674,1.2636229363250833,56
Mouse-Dyad-10M,far,4.150477804603766,0.6711133869110296,0.9391347291351582,1.2636229363250833,56
Mouse-Dyad-10M,far,4.157139887757223,0.655524734963331,0.9389545772971288,1.2636229363250833,56
Mouse-Dyad-10M,far,4.16380197091068,0.655524734963331,0.9552174800392139,1.2636229363250833,56
Mouse-Dyad-10M,far,4.170464054064138,0.6562201529037522,0.9566174980627999,1.2636229363250833,56
Mouse-Dyad-10M,far,4.177126137217595,0.6698534931491611,0.9553576101858824,1.2636229363250833,56
Mouse-Dyad-10M,far,4.183788220371052,0.651541762871802,0.9553576101858824,1.2636229363250833,56
Mouse-Dyad-10M,far,4.190450303524509,0.651541762871802,0.9553576101858824,1.2636229363250833,56
Mouse-Dyad-10M,far,4.197112386677966,0.6698534931491611,0.9553576101858824,1.223891458663558,56
Mouse-Dyad-10M,far,4.203774469831423,0.6698534931491611,0.9553576101858824,1.2464621524675192,56
Mouse-Dyad-10M,far,4.21043655298488,0.6698534931491611,0.9445653300462176,1.2592722147129258,56
Mouse-Dyad-10M,far,4.217098636138338,0.6698534931491611,0.9445653300462176,1.2590492968348608,56
Mouse-Dyad-10M,far,4.2237607192917945,0.6698534931491611,0.9445653300462176,1.2464621524675192,56
Mouse-Dyad-10M,far,4.2304228024452515,0.6698534931491611,0.9476350134983533,1.2133331876773483,56
Mouse-Dyad-10M,far,4.237084885598708,0.6699765032635334,0.9553576101858824,1.21467094531903,56
Mouse-Dyad-10M,far,4.243746968752165,0.6696502023432377,0.9564732632942916,1.2459277269788656,56
Mouse-Dyad-10M,far,4.250409051905622,0.6696502023432377,0.9564732632942916,1.2606065252852519,56
Mouse-Dyad-10M,far,4.257071135059079,0.6500715244689823,0.9371545357040887,1.215699997498729,56
Mouse-Dyad-10M,far,4.263733218212537,0.6349621120227669,0.9276023530497188,1.215699997498729,56
Mouse-Dyad-10M,far,4.270395301365994,0.6341028706365555,0.9276023530497188,1.215699997498729,56
Mouse-Dyad-10M,far,4.277057384519451,0.5903584644526361,0.9276023530497188,1.215699997498729,56
Mouse-Dyad-10M,far,4.283719467672908,0.6360691391295725,0.9276873208331338,1.215699997498729,56
Mouse-Dyad-10M,far,4.290381550826365,0.6360691391295725,0.9371545357040887,1.241582954199522,56
Mouse-Dyad-10M,far,4.297043633979822,0.6411137165456192,0.9371545357040887,1.2515068597217336,56
Mouse-Dyad-10M,far,4.30370571713328,0.6411137165456192,0.9371545357040887,1.2229404290158896,56
Mouse-Dyad-10M,far,4.310367800286737,0.6416223608954842,0.9373841163239258,1.2230601521060547,56
Mouse-Dyad-10M,far,4.317029883440194,0.6569148210985029,0.9276023530497188,1.2274878250201613,56
Mouse-Dyad-10M,far,4.323691966593651,0.6569148210985029,0.9276023530497188,1.2202558692624808,56
Mouse-Dyad-10M,far,4.330354049747108,0.6569148210985029,0.9276023530497188,1.2156833116382026,56
Mouse-Dyad-10M,far,4.3370161329005645,0.6569148210985029,0.8983166429178853,1.2156833116382026,56
Mouse-Dyad-10M,far,4.3436782160540215,0.6569148210985029,0.8983166429178853,1.2292224350350267,56
Mouse-Dyad-10M,far,4.350340299207479,0.6569148210985029,0.8581030998385352,1.2292224350350267,56
Mouse-Dyad-10M,far,4.357002382360936,0.6065816229996814,0.8578314227183589,1.2297590986554126,56
Mouse-Dyad-10M,far,4.363664465514393,0.5998969801667273,0.8549181912912018,1.251470821839973,56
Mouse-Dyad-10M,far,4.37032654866785,0.5998969801667273,0.8983166429178853,1.2745977401807127,56
Mouse-Dyad-10M,far,4.376988631821307,0.5998969801667273,0.9144555036011626,1.2745977401807127,56
Mouse-Dyad-10M,far,4.383650714974764,0.5998969801667273,0.8959626507704324,1.2745977401807127,56
Mouse-Dyad-10M,far,4.390312798128221,0.5998969801667273,0.879823790087155,1.2741968068954095,56
Mouse-Dyad-10M,far,4.396974881281679,0.6094309805427306,0.8800022577004909,1.27180399953171,56
Mouse-Dyad-10M,far,4.403636964435136,0.6094309805427306,0.9123367920519371,1.2716160899954667,56
Mouse-Dyad-10M,far,4.410299047588593,0.6094309805427306,0.908815737984862,1.1983539915988164,56
Mouse-Dyad-10M,far,4.41696113074205,0.6094309805427306,0.9087392118832529,1.2293844498751374,56
Mouse-Dyad-10M,far,4.423623213895507,0.6094309805427306,0.8964403741248614,1.2282633343117315,56
Mouse-Dyad-10M,far,4.430285297048964,0.6094309805427306,0.8965171310744375,1.2282633343117315,56
Mouse-Dyad-10M,far,4.4369473802024215,0.6094309805427306,0.9152647172583057,1.232957346989659,56
Mouse-Dyad-10M,far,4.4436094633558785,0.6094309805427306,0.8814630218444202,1.232957346989659,56
Mouse-Dyad-10M,far,4.450271546509335,0.6095220237059662,0.874226066916163,1.232957346989659,56
Mouse-Dyad-10M,far,4.456933629662792,0.6286522462546315,0.866660450572341,1.232957346989659,56
Mouse-Dyad-10M,far,4.463595712816249,0.6521955752382528,0.8665831165028419,1.232957346989659,56
Mouse-Dyad-10M,far,4.470257795969706,0.6637866860372237,0.8651287902210645,1.2720171231693054,56
Mouse-Dyad-10M,far,4.476919879123163,0.6637866860372237,0.8814630218444202,1.3025358308832042,56
Mouse-Dyad-10M,far,4.483581962276621,0.6637866860372237,0.8814630218444202,1.3024720572483621,56
Mouse-Dyad-10M,far,4.490244045430078,0.6638839795779539,0.8812238605804841,1.2737285162621144,56
Mouse-Dyad-10M,far,4.496906128583535,0.6724701986422256,0.8806750461896067,1.2737285162621144,56
Mouse-Dyad-10M,far,4.503568211736992,0.6733406521808705,0.8980076148169258,1.3025358308832042,56
Mouse-Dyad-10M,far,4.510230294890449,0.6733406521808705,0.9043497088767984,1.3026013239922123,56
Mouse-Dyad-10M,far,4.516892378043906,0.6733406521808705,0.8942540951777362,1.2935149079535324,56
Mouse-Dyad-10M,far,4.523554461197364,0.6710475844847921,0.8942540951777362,1.3001170424504824,56
Mouse-Dyad-10M,far,4.530216544350821,0.6383979019286744,0.8823937367505423,1.3001170424504824,56
Mouse-Dyad-10M,far,4.536878627504278,0.6085639959622002,0.8889451488514285,1.3001170424504824,56
Mouse-Dyad-10M,far,4.543540710657735,0.6085639959622002,0.8889451488514285,1.3001170424504824,56
Mouse-Dyad-10M,far,4.5502027938111915,0.6085639959622002,0.9043497088767984,1.300183116000635,56
Mouse-Dyad-10M,far,4.5568648769646485,0.6097301166822908,0.914861235890391,1.2720171999494307,56
Mouse-Dyad-10M,far,4.563526960118105,0.5947443514865879,0.914861235890391,1.2440843808725282,56
Mouse-Dyad-10M,far,4.570189043271563,0.5947443514865879,0.914861235890391,1.2440843808725282,56
Mouse-Dyad-10M,far,4.57685112642502,0.5947443514865879,0.914861235890391,1.294708077342558,56
Mouse-Dyad-10M,far,4.583513209578477,0.5947443514865879,0.9147703216835639,1.294708077342558,56
Mouse-Dyad-10M,far,4.590175292731934,0.5947443514865879,0.9324404765779898,1.294708077342558,56
Mouse-Dyad-10M,far,4.596837375885391,0.5951238731902021,0.9324404765779898,1.3052180976351768,56
Mouse-Dyad-10M,far,4.603499459038848,0.6098389570313548,0.9597257995699191,1.322681506666625,56
Mouse-Dyad-10M,far,4.610161542192305,0.6565539038889756,0.9641347266682057,1.3111107797254378,56
Mouse-Dyad-10M,far,4.616823625345763,0.6643692754450666,0.9597257995699191,1.3111107797254378,56
Mouse-Dyad-10M,far,4.62348570849922,0.6643692754450666,0.9597257995699191,1.3111107797254378,56
Mouse-Dyad-10M,far,4.630147791652677,0.6643692754450666,0.9641347266682057,1.3111107797254378,56
Mouse-Dyad-10M,far,4.636809874806134,0.6643692754450666,1.0067866060567927,1.3108413633030789,56
Mouse-Dyad-10M,far,4.643471957959591,0.6643692754450666,0.9893839453033245,1.273868981907021,56
Mouse-Dyad-10M,far,4.650134041113048,0.6643692754450666,0.9685765336947705,1.3113483385700015,56
Mouse-Dyad-10M,far,4.6567961242665055,0.6651457884488233,0.9814794971604395,1.3113483385700015,56
Mouse-Dyad-10M,far,4.663458207419962,0.6923665911136274,0.9695448820684675,1.3121455384690428,56
Mouse-Dyad-10M,far,4.670120290573419,0.7436637420185154,0.9775427248181272,1.3034523090720125,56
Mouse-Dyad-10M,far,4.676782373726876,0.7571962652444961,0.9769551861619226,1.3034523090720125,56
Mouse-Dyad-10M,far,4.683444456880333,0.7571962652444961,0.9671156815264115,1.3034523090720125,56
Mouse-Dyad-10M,far,4.69010654003379,0.7571962652444961,0.9671156815264115,1.3034523090720125,56
Mouse-Dyad-10M,far,4.696768623187247,0.7571962652444961,0.9671156815264115,1.3034523090720125,56
Mouse-Dyad-10M,far,4.703430706340705,0.7571962652444961,0.9671156815264115,1.3034523090720125,56
Mouse-Dyad-10M,far,4.710092789494162,0.7568016381587663,0.9595006468129443,1.2533627895343642,56
Mouse-Dyad-10M,far,4.716754872647619,0.695167543028973,0.9563331331476231,1.2182041291453127,56
Mouse-Dyad-10M,far,4.723416955801076,0.7376871016382315,0.9847767364246711,1.2182041291453127,56
Mouse-Dyad-10M,far,4.730079038954533,0.718145460570516,0.9847767364246711,1.261461872510725,56
Mouse-Dyad-10M,far,4.73674112210799,0.7180131739802514,0.9847767364246711,1.261461872510725,56
Mouse-Dyad-10M,far,4.743403205261447,0.7161815676487021,0.9847767364246711,1.261461872510725,56
Mouse-Dyad-10M,far,4.750065288414905,0.7161815676487021,0.9847767364246711,1.2613124360929961,56
Mouse-Dyad-10M,far,4.756727371568362,0.7446917765114744,0.9847767364246711,1.2180323005530187,56
Mouse-Dyad-10M,far,4.7633894547218185,0.7448228673414676,0.9557276910380881,1.22719611926792,56
Mouse-Dyad-10M,far,4.7700515378752755,0.7354304531555953,0.9557276910380881,1.22719611926792,56
Mouse-Dyad-10M,far,4.776713621028732,0.7121179516808724,0.9562222915925778,1.2516735060651287,56
Mouse-Dyad-10M,far,4.783375704182189,0.7561410780180725,0.9557276910380881,1.2275468693487743,56
Mouse-Dyad-10M,far,4.790037787335647,0.7421865038703195,0.9557276910380881,1.2309733707922472,56
Mouse-Dyad-10M,far,4.796699870489104,0.7422846342259033,0.9557276910380881,1.1964518765873957,56
Mouse-Dyad-10M,far,4.803361953642561,0.7507085131824743,0.9560096573901224,1.1962846295256397,56
Mouse-Dyad-10M,far,4.810024036796018,0.7376871016382315,0.9674648458607156,1.194893932000877,56
Mouse-Dyad-10M,far,4.816686119949475,0.7376871016382315,0.9674648458607156,1.2256917020835771,56
Mouse-Dyad-10M,far,4.823348203102932,0.7004927311275613,0.9674648458607156,1.2471602545121003,56
Mouse-Dyad-10M,far,4.830010286256389,0.7004927311275613,0.9772749013812436,1.2471602545121003,56
Mouse-Dyad-10M,far,4.836672369409847,0.7004927311275613,0.9772749013812436,1.2434556972137116,56
Mouse-Dyad-10M,far,4.843334452563304,0.7004927311275613,0.9772749013812436,1.2434556972137116,56
Mouse-Dyad-10M,far,4.849996535716761,0.695167543028973,0.9772749013812436,1.2434556972137116,56
Mouse-Dyad-10M,far,4.856658618870218,0.695167543028973,0.9772749013812436,1.2434556972137116,56
Mouse-Dyad-10M,far,4.863320702023675,0.7004927311275613,0.9772749013812436,1.2434556972137116,56
Mouse-Dyad-10M,far,4.869982785177132,0.7004927311275613,0.9772749013812436,1.2518915887429454,56
Mouse-Dyad-10M,far,4.876644868330589,0.6993866677479655,0.9757371003622655,1.2518915887429454,56
Mouse-Dyad-10M,far,4.883306951484046,0.695167543028973,0.9605409155583602,1.2518915887429454,56
Mouse-Dyad-10M,far,4.889969034637503,0.712470329097692,0.9711933667954948,1.2523221642680322,56
Mouse-Dyad-10M,far,4.89663111779096,0.712470329097692,0.9553364466728074,1.2727296724546153,56
Mouse-Dyad-10M,far,4.903293200944417,0.712470329097692,0.9554556725692802,1.278311637277887,56
Mouse-Dyad-10M,far,4.909955284097874,0.712470329097692,0.97745921009122,1.2770250876488527,56
Mouse-Dyad-10M,far,4.916617367251331,0.712470329097692,0.9704861415053112,1.2770250876488527,56
Mouse-Dyad-10M,far,4.923279450404789,0.712470329097692,0.9257698349090546,1.2770250876488527,56
Mouse-Dyad-10M,far,4.929941533558246,0.712470329097692,0.9713357310486168,1.2770250876488527,56
Mouse-Dyad-10M,far,4.936603616711703,0.6970416674596496,0.9874807774895695,1.2770250876488527,56
Mouse-Dyad-10M,far,4.94326569986516,0.6889395819324386,1.011913815899297,1.2770250876488527,56
Mouse-Dyad-10M,far,4.949927783018617,0.6889395819324386,1.0117529164579722,1.2770250876488527,56
Mouse-Dyad-10M,far,4.956589866172074,0.6889395819324386,0.9874807774895695,1.2751390878714697,56
Mouse-Dyad-10M,far,4.963251949325531,0.6879409316473837,0.9874807774895695,1.2996812894809784,56
Mouse-Dyad-10M,far,4.9699140324789886,0.6834207517827277,0.9874807774895695,1.2997305787239242,56
Mouse-Dyad-10M,far,4.9765761156324455,0.6834207517827277,0.9874807774895695,1.3263621971540998,56
Mouse-Dyad-10M,far,4.9832381987859025,0.6874308318286433,0.9874807774895695,1.3263621971540998,56
Mouse-Dyad-10M,far,4.989900281939359,0.6834207517827277,0.9874807774895695,1.3263621971540998,56
Mouse-Dyad-10M,far,4.996562365092816,0.6751556611509485,0.9874807774895695,1.3263621971540998,56
Mouse-Dyad-10M,far,5.003224448246273,0.6849204611142807,0.9874807774895695,1.3263621971540998,56
Mouse-Dyad-10M,null,-5.003224448246273,0.9680416661262465,1.003809531574133,1.0396889786650434,56
Mouse-Dyad-10M,null,-4.996562365092816,0.9692583127498919,1.0083846192849713,1.0372033135664716,56
Mouse-Dyad-10M,null,-4.989900281939359,0.9712994284137113,1.0059638232517014,1.0379975092092781,56
Mouse-Dyad-10M,null,-4.9832381987859025,0.9740964385220724,1.0051189984298383,1.0454416976868448,56
Mouse-Dyad-10M,null,-4.9765761156324455,0.970766013453807,1.0046455062989725,1.0434161370028128,56
Mouse-Dyad-10M,null,-4.9699140324789886,0.9681139231359305,1.0007091333709452,1.0510820894557793,56
Mouse-Dyad-10M,null,-4.963251949325531,0.969100106279912,1.001595947505467,1.0523191211877552,56
Mouse-Dyad-10M,null,-4.956589866172074,0.9709212397073965,0.9997599085407158,1.0518305808192245,56
Mouse-Dyad-10M,null,-4.949927783018617,0.9726002837633264,1.0010275064448186,1.050591198838767,56
Mouse-Dyad-10M,null,-4.94326569986516,0.9743760398116779,1.0052910402903306,1.0444863465547896,56
Mouse-Dyad-10M,null,-4.936603616711703,0.9728637576996727,1.0040733825880268,1.042650545601825,56
Mouse-Dyad-10M,null,-4.929941533558246,0.9745115575709272,1.0006438348616298,1.0428150125570568,56
Mouse-Dyad-10M,null,-4.923279450404789,0.9778969241745031,1.0024188177502302,1.0459950942477727,56
Mouse-Dyad-10M,null,-4.916617367251331,0.9782381217592517,1.0060345412666412,1.0526931996757911,56
Mouse-Dyad-10M,null,-4.909955284097874,0.9828197694449038,1.007025045180213,1.0491236328162337,56
Mouse-Dyad-10M,null,-4.903293200944417,0.9869549364821203,1.0073442309697862,1.0495024575225378,56
Mouse-Dyad-10M,null,-4.89663111779096,0.9865182219377528,1.0076224985527171,1.0512231420603482,56
Mouse-Dyad-10M,null,-4.889969034637503,0.9838878435011009,1.005425800182537,1.0576740774204971,56
Mouse-Dyad-10M,null,-4.883306951484046,0.9801003250863572,1.0068127966909173,1.05062145500218,56
Mouse-Dyad-10M,null,-4.876644868330589,0.9803698494383307,1.0065402784313087,1.0519675703648108,56
Mouse-Dyad-10M,null,-4.869982785177132,0.9825758181604365,1.0028963317032609,1.057439490948523,56
Mouse-Dyad-10M,null,-4.863320702023675,0.9852904786964688,1.0014311415121582,1.0503830692553309,56
Mouse-Dyad-10M,null,-4.856658618870218,0.9852951889417231,1.0020890218515148,1.0519356676604172,56
Mouse-Dyad-10M,null,-4.849996535716761,0.9847071481675083,1.002337743851798,1.0492467090875623,56
Mouse-Dyad-10M,null,-4.843334452563304,0.9827162730340129,1.0009152801697083,1.048232765835559,56
Mouse-Dyad-10M,null,-4.836672369409847,0.9834260904013832,0.9978556540454572,1.04250029184182,56
Mouse-Dyad-10M,null,-4.830010286256389,0.9835113337554738,1.003935972549961,1.049483236936091,56
Mouse-Dyad-10M,null,-4.823348203102932,0.9847574066885599,1.0062058294748566,1.0468170834026624,56
Mouse-Dyad-10M,null,-4.816686119949475,0.9825974487095683,1.0055057812032004,1.0470633688274,56
Mouse-Dyad-10M,null,-4.810024036796018,0.9838365779756078,1.0053092420430316,1.0481792068643507,56
Mouse-Dyad-10M,null,-4.803361953642561,0.9862658255276956,1.0052358449134888,1.0467306582414904,56
Mouse-Dyad-10M,null,-4.796699870489104,0.990033517174652,1.0087166755619945,1.047617865450703,56
Mouse-Dyad-10M,null,-4.790037787335647,0.9898299679568795,1.0097386860669164,1.0504493042851542,56
Mouse-Dyad-10M,null,-4.783375704182189,0.9823474120400271,1.008635923632101,1.0558598618960648,56
Mouse-Dyad-10M,null,-4.776713621028732,0.9791406773627598,1.011953791679355,1.0525635656603562,56
Mouse-Dyad-10M,null,-4.7700515378752755,0.9785890304995243,1.0144594432753005,1.0484343271634493,56
Mouse-Dyad-10M,null,-4.7633894547218185,0.9798887182396849,1.0135608944031458,1.0479620386246187,56
Mouse-Dyad-10M,null,-4.756727371568362,0.9749398711087676,1.0114946913643603,1.0476606533396915,56
Mouse-Dyad-10M,null,-4.750065288414905,0.9685070076359692,1.0122662824056898,1.0519131984363606,56
Mouse-Dyad-10M,null,-4.743403205261447,0.9671552459617045,1.0104935157307033,1.0498127182342691,56
Mouse-Dyad-10M,null,-4.73674112210799,0.9707295762444978,1.0077108177130487,1.0460095746056617,56
Mouse-Dyad-10M,null,-4.730079038954533,0.9710532659972226,1.009329069116022,1.0484839434063933,56
Mouse-Dyad-10M,null,-4.723416955801076,0.9731492536561923,1.0079551538122735,1.0490330786422912,56
Mouse-Dyad-10M,null,-4.716754872647619,0.9761208909627821,1.0073095901407392,1.0516234799951105,56
Mouse-Dyad-10M,null,-4.710092789494162,0.9742657279083826,1.006984427013653,1.0503050779699585,56
Mouse-Dyad-10M,null,-4.703430706340705,0.9705570588903925,1.007489464233816,1.0513716403440672,56
Mouse-Dyad-10M,null,-4.696768623187247,0.9738124399922212,1.010800397901063,1.0468139349250487,56
Mouse-Dyad-10M,null,-4.69010654003379,0.9740418078176472,1.013699536595186,1.0463511677095152,56
Mouse-Dyad-10M,null,-4.683444456880333,0.9738615514711604,1.0172957282430009,1.0521162681402316,56
Mouse-Dyad-10M,null,-4.676782373726876,0.9727899952086893,1.016082436593161,1.0523463639492225,56
Mouse-Dyad-10M,null,-4.670120290573419,0.9707634103004485,1.0174630714946389,1.053198729308607,56
Mouse-Dyad-10M,null,-4.663458207419962,0.9651342070425357,1.0180465122158775,1.057762662536169,56
Mouse-Dyad-10M,null,-4.6567961242665055,0.9669301904345922,1.0129004791621683,1.0601877945230336,56
Mouse-Dyad-10M,null,-4.650134041113048,0.9723959989218588,1.012998185414763,1.0591572793105566,56
Mouse-Dyad-10M,null,-4.643471957959591,0.9724572251814634,1.0099655168860733,1.0573790059720471,56
Mouse-Dyad-10M,null,-4.636809874806134,0.9692255048631431,1.0121840305327636,1.058252786658428,56
Mouse-Dyad-10M,null,-4.630147791652677,0.9703127863308086,1.0119813726166864,1.058301358017584,56
Mouse-Dyad-10M,null,-4.62348570849922,0.969599457209958,1.010604971464932,1.0554401508638294,56
Mouse-Dyad-10M,null,-4.616823625345763,0.9627463171745207,1.0074218619998243,1.0572465321726299,56
Mouse-Dyad-10M,null,-4.610161542192305,0.9658558589858701,1.01018156997413,1.0546830687395423,56
Mouse-Dyad-10M,null,-4.603499459038848,0.9742676324365566,1.0045282687953025,1.0573727488525158,56
Mouse-Dyad-10M,null,-4.596837375885391,0.971955687979238,1.0079699328763023,1.059031809439341,56
Mouse-Dyad-10M,null,-4.590175292731934,0.9717145405450989,1.008508818818336,1.0591091795055547,56
Mouse-Dyad-10M,null,-4.583513209578477,0.9708113118307984,1.0057750557042167,1.0596282317269714,56
Mouse-Dyad-10M,null,-4.57685112642502,0.9740196925599867,1.0045613595506038,1.057285310480869,56
Mouse-Dyad-10M,null,-4.570189043271563,0.9706448979675844,1.0075692548868296,1.0529642519242042,56
Mouse-Dyad-10M,null,-4.563526960118105,0.9693388646441079,1.0084894341222777,1.0536742442010427,56
Mouse-Dyad-10M,null,-4.5568648769646485,0.9683263175494776,1.007956235362431,1.0508949160849372,56
Mouse-Dyad-10M,null,-4.5502027938111915,0.9743875880458477,1.0095686557794614,1.051103488873879,56
Mouse-Dyad-10M,null,-4.543540710657735,0.9757935453304426,1.0087950466806177,1.0465649792740943,56
Mouse-Dyad-10M,null,-4.536878627504278,0.9757935453304426,1.005788097011025,1.045351645427146,56
Mouse-Dyad-10M,null,-4.530216544350821,0.9727127368807764,1.0111168752204622,1.0451123038669463,56
Mouse-Dyad-10M,null,-4.523554461197364,0.9729982526968102,1.0148847794961644,1.0457960311749679,56
Mouse-Dyad-10M,null,-4.516892378043906,0.9693332475570018,1.013960263397742,1.0450166261358134,56
Mouse-Dyad-10M,null,-4.510230294890449,0.9693002829956839,1.0151845470931207,1.0494797000301623,56
Mouse-Dyad-10M,null,-4.503568211736992,0.9703048789659483,1.0169471333971583,1.0442636882306757,56
Mouse-Dyad-10M,null,-4.496906128583535,0.9732018580938464,1.0165912366555692,1.0426745305907463,56
Mouse-Dyad-10M,null,-4.490244045430078,0.9775149865598112,1.0166995313894605,1.039991214375499,56
Mouse-Dyad-10M,null,-4.483581962276621,0.9821516203742087,1.0144059692333538,1.0411425396299774,56
Mouse-Dyad-10M,null,-4.476919879123163,0.9816441497931263,1.015027532793734,1.0397497145205972,56
Mouse-Dyad-10M,null,-4.470257795969706,0.9799733988303659,1.015940168917894,1.0384116880021574,56
Mouse-Dyad-10M,null,-4.463595712816249,0.9824851327897448,1.0160410821745731,1.0417251316219525,56
Mouse-Dyad-10M,null,-4.456933629662792,0.9729067983181102,1.0137370457072286,1.0433074146369203,56
Mouse-Dyad-10M,null,-4.450271546509335,0.975605622434327,1.017151868710933,1.0443727029724326,56
Mouse-Dyad-10M,null,-4.4436094633558785,0.9776206359141765,1.0169118757955946,1.0494443670613656,56
Mouse-Dyad-10M,null,-4.4369473802024215,0.9744977961076391,1.0223818398284323,1.0464711792749581,56
Mouse-Dyad-10M,null,-4.430285297048964,0.9769431252161178,1.0211666491828968,1.0437600834529501,56
Mouse-Dyad-10M,null,-4.423623213895507,0.9784124192921636,1.0224733745922747,1.04264963393517,56
Mouse-Dyad-10M,null,-4.41696113074205,0.9799552574499472,1.0216223248730323,1.0437612285115898,56
Mouse-Dyad-10M,null,-4.410299047588593,0.9735316098650377,1.0201854646230133,1.0401965888247608,56
Mouse-Dyad-10M,null,-4.403636964435136,0.9740645949025855,1.0176174603364507,1.0402384693702975,56
Mouse-Dyad-10M,null,-4.396974881281679,0.9743479857879584,1.0195906055925013,1.0498845807493795,56
Mouse-Dyad-10M,null,-4.390312798128221,0.96946789743181,1.0193102777797054,1.0478688091939359,56
Mouse-Dyad-10M,null,-4.383650714974764,0.9690476717879222,1.020772413562833,1.0441419597447779,56
Mouse-Dyad-10M,null,-4.376988631821307,0.9676188527195708,1.01978123375654,1.0444995015987606,56
Mouse-Dyad-10M,null,-4.37032654866785,0.9702126834021676,1.0176172688081073,1.0447525509794389,56
Mouse-Dyad-10M,null,-4.363664465514393,0.9725934718774768,1.0152086224021062,1.0398889575331005,56
Mouse-Dyad-10M,null,-4.357002382360936,0.9744434583903099,1.0195182508223275,1.0408227734509752,56
Mouse-Dyad-10M,null,-4.350340299207479,0.9664652053294741,1.0117844954321913,1.0399736141734646,56
Mouse-Dyad-10M,null,-4.3436782160540215,0.9686404220194333,1.0108993191393434,1.0390464283184542,56
Mouse-Dyad-10M,null,-4.3370161329005645,0.960242452044943,1.0067891772776218,1.0430004793362773,56
Mouse-Dyad-10M,null,-4.330354049747108,0.961796141344301,1.0061062382277943,1.0407242387067361,56
Mouse-Dyad-10M,null,-4.323691966593651,0.9622165245392889,1.0064109207846257,1.0323283541295738,56
Mouse-Dyad-10M,null,-4.317029883440194,0.9600559740793156,1.0073128215911806,1.0395856070175982,56
Mouse-Dyad-10M,null,-4.310367800286737,0.9597876916079786,1.0050735038550096,1.0370168350602427,56
Mouse-Dyad-10M,null,-4.30370571713328,0.9621566832611047,1.0044239097203855,1.0322051216642123,56
Mouse-Dyad-10M,null,-4.297043633979822,0.9621542096902787,1.0046729988450727,1.029254257918994,56
Mouse-Dyad-10M,null,-4.290381550826365,0.962884153596298,1.0010845424330959,1.0295438859040684,56
Mouse-Dyad-10M,null,-4.283719467672908,0.955922490864034,1.0027447163490693,1.030116946944721,56
Mouse-Dyad-10M,null,-4.277057384519451,0.9631510378807295,1.0049930211264018,1.0319776271105725,56
Mouse-Dyad-10M,null,-4.270395301365994,0.9666746217049953,1.0005973380229392,1.0312270614850296,56
Mouse-Dyad-10M,null,-4.263733218212537,0.9604251283966487,0.9986233073331945,1.034552713884162,56
Mouse-Dyad-10M,null,-4.257071135059079,0.9697771092404033,1.0046352112100152,1.032753301672929,56
Mouse-Dyad-10M,null,-4.250409051905622,0.9658106933384197,1.002744423266405,1.031274769667392,56
Mouse-Dyad-10M,null,-4.243746968752165,0.9705740048322995,1.004623939648516,1.0306577145863791,56
Mouse-Dyad-10M,null,-4.237084885598708,0.9697987261131111,1.008441952750222,1.0281780138705963,56
Mouse-Dyad-10M,null,-4.2304228024452515,0.962946815839497,1.0046896392232483,1.032317148091031,56
Mouse-Dyad-10M,null,-4.2237607192917945,0.9615199462212254,1.0084294222773287,1.0295340973284937,56
Mouse-Dyad-10M,null,-4.217098636138338,0.9630206208428477,1.0045881784353279,1.0298297165539712,56
Mouse-Dyad-10M,null,-4.21043655298488,0.96431674975944,0.9977900884274431,1.0310924584850056,56
Mouse-Dyad-10M,null,-4.203774469831423,0.9614055603478996,1.0006727735792524,1.0305686658188764,56
Mouse-Dyad-10M,null,-4.197112386677966,0.9668166637201063,1.0050030685872546,1.025058638938526,56
Mouse-Dyad-10M,null,-4.190450303524509,0.9644796113152829,1.0036569256554704,1.023752761894657,56
Mouse-Dyad-10M,null,-4.183788220371052,0.9685575740920884,1.0041656694713983,1.0308367548539672,56
Mouse-Dyad-10M,null,-4.177126137217595,0.9753765082834517,1.0072471209434521,1.0337538629837744,56
Mouse-Dyad-10M,null,-4.170464054064138,0.9715948530987514,1.0068974918108742,1.0297635087725026,56
Mouse-Dyad-10M,null,-4.16380197091068,0.9742740250929373,1.0061494632061945,1.0315326547225105,56
Mouse-Dyad-10M,null,-4.157139887757223,0.9730969260590863,1.00452153301431,1.0315138509869684,56
Mouse-Dyad-10M,null,-4.150477804603766,0.9726485552643189,1.0084234005728323,1.0307954733437334,56
Mouse-Dyad-10M,null,-4.143815721450309,0.9752512673347385,1.0067464453588135,1.0300374432050632,56
Mouse-Dyad-10M,null,-4.137153638296852,0.9792762592739648,1.0070423171954217,1.0273724568982536,56
Mouse-Dyad-10M,null,-4.130491555143395,0.9754754065168252,1.008887868399234,1.032625490476652,56
Mouse-Dyad-10M,null,-4.1238294719899375,0.9727958150774412,1.0094890997130874,1.0345041503383283,56
Mouse-Dyad-10M,null,-4.117167388836481,0.9756895557188302,1.0029751244618428,1.0323763469815885,56
Mouse-Dyad-10M,null,-4.110505305683024,0.9734760745533526,1.0044907844471362,1.0301993129913436,56
Mouse-Dyad-10M,null,-4.103843222529567,0.9796888282868271,1.0037192658157053,1.031016761047212,56
Mouse-Dyad-10M,null,-4.09718113937611,0.974500313785453,1.003391492568275,1.0306885646635937,56
Mouse-Dyad-10M,null,-4.090519056222653,0.9677604637404639,1.005420087046153,1.0310245193008,56
Mouse-Dyad-10M,null,-4.083856973069196,0.9647201162920823,1.0036212037025998,1.0355255077577161,56
Mouse-Dyad-10M,null,-4.077194889915738,0.9681282185622797,1.006187352414527,1.031547334549834,56
Mouse-Dyad-10M,null,-4.070532806762281,0.9634496241194936,1.008503621149766,1.0316185579392598,56
Mouse-Dyad-10M,null,-4.063870723608824,0.9607276916975402,1.0083163208962027,1.0327613523573231,56
Mouse-Dyad-10M,null,-4.057208640455367,0.9620639570982128,1.003136298161501,1.0363765272303156,56
Mouse-Dyad-10M,null,-4.05054655730191,0.9620340042580611,1.0061015549343797,1.0319505847094226,56
Mouse-Dyad-10M,null,-4.043884474148453,0.9644421754631819,1.0096942801995223,1.0341342933319926,56
Mouse-Dyad-10M,null,-4.037222390994995,0.9721296612015402,1.0031422876177263,1.036238936355732,56
Mouse-Dyad-10M,null,-4.030560307841538,0.968698252226444,1.0035510807604318,1.0366635013823613,56
Mouse-Dyad-10M,null,-4.0238982246880814,0.967596236027263,1.0068604671173855,1.0310320123545096,56
Mouse-Dyad-10M,null,-4.0172361415346245,0.9635842778894652,1.0078490373872635,1.036647846211943,56
Mouse-Dyad-10M,null,-4.0105740583811675,0.9630073418444671,1.0062477639864218,1.033685311597914,56
Mouse-Dyad-10M,null,-4.003911975227711,0.9681973662891893,1.0044589220971611,1.0349671099962976,56
Mouse-Dyad-10M,null,-3.997249892074253,0.9708358766985866,1.009044870620694,1.0303267531909406,56
Mouse-Dyad-10M,null,-3.9905878089207962,0.9690126793332449,1.004626895577952,1.0345287374288328,56
Mouse-Dyad-10M,null,-3.9839257257673393,0.9702716941542513,1.0069346418911809,1.0330686051958535,56
Mouse-Dyad-10M,null,-3.977263642613882,0.9688732021121391,1.006791512152468,1.032687315612509,56
Mouse-Dyad-10M,null,-3.970601559460425,0.9667303516021746,1.0098004628267567,1.0328765155897082,56
Mouse-Dyad-10M,null,-3.963939476306968,0.9668553526356948,1.011569152414744,1.0316820553516424,56
Mouse-Dyad-10M,null,-3.9572773931535106,0.9697547743954524,1.0087046943787137,1.0289228144136682,56
Mouse-Dyad-10M,null,-3.9506153100000536,0.9696725880819139,1.010006739861157,1.0282925811530104,56
Mouse-Dyad-10M,null,-3.9439532268465967,0.9704020924700962,1.0060745144192156,1.0273993764967349,56
Mouse-Dyad-10M,null,-3.9372911436931393,0.9737277777059641,1.0030139375359168,1.0270209483045298,56
Mouse-Dyad-10M,null,-3.9306290605396823,0.9688349297207676,1.0025930541362398,1.0240539124496442,56
Mouse-Dyad-10M,null,-3.9239669773862254,0.9713979813420563,1.004841766465092,1.022274424014453,56
Mouse-Dyad-10M,null,-3.9173048942327684,0.9715264315281522,1.00066114794048,1.0259969753448621,56
Mouse-Dyad-10M,null,-3.910642811079311,0.9702811676491975,1.0027322712443667,1.0283975810850898,56
Mouse-Dyad-10M,null,-3.903980727925854,0.9727827266868431,1.003761082400422,1.0285517288937063,56
Mouse-Dyad-10M,null,-3.897318644772397,0.9759732547183956,1.0043935445087326,1.0241018969461166,56
Mouse-Dyad-10M,null,-3.8906565616189397,0.9756501485559872,1.005696817489244,1.0270403093323122,56
Mouse-Dyad-10M,null,-3.8839944784654827,0.974974779049083,1.0065833477573225,1.0289306611825362,56
Mouse-Dyad-10M,null,-3.877332395312026,0.9771358791796863,1.0083972230816598,1.0280450718952883,56
Mouse-Dyad-10M,null,-3.8706703121585684,0.977580008518804,1.0078565541350806,1.0255942929058595,56
Mouse-Dyad-10M,null,-3.8640082290051114,0.9728824800557168,1.0107659410459677,1.0277470241831006,56
Mouse-Dyad-10M,null,-3.8573461458516545,0.9719392005265974,1.0077884280160865,1.0297692333582353,56
Mouse-Dyad-10M,null,-3.8506840626981975,0.9716734235039332,1.0066473838543006,1.0279385980235303,56
Mouse-Dyad-10M,null,-3.84402197954474,0.9711034565783683,1.005334760424509,1.0278161282299147,56
Mouse-Dyad-10M,null,-3.837359896391283,0.9719155455566791,1.0054728707248253,1.0299001899052516,56
Mouse-Dyad-10M,null,-3.830697813237826,0.9733579766538574,1.0046823093048236,1.0281515392803844,56
Mouse-Dyad-10M,null,-3.824035730084369,0.9723436030006913,1.0049900363438025,1.0306268411524964,56
Mouse-Dyad-10M,null,-3.817373646930912,0.9740541537540782,1.0056282773272707,1.0291419068004282,56
Mouse-Dyad-10M,null,-3.810711563777455,0.9709005459815582,1.004682861094203,1.0338447862644804,56
Mouse-Dyad-10M,null,-3.8040494806239975,0.9732015839311031,1.0075489371745259,1.0336437612834342,56
Mouse-Dyad-10M,null,-3.7973873974705405,0.9689147449594995,1.0091148718245204,1.035435129578993,56
Mouse-Dyad-10M,null,-3.7907253143170836,0.9740027269544793,1.0075327977296746,1.0318814912722876,56
Mouse-Dyad-10M,null,-3.7840632311636266,0.9752863230608102,1.0049788646119597,1.0326679571965185,56
Mouse-Dyad-10M,null,-3.7774011480101692,0.9706685999713971,1.0010460903363607,1.0338671430813506,56
Mouse-Dyad-10M,null,-3.7707390648567123,0.9659274193861851,1.0050323659650302,1.03297285265852,56
Mouse-Dyad-10M,null,-3.7640769817032553,0.9664819702283332,1.005350286796808,1.034281120832415,56
Mouse-Dyad-10M,null,-3.757414898549798,0.9683551150678403,1.0099119371521526,1.0364099125646964,56
Mouse-Dyad-10M,null,-3.750752815396341,0.967615303767942,1.0099277182906738,1.0344568995405907,56
Mouse-Dyad-10M,null,-3.744090732242884,0.9619285023770734,1.0110649331391501,1.0309305332442351,56
Mouse-Dyad-10M,null,-3.7374286490894266,0.9623423686665737,1.0070426231346552,1.0326667341615492,56
Mouse-Dyad-10M,null,-3.7307665659359697,0.9590779670080306,1.0062790008748184,1.0306246740273175,56
Mouse-Dyad-10M,null,-3.7241044827825127,0.9580629546368065,1.0093694797564956,1.030308635729535,56
Mouse-Dyad-10M,null,-3.7174423996290553,0.9643651727480816,1.0107863336818612,1.0328230650005903,56
Mouse-Dyad-10M,null,-3.7107803164755984,0.9632454984471783,1.009031652146266,1.0337943058972616,56
Mouse-Dyad-10M,null,-3.7041182333221414,0.9617377544947359,1.010060937051707,1.0351976352437973,56
Mouse-Dyad-10M,null,-3.6974561501686845,0.9597181667410563,1.0123352219387594,1.0372521122217497,56
Mouse-Dyad-10M,null,-3.690794067015227,0.9611715902188112,1.0140176114890362,1.0361472754413994,56
Mouse-Dyad-10M,null,-3.68413198386177,0.9613946993266469,1.0104873521953959,1.0397457982301628,56
Mouse-Dyad-10M,null,-3.677469900708313,0.9601332906524173,1.015998412567185,1.0389126979296903,56
Mouse-Dyad-10M,null,-3.6708078175548557,0.9580973562940769,1.006179626965995,1.0367561116372686,56
Mouse-Dyad-10M,null,-3.664145734401399,0.9575121829275719,1.0093705502402435,1.0399740532104929,56
Mouse-Dyad-10M,null,-3.657483651247942,0.9554103626794197,1.0070232424506418,1.0391734366572665,56
Mouse-Dyad-10M,null,-3.6508215680944844,0.9513628584229649,1.0059598105602445,1.0419176435808275,56
Mouse-Dyad-10M,null,-3.6441594849410275,0.9555097674307125,1.0048185056949275,1.0400159572980523,56
Mouse-Dyad-10M,null,-3.6374974017875705,0.9536069174830114,1.0004821705697546,1.0411502307858576,56
Mouse-Dyad-10M,null,-3.6308353186341136,0.9568617018768492,1.0014445851669256,1.0392801715623396,56
Mouse-Dyad-10M,null,-3.624173235480656,0.9541873834545515,1.0024699222134426,1.0359361810695407,56
Mouse-Dyad-10M,null,-3.617511152327199,0.9549516857673523,1.0056405419137446,1.0388861928969975,56
Mouse-Dyad-10M,null,-3.6108490691737423,0.9548014969768063,1.0041849654720107,1.0381680418310737,56
Mouse-Dyad-10M,null,-3.604186986020285,0.9543027299869542,0.9994814860565067,1.0399056222986487,56
Mouse-Dyad-10M,null,-3.597524902866828,0.9563916459182445,0.9978763901367838,1.0384098219185094,56
Mouse-Dyad-10M,null,-3.590862819713371,0.9567122863765405,0.9997207772917505,1.0362605186459808,56
Mouse-Dyad-10M,null,-3.5842007365599136,0.9588480579861233,0.9999477164370743,1.036780133975591,56
Mouse-Dyad-10M,null,-3.5775386534064566,0.958532239512508,1.0048310861224878,1.0416144310644886,56
Mouse-Dyad-10M,null,-3.5708765702529996,0.9567368007092235,1.002812591191201,1.04163853219636,56
Mouse-Dyad-10M,null,-3.5642144870995427,0.958084089959981,1.0028686232050938,1.0373080377206556,56
Mouse-Dyad-10M,null,-3.5575524039460853,0.9485236270813998,1.0054070695891397,1.0355005593480844,56
Mouse-Dyad-10M,null,-3.5508903207926283,0.9606884960394972,1.005085651656759,1.0339290495109859,56
Mouse-Dyad-10M,null,-3.5442282376391714,0.9590102193785274,0.9984344702659691,1.038702679460937,56
Mouse-Dyad-10M,null,-3.537566154485714,0.9602815319497884,1.0025560248065384,1.034260016404277,56
Mouse-Dyad-10M,null,-3.530904071332257,0.9631745165739399,1.0031698749545979,1.0349108834684484,56
Mouse-Dyad-10M,null,-3.5242419881788,0.9570642069069708,1.00980853496787,1.0383723886793417,56
Mouse-Dyad-10M,null,-3.5175799050253427,0.9572344215519952,1.0086792491376713,1.0347672801933945,56
Mouse-Dyad-10M,null,-3.5109178218718857,0.958548127575463,1.0091354242446753,1.035637266102035,56
Mouse-Dyad-10M,null,-3.5042557387184288,0.958202171321425,1.0110503387590417,1.0378849127546947,56
Mouse-Dyad-10M,null,-3.497593655564972,0.958410808125034,1.0106616945453653,1.0385748331438185,56
Mouse-Dyad-10M,null,-3.4909315724115144,0.9628228983938011,1.0044551997442306,1.0408113027699666,56
Mouse-Dyad-10M,null,-3.4842694892580575,0.9622801681149421,1.005082221448196,1.0366711398912125,56
Mouse-Dyad-10M,null,-3.4776074061046005,0.9563818949590827,1.0110541817088765,1.0409591500980664,56
Mouse-Dyad-10M,null,-3.470945322951143,0.9540731210313063,1.0090118308731224,1.040651798760022,56
Mouse-Dyad-10M,null,-3.464283239797686,0.9556785508259944,1.0128038271770652,1.0428845922159258,56
Mouse-Dyad-10M,null,-3.457621156644229,0.9568187539335461,1.008945245509285,1.0409111121690802,56
Mouse-Dyad-10M,null,-3.450959073490772,0.9611413304416074,1.013489105849839,1.0387528500845171,56
Mouse-Dyad-10M,null,-3.444296990337315,0.9589806074002356,1.011634637055561,1.0394782704318395,56
Mouse-Dyad-10M,null,-3.437634907183858,0.9617265677909405,1.014927995955818,1.0373633288358757,56
Mouse-Dyad-10M,null,-3.430972824030401,0.9617068399504486,1.0132455178692485,1.037769284255159,56
Mouse-Dyad-10M,null,-3.4243107408769435,0.968919533571921,1.01340321902288,1.0462020924285667,56
Mouse-Dyad-10M,null,-3.4176486577234866,0.9635411041381782,1.0133013193405902,1.0437422649126231,56
Mouse-Dyad-10M,null,-3.4109865745700296,0.968027446971812,1.0133437720668295,1.0411893778291457,56
Mouse-Dyad-10M,null,-3.4043244914165722,0.9654606146694464,1.0144015175584493,1.0446290777132148,56
Mouse-Dyad-10M,null,-3.3976624082631153,0.9619345079763849,1.0150714181588008,1.045949713989861,56
Mouse-Dyad-10M,null,-3.3910003251096583,0.965207305764575,1.0163834403125174,1.0477981291837069,56
Mouse-Dyad-10M,null,-3.384338241956201,0.9691105446013811,1.0152776922402338,1.049724965576674,56
Mouse-Dyad-10M,null,-3.377676158802744,0.9697998432103064,1.0191466824314581,1.050168007991199,56
Mouse-Dyad-10M,null,-3.371014075649287,0.9740066514177996,1.0177211927257577,1.0531147473054978,56
Mouse-Dyad-10M,null,-3.3643519924958296,0.9723028957506836,1.0140813632351655,1.0472791457571544,56
Mouse-Dyad-10M,null,-3.3576899093423727,0.9694171855160729,1.010353111246497,1.053603823070847,56
Mouse-Dyad-10M,null,-3.3510278261889157,0.9682462027980716,1.0092315564267584,1.051080893364616,56
Mouse-Dyad-10M,null,-3.3443657430354587,0.9642290322221476,1.0123626133631172,1.0506049917307383,56
Mouse-Dyad-10M,null,-3.3377036598820014,0.9635424964592195,1.0123010639115664,1.0478952584955645,56
Mouse-Dyad-10M,null,-3.3310415767285444,0.9635679825668009,1.012531883230125,1.0484008020551743,56
Mouse-Dyad-10M,null,-3.3243794935750874,0.9655135072700999,1.0106948239028926,1.0445261875738183,56
Mouse-Dyad-10M,null,-3.31771741042163,0.9655060987952431,1.0112039881171557,1.043213386838105,56
Mouse-Dyad-10M,null,-3.311055327268173,0.9595589995888287,1.0090334739377615,1.0451475928283773,56
Mouse-Dyad-10M,null,-3.304393244114716,0.9625964965870004,1.006802922974074,1.0463357324759972,56
Mouse-Dyad-10M,null,-3.2977311609612587,0.9635640494387392,1.008235121685068,1.0451745152293805,56
Mouse-Dyad-10M,null,-3.291069077807802,0.9677408600775621,1.0119334567995169,1.040754821891878,56
Mouse-Dyad-10M,null,-3.284406994654345,0.9654992523060448,1.0121262759823502,1.041284520311973,56
Mouse-Dyad-10M,null,-3.277744911500888,0.9674549824260077,1.012196837216478,1.0415727882651957,56
Mouse-Dyad-10M,null,-3.2710828283474305,0.9656727640583895,1.0092824999675019,1.0448106422794203,56
Mouse-Dyad-10M,null,-3.2644207451939735,0.9662053278750828,1.010421040859387,1.0426974612438933,56
Mouse-Dyad-10M,null,-3.2577586620405166,0.966179323121636,1.0081238522472267,1.0383677816320807,56
Mouse-Dyad-10M,null,-3.251096578887059,0.9695622699279036,1.0139268148892673,1.0381314727459114,56
Mouse-Dyad-10M,null,-3.244434495733602,0.9764109178236434,1.012367269515164,1.0415481394703274,56
Mouse-Dyad-10M,null,-3.2377724125801453,0.9806276643355121,1.0136203843705092,1.040439605159576,56
Mouse-Dyad-10M,null,-3.231110329426688,0.9721486861617539,1.0162988775147572,1.0398358138690342,56
Mouse-Dyad-10M,null,-3.224448246273231,0.9803168009701654,1.0168251613252022,1.047446565212323,56
Mouse-Dyad-10M,null,-3.217786163119774,0.9720784311090804,1.0133208192565977,1.0465026939035404,56
Mouse-Dyad-10M,null,-3.211124079966317,0.9737062031086896,1.0150529701644677,1.0439310032953228,56
Mouse-Dyad-10M,null,-3.2044619968128596,0.9722770995158919,1.0193830865818885,1.0485505942929088,56
Mouse-Dyad-10M,null,-3.1977999136594026,0.9733721942155578,1.02184931429114,1.0440639307109436,56
Mouse-Dyad-10M,null,-3.1911378305059457,0.9735747671856888,1.0181336610060765,1.0461956186170887,56
Mouse-Dyad-10M,null,-3.1844757473524883,0.9717932606619548,1.0164318447118106,1.0487624273518066,56
Mouse-Dyad-10M,null,-3.1778136641990313,0.971508926707121,1.0133564270604922,1.0493349292066032,56
Mouse-Dyad-10M,null,-3.1711515810455744,0.9751912908957447,1.0141833769516753,1.047845482180352,56
Mouse-Dyad-10M,null,-3.164489497892117,0.9740671894907222,1.011477588401692,1.0464153855546279,56
Mouse-Dyad-10M,null,-3.15782741473866,0.9798276563135511,1.0142324685590982,1.0506486445173104,56
Mouse-Dyad-10M,null,-3.151165331585203,0.9798200927979441,1.0134775593266956,1.048984510426489,56
Mouse-Dyad-10M,null,-3.144503248431746,0.9783548334090949,1.0129606701541087,1.046286203056889,56
Mouse-Dyad-10M,null,-3.1378411652782887,0.9792618226720513,1.01156510488117,1.046245049079019,56
Mouse-Dyad-10M,null,-3.1311790821248318,0.9753214059480497,1.0110641830747102,1.0485065488067509,56
Mouse-Dyad-10M,null,-3.124516998971375,0.9755468763444455,1.016685957151554,1.047497878754495,56
Mouse-Dyad-10M,null,-3.1178549158179174,0.9743004674989074,1.0185715706099918,1.0413750645441093,56
Mouse-Dyad-10M,null,-3.1111928326644605,0.9761805486324489,1.014786426086684,1.0487180030737493,56
Mouse-Dyad-10M,null,-3.1045307495110035,0.9740876742286961,1.014180823654478,1.045469650347957,56
Mouse-Dyad-10M,null,-3.097868666357546,0.9762720116944346,1.0146591605011368,1.0455159592245136,56
Mouse-Dyad-10M,null,-3.091206583204089,0.9729487496182031,1.0153798224513082,1.049428569577477,56
Mouse-Dyad-10M,null,-3.084544500050632,0.9710769886299561,1.0146330983611844,1.050876469952719,56
Mouse-Dyad-10M,null,-3.0778824168971752,0.9758347558411768,1.0094398336445471,1.0459578206926734,56
Mouse-Dyad-10M,null,-3.071220333743718,0.9744051162047669,1.0056644235398673,1.042868963487816,56
Mouse-Dyad-10M,null,-3.064558250590261,0.977363951264226,1.0128073416650687,1.0417618677611125,56
Mouse-Dyad-10M,null,-3.057896167436804,0.9710163456802836,1.010420764438818,1.038357757662824,56
Mouse-Dyad-10M,null,-3.0512340842833465,0.9752352200344427,1.0077307731686849,1.0385492154085827,56
Mouse-Dyad-10M,null,-3.0445720011298896,0.9737113931795593,1.006377679767982,1.0383663158412713,56
Mouse-Dyad-10M,null,-3.0379099179764326,0.9744401597130325,1.0123805235458874,1.0399092315761562,56
Mouse-Dyad-10M,null,-3.031247834822975,0.9796340367949657,1.010723392222528,1.0324485373603012,56
Mouse-Dyad-10M,null,-3.0245857516695183,0.9760527562436755,1.014789667594095,1.0381057434232661,56
Mouse-Dyad-10M,null,-3.0179236685160613,0.9716490691873207,1.0152825738830658,1.0426647109184692,56
Mouse-Dyad-10M,null,-3.011261585362604,0.9745193997533523,1.0149163651057234,1.043578617440867,56
Mouse-Dyad-10M,null,-3.004599502209147,0.9761689694562196,1.0102885177421972,1.0438584042200696,56
Mouse-Dyad-10M,null,-2.99793741905569,0.9808254861460134,1.0127819980471922,1.043766143255168,56
Mouse-Dyad-10M,null,-2.991275335902233,0.9751866672941216,1.0123304163739808,1.0421879568267745,56
Mouse-Dyad-10M,null,-2.9846132527487756,0.9741523280033038,1.0093135900062054,1.0413585829837988,56
Mouse-Dyad-10M,null,-2.9779511695953187,0.9734805607605981,1.0091571200880063,1.0375341713328974,56
Mouse-Dyad-10M,null,-2.9712890864418617,0.9761536535132822,1.0092131550250287,1.0326902900540267,56
Mouse-Dyad-10M,null,-2.9646270032884043,0.9778433033102178,1.0077921711671745,1.0359561800286268,56
Mouse-Dyad-10M,null,-2.9579649201349474,0.9789756165091512,1.008064709439961,1.0362497956128847,56
Mouse-Dyad-10M,null,-2.9513028369814904,0.9742994185945659,1.0086891679954506,1.0318442098172143,56
Mouse-Dyad-10M,null,-2.944640753828033,0.9769244981842358,1.008542805999468,1.0278037862180704,56
Mouse-Dyad-10M,null,-2.937978670674576,0.9796994547756777,1.0053847487739724,1.0275739563677926,56
Mouse-Dyad-10M,null,-2.931316587521119,0.9768032109563436,1.0051207620169815,1.0254678456828163,56
Mouse-Dyad-10M,null,-2.924654504367662,0.975505147529792,1.0046778106503154,1.0253707713004494,56
Mouse-Dyad-10M,null,-2.9179924212142048,0.975016151786881,1.0087188770384254,1.0239262708042396,56
Mouse-Dyad-10M,null,-2.911330338060748,0.9728900304138596,1.0069338373352523,1.025382152574808,56
Mouse-Dyad-10M,null,-2.904668254907291,0.9735414046349533,1.0088081660747852,1.0332761919040523,56
Mouse-Dyad-10M,null,-2.8980061717538335,0.9724620617103397,1.0060891167874315,1.0305933991174634,56
Mouse-Dyad-10M,null,-2.8913440886003765,0.9802452024833341,1.0047515336579251,1.0322230948764584,56
Mouse-Dyad-10M,null,-2.8846820054469196,0.9855422138494632,1.0052308277955087,1.0369889637872491,56
Mouse-Dyad-10M,null,-2.878019922293462,0.9822770442669133,1.0082511063231463,1.0318073923273863,56
Mouse-Dyad-10M,null,-2.871357839140005,0.9751926489121261,1.0063546922794442,1.030941974876681,56
Mouse-Dyad-10M,null,-2.8646957559865482,0.9715983939343231,1.0068230154391102,1.0361261499335326,56
Mouse-Dyad-10M,null,-2.8580336728330913,0.9750805566274291,1.0076092561887995,1.0377283811304334,56
Mouse-Dyad-10M,null,-2.851371589679634,0.9775455992365962,1.0093954332887636,1.04691413224566,56
Mouse-Dyad-10M,null,-2.844709506526177,0.9788341731329926,1.0097390057374322,1.0457555893182904,56
Mouse-Dyad-10M,null,-2.83804742337272,0.9746179683862504,1.0089625863050897,1.0419050581512406,56
Mouse-Dyad-10M,null,-2.8313853402192626,0.9748355175740602,1.0075648364952994,1.042487214100626,56
Mouse-Dyad-10M,null,-2.8247232570658056,0.9772279085634213,1.0090335570128972,1.0355517833695185,56
Mouse-Dyad-10M,null,-2.8180611739123487,0.9762282808160544,1.0076093141706137,1.0413562148411828,56
Mouse-Dyad-10M,null,-2.8113990907588913,0.9759563932281449,1.0080884416429448,1.033424345502399,56
Mouse-Dyad-10M,null,-2.8047370076054343,0.9749443890757534,1.0090067426696971,1.0466436740614264,56
Mouse-Dyad-10M,null,-2.7980749244519774,0.9767761492350284,1.006165836253631,1.0461470842793381,56
Mouse-Dyad-10M,null,-2.7914128412985204,0.9794354088741105,1.0054732247734894,1.0386961513524429,56
Mouse-Dyad-10M,null,-2.784750758145063,0.9799313283916735,1.004799453137323,1.0364483076569455,56
Mouse-Dyad-10M,null,-2.778088674991606,0.9791279047952799,1.0027020714359804,1.031534773580581,56
Mouse-Dyad-10M,null,-2.771426591838149,0.9805299870844386,1.0029210834774656,1.035034827696146,56
Mouse-Dyad-10M,null,-2.7647645086846917,0.9836489470958298,0.9997488052981556,1.0345689518804906,56
Mouse-Dyad-10M,null,-2.7581024255312347,0.9830981873661062,1.000840536462627,1.0359212130924011,56
Mouse-Dyad-10M,null,-2.751440342377778,0.9824343419755959,1.0005443329822015,1.0385907395714336,56
Mouse-Dyad-10M,null,-2.7447782592243204,0.9821202652021761,1.0046924582401608,1.0413024873586865,56
Mouse-Dyad-10M,null,-2.7381161760708634,0.9812115098797816,1.0060684351874751,1.040004596652616,56
Mouse-Dyad-10M,null,-2.7314540929174065,0.9837266525877754,1.0071372077863738,1.0379521497597026,56
Mouse-Dyad-10M,null,-2.7247920097639495,0.9855380231197618,1.008842858918773,1.0367948441921635,56
Mouse-Dyad-10M,null,-2.718129926610492,0.9860963190227752,1.0080522961547054,1.0401374317880725,56
Mouse-Dyad-10M,null,-2.711467843457035,0.9815893330182294,1.0064083602083498,1.04274521597743,56
Mouse-Dyad-10M,null,-2.704805760303578,0.9850207716999002,1.009570566541706,1.04207909594942,56
Mouse-Dyad-10M,null,-2.698143677150121,0.9786831757792991,1.0091362666100219,1.0371826396755432,56
Mouse-Dyad-10M,null,-2.691481593996664,0.9799700862054535,1.008111833692517,1.039451204309822,56
Mouse-Dyad-10M,null,-2.684819510843207,0.9813826639686977,1.0073705064789569,1.0445271109799426,56
Mouse-Dyad-10M,null,-2.6781574276897495,0.9840846780081479,1.0034208358671943,1.0450477679309027,56
Mouse-Dyad-10M,null,-2.6714953445362926,0.9850775530591771,1.0041683600674212,1.0421333510415254,56
Mouse-Dyad-10M,null,-2.6648332613828356,0.9820979238394382,1.0019819250368975,1.0411660886068448,56
Mouse-Dyad-10M,null,-2.658171178229378,0.9784102090017439,1.003072822492162,1.0426844814434786,56
Mouse-Dyad-10M,null,-2.6515090950759213,0.9812807123441372,1.006281935265629,1.040684675057882,56
Mouse-Dyad-10M,null,-2.6448470119224643,0.9813964214875277,1.0020145801173284,1.0419483503778673,56
Mouse-Dyad-10M,null,-2.6381849287690073,0.9823776266995138,1.004908374720836,1.0421569286234125,56
Mouse-Dyad-10M,null,-2.63152284561555,0.9790877033765268,1.001876420204261,1.0355150516579836,56
Mouse-Dyad-10M,null,-2.624860762462093,0.9820794675222996,1.0011749899248341,1.040864321046296,56
Mouse-Dyad-10M,null,-2.618198679308636,0.9820942764010314,1.000520257249793,1.039670011956348,56
Mouse-Dyad-10M,null,-2.6115365961551786,0.978539834527323,0.9982948658402432,1.0438214917862096,56
Mouse-Dyad-10M,null,-2.6048745130017217,0.9819224394316786,0.9975491185805303,1.0444257505503294,56
Mouse-Dyad-10M,null,-2.5982124298482647,0.9800428172121434,0.9977365071288908,1.0477600456240899,56
Mouse-Dyad-10M,null,-2.5915503466948073,0.9808199644503656,1.00158091435963,1.0412334615633696,56
Mouse-Dyad-10M,null,-2.5848882635413504,0.9800666505173157,1.0004827869685768,1.0497271413294285,56
Mouse-Dyad-10M,null,-2.5782261803878934,0.978205620051555,1.0002266788395144,1.0456894693525396,56
Mouse-Dyad-10M,null,-2.5715640972344365,0.9738932201395438,1.001053513491346,1.0402327874133788,56
Mouse-Dyad-10M,null,-2.564902014080979,0.9766029931587588,1.0024245019024915,1.0442797051194266,56
Mouse-Dyad-10M,null,-2.558239930927522,0.972455465519216,0.9979108990607417,1.0409828431301151,56
Mouse-Dyad-10M,null,-2.551577847774065,0.9690007943019455,1.000497865277486,1.0436488599885978,56
Mouse-Dyad-10M,null,-2.5449157646206078,0.9670115412725815,0.9983249290657413,1.0249808097005375,56
Mouse-Dyad-10M,null,-2.538253681467151,0.9637982864739637,0.9988053098123799,1.0222396344200257,56
Mouse-Dyad-10M,null,-2.531591598313694,0.9624383055523921,0.9999399805345869,1.0369995366805203,56
Mouse-Dyad-10M,null,-2.5249295151602364,0.9616229639740868,1.0037464012532484,1.0371442041099919,56
Mouse-Dyad-10M,null,-2.5182674320067795,0.9604847669980985,1.0044454692456148,1.0366789001661272,56
Mouse-Dyad-10M,null,-2.5116053488533225,0.964619801598703,1.0006811925958663,1.0341774899325809,56
Mouse-Dyad-10M,null,-2.5049432656998656,0.9714944053952453,1.0014926261870563,1.033989696690515,56
Mouse-Dyad-10M,null,-2.498281182546408,0.9697105211198301,1.0021395872689278,1.0335543236414186,56
Mouse-Dyad-10M,null,-2.4916190993929512,0.9702827999273202,0.998673613449244,1.0359903674475788,56
Mouse-Dyad-10M,null,-2.4849570162394943,0.9696134820411193,1.0033619591919822,1.0386179857224698,56
Mouse-Dyad-10M,null,-2.478294933086037,0.9725314530986683,1.0023752626495805,1.038399019771713,56
Mouse-Dyad-10M,null,-2.47163284993258,0.9730526570609992,1.0045353656004528,1.0397451067004966,56
Mouse-Dyad-10M,null,-2.464970766779123,0.9737872725061183,1.0001064211274306,1.0372989828643715,56
Mouse-Dyad-10M,null,-2.4583086836256656,0.9735273449532319,1.0047597947115738,1.0323924974157528,56
Mouse-Dyad-10M,null,-2.4516466004722086,0.9765515119404771,1.0044431295317158,1.0317095032259056,56
Mouse-Dyad-10M,null,-2.4449845173187517,0.9720726736634516,1.004359563739329,1.030834879833713,56
Mouse-Dyad-10M,null,-2.4383224341652947,0.9724465469711281,1.0016926019335617,1.0345993045974902,56
Mouse-Dyad-10M,null,-2.4316603510118373,0.9708252516791617,1.0027358897922305,1.0306337984329252,56
Mouse-Dyad-10M,null,-2.4249982678583804,0.96408971438224,1.0041455175032645,1.0300849466139712,56
Mouse-Dyad-10M,null,-2.4183361847049234,0.9689764755173729,1.0037727367988842,1.033283643801918,56
Mouse-Dyad-10M,null,-2.411674101551466,0.9619157399793392,1.0039469280403774,1.0356997079565216,56
Mouse-Dyad-10M,null,-2.405012018398009,0.9683575119553592,1.0002656243014791,1.0378669067986812,56
Mouse-Dyad-10M,null,-2.398349935244552,0.968858235865352,1.004963492325048,1.03319381735403,56
Mouse-Dyad-10M,null,-2.3916878520910947,0.9678644899860318,1.0055913781707682,1.0288889273079187,56
Mouse-Dyad-10M,null,-2.3850257689376377,0.9732399974955482,1.004189351902455,1.0304970891182827,56
Mouse-Dyad-10M,null,-2.378363685784181,0.9694000724545723,1.0084015787715641,1.0299048620520677,56
Mouse-Dyad-10M,null,-2.3717016026307234,0.9644044315940917,1.010678276311002,1.0314651155076016,56
Mouse-Dyad-10M,null,-2.3650395194772664,0.967978831512816,1.0053693277341864,1.0311858488523922,56
Mouse-Dyad-10M,null,-2.3583774363238095,0.9673366878876231,1.0045477623992634,1.0298666102939809,56
Mouse-Dyad-10M,null,-2.3517153531703525,0.9690414739375145,1.0017382544461821,1.0299670095010518,56
Mouse-Dyad-10M,null,-2.345053270016895,0.9723311019056178,1.001204803035253,1.0319986218069594,56
Mouse-Dyad-10M,null,-2.338391186863438,0.9651183556227608,1.0021344734204725,1.032333018093222,56
Mouse-Dyad-10M,null,-2.331729103709981,0.9660378428633885,1.0046898517144547,1.0355408181419992,56
Mouse-Dyad-10M,null,-2.325067020556524,0.9631349181213725,1.0053648544482576,1.036506489607218,56
Mouse-Dyad-10M,null,-2.318404937403067,0.9675099590237285,1.0037680294952633,1.0386101753794708,56
Mouse-Dyad-10M,null,-2.31174285424961,0.9661100152864417,0.9984130216209053,1.037221971164131,56
Mouse-Dyad-10M,null,-2.3050807710961525,0.962192379968641,1.0022064200861718,1.025505657640718,56
Mouse-Dyad-10M,null,-2.2984186879426955,0.9582612828511258,1.0002595144453958,1.0266028558634486,56
Mouse-Dyad-10M,null,-2.2917566047892386,0.9556717607709745,0.9975096323807375,1.02267707173782,56
Mouse-Dyad-10M,null,-2.2850945216357816,0.9523937528989577,1.0008500955554553,1.0222193883240898,56
Mouse-Dyad-10M,null,-2.2784324384823242,0.9567645081727187,1.000042558158085,1.0229115279788858,56
Mouse-Dyad-10M,null,-2.2717703553288673,0.9576836318705678,0.999773388264819,1.0278936230602467,56
Mouse-Dyad-10M,null,-2.2651082721754103,0.9593622074537393,1.000616728771183,1.0262120199839266,56
Mouse-Dyad-10M,null,-2.258446189021953,0.9669550967043217,1.002835392861427,1.0238864285946208,56
Mouse-Dyad-10M,null,-2.251784105868496,0.9695682623298998,1.0006253754866317,1.0245799959601776,56
Mouse-Dyad-10M,null,-2.245122022715039,0.9626767877964683,0.9979272328357778,1.0276066473838323,56
Mouse-Dyad-10M,null,-2.2384599395615816,0.9576982499641752,0.9984281883857875,1.0280556519080781,56
Mouse-Dyad-10M,null,-2.2317978564081247,0.9570084863020712,0.9955652002511588,1.0289906542644411,56
Mouse-Dyad-10M,null,-2.2251357732546677,0.9551384885903855,0.9944508172464919,1.0280423307170319,56
Mouse-Dyad-10M,null,-2.2184736901012108,0.9628267703760254,0.9969912472203704,1.0258564506578884,56
Mouse-Dyad-10M,null,-2.2118116069477534,0.962240560810094,0.9970676608331754,1.0320898095894875,56
Mouse-Dyad-10M,null,-2.2051495237942964,0.9566776482229998,0.9966648984490688,1.03254087228509,56
Mouse-Dyad-10M,null,-2.1984874406408395,0.9599009236455842,0.9927163675718764,1.0316611497928552,56
Mouse-Dyad-10M,null,-2.191825357487382,0.9699705086608033,0.9952201671697972,1.0348031733967624,56
Mouse-Dyad-10M,null,-2.185163274333925,0.9658339112691327,0.9966715442271463,1.0348769495710382,56
Mouse-Dyad-10M,null,-2.178501191180468,0.9576392732620785,0.99785754866876,1.034841180987805,56
Mouse-Dyad-10M,null,-2.1718391080270107,0.9621870877896589,0.9980461506276168,1.0359445684302047,56
Mouse-Dyad-10M,null,-2.165177024873554,0.9576256799520811,0.997061316094511,1.0372353639079404,56
Mouse-Dyad-10M,null,-2.158514941720097,0.9569452734730791,0.9980547096664036,1.0340426369249311,56
Mouse-Dyad-10M,null,-2.15185285856664,0.9538242216780968,0.9973813007458459,1.0346266010275538,56
Mouse-Dyad-10M,null,-2.1451907754131825,0.9609017887049941,0.9954565317210029,1.028682456395922,56
Mouse-Dyad-10M,null,-2.1385286922597255,0.9592065356329197,1.0050556410417144,1.0262707227177215,56
Mouse-Dyad-10M,null,-2.1318666091062686,0.958448671321434,0.9974796696614723,1.0249415945900622,56
Mouse-Dyad-10M,null,-2.125204525952811,0.9631648972711756,0.9984329905908124,1.0196002822196784,56
Mouse-Dyad-10M,null,-2.118542442799354,0.961211779156021,1.000087133937166,1.018959813997656,56
Mouse-Dyad-10M,null,-2.1118803596458973,0.961345378987847,0.9999076035153556,1.019103019569226,56
Mouse-Dyad-10M,null,-2.10521827649244,0.9626679170770831,0.9999126745690151,1.0219963191144323,56
Mouse-Dyad-10M,null,-2.098556193338983,0.9583772098116873,0.9971890340711852,1.023182805185165,56
Mouse-Dyad-10M,null,-2.091894110185526,0.959266601632772,0.9974457600793925,1.0203910071295441,56
Mouse-Dyad-10M,null,-2.085232027032069,0.9581059622463987,0.9971212498715636,1.0208113109756343,56
Mouse-Dyad-10M,null,-2.0785699438786116,0.9580415953235345,0.9982514152664055,1.0222771162954347,56
Mouse-Dyad-10M,null,-2.0719078607251546,0.9577714465087834,0.99940203252327,1.0229074151147828,56
Mouse-Dyad-10M,null,-2.0652457775716977,0.9661203748473197,0.997120204474103,1.0232858594208696,56
Mouse-Dyad-10M,null,-2.0585836944182403,0.956908679346596,0.9951210269404975,1.0277150557386001,56
Mouse-Dyad-10M,null,-2.0519216112647833,0.9617526159615565,0.9953445634163289,1.0261069360324386,56
Mouse-Dyad-10M,null,-2.0452595281113264,0.9555595820972446,0.9946812230774,1.0289809253421247,56
Mouse-Dyad-10M,null,-2.038597444957869,0.9629335402273013,0.9966504852823088,1.0274449626878528,56
Mouse-Dyad-10M,null,-2.031935361804412,0.9641546189415302,0.9998788760054288,1.0224196003317583,56
Mouse-Dyad-10M,null,-2.025273278650955,0.9648318728687606,0.9995488561993828,1.0237798771079356,56
Mouse-Dyad-10M,null,-2.0186111954974977,0.9628356117848529,0.9924842759356515,1.0217224825769686,56
Mouse-Dyad-10M,null,-2.0119491123440407,0.9605568317228592,0.99455912274344,1.0261736151867489,56
Mouse-Dyad-10M,null,-2.0052870291905838,0.9617118819450192,0.9958733787489085,1.021439269101939,56
Mouse-Dyad-10M,null,-1.9986249460371266,0.9615938818608359,0.9938239906955928,1.0225464554784378,56
Mouse-Dyad-10M,null,-1.9919628628836696,0.9595269201504755,0.9919570426984788,1.021408538575273,56
Mouse-Dyad-10M,null,-1.9853007797302125,0.9606420792048851,0.9958513566946596,1.023813069486098,56
Mouse-Dyad-10M,null,-1.9786386965767553,0.9606420792048851,0.9917248765385962,1.0208776959297903,56
Mouse-Dyad-10M,null,-1.9719766134232983,0.9595909112894427,0.9913583939675653,1.0273321915463396,56
Mouse-Dyad-10M,null,-1.9653145302698412,0.9634223464680919,1.000380837156691,1.023895117376318,56
Mouse-Dyad-10M,null,-1.9586524471163842,0.9614854207822123,0.9980949463548641,1.0238602127121659,56
Mouse-Dyad-10M,null,-1.951990363962927,0.9637158093029893,1.0007629836997571,1.0240899056957167,56
Mouse-Dyad-10M,null,-1.9453282808094698,0.9648779894852576,1.0022132549006493,1.0297457736148767,56
Mouse-Dyad-10M,null,-1.938666197656013,0.9671143468611861,0.9956467800238298,1.0275184010304317,56
Mouse-Dyad-10M,null,-1.9320041145025557,0.9662774246933143,0.9940315765603621,1.0287291421422033,56
Mouse-Dyad-10M,null,-1.9253420313490988,0.9661126019019655,1.0011061776549304,1.027919224544057,56
Mouse-Dyad-10M,null,-1.9186799481956416,0.9619812366038114,0.99943202227467,1.030848651071843,56
Mouse-Dyad-10M,null,-1.9120178650421844,0.9605482465180395,1.0037877182679162,1.0322320885972032,56
Mouse-Dyad-10M,null,-1.9053557818887275,0.9609672844521292,0.9991004063845642,1.0346667818299302,56
Mouse-Dyad-10M,null,-1.8986936987352703,0.9590753124307558,1.0001091391324688,1.0329312576378529,56
Mouse-Dyad-10M,null,-1.8920316155818133,0.9578935417500185,0.9998679674827347,1.0349313109407636,56
Mouse-Dyad-10M,null,-1.8853695324283561,0.9495559693785256,1.00036125376608,1.031022470639231,56
Mouse-Dyad-10M,null,-1.878707449274899,0.9557275846406663,0.9991931911206284,1.0295460609263172,56
Mouse-Dyad-10M,null,-1.872045366121442,0.9606634619330188,0.9999418090660516,1.0356504015657562,56
Mouse-Dyad-10M,null,-1.8653832829679848,0.9628545722181341,0.9994897091486203,1.0316930225442218,56
Mouse-Dyad-10M,null,-1.8587211998145277,0.9693371005713506,1.0039387490686502,1.0345761339903685,56
Mouse-Dyad-10M,null,-1.8520591166610707,0.9662694843280157,1.0012139046926687,1.0340673969724032,56
Mouse-Dyad-10M,null,-1.8453970335076135,0.9759001530436919,1.0015721607090144,1.034803324956948,56
Mouse-Dyad-10M,null,-1.8387349503541566,0.9740114901305416,1.0023155732440339,1.0355676061080947,56
Mouse-Dyad-10M,null,-1.8320728672006994,0.9762878410830222,1.00666154953117,1.035362335878311,56
Mouse-Dyad-10M,null,-1.8254107840472422,0.9758582073921276,1.0044741976444551,1.0347884449275084,56
Mouse-Dyad-10M,null,-1.8187487008937853,0.9714588563922772,1.0052930087781662,1.037748628604381,56
Mouse-Dyad-10M,null,-1.812086617740328,0.978273786853123,1.0046234579627522,1.0411414423066403,56
Mouse-Dyad-10M,null,-1.8054245345868711,0.9750345136019352,1.006866581713808,1.0370841719516772,56
Mouse-Dyad-10M,null,-1.798762451433414,0.9760522084949864,1.0079389163423338,1.038154555868132,56
Mouse-Dyad-10M,null,-1.7921003682799568,0.9781577767789441,1.0068338206806753,1.0396892101989545,56
Mouse-Dyad-10M,null,-1.7854382851264998,0.9768390951267942,1.0072754061936582,1.0381654904636446,56
Mouse-Dyad-10M,null,-1.7787762019730426,0.9766224828833279,1.0075336265572565,1.0381317364711677,56
Mouse-Dyad-10M,null,-1.7721141188195857,0.9772386414763841,1.0064112873572708,1.0422678347299272,56
Mouse-Dyad-10M,null,-1.7654520356661285,0.9682657703407193,1.0087009985974484,1.047729531328982,56
Mouse-Dyad-10M,null,-1.7587899525126713,0.9705128234648072,1.0034591570067173,1.0457277307327015,56
Mouse-Dyad-10M,null,-1.7521278693592144,0.9683039539001396,1.002622217167633,1.0445116473359701,56
Mouse-Dyad-10M,null,-1.7454657862057572,0.9678322613176078,1.0030630660782582,1.044011720331479,56
Mouse-Dyad-10M,null,-1.7388037030523003,0.9747587405873099,1.0084596651969748,1.0408743543120205,56
Mouse-Dyad-10M,null,-1.732141619898843,0.973079886296612,1.0061032356070085,1.047961696797905,56
Mouse-Dyad-10M,null,-1.725479536745386,0.9753459254714172,1.006211509936181,1.0441663110510155,56
Mouse-Dyad-10M,null,-1.718817453591929,0.9751422521333011,1.0082156084544414,1.0424720770730709,56
Mouse-Dyad-10M,null,-1.7121553704384718,0.9768659764657268,1.0084460311085877,1.0398096386556621,56
Mouse-Dyad-10M,null,-1.7054932872850148,0.975051369236315,1.0002692707843577,1.0447648304947865,56
Mouse-Dyad-10M,null,-1.6988312041315576,0.9776229326427353,1.001514967541067,1.039052956602832,56
Mouse-Dyad-10M,null,-1.6921691209781005,0.9821718350562668,1.000690750910944,1.0379712127850373,56
Mouse-Dyad-10M,null,-1.6855070378246435,0.9761809063766831,0.9994679566956525,1.0425458337649716,56
Mouse-Dyad-10M,null,-1.6788449546711863,0.9775208741310604,0.9990995579902398,1.0389456736819742,56
Mouse-Dyad-10M,null,-1.6721828715177294,0.9776042705606122,1.0035069939513082,1.042810319118459,56
Mouse-Dyad-10M,null,-1.6655207883642722,0.9797514545308954,1.006320098790431,1.0453920283493008,56
Mouse-Dyad-10M,null,-1.658858705210815,0.9814052487707846,1.0043788055271547,1.0417684731804833,56
Mouse-Dyad-10M,null,-1.652196622057358,0.980958593563525,1.0037166735526604,1.043088904090845,56
Mouse-Dyad-10M,null,-1.645534538903901,0.9803436004178823,1.0043220468967922,1.0426974713174162,56
Mouse-Dyad-10M,null,-1.638872455750444,0.982616070005459,1.0055666660291458,1.038426177840757,56
Mouse-Dyad-10M,null,-1.6322103725969868,0.9833083393918004,1.0079287881777472,1.0390354851672234,56
Mouse-Dyad-10M,null,-1.6255482894435296,0.9834651442108001,1.0044405025939347,1.0365433895906393,56
Mouse-Dyad-10M,null,-1.6188862062900726,0.9823147089497055,1.0070807872684764,1.0277737598635754,56
Mouse-Dyad-10M,null,-1.6122241231366155,0.9840910841329644,1.0060413553051089,1.031870513136417,56
Mouse-Dyad-10M,null,-1.6055620399831585,0.9836183216486201,1.0079707297183358,1.0389648097890642,56
Mouse-Dyad-10M,null,-1.5988999568297013,0.9762576027902556,1.011510424761553,1.0375809385813644,56
Mouse-Dyad-10M,null,-1.5922378736762441,0.9786445667543422,1.0121831533043166,1.039793001648519,56
Mouse-Dyad-10M,null,-1.5855757905227872,0.974059302211306,1.0111033935462985,1.0364573832277226,56
Mouse-Dyad-10M,null,-1.57891370736933,0.9756892398674973,1.0067875601245477,1.035558953821865,56
Mouse-Dyad-10M,null,-1.572251624215873,0.9751257421254477,1.00790292989578,1.0324148104473192,56
Mouse-Dyad-10M,null,-1.5655895410624159,0.9738955636800304,1.0087577925226094,1.0321039081920542,56
Mouse-Dyad-10M,null,-1.5589274579089587,0.9752761433605658,1.0073166738772588,1.0342620131588791,56
Mouse-Dyad-10M,null,-1.5522653747555017,0.9761487557964252,1.0061516594590905,1.0351325857567093,56
Mouse-Dyad-10M,null,-1.5456032916020446,0.9736213684230065,1.0067794808297563,1.032084183749899,56
Mouse-Dyad-10M,null,-1.5389412084485876,0.9719766951083872,1.004122219632475,1.0387107377327134,56
Mouse-Dyad-10M,null,-1.5322791252951304,0.9727374794051444,1.0011229611716888,1.040239060566039,56
Mouse-Dyad-10M,null,-1.5256170421416733,0.9676537347624629,1.0004091479305028,1.0409114884305957,56
Mouse-Dyad-10M,null,-1.5189549589882163,0.9651656891702445,1.0047021578678952,1.0411641430718075,56
Mouse-Dyad-10M,null,-1.5122928758347591,0.9636560373466556,1.0019834934629301,1.039205348045774,56
Mouse-Dyad-10M,null,-1.505630792681302,0.9680772318728945,1.0107260982169184,1.0373784453585535,56
Mouse-Dyad-10M,null,-1.498968709527845,0.9711161438539377,1.0038528945600058,1.040044912321832,56
Mouse-Dyad-10M,null,-1.4923066263743878,0.9724483950031608,1.0051690965951308,1.0390046684296717,56
Mouse-Dyad-10M,null,-1.4856445432209309,0.9759373647012022,1.000943813810271,1.0413936227499556,56
Mouse-Dyad-10M,null,-1.4789824600674737,0.9734177707271371,0.9986598636206414,1.0397737201057926,56
Mouse-Dyad-10M,null,-1.4723203769140165,0.9734528690355165,0.999993686002925,1.0468706061973272,56
Mouse-Dyad-10M,null,-1.4656582937605596,0.9731634755580699,0.9948309861961571,1.0447729170003464,56
Mouse-Dyad-10M,null,-1.4589962106071024,0.9720864155878837,0.9997714908565536,1.04110363423693,56
Mouse-Dyad-10M,null,-1.4523341274536454,0.9721225928417834,1.0087545227801549,1.044480189352579,56
Mouse-Dyad-10M,null,-1.4456720443001883,0.9742832860964133,1.0038908724250326,1.0452967270299565,56
Mouse-Dyad-10M,null,-1.439009961146731,0.9715477101225135,1.0026214265816291,1.0453155312889353,56
Mouse-Dyad-10M,null,-1.4323478779932741,0.9709083738527635,1.011431578421612,1.0450554673647687,56
Mouse-Dyad-10M,null,-1.425685794839817,0.9705572780274249,1.0087403805957114,1.051034087378437,56
Mouse-Dyad-10M,null,-1.41902371168636,0.977899914885233,1.0071079424692555,1.04908655664174,56
Mouse-Dyad-10M,null,-1.4123616285329028,0.9746494006040775,1.0022363328406108,1.0427515814666606,56
Mouse-Dyad-10M,null,-1.4056995453794456,0.9682747304716793,1.007201468320248,1.0407583095928983,56
Mouse-Dyad-10M,null,-1.3990374622259887,0.9689660037504298,1.0084132204145377,1.0450451577905306,56
Mouse-Dyad-10M,null,-1.3923753790725315,0.9698520912054727,1.0100558635473045,1.0437074808853664,56
Mouse-Dyad-10M,null,-1.3857132959190746,0.9705620395336692,1.0122227477110548,1.044914512125049,56
Mouse-Dyad-10M,null,-1.3790512127656174,0.9739814395295369,1.0137138403207289,1.040558691578059,56
Mouse-Dyad-10M,null,-1.3723891296121602,0.9723381472769606,1.013445274861723,1.0444517329499392,56
Mouse-Dyad-10M,null,-1.3657270464587032,0.9673977266051168,1.0105896376882462,1.0424284363261678,56
Mouse-Dyad-10M,null,-1.359064963305246,0.9665186118593874,1.0093707818787747,1.046207328979565,56
Mouse-Dyad-10M,null,-1.352402880151789,0.9668042806129189,1.0154050885753105,1.0423832912449977,56
Mouse-Dyad-10M,null,-1.345740796998332,0.968051038543855,1.012315557578058,1.0445845630091037,56
Mouse-Dyad-10M,null,-1.3390787138448748,0.966317409706613,1.0134757241485692,1.0413913659630016,56
Mouse-Dyad-10M,null,-1.3324166306914178,0.9678833490170397,1.014294986148709,1.042653703623324,56
Mouse-Dyad-10M,null,-1.3257545475379606,0.9669048903627618,1.0128747985571676,1.0481478974465026,56
Mouse-Dyad-10M,null,-1.3190924643845037,0.9715029293277282,1.0111224159663328,1.0438634263066278,56
Mouse-Dyad-10M,null,-1.3124303812310465,0.9749964696919745,1.0070809544878059,1.043029989286499,56
Mouse-Dyad-10M,null,-1.3057682980775893,0.9810579564407128,1.009991799338787,1.0493850065912544,56
Mouse-Dyad-10M,null,-1.2991062149241324,0.977184411169713,1.0124864519276577,1.044280648598168,56
Mouse-Dyad-10M,null,-1.2924441317706752,0.977038583043861,1.0109113071373554,1.0384605906379651,56
Mouse-Dyad-10M,null,-1.2857820486172182,0.9823287657392374,1.01618722287871,1.0376257371755744,56
Mouse-Dyad-10M,null,-1.279119965463761,0.9751743033225316,1.0083044484564727,1.03966047078022,56
Mouse-Dyad-10M,null,-1.2724578823103039,0.97728184615599,1.0103354632499275,1.0400809658777794,56
Mouse-Dyad-10M,null,-1.265795799156847,0.9743737413717827,1.0094607290809026,1.0359055820874465,56
Mouse-Dyad-10M,null,-1.2591337160033897,0.9725150887609247,1.0086496276543342,1.0319890018939155,56
Mouse-Dyad-10M,null,-1.2524716328499328,0.9727508620117823,1.0103957134290111,1.0349857813214722,56
Mouse-Dyad-10M,null,-1.2458095496964756,0.9755257376832895,1.0048914563190317,1.0360032835336717,56
Mouse-Dyad-10M,null,-1.2391474665430184,0.9742970870055218,1.0059386940677362,1.0323152564412839,56
Mouse-Dyad-10M,null,-1.2324853833895615,0.9730073248887777,1.0028891081881919,1.0382798802518671,56
Mouse-Dyad-10M,null,-1.2258233002361043,0.9763931573150627,0.9991819159486197,1.0352725255133177,56
Mouse-Dyad-10M,null,-1.2191612170826474,0.9777243582068177,1.0024550576582736,1.0376032593744429,56
Mouse-Dyad-10M,null,-1.2124991339291902,0.9777884979328029,0.9986777337009451,1.0352946675076329,56
Mouse-Dyad-10M,null,-1.205837050775733,0.9762703979470628,1.0051618004397391,1.0363512389391834,56
Mouse-Dyad-10M,null,-1.199174967622276,0.9727020630953379,1.0046872570663927,1.0409229857746503,56
Mouse-Dyad-10M,null,-1.1925128844688189,0.9777474018538928,1.0072135168779188,1.0347270799408235,56
Mouse-Dyad-10M,null,-1.1858508013153617,0.9770606598785256,1.0061024681159725,1.03180475677835,56
Mouse-Dyad-10M,null,-1.1791887181619047,0.9767019524876821,1.0040998080929744,1.036463829434553,56
Mouse-Dyad-10M,null,-1.1725266350084476,0.9815234282746955,1.004464442791428,1.037296159217082,56
Mouse-Dyad-10M,null,-1.1658645518549906,0.9772919484797049,1.003981448549982,1.0378241835173516,56
Mouse-Dyad-10M,null,-1.1592024687015334,0.9723978054536145,1.0065674710525765,1.0369204218255268,56
Mouse-Dyad-10M,null,-1.1525403855480763,0.9770991987274243,1.0028110813455664,1.038997920558942,56
Mouse-Dyad-10M,null,-1.1458783023946193,0.9786705333512474,1.0049346088867765,1.0384358010612864,56
Mouse-Dyad-10M,null,-1.1392162192411621,0.9675556470263896,1.004500027821103,1.035572060146908,56
Mouse-Dyad-10M,null,-1.1325541360877052,0.972360788154685,1.0059604649504343,1.0363496574901943,56
Mouse-Dyad-10M,null,-1.125892052934248,0.97022036937222,1.0039075059428972,1.0332227829645642,56
Mouse-Dyad-10M,null,-1.1192299697807908,0.9693141301281138,1.0047836678287698,1.0395041890130596,56
Mouse-Dyad-10M,null,-1.1125678866273339,0.9680432424263055,1.0050917749415085,1.0392845336147367,56
Mouse-Dyad-10M,null,-1.1059058034738767,0.9655970617072633,1.0085314479058451,1.0375417513899576,56
Mouse-Dyad-10M,null,-1.0992437203204197,0.974910786359851,1.0052570235702976,1.0494896202530133,56
Mouse-Dyad-10M,null,-1.0925816371669625,0.9723668494645904,1.0010137644440786,1.0502765217223624,56
Mouse-Dyad-10M,null,-1.0859195540135054,0.9768570656814795,1.0053771440586987,1.0558110893627204,56
Mouse-Dyad-10M,null,-1.0792574708600484,0.9759806315701234,1.0000628260389366,1.0503017917808566,56
Mouse-Dyad-10M,null,-1.0725953877065912,0.9740087142531639,1.0040444389320475,1.0452315591491055,56
Mouse-Dyad-10M,null,-1.0659333045531343,0.9720467283259243,1.0042463078826587,1.0454862864775212,56
Mouse-Dyad-10M,null,-1.059271221399677,0.967807054946401,0.9997670734619679,1.0417667590663364,56
Mouse-Dyad-10M,null,-1.05260913824622,0.9742807431259447,1.0003238938531316,1.0426891685801185,56
Mouse-Dyad-10M,null,-1.045947055092763,0.9735817519106562,0.9987966363688174,1.0447852227258845,56
Mouse-Dyad-10M,null,-1.0392849719393058,0.9700537360960103,0.9996819954010796,1.0504216873504753,56
Mouse-Dyad-10M,null,-1.0326228887858488,0.9726711788797848,1.0005681563663202,1.04841039988513,56
Mouse-Dyad-10M,null,-1.0259608056323917,0.9716745469679586,1.0020585268603321,1.0502207499701506,56
Mouse-Dyad-10M,null,-1.0192987224789345,0.9736455532826529,1.0028207208727693,1.0489129125464383,56
Mouse-Dyad-10M,null,-1.0126366393254775,0.975860923696923,1.006760081450846,1.0463667200545932,56
Mouse-Dyad-10M,null,-1.0059745561720204,0.9763386645988075,1.005103270248863,1.0480430829706298,56
Mouse-Dyad-10M,null,-0.9993124730185633,0.976088252621701,1.0069241169938015,1.0459472439445796,56
Mouse-Dyad-10M,null,-0.9926503898651062,0.9730064872491208,1.009012559957342,1.0463152916785605,56
Mouse-Dyad-10M,null,-0.9859883067116492,0.9706438280022673,1.0031522840752451,1.0399012964921521,56
Mouse-Dyad-10M,null,-0.9793262235581921,0.9711256939770064,1.0063371525983325,1.0406094587061236,56
Mouse-Dyad-10M,null,-0.9726641404047349,0.9722875168657067,1.004229218239841,1.041391070422089,56
Mouse-Dyad-10M,null,-0.9660020572512779,0.9746736625368821,1.0061982706455088,1.0339326017484853,56
Mouse-Dyad-10M,null,-0.9593399740978208,0.9698219571788234,1.0007215943763383,1.0315067402486746,56
Mouse-Dyad-10M,null,-0.9526778909443637,0.9742685930660557,1.0031941352929339,1.0383696548755257,56
Mouse-Dyad-10M,null,-0.9460158077909067,0.9721119474474588,1.0001865797237615,1.035052812821989,56
Mouse-Dyad-10M,null,-0.9393537246374495,0.9715116396968607,1.0033764131767229,1.0383702873464167,56
Mouse-Dyad-10M,null,-0.9326916414839924,0.968365356895316,1.0017652754411444,1.0307234321147,56
Mouse-Dyad-10M,null,-0.9260295583305354,0.9588252480399626,0.9969554514934231,1.0337086612398982,56
Mouse-Dyad-10M,null,-0.9193674751770783,0.9625143530445233,1.002694619394408,1.0324998015743236,56
Mouse-Dyad-10M,null,-0.9127053920236211,0.9608066808708797,1.0018505246543605,1.0306941058558896,56
Mouse-Dyad-10M,null,-0.906043308870164,0.9716695038074442,0.9969536261995297,1.0288154048906113,56
Mouse-Dyad-10M,null,-0.899381225716707,0.9687668572743999,0.9967162982508493,1.0326523741910076,56
Mouse-Dyad-10M,null,-0.8927191425632499,0.9647782542366389,1.0002562160236004,1.0349704079770365,56
Mouse-Dyad-10M,null,-0.8860570594097928,0.9664163790855801,1.0000607239561934,1.0327001741103683,56
Mouse-Dyad-10M,null,-0.8793949762563357,0.9670629882072044,0.9940537868954624,1.0304148323403246,56
Mouse-Dyad-10M,null,-0.8727328931028786,0.9667945481757473,0.9963038573230916,1.028384389333207,56
Mouse-Dyad-10M,null,-0.8660708099494215,0.9682736050773922,0.9988786160051213,1.031255968176822,56
Mouse-Dyad-10M,null,-0.8594087267959645,0.9618801508455433,0.9969514117350249,1.0300027789105255,56
Mouse-Dyad-10M,null,-0.8527466436425074,0.9661810966174024,0.9977168795188438,1.0274703105500744,56
Mouse-Dyad-10M,null,-0.8460845604890502,0.9678512968238118,1.001209006228244,1.0328071774692782,56
Mouse-Dyad-10M,null,-0.8394224773355932,0.9655086020968835,0.9988970699588811,1.0274150614892898,56
Mouse-Dyad-10M,null,-0.8327603941821361,0.9656551392667743,0.9988748350920098,1.029432947554242,56
Mouse-Dyad-10M,null,-0.826098311028679,0.9634562230902625,0.9974569506619673,1.0360311651531324,56
Mouse-Dyad-10M,null,-0.819436227875222,0.9614913485050842,1.0008938300750154,1.0368466211972556,56
Mouse-Dyad-10M,null,-0.8127741447217648,0.9590096080251871,1.004351447389833,1.0382380360142545,56
Mouse-Dyad-10M,null,-0.8061120615683077,0.9587701789932397,1.0020623469200438,1.0382392824370619,56
Mouse-Dyad-10M,null,-0.7994499784148507,0.9569556517320816,1.000682485534235,1.0380052031983116,56
Mouse-Dyad-10M,null,-0.7927878952613936,0.9619599208220765,1.0049707226918425,1.0336671728443894,56
Mouse-Dyad-10M,null,-0.7861258121079365,0.9611202866629385,1.0058054914067824,1.0283200547866849,56
Mouse-Dyad-10M,null,-0.7794637289544794,0.9622086183498079,1.0064807883291929,1.02694922127272,56
Mouse-Dyad-10M,null,-0.7728016458010223,0.9617923785645922,1.0048548379784448,1.0255291159430333,56
Mouse-Dyad-10M,null,-0.7661395626475652,0.9630600850883675,1.0042479322643771,1.0253072064207758,56
Mouse-Dyad-10M,null,-0.7594774794941082,0.967529631222837,0.9993694322712618,1.02740978550676,56
Mouse-Dyad-10M,null,-0.752815396340651,0.96769983558523,0.994812973002366,1.0230817298361015,56
Mouse-Dyad-10M,null,-0.7461533131871939,0.9665982426029619,0.9982717000851372,1.0232772282141394,56
Mouse-Dyad-10M,null,-0.7394912300337368,0.9688203936239597,0.9905076610011272,1.0224357309220817,56
Mouse-Dyad-10M,null,-0.7328291468802798,0.9644876792313829,0.9900887649963059,1.0207596035416704,56
Mouse-Dyad-10M,null,-0.7261670637268227,0.9657759500438368,0.9961475804921918,1.029104225933559,56
Mouse-Dyad-10M,null,-0.7195049805733655,0.9599423141768687,0.997571825414121,1.0306501617383523,56
Mouse-Dyad-10M,null,-0.7128428974199085,0.9592271484437987,0.9925794025622214,1.0238963972556343,56
Mouse-Dyad-10M,null,-0.7061808142664514,0.9577150327917703,0.9924707381794942,1.0255135867534366,56
Mouse-Dyad-10M,null,-0.6995187311129943,0.9550670543743561,0.9897751334300443,1.0217916225228385,56
Mouse-Dyad-10M,null,-0.6928566479595373,0.9560306605736953,0.9887079137733648,1.0235578537978953,56
Mouse-Dyad-10M,null,-0.6861945648060801,0.951693991232881,0.9872206291336723,1.0239029946701805,56
Mouse-Dyad-10M,null,-0.679532481652623,0.9519510092649819,0.9844997251038785,1.0251279465329282,56
Mouse-Dyad-10M,null,-0.672870398499166,0.9540782202782906,0.9833164638652961,1.0254469716883647,56
Mouse-Dyad-10M,null,-0.6662083153457089,0.9592961363729102,0.9894278618405274,1.0235947281855924,56
Mouse-Dyad-10M,null,-0.6595462321922518,0.9635711343733823,0.9913232221241982,1.0251788960105555,56
Mouse-Dyad-10M,null,-0.6528841490387947,0.9612981203521918,0.9918932190375668,1.025179950793461,56
Mouse-Dyad-10M,null,-0.6462220658853376,0.961292753553607,0.9956774448736663,1.020588015328551,56
Mouse-Dyad-10M,null,-0.6395599827318805,0.9622776044921357,0.9917452287728974,1.0226852698380051,56
Mouse-Dyad-10M,null,-0.6328978995784235,0.9583335676591538,0.9878371162603086,1.0248204300788566,56
Mouse-Dyad-10M,null,-0.6262358164249664,0.9577642188568098,0.988192531506496,1.0247680523875484,56
Mouse-Dyad-10M,null,-0.6195737332715092,0.9533713240458368,0.9850056571134382,1.027744033161827,56
Mouse-Dyad-10M,null,-0.6129116501180522,0.9593204996812221,0.9857344102284745,1.0315074709925685,56
Mouse-Dyad-10M,null,-0.6062495669645951,0.9661441564457864,0.9885684189081254,1.0318282108439338,56
Mouse-Dyad-10M,null,-0.599587483811138,0.9630439709919771,0.9904409978449988,1.0343251436985654,56
Mouse-Dyad-10M,null,-0.5929254006576808,0.9666163202948221,0.9894988319009214,1.027821577838752,56
Mouse-Dyad-10M,null,-0.5862633175042238,0.9662998907454088,0.9918784087391388,1.0278130188704555,56
Mouse-Dyad-10M,null,-0.5796012343507667,0.9638154284314622,0.9928865880752766,1.0311854639854667,56
Mouse-Dyad-10M,null,-0.5729391511973096,0.9610294878502874,0.9907737164658851,1.0318090825287658,56
Mouse-Dyad-10M,null,-0.5662770680438526,0.962041960005648,0.9917510012443387,1.0315824985539515,56
Mouse-Dyad-10M,null,-0.5596149848903954,0.9687725769591083,0.9931192478143102,1.0275907024404252,56
Mouse-Dyad-10M,null,-0.5529529017369383,0.9658720362211533,0.9931527640803008,1.0263484556112006,56
Mouse-Dyad-10M,null,-0.5462908185834813,0.9667743313147142,0.9914711428418037,1.0270384926827065,56
Mouse-Dyad-10M,null,-0.5396287354300242,0.9659354992658696,0.9919770065755931,1.0282729901752417,56
Mouse-Dyad-10M,null,-0.5329666522765671,0.9658299628193157,0.9921927674416404,1.033819985396109,56
Mouse-Dyad-10M,null,-0.52630456912311,0.9603423916067961,0.9908779314617124,1.0302625357617154,56
Mouse-Dyad-10M,null,-0.5196424859696529,0.9598606686049728,0.9900181057438627,1.0305313532544291,56
Mouse-Dyad-10M,null,-0.5129804028161958,0.9627360646752009,0.9879762801808232,1.031392920970546,56
Mouse-Dyad-10M,null,-0.5063183196627388,0.9569263666517369,0.9916022266183253,1.0313044512959761,56
Mouse-Dyad-10M,null,-0.49965623650928165,0.9569483373210202,0.9887063317263127,1.0341132112754294,56
Mouse-Dyad-10M,null,-0.4929941533558246,0.9613330251189102,0.9931404971846145,1.0359557058912832,56
Mouse-Dyad-10M,null,-0.48633207020236746,0.9565073595356139,0.9944756941093096,1.0369531870040243,56
Mouse-Dyad-10M,null,-0.4796699870489104,0.9553964870787722,0.9921760714138057,1.034276112424533,56
Mouse-Dyad-10M,null,-0.47300790389545333,0.9537082950882749,0.9936822186554208,1.0392048075257274,56
Mouse-Dyad-10M,null,-0.4663458207419962,0.9577580093166216,0.9917896211825077,1.0417111610690006,56
Mouse-Dyad-10M,null,-0.45968373758853914,0.9588314576335022,0.992788375125184,1.0420414648263434,56
Mouse-Dyad-10M,null,-0.453021654435082,0.9615298178469965,0.9957419905916336,1.0376637775289708,56
Mouse-Dyad-10M,null,-0.44635957128162496,0.9653742917993486,0.9970285524754516,1.0401426542998415,56
Mouse-Dyad-10M,null,-0.43969748812816783,0.9586297314167009,0.9971112609077352,1.0318746356799173,56
Mouse-Dyad-10M,null,-0.43303540497471077,0.9585938906108545,0.9920698523299221,1.0316378865167184,56
Mouse-Dyad-10M,null,-0.4263733218212537,0.9605439470639581,0.9941874790301237,1.0230068790847884,56
Mouse-Dyad-10M,null,-0.4197112386677966,0.957608816305251,0.994091920307008,1.0249122405799242,56
Mouse-Dyad-10M,null,-0.4130491555143395,0.9605564995061043,0.9907488394533864,1.0248523778441783,56
Mouse-Dyad-10M,null,-0.4063870723608824,0.9563790371273536,0.9889246564994942,1.0358589517054708,56
Mouse-Dyad-10M,null,-0.39972498920742533,0.9532964390189587,0.9866247956347013,1.033002831462719,56
Mouse-Dyad-10M,null,-0.39306290605396826,0.9504312321385016,0.9913597654879782,1.0319938661640349,56
Mouse-Dyad-10M,null,-0.38640082290051114,0.9529903576766325,0.9925028206242295,1.0292072494336222,56
Mouse-Dyad-10M,null,-0.3797387397470541,0.9483572937059637,0.9974687334593861,1.0276892071948305,56
Mouse-Dyad-10M,null,-0.37307665659359696,0.9473229278402666,0.9928546647758858,1.0279998888057156,56
Mouse-Dyad-10M,null,-0.3664145734401399,0.9478722562457866,0.9927946382210877,1.0235014686877122,56
Mouse-Dyad-10M,null,-0.35975249028668277,0.9527767735320406,0.994911177039972,1.0250643687875716,56
Mouse-Dyad-10M,null,-0.3530904071332257,0.9490977110468891,0.9976031203937938,1.0280195069431661,56
Mouse-Dyad-10M,null,-0.34642832397976864,0.9519873590589663,0.9953568695682173,1.0216670896787614,56
Mouse-Dyad-10M,null,-0.3397662408263115,0.9484000500675176,0.9920388006158839,1.0251268730275096,56
Mouse-Dyad-10M,null,-0.33310415767285445,0.948785832376158,0.9882297637775592,1.0200729102691386,56
Mouse-Dyad-10M,null,-0.32644207451939733,0.9502028734852526,0.9862139632730522,1.0205462664813725,56
Mouse-Dyad-10M,null,-0.31977999136594026,0.9542925656554001,0.9882855806136082,1.0192182677672572,56
Mouse-Dyad-10M,null,-0.3131179082124832,0.9568721218285317,0.9877714439479934,1.021137383498749,56
Mouse-Dyad-10M,null,-0.3064558250590261,0.9527929738791808,0.9876775823118242,1.0246340741600206,56
Mouse-Dyad-10M,null,-0.299793741905569,0.9512168476671539,0.985846159266023,1.0214807649448912,56
Mouse-Dyad-10M,null,-0.2931316587521119,0.9535632389347322,0.9821149706538781,1.0222787724705502,56
Mouse-Dyad-10M,null,-0.2864695755986548,0.9538915322021322,0.9848890810021707,1.0266361948197669,56
Mouse-Dyad-10M,null,-0.2798074924451977,0.9544056677984014,0.9898926714704288,1.0308740255120143,56
Mouse-Dyad-10M,null,-0.27314540929174064,0.951445245661585,0.9920651628160649,1.031894365884408,56
Mouse-Dyad-10M,null,-0.26648332613828357,0.9484477650080013,0.9845684717954533,1.0371012505033346,56
Mouse-Dyad-10M,null,-0.25982124298482645,0.9518397337487476,0.9876744768728014,1.0354015569203217,56
Mouse-Dyad-10M,null,-0.2531591598313694,0.9580129349017844,0.993122379232542,1.0333485750373357,56
Mouse-Dyad-10M,null,-0.2464970766779123,0.9545966470575005,0.9928997836077829,1.0347316202334156,56
Mouse-Dyad-10M,null,-0.2398349935244552,0.9557287371731497,0.9918371456553476,1.0346602847123798,56
Mouse-Dyad-10M,null,-0.2331729103709981,0.9620607456787923,0.9985687071203513,1.036950236485518,56
Mouse-Dyad-10M,null,-0.226510827217541,0.9598783506053604,0.9947007294763809,1.0301485567445359,56
Mouse-Dyad-10M,null,-0.21984874406408392,0.960267581937803,0.9955041633889405,1.0331753389376566,56
Mouse-Dyad-10M,null,-0.21318666091062685,0.9616717596390253,0.9980120176084883,1.0313940968600561,56
Mouse-Dyad-10M,null,-0.20652457775716976,0.9567929316431623,0.9945079134785964,1.0284550113861874,56
Mouse-Dyad-10M,null,-0.19986249460371266,0.9517627947799648,0.9941800797890288,1.0305631816572112,56
Mouse-Dyad-10M,null,-0.19320041145025557,0.9506046090939304,0.9948495322036152,1.0299936445660869,56
Mouse-Dyad-10M,null,-0.18653832829679848,0.9538845373615188,0.9927119500872561,1.0306899110788774,56
Mouse-Dyad-10M,null,-0.17987624514334138,0.9567090054827811,0.9931553630900845,1.0329701580220785,56
Mouse-Dyad-10M,null,-0.17321416198988432,0.9556643190217108,0.9893165635645491,1.0265308460959677,56
Mouse-Dyad-10M,null,-0.16655207883642723,0.9520127844626773,0.9886802839573132,1.0209102168431605,56
Mouse-Dyad-10M,null,-0.15988999568297013,0.9548289862162327,0.9926206763751224,1.0224995909555958,56
Mouse-Dyad-10M,null,-0.15322791252951304,0.9570386571938712,0.992764988060724,1.0227398707962894,56
Mouse-Dyad-10M,null,-0.14656582937605594,0.9571623131448996,0.9881132032595685,1.0216973727328382,56
Mouse-Dyad-10M,null,-0.13990374622259885,0.961010290144978,0.9850963052344055,1.023779464867192,56
Mouse-Dyad-10M,null,-0.13324166306914179,0.9577840022117724,0.9888127917183511,1.0192675348918456,56
Mouse-Dyad-10M,null,-0.1265795799156847,0.9621355853028319,0.9874698069459321,1.020217343093098,56
Mouse-Dyad-10M,null,-0.1199174967622276,0.9617024180250301,0.9895584307360457,1.0180632216689365,56
Mouse-Dyad-10M,null,-0.1132554136087705,0.9584393978132283,0.9900784819328461,1.0185265996849853,56
Mouse-Dyad-10M,null,-0.10659333045531343,0.9567623582248843,0.984779975547944,1.0186418142635503,56
Mouse-Dyad-10M,null,-0.09993124730185633,0.9598344792507291,0.9849887508145774,1.019749491145895,56
Mouse-Dyad-10M,null,-0.09326916414839924,0.9533845091171066,0.9894878242627618,1.0234813071564657,56
Mouse-Dyad-10M,null,-0.08660708099494216,0.9462884513513502,0.9869626527619249,1.0228708022175181,56
Mouse-Dyad-10M,null,-0.07994499784148507,0.9496266431071884,0.985106129765145,1.0268054749071118,56
Mouse-Dyad-10M,null,-0.07328291468802797,0.9474425789486143,0.9879372200989928,1.021307336358882,56
Mouse-Dyad-10M,null,-0.06662083153457089,0.944730228932408,0.9881964617183983,1.020490146807615,56
Mouse-Dyad-10M,null,-0.0599587483811138,0.9476341010471444,0.989985231423228,1.0173597903006482,56
Mouse-Dyad-10M,null,-0.05329666522765671,0.9450306572626359,0.9888005944156533,1.0191440338342488,56
Mouse-Dyad-10M,null,-0.04663458207419962,0.9472173398385666,0.9929462086258325,1.0159496865141806,56
Mouse-Dyad-10M,null,-0.03997249892074253,0.947031668897676,0.9898696997915186,1.0196670786430835,56
Mouse-Dyad-10M,null,-0.033310415767285446,0.9469281023297897,0.9932302592957668,1.0167653866718793,56
Mouse-Dyad-10M,null,-0.026648332613828356,0.9485343630550821,0.9915868255794029,1.018563724974284,56
Mouse-Dyad-10M,null,-0.019986249460371266,0.9477208739740421,0.9923146363969237,1.025522453478891,56
Mouse-Dyad-10M,null,-0.013324166306914178,0.949369487326537,0.994399804456686,1.0242631744765371,56
Mouse-Dyad-10M,null,-0.006662083153457089,0.9545963816419787,0.9940523366476766,1.031485378027539,56
Mouse-Dyad-10M,null,0.0,0.9517207901699276,0.9907606629955938,1.0253189761967136,56
Mouse-Dyad-10M,null,0.006662083153457089,0.9517207557785488,0.9903925410737237,1.0287529332309953,56
Mouse-Dyad-10M,null,0.013324166306914178,0.9531728905213983,0.9928032991457563,1.0269173919703845,56
Mouse-Dyad-10M,null,0.019986249460371266,0.9571743847406501,0.9925853570106395,1.026767326619732,56
Mouse-Dyad-10M,null,0.026648332613828356,0.9599336227473774,0.9919749549493475,1.0292836152166318,56
Mouse-Dyad-10M,null,0.033310415767285446,0.9521247535649291,0.9881952520341895,1.0282669460430993,56
Mouse-Dyad-10M,null,0.03997249892074253,0.9581349059712869,0.9892834515208473,1.026524454376626,56
Mouse-Dyad-10M,null,0.04663458207419962,0.9619796242987887,0.9882395055122617,1.0263262306511125,56
Mouse-Dyad-10M,null,0.05329666522765671,0.9599656557649114,0.9855176202229136,1.026722554639393,56
Mouse-Dyad-10M,null,0.0599587483811138,0.9626314755842653,0.9900669045448522,1.0294118736675233,56
Mouse-Dyad-10M,null,0.06662083153457089,0.9556422791833132,0.9930964289793517,1.0333358110434014,56
Mouse-Dyad-10M,null,0.07328291468802797,0.9600991049267343,0.9918400165596214,1.0307820232754614,56
Mouse-Dyad-10M,null,0.07994499784148507,0.9626816279512622,0.9909239076708902,1.0304728161934487,56
Mouse-Dyad-10M,null,0.08660708099494216,0.9647363919738859,0.9914115237296184,1.0326794735324774,56
Mouse-Dyad-10M,null,0.09326916414839924,0.963682384517118,0.9869622585708162,1.0259018549674261,56
Mouse-Dyad-10M,null,0.09993124730185633,0.9646434065187663,0.9867888766039283,1.0256859409579326,56
Mouse-Dyad-10M,null,0.10659333045531343,0.9645538894109366,0.9908290333320396,1.0282459217798965,56
Mouse-Dyad-10M,null,0.1132554136087705,0.9665994752915414,0.9910643041840264,1.0309021674738226,56
Mouse-Dyad-10M,null,0.1199174967622276,0.9616561751763184,0.9952013942795811,1.0296367719601598,56
Mouse-Dyad-10M,null,0.1265795799156847,0.9657146146890432,0.9967871124200168,1.0302443793875704,56
Mouse-Dyad-10M,null,0.13324166306914179,0.9688774635558707,0.9941561392812328,1.0310963704367586,56
Mouse-Dyad-10M,null,0.13990374622259885,0.9696008103413969,0.9926684591929649,1.0231323158131036,56
Mouse-Dyad-10M,null,0.14656582937605594,0.9683564759905929,0.990042359088406,1.0281951473888284,56
Mouse-Dyad-10M,null,0.15322791252951304,0.961657598164673,0.994151393389328,1.032266362666308,56
Mouse-Dyad-10M,null,0.15988999568297013,0.9629034757117862,0.996932012219246,1.0338332067368663,56
Mouse-Dyad-10M,null,0.16655207883642723,0.9655112072454106,0.9975614303814471,1.0317466399995985,56
Mouse-Dyad-10M,null,0.17321416198988432,0.9607488183666417,0.994806997813001,1.0286634928384544,56
Mouse-Dyad-10M,null,0.17987624514334138,0.9606155975027435,1.0005405151068314,1.027047130707693,56
Mouse-Dyad-10M,null,0.18653832829679848,0.9651122188890219,0.995446854197372,1.0246940633017858,56
Mouse-Dyad-10M,null,0.19320041145025557,0.971616762787099,0.9916415084736525,1.0264202614868874,56
Mouse-Dyad-10M,null,0.19986249460371266,0.9734139078206854,0.9966449889614944,1.0292075861377805,56
Mouse-Dyad-10M,null,0.20652457775716976,0.9738222664347161,0.99459581290896,1.0322848197725607,56
Mouse-Dyad-10M,null,0.21318666091062685,0.9714793361200422,0.9949749871750748,1.0342432034006868,56
Mouse-Dyad-10M,null,0.21984874406408392,0.970637665112212,0.9959409856077008,1.0270836666350511,56
Mouse-Dyad-10M,null,0.226510827217541,0.972404582229023,0.9967866298444921,1.0224023534135072,56
Mouse-Dyad-10M,null,0.2331729103709981,0.9719491685416222,1.0000291531194403,1.0274975249597074,56
Mouse-Dyad-10M,null,0.2398349935244552,0.9762406869583928,1.003819287527805,1.0274630684202148,56
Mouse-Dyad-10M,null,0.2464970766779123,0.9752825228474904,1.0017623759518788,1.0251830537793656,56
Mouse-Dyad-10M,null,0.2531591598313694,0.9694744412414685,0.9890973512116229,1.025406417363538,56
Mouse-Dyad-10M,null,0.25982124298482645,0.9720808913398781,0.9947912338483553,1.0237752196542997,56
Mouse-Dyad-10M,null,0.26648332613828357,0.9725530005525705,0.9992746635329064,1.0201883756158345,56
Mouse-Dyad-10M,null,0.27314540929174064,0.9705155445116146,0.9942473043543517,1.023713714911202,56
Mouse-Dyad-10M,null,0.2798074924451977,0.9709272330259936,0.9966564403708607,1.0197059353392677,56
Mouse-Dyad-10M,null,0.2864695755986548,0.9638135862763562,0.9969355053577182,1.0243120229877243,56
Mouse-Dyad-10M,null,0.2931316587521119,0.9658568355654046,0.9962990712520448,1.0254011097370546,56
Mouse-Dyad-10M,null,0.299793741905569,0.9646197718911553,1.0019479937730085,1.0262066996292323,56
Mouse-Dyad-10M,null,0.3064558250590261,0.9623558198394737,1.0020463859855324,1.0281500402964558,56
Mouse-Dyad-10M,null,0.3131179082124832,0.960674676041142,1.0018062374391787,1.0313990490722253,56
Mouse-Dyad-10M,null,0.31977999136594026,0.9641567787638194,1.0026655797149733,1.032319205359962,56
Mouse-Dyad-10M,null,0.32644207451939733,0.964088395364593,1.0009365927050262,1.030063501351591,56
Mouse-Dyad-10M,null,0.33310415767285445,0.9613229762379587,0.9984971020989597,1.0271191996120885,56
Mouse-Dyad-10M,null,0.3397662408263115,0.9599247412728301,0.9982574860847219,1.0252839273017014,56
Mouse-Dyad-10M,null,0.34642832397976864,0.9671616026324847,1.0008320987893058,1.0261985623814776,56
Mouse-Dyad-10M,null,0.3530904071332257,0.9669049884242693,0.9995539001879198,1.0294387389964523,56
Mouse-Dyad-10M,null,0.35975249028668277,0.9585375576653122,0.9976725844064174,1.030010198026758,56
Mouse-Dyad-10M,null,0.3664145734401399,0.9525456213078961,0.9964946911701196,1.0322210508768097,56
Mouse-Dyad-10M,null,0.37307665659359696,0.9555881759215925,0.9994745277482423,1.0297705659171341,56
Mouse-Dyad-10M,null,0.3797387397470541,0.9566980649766808,1.0002394676354815,1.0300211956276852,56
Mouse-Dyad-10M,null,0.38640082290051114,0.9532494595826555,1.001639315370788,1.027715240171576,56
Mouse-Dyad-10M,null,0.39306290605396826,0.9574225821918078,1.0045708082977436,1.0306746997965175,56
Mouse-Dyad-10M,null,0.39972498920742533,0.9549071570263498,0.9995904882041873,1.0342301414371429,56
Mouse-Dyad-10M,null,0.4063870723608824,0.9594675636720975,1.0006072570594158,1.031809763913276,56
Mouse-Dyad-10M,null,0.4130491555143395,0.9552629423364751,0.9957190070713028,1.0264458530865423,56
Mouse-Dyad-10M,null,0.4197112386677966,0.9509642146894389,0.9885990683887818,1.027549935483972,56
Mouse-Dyad-10M,null,0.4263733218212537,0.9541137641785168,0.994787299336056,1.0297952869412832,56
Mouse-Dyad-10M,null,0.43303540497471077,0.9552945435194672,0.9933207688423941,1.0278332995032118,56
Mouse-Dyad-10M,null,0.43969748812816783,0.956044486477276,0.9969277971297974,1.0267229122665307,56
Mouse-Dyad-10M,null,0.44635957128162496,0.958145420810721,0.9917736352036064,1.0278733169409935,56
Mouse-Dyad-10M,null,0.453021654435082,0.9549419095313652,0.9967554939524041,1.0289901033672963,56
Mouse-Dyad-10M,null,0.45968373758853914,0.9538826968170915,0.9927717264321332,1.0331769328477571,56
Mouse-Dyad-10M,null,0.4663458207419962,0.9544581147408829,0.9975927729699823,1.0364089482608547,56
Mouse-Dyad-10M,null,0.47300790389545333,0.9540064358987527,0.9944080423339633,1.0368396156139497,56
Mouse-Dyad-10M,null,0.4796699870489104,0.9607752723027783,0.998031666507617,1.0346961135026271,56
Mouse-Dyad-10M,null,0.48633207020236746,0.9613743044437582,0.9956991993279725,1.0344665393580212,56
Mouse-Dyad-10M,null,0.4929941533558246,0.9534888740472178,0.99098876030894,1.0331285979737304,56
Mouse-Dyad-10M,null,0.49965623650928165,0.9550843833898494,0.9984011180037689,1.0331270003857624,56
Mouse-Dyad-10M,null,0.5063183196627388,0.9634794224659031,0.9977396822514946,1.033465705695475,56
Mouse-Dyad-10M,null,0.5129804028161958,0.9622315937094528,1.0008346603386769,1.0317376490803905,56
Mouse-Dyad-10M,null,0.5196424859696529,0.9621767713598371,0.9943536531060752,1.0295156836280837,56
Mouse-Dyad-10M,null,0.52630456912311,0.9579765332505713,0.9963711494917433,1.0278042198122925,56
Mouse-Dyad-10M,null,0.5329666522765671,0.9600201370726826,0.9983089889652645,1.0295471094724797,56
Mouse-Dyad-10M,null,0.5396287354300242,0.9613230061647959,0.9986263887141362,1.0377498883252556,56
Mouse-Dyad-10M,null,0.5462908185834813,0.9561916368265161,1.0038880763663283,1.0368116634288345,56
Mouse-Dyad-10M,null,0.5529529017369383,0.9596765674980255,1.0055506848573112,1.0344746248122765,56
Mouse-Dyad-10M,null,0.5596149848903954,0.9581419704034573,1.0073425633809776,1.0310838966675167,56
Mouse-Dyad-10M,null,0.5662770680438526,0.956757936801168,1.0037424348140687,1.0328054881346453,56
Mouse-Dyad-10M,null,0.5729391511973096,0.9560361840091403,1.004207426492128,1.0314965831458922,56
Mouse-Dyad-10M,null,0.5796012343507667,0.9544193849220197,1.0047165762231887,1.0319708476990916,56
Mouse-Dyad-10M,null,0.5862633175042238,0.9565593222518347,1.0096102699186882,1.0324166067806722,56
Mouse-Dyad-10M,null,0.5929254006576808,0.9566292480074658,1.0125365972121105,1.0348672850601672,56
Mouse-Dyad-10M,null,0.599587483811138,0.9606630617144547,1.0155407456017826,1.0336780720609247,56
Mouse-Dyad-10M,null,0.6062495669645951,0.9586460531505185,1.0083528657908098,1.0360938921078824,56
Mouse-Dyad-10M,null,0.6129116501180522,0.9571936071297511,1.005143753754754,1.0414427871807574,56
Mouse-Dyad-10M,null,0.6195737332715092,0.9483342500914702,1.0040310448348562,1.0366608645372197,56
Mouse-Dyad-10M,null,0.6262358164249664,0.9546027700171571,1.00350914815031,1.0362290478340752,56
Mouse-Dyad-10M,null,0.6328978995784235,0.958331424725463,1.000796725651133,1.0391403369570469,56
Mouse-Dyad-10M,null,0.6395599827318805,0.9583483531800655,1.0005587206211626,1.0397702896814758,56
Mouse-Dyad-10M,null,0.6462220658853376,0.952046224749747,1.0006359794348176,1.0371955775901651,56
Mouse-Dyad-10M,null,0.6528841490387947,0.9509729659505141,1.0000764080086921,1.0375048471500747,56
Mouse-Dyad-10M,null,0.6595462321922518,0.9535436467818574,1.0082650477043544,1.044390231183955,56
Mouse-Dyad-10M,null,0.6662083153457089,0.9579993514567874,0.9993237639173675,1.0344109298807826,56
Mouse-Dyad-10M,null,0.672870398499166,0.9537322611908494,0.9998667195781894,1.0322268317010117,56
Mouse-Dyad-10M,null,0.679532481652623,0.9477625442213589,0.9985660038110054,1.0343019372453788,56
Mouse-Dyad-10M,null,0.6861945648060801,0.9477267405848142,0.9971535368074929,1.0388141602045613,56
Mouse-Dyad-10M,null,0.6928566479595373,0.9470277730155513,0.9946014312442804,1.03909002155253,56
Mouse-Dyad-10M,null,0.6995187311129943,0.9475452394732128,0.9936406701481549,1.0365671273724684,56
Mouse-Dyad-10M,null,0.7061808142664514,0.9467932572610583,0.9942416746350413,1.0394924161182038,56
Mouse-Dyad-10M,null,0.7128428974199085,0.9474856955794279,0.9959541220093175,1.0387285654426401,56
Mouse-Dyad-10M,null,0.7195049805733655,0.9461172815542287,0.9938351853118088,1.0395568043852452,56
Mouse-Dyad-10M,null,0.7261670637268227,0.947770284378852,0.9887146087561975,1.0407732199643767,56
Mouse-Dyad-10M,null,0.7328291468802798,0.9450195156989855,0.9909933764284231,1.0398197202852282,56
Mouse-Dyad-10M,null,0.7394912300337368,0.9428558018908461,0.9950434453913762,1.0440696127153153,56
Mouse-Dyad-10M,null,0.7461533131871939,0.9464393181032922,0.9936584745555448,1.0454196620468126,56
Mouse-Dyad-10M,null,0.752815396340651,0.9487972665219503,0.9920735439024172,1.0440379007711618,56
Mouse-Dyad-10M,null,0.7594774794941082,0.9504949462849844,0.9938167072862829,1.041610394715286,56
Mouse-Dyad-10M,null,0.7661395626475652,0.946529595284283,0.9906876737996386,1.0389572787641446,56
Mouse-Dyad-10M,null,0.7728016458010223,0.9462553924862396,0.9906776983112028,1.036804424304486,56
Mouse-Dyad-10M,null,0.7794637289544794,0.9470668637074918,0.9848645969893102,1.0403265292736101,56
Mouse-Dyad-10M,null,0.7861258121079365,0.9476341418720136,0.9958984136508144,1.0412301104802246,56
Mouse-Dyad-10M,null,0.7927878952613936,0.9497181016428006,0.9952933557676386,1.0378835665424537,56
Mouse-Dyad-10M,null,0.7994499784148507,0.9551386677190096,0.9937780803903908,1.0375143425631557,56
Mouse-Dyad-10M,null,0.8061120615683077,0.9525749686688498,0.9954447662480894,1.0372165728560954,56
Mouse-Dyad-10M,null,0.8127741447217648,0.951747181239414,0.9915265125772477,1.0340010681292429,56
Mouse-Dyad-10M,null,0.819436227875222,0.9521137838142679,0.994609529583075,1.0393359471432309,56
Mouse-Dyad-10M,null,0.826098311028679,0.9518523228944941,0.9902129101122685,1.0333137834339325,56
Mouse-Dyad-10M,null,0.8327603941821361,0.9516776145636037,0.99142389959427,1.0386135456984218,56
Mouse-Dyad-10M,null,0.8394224773355932,0.9539215176885627,0.9948283060294482,1.0427185938463008,56
Mouse-Dyad-10M,null,0.8460845604890502,0.9561247590557757,0.9937981642023355,1.0453807219577445,56
Mouse-Dyad-10M,null,0.8527466436425074,0.9531022016399244,0.9916731217736072,1.051573194386715,56
Mouse-Dyad-10M,null,0.8594087267959645,0.9528177945230354,0.9892575374108138,1.056605096417701,56
Mouse-Dyad-10M,null,0.8660708099494215,0.953688164717143,0.9923382939702106,1.056967405859889,56
Mouse-Dyad-10M,null,0.8727328931028786,0.9524619290128448,0.9935081172305553,1.0544755970680242,56
Mouse-Dyad-10M,null,0.8793949762563357,0.949503602562443,0.9889264723430073,1.0499367428432167,56
Mouse-Dyad-10M,null,0.8860570594097928,0.9521338732523854,0.9932978594303539,1.047679735538727,56
Mouse-Dyad-10M,null,0.8927191425632499,0.9505598354698724,0.9945999469758686,1.0448725728563848,56
Mouse-Dyad-10M,null,0.899381225716707,0.957215787534018,0.9969014787037083,1.041179670175768,56
Mouse-Dyad-10M,null,0.906043308870164,0.9543881409532963,0.9976206463777109,1.036366726263383,56
Mouse-Dyad-10M,null,0.9127053920236211,0.9524487184509483,1.0004974265017,1.0307139861476122,56
Mouse-Dyad-10M,null,0.9193674751770783,0.9551776261942965,0.9965588063516617,1.0367904454573749,56
Mouse-Dyad-10M,null,0.9260295583305354,0.951898971214335,1.0006349844977962,1.0344339447022715,56
Mouse-Dyad-10M,null,0.9326916414839924,0.9555393981340534,1.0013954638527611,1.0371005071764186,56
Mouse-Dyad-10M,null,0.9393537246374495,0.9536000490613394,0.999303221774376,1.0356045513278958,56
Mouse-Dyad-10M,null,0.9460158077909067,0.9567929359525288,1.000970730975667,1.0325256942189296,56
Mouse-Dyad-10M,null,0.9526778909443637,0.9604735810308602,1.0007452158072696,1.0353495660815573,56
Mouse-Dyad-10M,null,0.9593399740978208,0.9577371761013685,0.9984782622259116,1.0355904414802874,56
Mouse-Dyad-10M,null,0.9660020572512779,0.9546054950347925,1.000835276609773,1.0355615759001648,56
Mouse-Dyad-10M,null,0.9726641404047349,0.9523578003066078,1.0020022217453382,1.029084580933841,56
Mouse-Dyad-10M,null,0.9793262235581921,0.9509787526145851,0.99651103718762,1.0306986845561767,56
Mouse-Dyad-10M,null,0.9859883067116492,0.9523016172695422,1.0005506728644866,1.0350971290288524,56
Mouse-Dyad-10M,null,0.9926503898651062,0.9556770120055487,1.0067072108040633,1.0310267593135307,56
Mouse-Dyad-10M,null,0.9993124730185633,0.9555576556316128,1.0066820427146657,1.0294678992344406,56
Mouse-Dyad-10M,null,1.0059745561720204,0.956416460787555,1.002546640554701,1.0331939145070828,56
Mouse-Dyad-10M,null,1.0126366393254775,0.9587860095087914,1.0017115651568207,1.0302376417001242,56
Mouse-Dyad-10M,null,1.0192987224789345,0.9583558918582181,0.9983058820699898,1.0288045458766377,56
Mouse-Dyad-10M,null,1.0259608056323917,0.9562181741951059,0.994975709921975,1.0271459483820937,56
Mouse-Dyad-10M,null,1.0326228887858488,0.953038245934965,0.9914369811301689,1.029318525559905,56
Mouse-Dyad-10M,null,1.0392849719393058,0.9565967347395948,0.9958757033104271,1.0303056090492482,56
Mouse-Dyad-10M,null,1.045947055092763,0.9587501265592796,0.9913582835145152,1.0303606441410014,56
Mouse-Dyad-10M,null,1.05260913824622,0.9560698074845582,0.9978719234153158,1.0272987265686808,56
Mouse-Dyad-10M,null,1.059271221399677,0.9558431460569468,0.9953251838499361,1.0263335426698683,56
Mouse-Dyad-10M,null,1.0659333045531343,0.9561886844015317,0.9948976239441041,1.0299608703412473,56
Mouse-Dyad-10M,null,1.0725953877065912,0.9527085723301059,0.992100263299272,1.0337163648335368,56
Mouse-Dyad-10M,null,1.0792574708600484,0.9578498607167564,0.9937838127556993,1.0354575880966816,56
Mouse-Dyad-10M,null,1.0859195540135054,0.9582278095343956,0.9934022541731612,1.0363781138819002,56
Mouse-Dyad-10M,null,1.0925816371669625,0.9577038380377845,0.9932266642264875,1.033055596153717,56
Mouse-Dyad-10M,null,1.0992437203204197,0.9568556299550524,0.9950555481795387,1.030392132310977,56
Mouse-Dyad-10M,null,1.1059058034738767,0.9562058414260126,0.9968846918967924,1.0313871950243778,56
Mouse-Dyad-10M,null,1.1125678866273339,0.9539650357594929,0.9933938526925197,1.0302701468170938,56
Mouse-Dyad-10M,null,1.1192299697807908,0.9561992496737683,0.9905260607625739,1.0339397185211054,56
Mouse-Dyad-10M,null,1.125892052934248,0.9634699640668976,0.9911139844084464,1.0308654858528572,56
Mouse-Dyad-10M,null,1.1325541360877052,0.9621822438637818,0.9909003140781227,1.0286693551253046,56
Mouse-Dyad-10M,null,1.1392162192411621,0.9678029599816542,0.9933884503240169,1.0267779216637583,56
Mouse-Dyad-10M,null,1.1458783023946193,0.9657131290846382,0.9943613297014419,1.0257494813261652,56
Mouse-Dyad-10M,null,1.1525403855480763,0.9657460022417068,1.0001298965631358,1.033697284084108,56
Mouse-Dyad-10M,null,1.1592024687015334,0.965366271499568,0.9969570719192322,1.0332350658489031,56
Mouse-Dyad-10M,null,1.1658645518549906,0.9692022198417494,1.0000380242021258,1.0341028665627612,56
Mouse-Dyad-10M,null,1.1725266350084476,0.966827059526822,0.9975796637167129,1.0347249130167822,56
Mouse-Dyad-10M,null,1.1791887181619047,0.967536509857171,0.9977206075759788,1.0294962186557801,56
Mouse-Dyad-10M,null,1.1858508013153617,0.9651062299917671,1.0027465154314168,1.031325977183744,56
Mouse-Dyad-10M,null,1.1925128844688189,0.9622296724494399,0.9952107904286549,1.0308972505695395,56
Mouse-Dyad-10M,null,1.199174967622276,0.9671281764935078,0.9982565998967656,1.0334293228153573,56
Mouse-Dyad-10M,null,1.205837050775733,0.9674346683403983,0.9973251879405444,1.024063925035526,56
Mouse-Dyad-10M,null,1.2124991339291902,0.9668208222925443,1.0003881844533171,1.0270675061802184,56
Mouse-Dyad-10M,null,1.2191612170826474,0.9646710323105353,0.9993711110503876,1.0283688333856797,56
Mouse-Dyad-10M,null,1.2258233002361043,0.9691067676152436,0.9989932566452115,1.0290873330971428,56
Mouse-Dyad-10M,null,1.2324853833895615,0.9711617505276086,1.00042542121714,1.0272137744734748,56
Mouse-Dyad-10M,null,1.2391474665430184,0.9709174387386612,1.0026845292141635,1.025224751505231,56
Mouse-Dyad-10M,null,1.2458095496964756,0.9724266037404345,0.9965073791982919,1.0261594072000542,56
Mouse-Dyad-10M,null,1.2524716328499328,0.9674526573280934,1.003150269590399,1.023361563206943,56
Mouse-Dyad-10M,null,1.2591337160033897,0.970235447621871,1.0036539444117756,1.025798835083426,56
Mouse-Dyad-10M,null,1.265795799156847,0.9716349947484911,1.0047749108472948,1.0259462982098926,56
Mouse-Dyad-10M,null,1.2724578823103039,0.9730062763195156,1.0048381326955025,1.0288069834105387,56
Mouse-Dyad-10M,null,1.279119965463761,0.9710201996246295,1.0050770419359456,1.0279270761598862,56
Mouse-Dyad-10M,null,1.2857820486172182,0.9654024616694518,1.00266014197947,1.0281397952783915,56
Mouse-Dyad-10M,null,1.2924441317706752,0.9675567106371075,1.005065604334673,1.032319373687276,56
Mouse-Dyad-10M,null,1.2991062149241324,0.9687725377189496,1.0102155380044247,1.031666382005353,56
Mouse-Dyad-10M,null,1.3057682980775893,0.9670970141171803,1.0052877862747833,1.0328731717111568,56
Mouse-Dyad-10M,null,1.3124303812310465,0.9734129726919576,1.0076930242926403,1.0340398273916167,56
Mouse-Dyad-10M,null,1.3190924643845037,0.9719888832129777,1.0047925484329197,1.0341420480197834,56
Mouse-Dyad-10M,null,1.3257545475379606,0.9687567473066229,1.0019135536972217,1.027606277930753,56
Mouse-Dyad-10M,null,1.3324166306914178,0.9723650777715872,0.9985160752999629,1.031914545648089,56
Mouse-Dyad-10M,null,1.3390787138448748,0.9743690395273987,0.9999395984045778,1.0352904823018687,56
Mouse-Dyad-10M,null,1.345740796998332,0.97422968145475,1.001991722533532,1.0396192145370875,56
Mouse-Dyad-10M,null,1.352402880151789,0.9730229613692666,1.002161976920275,1.0372225803883062,56
Mouse-Dyad-10M,null,1.359064963305246,0.9755220246718128,1.003076273845279,1.0385021788593716,56
Mouse-Dyad-10M,null,1.3657270464587032,0.9697038607174209,1.0009106060581103,1.0348292007130837,56
Mouse-Dyad-10M,null,1.3723891296121602,0.9653987308836648,0.9981575803646925,1.026064036895034,56
Mouse-Dyad-10M,null,1.3790512127656174,0.975069395910912,0.9988582902069687,1.0306108515213281,56
Mouse-Dyad-10M,null,1.3857132959190746,0.974434276850526,0.997410357905788,1.0336596219252434,56
Mouse-Dyad-10M,null,1.3923753790725315,0.9742763199557095,0.9976637077973187,1.0280098464334622,56
Mouse-Dyad-10M,null,1.3990374622259887,0.9745371803678919,0.9945758847601366,1.0299382314482717,56
Mouse-Dyad-10M,null,1.4056995453794456,0.9720346439383054,1.0010052223363322,1.0284856493672936,56
Mouse-Dyad-10M,null,1.4123616285329028,0.9714109883940849,1.000126950013851,1.0320527260144203,56
Mouse-Dyad-10M,null,1.41902371168636,0.9727404978327966,0.9993197453749022,1.0328117506751064,56
Mouse-Dyad-10M,null,1.425685794839817,0.9713903189374665,0.9958182538746421,1.0379296548619061,56
Mouse-Dyad-10M,null,1.4323478779932741,0.9673025449274978,0.9997694583200893,1.040841838930098,56
Mouse-Dyad-10M,null,1.439009961146731,0.9708903243795417,1.0034332413130949,1.0407870118815885,56
Mouse-Dyad-10M,null,1.4456720443001883,0.9721714448556479,1.005958446068814,1.0373589631338564,56
Mouse-Dyad-10M,null,1.4523341274536454,0.9699463364496528,1.000129690960201,1.0375044090529937,56
Mouse-Dyad-10M,null,1.4589962106071024,0.9734845569750018,1.003909604914132,1.0378469670808492,56
Mouse-Dyad-10M,null,1.4656582937605596,0.9759519500734313,1.005950666141111,1.0356784151471254,56
Mouse-Dyad-10M,null,1.4723203769140165,0.9763733493790306,1.0074449928350218,1.0411961616576335,56
Mouse-Dyad-10M,null,1.4789824600674737,0.9730827291770898,1.0078485123846277,1.0433956786680185,56
Mouse-Dyad-10M,null,1.4856445432209309,0.9698329044412299,1.0036889271903626,1.0376140600095767,56
Mouse-Dyad-10M,null,1.4923066263743878,0.9716774474235756,1.0040592789752592,1.0388212019592395,56
Mouse-Dyad-10M,null,1.498968709527845,0.9742691883206493,1.0016095145339379,1.0377837422528107,56
Mouse-Dyad-10M,null,1.505630792681302,0.9759040444809499,1.0022337883064871,1.0360054573857502,56
Mouse-Dyad-10M,null,1.5122928758347591,0.973145359148061,1.0030469874274504,1.037202373948463,56
Mouse-Dyad-10M,null,1.5189549589882163,0.9738146400212236,1.0058253841664127,1.0379400485395607,56
Mouse-Dyad-10M,null,1.5256170421416733,0.9751255606195391,1.0081098184724384,1.0370363179261004,56
Mouse-Dyad-10M,null,1.5322791252951304,0.9752985683376214,1.0054030952125732,1.0371124208722307,56
Mouse-Dyad-10M,null,1.5389412084485876,0.9745018142679637,1.0060295960353658,1.0409595941396501,56
Mouse-Dyad-10M,null,1.5456032916020446,0.9700950858828103,1.0047864781894646,1.037702638860567,56
Mouse-Dyad-10M,null,1.5522653747555017,0.9778191907318445,1.0070881797157838,1.0360425369137864,56
Mouse-Dyad-10M,null,1.5589274579089587,0.9779271344219084,1.0092926361873387,1.0379249981332097,56
Mouse-Dyad-10M,null,1.5655895410624159,0.976468369202843,1.0136390091924312,1.0454182833244008,56
Mouse-Dyad-10M,null,1.572251624215873,0.9780750346970581,1.0173830480494237,1.041603242383261,56
Mouse-Dyad-10M,null,1.57891370736933,0.9738653176825692,1.0163502101791022,1.0479549087501767,56
Mouse-Dyad-10M,null,1.5855757905227872,0.9707488519245777,1.0121959277847208,1.045190629816138,56
Mouse-Dyad-10M,null,1.5922378736762441,0.9728074820638681,1.0085005282380686,1.0420644924071494,56
Mouse-Dyad-10M,null,1.5988999568297013,0.9731443475494821,1.0059051260718375,1.0446530411873498,56
Mouse-Dyad-10M,null,1.6055620399831585,0.9746186871496263,1.0086995539019807,1.044694257726658,56
Mouse-Dyad-10M,null,1.6122241231366155,0.971845757139526,1.0043287793464684,1.0439799584875988,56
Mouse-Dyad-10M,null,1.6188862062900726,0.9723315435031564,1.004650527813299,1.0434035052270707,56
Mouse-Dyad-10M,null,1.6255482894435296,0.9833490464409702,1.0061012442937662,1.0469729980454603,56
Mouse-Dyad-10M,null,1.6322103725969868,0.9810354208154162,1.007987324588492,1.0384564502642328,56
Mouse-Dyad-10M,null,1.638872455750444,0.9805013090212844,1.0085861314995672,1.0330250424119374,56
Mouse-Dyad-10M,null,1.645534538903901,0.9826363285108579,1.0109933905356412,1.0419694095701326,56
Mouse-Dyad-10M,null,1.652196622057358,0.9863074166807648,1.0100870351712836,1.0407413726878503,56
Mouse-Dyad-10M,null,1.658858705210815,0.9819245130825018,1.0076567595017631,1.0394021979401988,56
Mouse-Dyad-10M,null,1.6655207883642722,0.9830450594378061,1.0056344348109825,1.037484588208617,56
Mouse-Dyad-10M,null,1.6721828715177294,0.983254255891583,1.0035725239030249,1.0394428864748133,56
Mouse-Dyad-10M,null,1.6788449546711863,0.9830998043318111,1.0034352690564985,1.042316456042358,56
Mouse-Dyad-10M,null,1.6855070378246435,0.9829746794274621,1.0061310663535972,1.0389220692247643,56
Mouse-Dyad-10M,null,1.6921691209781005,0.9837169946227735,1.0071127108989177,1.0407067619335961,56
Mouse-Dyad-10M,null,1.6988312041315576,0.9828753774470831,1.0114719363367457,1.038988694420016,56
Mouse-Dyad-10M,null,1.7054932872850148,0.9832366005941727,1.008867601503947,1.0443030520127643,56
Mouse-Dyad-10M,null,1.7121553704384718,0.983235238137484,1.0088976293291143,1.0417170130948064,56
Mouse-Dyad-10M,null,1.718817453591929,0.9834865081141106,1.0062769288692208,1.0381993938170442,56
Mouse-Dyad-10M,null,1.725479536745386,0.9822453839700888,1.0050156715472514,1.0371942864645602,56
Mouse-Dyad-10M,null,1.732141619898843,0.982472839622014,1.0047444999255726,1.038243235765921,56
Mouse-Dyad-10M,null,1.7388037030523003,0.984393723388644,1.0058045643890456,1.0384042299126972,56
Mouse-Dyad-10M,null,1.7454657862057572,0.9858387325305333,1.0042172547898809,1.0372446576550456,56
Mouse-Dyad-10M,null,1.7521278693592144,0.9820335196448152,1.00796720766006,1.0380681182259361,56
Mouse-Dyad-10M,null,1.7587899525126713,0.9787684117955502,1.0075130148633988,1.038788720632551,56
Mouse-Dyad-10M,null,1.7654520356661285,0.9775544873624353,1.0076827472409926,1.0301229430558316,56
Mouse-Dyad-10M,null,1.7721141188195857,0.9783874227412083,1.0062189141216438,1.03056181846277,56
Mouse-Dyad-10M,null,1.7787762019730426,0.9814218100935808,1.0029536191960693,1.0337114235308733,56
Mouse-Dyad-10M,null,1.7854382851264998,0.9815151343604986,1.0055334443951893,1.0270203379729548,56
Mouse-Dyad-10M,null,1.7921003682799568,0.9797585745679166,1.0065951404242925,1.0279860227636988,56
Mouse-Dyad-10M,null,1.798762451433414,0.9819546074697614,1.0029305046560992,1.0303863593194156,56
Mouse-Dyad-10M,null,1.8054245345868711,0.9808119789738042,1.0058584764698115,1.0315560235589185,56
Mouse-Dyad-10M,null,1.812086617740328,0.9808988180906756,1.006197709424265,1.0367266600317386,56
Mouse-Dyad-10M,null,1.8187487008937853,0.980663286991604,1.0031893938230247,1.0396069322437964,56
Mouse-Dyad-10M,null,1.8254107840472422,0.9793413370158924,1.0028009788182008,1.0402326405034077,56
Mouse-Dyad-10M,null,1.8320728672006994,0.9784521323555311,1.0061358422359037,1.042286997241201,56
Mouse-Dyad-10M,null,1.8387349503541566,0.9795621550258176,1.0017832672426106,1.0422582598098247,56
Mouse-Dyad-10M,null,1.8453970335076135,0.981919632240945,1.0054122567616421,1.0385904495615876,56
Mouse-Dyad-10M,null,1.8520591166610707,0.9797412747383349,1.0038549542372217,1.036649140734993,56
Mouse-Dyad-10M,null,1.8587211998145277,0.9823161963930714,0.9989960887830596,1.0393931900992306,56
Mouse-Dyad-10M,null,1.8653832829679848,0.980873160324056,0.9999102366702086,1.0347884269243774,56
Mouse-Dyad-10M,null,1.872045366121442,0.9817620137108909,1.0027545234388158,1.0361370421878142,56
Mouse-Dyad-10M,null,1.878707449274899,0.9806391963093626,1.0030242029924994,1.0358018765198456,56
Mouse-Dyad-10M,null,1.8853695324283561,0.9772089052172763,1.0046646644341084,1.0362512489198452,56
Mouse-Dyad-10M,null,1.8920316155818133,0.9760305276725588,1.0055143239943047,1.0407561503331673,56
Mouse-Dyad-10M,null,1.8986936987352703,0.9785570483159637,1.0045380900327854,1.0385621201831656,56
Mouse-Dyad-10M,null,1.9053557818887275,0.9820204230098029,0.9990148121703677,1.0445401074933183,56
Mouse-Dyad-10M,null,1.9120178650421844,0.9800878595975892,0.9987554327297941,1.0476760956769735,56
Mouse-Dyad-10M,null,1.9186799481956416,0.9815618011935254,0.9999302617181947,1.0488573031930888,56
Mouse-Dyad-10M,null,1.9253420313490988,0.979262339472039,1.001847801228414,1.0470514940693918,56
Mouse-Dyad-10M,null,1.9320041145025557,0.9753848369173035,0.99922729874857,1.0444246688761845,56
Mouse-Dyad-10M,null,1.938666197656013,0.9729665653021564,0.9999888572442317,1.0479005413876472,56
Mouse-Dyad-10M,null,1.9453282808094698,0.970541907170591,0.9996938693467148,1.0453614676082916,56
Mouse-Dyad-10M,null,1.951990363962927,0.9725952386103376,0.9997149789128548,1.0393509799237328,56
Mouse-Dyad-10M,null,1.9586524471163842,0.9718233425436655,0.9982677884891449,1.0406096176185753,56
Mouse-Dyad-10M,null,1.9653145302698412,0.9704436377512397,0.9983815661999776,1.0480141756616734,56
Mouse-Dyad-10M,null,1.9719766134232983,0.9742487950663641,0.9965762807775765,1.0519379381000538,56
Mouse-Dyad-10M,null,1.9786386965767553,0.9737218182617763,1.0013897721814247,1.0482717439771856,56
Mouse-Dyad-10M,null,1.9853007797302125,0.9706950255407694,1.0003494536977877,1.0457084627892241,56
Mouse-Dyad-10M,null,1.9919628628836696,0.9758423493826844,0.9992174993380555,1.047062419690067,56
Mouse-Dyad-10M,null,1.9986249460371266,0.971684097454319,0.9998747753083749,1.046134732040243,56
Mouse-Dyad-10M,null,2.0052870291905838,0.9702962163591509,1.0008479525159388,1.043410841026063,56
Mouse-Dyad-10M,null,2.0119491123440407,0.9657257924985495,1.0023612997832456,1.0403281862910478,56
Mouse-Dyad-10M,null,2.0186111954974977,0.9658716266743375,0.9997040071328523,1.0342831392940723,56
Mouse-Dyad-10M,null,2.025273278650955,0.9628887945632465,1.0014590112134003,1.0324345775741004,56
Mouse-Dyad-10M,null,2.031935361804412,0.972988696096678,1.0022875096967945,1.033206290797637,56
Mouse-Dyad-10M,null,2.038597444957869,0.9726158830751045,1.0090126991681176,1.037389792688655,56
Mouse-Dyad-10M,null,2.0452595281113264,0.9732297197842955,1.0094999592361091,1.0401519002993593,56
Mouse-Dyad-10M,null,2.0519216112647833,0.9766057784547918,1.007614375790617,1.0448739812213734,56
Mouse-Dyad-10M,null,2.0585836944182403,0.9781145518967617,1.007922940259027,1.03995187914768,56
Mouse-Dyad-10M,null,2.0652457775716977,0.9821804981061644,1.0116693612269854,1.0401168220542418,56
Mouse-Dyad-10M,null,2.0719078607251546,0.9751328457441905,1.0141008819886994,1.035594195001392,56
Mouse-Dyad-10M,null,2.0785699438786116,0.9754607808905491,1.013333347348357,1.0368470362389859,56
Mouse-Dyad-10M,null,2.085232027032069,0.9767017565051181,1.0108130479588657,1.0437695327013554,56
Mouse-Dyad-10M,null,2.091894110185526,0.9766992357507912,1.0083591591927645,1.0471240984429506,56
Mouse-Dyad-10M,null,2.098556193338983,0.9747173670924205,1.00120900744639,1.050128408197723,56
Mouse-Dyad-10M,null,2.10521827649244,0.9789449473700865,1.0058609927802182,1.0502604277212877,56
Mouse-Dyad-10M,null,2.1118803596458973,0.9751368835577776,1.0073012580817275,1.0509348318949308,56
Mouse-Dyad-10M,null,2.118542442799354,0.973962903545112,1.0102258023716795,1.044861316026339,56
Mouse-Dyad-10M,null,2.125204525952811,0.9770850607080175,1.0078640638809282,1.0489220229079586,56
Mouse-Dyad-10M,null,2.1318666091062686,0.9779438275394341,1.0047764653272284,1.0486046397346345,56
Mouse-Dyad-10M,null,2.1385286922597255,0.9728314467696757,1.005467284962776,1.0472818610402712,56
Mouse-Dyad-10M,null,2.1451907754131825,0.9696694712411977,1.0023615458173445,1.0497162848338193,56
Mouse-Dyad-10M,null,2.15185285856664,0.967686374397182,1.0045035395419668,1.0550823278799757,56
Mouse-Dyad-10M,null,2.158514941720097,0.974355459485617,1.0092739284286392,1.0486799087058603,56
Mouse-Dyad-10M,null,2.165177024873554,0.9700045866032646,1.0062361865235814,1.0415403177356173,56
Mouse-Dyad-10M,null,2.1718391080270107,0.9718480309548148,1.0063290386019288,1.037671873863204,56
Mouse-Dyad-10M,null,2.178501191180468,0.9756817069801809,1.0057558819550463,1.0342608427003044,56
Mouse-Dyad-10M,null,2.185163274333925,0.9742062716022339,1.0109355685174664,1.039857274599023,56
Mouse-Dyad-10M,null,2.191825357487382,0.9761963488555851,1.0118267388195088,1.0308823528199342,56
Mouse-Dyad-10M,null,2.1984874406408395,0.9771731398562293,1.0099866601504177,1.030225056285952,56
Mouse-Dyad-10M,null,2.2051495237942964,0.982538754218695,1.0074837714215719,1.0397605629333733,56
Mouse-Dyad-10M,null,2.2118116069477534,0.9803261938141778,1.0065452106321968,1.0372725211427478,56
Mouse-Dyad-10M,null,2.2184736901012108,0.9793508364120214,1.0017605048016667,1.0401125475321442,56
Mouse-Dyad-10M,null,2.2251357732546677,0.9754066969632103,0.9996682793487219,1.0413123403469586,56
Mouse-Dyad-10M,null,2.2317978564081247,0.9718906820176184,0.9989863739590932,1.0411101936054163,56
Mouse-Dyad-10M,null,2.2384599395615816,0.969709611233238,1.0014758866178872,1.040066131221041,56
Mouse-Dyad-10M,null,2.245122022715039,0.9669973446348402,1.0035327934973926,1.0368129602181484,56
Mouse-Dyad-10M,null,2.251784105868496,0.9688583421310706,1.0038836343105042,1.0361175682761172,56
Mouse-Dyad-10M,null,2.258446189021953,0.9707371915700329,1.0023476401980242,1.0342567082046865,56
Mouse-Dyad-10M,null,2.2651082721754103,0.9722759310088658,1.0033399303761605,1.0351786535629737,56
Mouse-Dyad-10M,null,2.2717703553288673,0.9705117956556084,1.002142094687752,1.0407633183301535,56
Mouse-Dyad-10M,null,2.2784324384823242,0.9688357870728431,1.0013913390077078,1.033482522299181,56
Mouse-Dyad-10M,null,2.2850945216357816,0.9691832977520732,1.0033810384629835,1.0362016224355537,56
Mouse-Dyad-10M,null,2.2917566047892386,0.9697089094084994,1.0043330128488757,1.038447186985319,56
Mouse-Dyad-10M,null,2.2984186879426955,0.9694054285269369,1.00237563449191,1.0355496191173836,56
Mouse-Dyad-10M,null,2.3050807710961525,0.9685589604617648,1.0057562393293358,1.0413974228540925,56
Mouse-Dyad-10M,null,2.31174285424961,0.9687611374832045,1.0085376174100422,1.0372155661008686,56
Mouse-Dyad-10M,null,2.318404937403067,0.9682568200338202,1.0095977561351894,1.0370137426469728,56
Mouse-Dyad-10M,null,2.325067020556524,0.9663315429138867,1.009915043152432,1.0410346699850594,56
Mouse-Dyad-10M,null,2.331729103709981,0.9669362551549485,1.0099343477180618,1.049917194151005,56
Mouse-Dyad-10M,null,2.338391186863438,0.9675601558069111,1.01091054908299,1.0372145661222416,56
Mouse-Dyad-10M,null,2.345053270016895,0.9694419156776486,1.006002031289548,1.0387053124316212,56
Mouse-Dyad-10M,null,2.3517153531703525,0.9694112155366224,1.0036531871579646,1.0397115313005743,56
Mouse-Dyad-10M,null,2.3583774363238095,0.9717411427834597,1.004186349213946,1.0402835757018816,56
Mouse-Dyad-10M,null,2.3650395194772664,0.9720267660657604,1.0006700818019938,1.0395929204381948,56
Mouse-Dyad-10M,null,2.3717016026307234,0.9624241238433769,1.0106306534225813,1.0385384588951727,56
Mouse-Dyad-10M,null,2.378363685784181,0.9708778484779081,1.006521439560828,1.0389056406436141,56
Mouse-Dyad-10M,null,2.3850257689376377,0.9653148724454941,1.005620863764888,1.035638342000086,56
Mouse-Dyad-10M,null,2.3916878520910947,0.9655640464207593,1.0081799919389693,1.0370823706474563,56
Mouse-Dyad-10M,null,2.398349935244552,0.9623236328683167,1.0055454841107996,1.0421775657500871,56
Mouse-Dyad-10M,null,2.405012018398009,0.9645763486927267,1.0065278059628513,1.038339315983499,56
Mouse-Dyad-10M,null,2.411674101551466,0.9653787384621972,1.003492566159868,1.0431711496601601,56
Mouse-Dyad-10M,null,2.4183361847049234,0.9683296309350605,1.0042888804618229,1.0360363685872351,56
Mouse-Dyad-10M,null,2.4249982678583804,0.9646143968464245,1.0072932343368728,1.033815474011303,56
Mouse-Dyad-10M,null,2.4316603510118373,0.9650246605222097,1.0050291723526086,1.0355472615101644,56
Mouse-Dyad-10M,null,2.4383224341652947,0.9641730103839565,1.0073052717960482,1.0385530342224247,56
Mouse-Dyad-10M,null,2.4449845173187517,0.9634848496418851,1.0054064225106514,1.0387006543990864,56
Mouse-Dyad-10M,null,2.4516466004722086,0.9682325726491969,1.007740452643652,1.0344853063650565,56
Mouse-Dyad-10M,null,2.4583086836256656,0.9645097368685185,1.0055212041857178,1.0406837796463482,56
Mouse-Dyad-10M,null,2.464970766779123,0.9647839680245911,1.0103805618982984,1.0439389752525252,56
Mouse-Dyad-10M,null,2.47163284993258,0.9635013806451792,1.0080851422751955,1.0441959317267557,56
Mouse-Dyad-10M,null,2.478294933086037,0.9634661338875132,1.0072785483137663,1.04383133705432,56
Mouse-Dyad-10M,null,2.4849570162394943,0.9626044765192996,1.013493591980713,1.0408618123023212,56
Mouse-Dyad-10M,null,2.4916190993929512,0.9625962088990858,1.013536809904714,1.0429646722749073,56
Mouse-Dyad-10M,null,2.498281182546408,0.9621832278193426,1.0095166822008386,1.0441999952251801,56
Mouse-Dyad-10M,null,2.5049432656998656,0.9636029570035688,1.0077119653800821,1.0478996027865457,56
Mouse-Dyad-10M,null,2.5116053488533225,0.9678553886144898,1.0066325662803468,1.0470319196541675,56
Mouse-Dyad-10M,null,2.5182674320067795,0.9672722133793187,1.0087405973268124,1.0450863854510324,56
Mouse-Dyad-10M,null,2.5249295151602364,0.9686400821649955,1.011730163521165,1.0421685862823198,56
Mouse-Dyad-10M,null,2.531591598313694,0.9658783451519911,1.011029204850172,1.0393064284981242,56
Mouse-Dyad-10M,null,2.538253681467151,0.9640254551164,1.0089608832485863,1.0393544062383533,56
Mouse-Dyad-10M,null,2.5449157646206078,0.9594757353783318,1.0098455536773239,1.0395701630525012,56
Mouse-Dyad-10M,null,2.551577847774065,0.9567818910658197,1.0076732111682984,1.0382712860842918,56
Mouse-Dyad-10M,null,2.558239930927522,0.9552866975303174,1.0040116395269174,1.0401275299724257,56
Mouse-Dyad-10M,null,2.564902014080979,0.9562325768605905,1.0019549809087183,1.036579847959079,56
Mouse-Dyad-10M,null,2.5715640972344365,0.9561444218884096,1.0073382073312893,1.0438221375275698,56
Mouse-Dyad-10M,null,2.5782261803878934,0.9498967052013153,1.0006097468278312,1.0448248454359264,56
Mouse-Dyad-10M,null,2.5848882635413504,0.9577308744705986,0.9981617695627698,1.041521783686229,56
Mouse-Dyad-10M,null,2.5915503466948073,0.9576578510931848,0.9947120259788632,1.0396169175775902,56
Mouse-Dyad-10M,null,2.5982124298482647,0.9569312145600828,0.9966441051210311,1.0454649024994396,56
Mouse-Dyad-10M,null,2.6048745130017217,0.9548096801065841,0.9945028385322079,1.036756619897656,56
Mouse-Dyad-10M,null,2.6115365961551786,0.9540110323998577,0.9974110541913155,1.0336667601231448,56
Mouse-Dyad-10M,null,2.618198679308636,0.9568008763083968,0.9941367332656754,1.0342695557564032,56
Mouse-Dyad-10M,null,2.624860762462093,0.9599134924903046,0.996350731379172,1.033584128314544,56
Mouse-Dyad-10M,null,2.63152284561555,0.9629234394914058,0.9984342500245544,1.0448966142949538,56
Mouse-Dyad-10M,null,2.6381849287690073,0.9574147510087451,0.9950984242942509,1.0461002242885127,56
Mouse-Dyad-10M,null,2.6448470119224643,0.9524082246748478,0.9959208699900071,1.0470006726303949,56
Mouse-Dyad-10M,null,2.6515090950759213,0.9554627427103348,0.9961598023908659,1.036793608855485,56
Mouse-Dyad-10M,null,2.658171178229378,0.9582214730254962,0.9961270228529245,1.0354339623644586,56
Mouse-Dyad-10M,null,2.6648332613828356,0.9566025960290253,0.9935106557442288,1.0315300078383407,56
Mouse-Dyad-10M,null,2.6714953445362926,0.9558304278539147,0.9952572614485471,1.0344897356027198,56
Mouse-Dyad-10M,null,2.6781574276897495,0.9518489695068411,0.9940460233400639,1.0360155196536127,56
Mouse-Dyad-10M,null,2.684819510843207,0.9528248993289041,0.9921280678136795,1.0421013895930196,56
Mouse-Dyad-10M,null,2.691481593996664,0.951774869661297,0.9949524182896377,1.0418765896601985,56
Mouse-Dyad-10M,null,2.698143677150121,0.9506271263803284,0.9986939194703237,1.0403000249079564,56
Mouse-Dyad-10M,null,2.704805760303578,0.9556016906306687,0.9959513261124517,1.0375664022766702,56
Mouse-Dyad-10M,null,2.711467843457035,0.9524889180123064,0.9977242822338354,1.0273211114180483,56
Mouse-Dyad-10M,null,2.718129926610492,0.9566963986708669,0.9937570079687084,1.022727159033097,56
Mouse-Dyad-10M,null,2.7247920097639495,0.9613255379845125,0.9980592328185327,1.0298046368889975,56
Mouse-Dyad-10M,null,2.7314540929174065,0.956410574777238,1.000477422447666,1.0253117786338108,56
Mouse-Dyad-10M,null,2.7381161760708634,0.9578379774329042,0.9960801004286071,1.0272989039672609,56
Mouse-Dyad-10M,null,2.7447782592243204,0.9540275052892817,0.9938563230392086,1.0266813065369178,56
Mouse-Dyad-10M,null,2.751440342377778,0.9568665801847075,0.9894684548893513,1.0203314850612202,56
Mouse-Dyad-10M,null,2.7581024255312347,0.9649176673028423,0.9872734071445453,1.018225657680614,56
Mouse-Dyad-10M,null,2.7647645086846917,0.9653045842303435,0.9870002750352872,1.021202646779223,56
Mouse-Dyad-10M,null,2.771426591838149,0.96346094543714,0.9861558600871531,1.0224570798491168,56
Mouse-Dyad-10M,null,2.778088674991606,0.9646588506814635,0.9919239784166936,1.0198435207170211,56
Mouse-Dyad-10M,null,2.784750758145063,0.9629709090122357,0.9894495609637801,1.0193515366060026,56
Mouse-Dyad-10M,null,2.7914128412985204,0.9685510322460836,0.9901665821028711,1.0228356998945132,56
Mouse-Dyad-10M,null,2.7980749244519774,0.9678178510119215,0.99309535422701,1.0221214241601597,56
Mouse-Dyad-10M,null,2.8047370076054343,0.9668761880519829,0.991181326370226,1.019630919971498,56
Mouse-Dyad-10M,null,2.8113990907588913,0.9639598522712156,0.9921214863811155,1.0254609841049722,56
Mouse-Dyad-10M,null,2.8180611739123487,0.9643953668739106,0.988724064435166,1.022056345382707,56
Mouse-Dyad-10M,null,2.8247232570658056,0.966175485573874,0.9884905717901076,1.0273700533194599,56
Mouse-Dyad-10M,null,2.8313853402192626,0.968973750431197,0.9880303684133215,1.0329707312104441,56
Mouse-Dyad-10M,null,2.83804742337272,0.9724322338282909,0.9886697372752781,1.033909638542567,56
Mouse-Dyad-10M,null,2.844709506526177,0.969249318718825,0.988906594745457,1.0308538635594013,56
Mouse-Dyad-10M,null,2.851371589679634,0.9693603852324548,0.9918804677619152,1.031206570232781,56
Mouse-Dyad-10M,null,2.8580336728330913,0.971435001396347,0.9916493897841168,1.0266351003723868,56
Mouse-Dyad-10M,null,2.8646957559865482,0.9689969767747119,0.9936432340258077,1.0284855784619458,56
Mouse-Dyad-10M,null,2.871357839140005,0.966611442319209,0.9986135929098225,1.0291293061380637,56
Mouse-Dyad-10M,null,2.878019922293462,0.9640517546305529,0.9948785935130637,1.0243595987941927,56
Mouse-Dyad-10M,null,2.8846820054469196,0.9638999733548677,0.989524108518844,1.0290630341937477,56
Mouse-Dyad-10M,null,2.8913440886003765,0.9661016556939206,0.9941804824443128,1.02120755470608,56
Mouse-Dyad-10M,null,2.8980061717538335,0.964192140429817,0.9909226344624864,1.0283738842488062,56
Mouse-Dyad-10M,null,2.904668254907291,0.9694646312669489,0.9919714443641298,1.0212429696384413,56
Mouse-Dyad-10M,null,2.911330338060748,0.969398720836863,0.9953051759210768,1.0303741454120843,56
Mouse-Dyad-10M,null,2.9179924212142048,0.9704520333592803,0.9991321432072102,1.0299685782895633,56
Mouse-Dyad-10M,null,2.924654504367662,0.9698847445044991,0.9943811611120027,1.0278652451283332,56
Mouse-Dyad-10M,null,2.931316587521119,0.9695531724538484,0.9976325996637075,1.027965270639145,56
Mouse-Dyad-10M,null,2.937978670674576,0.9701562941948396,0.9998053831030784,1.0298747602107452,56
Mouse-Dyad-10M,null,2.944640753828033,0.9705829375769853,0.9963262674869061,1.0312908656858084,56
Mouse-Dyad-10M,null,2.9513028369814904,0.9702703587927941,0.9931529473597636,1.0472373020307078,56
Mouse-Dyad-10M,null,2.9579649201349474,0.9701555063120535,0.9936928291957734,1.0403831374275858,56
Mouse-Dyad-10M,null,2.9646270032884043,0.9719725069484781,1.0040217342336977,1.028990969030973,56
Mouse-Dyad-10M,null,2.9712890864418617,0.9702234324502839,1.0055583781128865,1.034188185400672,56
Mouse-Dyad-10M,null,2.9779511695953187,0.9680984261460146,1.0010276569164673,1.0286960236668339,56
Mouse-Dyad-10M,null,2.9846132527487756,0.9693021001119032,1.0048001847352257,1.032489283974706,56
Mouse-Dyad-10M,null,2.991275335902233,0.970978547285141,1.0041751333086721,1.0337444606447665,56
Mouse-Dyad-10M,null,2.99793741905569,0.9661781369040451,0.9978688433084787,1.0352694670824476,56
Mouse-Dyad-10M,null,3.004599502209147,0.9612930005114971,0.99696007284097,1.0370742674434852,56
Mouse-Dyad-10M,null,3.011261585362604,0.9640305869512339,0.9993437425149458,1.0373464019465755,56
Mouse-Dyad-10M,null,3.0179236685160613,0.9602768721686812,0.9920507917180119,1.0343165042663913,56
Mouse-Dyad-10M,null,3.0245857516695183,0.9561314549787687,0.9918144136282725,1.0379902150766214,56
Mouse-Dyad-10M,null,3.031247834822975,0.9598373792828969,0.9854562875156898,1.0351373980112148,56
Mouse-Dyad-10M,null,3.0379099179764326,0.9613609622859067,0.9841458503220268,1.0362269733222573,56
Mouse-Dyad-10M,null,3.0445720011298896,0.9560918678977971,0.9858652545191815,1.0354242682367798,56
Mouse-Dyad-10M,null,3.0512340842833465,0.9546674832898425,0.9909612548221303,1.0392332095778598,56
Mouse-Dyad-10M,null,3.057896167436804,0.9556160007254224,0.9968616107842374,1.0408530822391935,56
Mouse-Dyad-10M,null,3.064558250590261,0.9579733024882344,0.9911710767579518,1.040838385265506,56
Mouse-Dyad-10M,null,3.071220333743718,0.9561636195405733,0.9984932470479975,1.0441235334595353,56
Mouse-Dyad-10M,null,3.0778824168971752,0.9510097306046763,0.9942010437033999,1.0453799949992661,56
Mouse-Dyad-10M,null,3.084544500050632,0.9565881286666811,0.9963955566412571,1.0484040617254295,56
Mouse-Dyad-10M,null,3.091206583204089,0.9524633909622888,0.9935893755942533,1.0479045584462066,56
Mouse-Dyad-10M,null,3.097868666357546,0.9525378370724414,0.9998551631334338,1.048198118599181,56
Mouse-Dyad-10M,null,3.1045307495110035,0.9571122503457031,1.000640121652935,1.0494281866695805,56
Mouse-Dyad-10M,null,3.1111928326644605,0.9638738818067502,0.9962002272389261,1.0497416951573537,56
Mouse-Dyad-10M,null,3.1178549158179174,0.9627803987145369,0.9935174870976761,1.0432369998299558,56
Mouse-Dyad-10M,null,3.124516998971375,0.9641917213566209,0.9952125215259673,1.0439251937880678,56
Mouse-Dyad-10M,null,3.1311790821248318,0.9645397004101384,0.9939544278104728,1.0464236959308861,56
Mouse-Dyad-10M,null,3.1378411652782887,0.9676756357420232,0.9912744526886142,1.0436131107721929,56
Mouse-Dyad-10M,null,3.144503248431746,0.9665354071486674,0.9951706059313691,1.0484486133601003,56
Mouse-Dyad-10M,null,3.151165331585203,0.9702394383443378,0.996611738897156,1.0522016012645758,56
Mouse-Dyad-10M,null,3.15782741473866,0.9691191669330756,0.9967804360000873,1.0493938332231805,56
Mouse-Dyad-10M,null,3.164489497892117,0.9658899677338969,0.9959033410430979,1.0551890792389127,56
Mouse-Dyad-10M,null,3.1711515810455744,0.969021995118751,0.9959413462180391,1.0544320529661846,56
Mouse-Dyad-10M,null,3.1778136641990313,0.9678658650671195,1.0013688759287782,1.0488549841156818,56
Mouse-Dyad-10M,null,3.1844757473524883,0.9725557843666952,1.0029019587805996,1.047095506671182,56
Mouse-Dyad-10M,null,3.1911378305059457,0.9718678184500948,1.0040183682173118,1.0488586236189967,56
Mouse-Dyad-10M,null,3.1977999136594026,0.9724395717580713,1.0033531825118875,1.0521648372249246,56
Mouse-Dyad-10M,null,3.2044619968128596,0.968925158508404,1.0050702249231924,1.0529925979018575,56
Mouse-Dyad-10M,null,3.211124079966317,0.9698826995224168,1.0090614730900174,1.0453341090323511,56
Mouse-Dyad-10M,null,3.217786163119774,0.9726652966942992,1.013230911580562,1.0446377511693723,56
Mouse-Dyad-10M,null,3.224448246273231,0.9675597668402587,1.0143446481879295,1.0400343738900832,56
Mouse-Dyad-10M,null,3.231110329426688,0.9706042712729455,1.0108599570810854,1.039846040374592,56
Mouse-Dyad-10M,null,3.2377724125801453,0.971613141348674,1.0120238476037575,1.0423622952301301,56
Mouse-Dyad-10M,null,3.244434495733602,0.974938167393441,1.0147403780284976,1.0451355444221055,56
Mouse-Dyad-10M,null,3.251096578887059,0.9730509170707341,1.0138356334606757,1.0421121499050028,56
Mouse-Dyad-10M,null,3.2577586620405166,0.9731851475138585,1.0072703919013306,1.0393898977143714,56
Mouse-Dyad-10M,null,3.2644207451939735,0.9747367471988007,1.009131195666852,1.0403122042109059,56
Mouse-Dyad-10M,null,3.2710828283474305,0.9761994476526419,1.0049393228838022,1.038733357699505,56
Mouse-Dyad-10M,null,3.277744911500888,0.9740753422300842,1.0032556838442634,1.042268090227164,56
Mouse-Dyad-10M,null,3.284406994654345,0.9692667102064005,1.008302879114074,1.0453961560749863,56
Mouse-Dyad-10M,null,3.291069077807802,0.9650243272157485,1.0131847030632803,1.0458513567156753,56
Mouse-Dyad-10M,null,3.2977311609612587,0.9655708362884785,1.0082424309733975,1.041565817578077,56
Mouse-Dyad-10M,null,3.304393244114716,0.9660601968349491,1.0107697795289634,1.048671347952798,56
Mouse-Dyad-10M,null,3.311055327268173,0.9653572536583863,1.0081334671753974,1.041053646689897,56
Mouse-Dyad-10M,null,3.31771741042163,0.959895534103629,1.0121212330482912,1.044117592706015,56
Mouse-Dyad-10M,null,3.3243794935750874,0.9635841319631433,1.0043133231104369,1.044031302475804,56
Mouse-Dyad-10M,null,3.3310415767285444,0.9576193892236573,1.0048355874420443,1.0500790647479534,56
Mouse-Dyad-10M,null,3.3377036598820014,0.958139017101814,1.0027982563946232,1.0483213181111024,56
Mouse-Dyad-10M,null,3.3443657430354587,0.9575565193456569,1.0027658015889855,1.0512997838092653,56
Mouse-Dyad-10M,null,3.3510278261889157,0.9560325005018662,1.0069022832065957,1.0459867798056601,56
Mouse-Dyad-10M,null,3.3576899093423727,0.9587116986014803,1.0039054548663384,1.0420814868408068,56
Mouse-Dyad-10M,null,3.3643519924958296,0.9629555875074132,1.0011132765580752,1.0405119227232993,56
Mouse-Dyad-10M,null,3.371014075649287,0.9615021955921716,0.9983771286885207,1.0404001209534757,56
Mouse-Dyad-10M,null,3.377676158802744,0.9617851354739145,1.0003943093231196,1.0401100725723647,56
Mouse-Dyad-10M,null,3.384338241956201,0.9693854458192369,0.9984233829812479,1.0398291947382021,56
Mouse-Dyad-10M,null,3.3910003251096583,0.9662168923001103,1.0030106003503145,1.0360959263804759,56
Mouse-Dyad-10M,null,3.3976624082631153,0.9604468444060299,1.0036571513653905,1.0431801084597712,56
Mouse-Dyad-10M,null,3.4043244914165722,0.9586676851648952,1.0004394345900591,1.043871179676088,56
Mouse-Dyad-10M,null,3.4109865745700296,0.9564675741963623,0.9998010636374746,1.0446667088975077,56
Mouse-Dyad-10M,null,3.4176486577234866,0.9597404450406831,1.0003456833698978,1.0433557485005105,56
Mouse-Dyad-10M,null,3.4243107408769435,0.9572604245304179,0.9963731080477194,1.0448065497637642,56
Mouse-Dyad-10M,null,3.430972824030401,0.9570995987803279,1.00064099259263,1.0452928994322033,56
Mouse-Dyad-10M,null,3.437634907183858,0.9590639234182865,1.002468026606817,1.0401641929708787,56
Mouse-Dyad-10M,null,3.444296990337315,0.9529723678165948,0.9942016554190418,1.0443141623585968,56
Mouse-Dyad-10M,null,3.450959073490772,0.9530463900872141,0.9964487308488718,1.0386447940277206,56
Mouse-Dyad-10M,null,3.457621156644229,0.9584281211194285,0.9940614244522479,1.0385168744656927,56
Mouse-Dyad-10M,null,3.464283239797686,0.9556306765649303,0.9978696374906968,1.0398189297103442,56
Mouse-Dyad-10M,null,3.470945322951143,0.9503251299810551,0.9949722283510878,1.0388712467852383,56
Mouse-Dyad-10M,null,3.4776074061046005,0.9534501787073733,0.9968892849505288,1.0401006769828705,56
Mouse-Dyad-10M,null,3.4842694892580575,0.9558562529798872,0.9988870448133922,1.0385033818145686,56
Mouse-Dyad-10M,null,3.4909315724115144,0.9565976410308574,0.999181256387845,1.0387036013198105,56
Mouse-Dyad-10M,null,3.497593655564972,0.9462086883270868,1.001319109907039,1.039286764567091,56
Mouse-Dyad-10M,null,3.5042557387184288,0.9475426228696717,0.9981389092547934,1.0368237498512747,56
Mouse-Dyad-10M,null,3.5109178218718857,0.9521467615597455,0.999110197898877,1.0393508998069825,56
Mouse-Dyad-10M,null,3.5175799050253427,0.9540711745174671,1.002327208465421,1.0336121965173684,56
Mouse-Dyad-10M,null,3.5242419881788,0.9619103491144618,1.0035945192994715,1.032437852695712,56
Mouse-Dyad-10M,null,3.530904071332257,0.9592478868874587,1.0039405236170764,1.0355847485417995,56
Mouse-Dyad-10M,null,3.537566154485714,0.9588271744589638,1.0000833927794046,1.036474576085405,56
Mouse-Dyad-10M,null,3.5442282376391714,0.9606880863058248,1.002872507460078,1.0357132405016687,56
Mouse-Dyad-10M,null,3.5508903207926283,0.9608977387305992,1.0018742147123803,1.0375310746620752,56
Mouse-Dyad-10M,null,3.5575524039460853,0.9609757802083666,1.0010833685896663,1.0348951264579564,56
Mouse-Dyad-10M,null,3.5642144870995427,0.9604707704713857,0.9987274871078766,1.0370596933797929,56
Mouse-Dyad-10M,null,3.5708765702529996,0.9557041709100882,1.000143374947581,1.0382086572585967,56
Mouse-Dyad-10M,null,3.5775386534064566,0.9561788946529657,0.9989216955296379,1.0386367172429123,56
Mouse-Dyad-10M,null,3.5842007365599136,0.9585044084905503,1.0013044235884545,1.034336410256108,56
Mouse-Dyad-10M,null,3.590862819713371,0.9616457805160963,1.001999966780757,1.0361718096972936,56
Mouse-Dyad-10M,null,3.597524902866828,0.9624478477128566,0.998352469206732,1.0401498081797613,56
Mouse-Dyad-10M,null,3.604186986020285,0.9597356046473913,0.999680203682858,1.0391195382025267,56
Mouse-Dyad-10M,null,3.6108490691737423,0.9637828945311779,0.9990157990186193,1.0413985377642687,56
Mouse-Dyad-10M,null,3.617511152327199,0.960857457448574,0.9946708068181,1.0382159383447396,56
Mouse-Dyad-10M,null,3.624173235480656,0.9638517789386845,0.9943502956017292,1.0403749469724133,56
Mouse-Dyad-10M,null,3.6308353186341136,0.9616548691283787,0.9932493168293033,1.0351957990363054,56
Mouse-Dyad-10M,null,3.6374974017875705,0.9633261795970226,0.9982016477030589,1.0350567474423054,56
Mouse-Dyad-10M,null,3.6441594849410275,0.9663549761533712,0.9934149453607716,1.0339531339147232,56
Mouse-Dyad-10M,null,3.6508215680944844,0.9674919685155305,0.9929072657853858,1.039243431072343,56
Mouse-Dyad-10M,null,3.657483651247942,0.9692248263909784,0.996908649337024,1.03920569690241,56
Mouse-Dyad-10M,null,3.664145734401399,0.9641728123624806,0.9948102431278489,1.0389857767564434,56
Mouse-Dyad-10M,null,3.6708078175548557,0.9649493068481175,1.0011257231214499,1.037862803250409,56
Mouse-Dyad-10M,null,3.677469900708313,0.9674371405443232,0.9995659663647141,1.0378718060508656,56
Mouse-Dyad-10M,null,3.68413198386177,0.9607852612915193,0.9988538957582166,1.0392253344058504,56
Mouse-Dyad-10M,null,3.690794067015227,0.9575491545521041,0.9990300590123381,1.0398013411246847,56
Mouse-Dyad-10M,null,3.6974561501686845,0.9553274596646293,1.0002723242623046,1.0397943777755791,56
Mouse-Dyad-10M,null,3.7041182333221414,0.9619149657662348,0.9998961229259243,1.037745104060393,56
Mouse-Dyad-10M,null,3.7107803164755984,0.9659435975764227,0.9982562469301326,1.0359294404302366,56
Mouse-Dyad-10M,null,3.7174423996290553,0.9598045587316333,0.9947848997974107,1.0371634273051336,56
Mouse-Dyad-10M,null,3.7241044827825127,0.9585352542637778,0.9934214990528127,1.0338529692864389,56
Mouse-Dyad-10M,null,3.7307665659359697,0.9639331018232085,0.994578105707856,1.0333168929209546,56
Mouse-Dyad-10M,null,3.7374286490894266,0.9619807238548417,0.9956587189974158,1.0285661859729314,56
Mouse-Dyad-10M,null,3.744090732242884,0.962021136601615,0.9958778412882594,1.0345299133025931,56
Mouse-Dyad-10M,null,3.750752815396341,0.9662967115077975,0.9996276296966107,1.0307266250791196,56
Mouse-Dyad-10M,null,3.757414898549798,0.9666510050202126,0.9963403141973977,1.032797430612999,56
Mouse-Dyad-10M,null,3.7640769817032553,0.9648245063561355,0.9942858992531365,1.0280844800372024,56
Mouse-Dyad-10M,null,3.7707390648567123,0.9680213472319273,0.9944325860504021,1.0210853431803402,56
Mouse-Dyad-10M,null,3.7774011480101692,0.9612377119018635,0.9939266443797883,1.0245007881442034,56
Mouse-Dyad-10M,null,3.7840632311636266,0.956849096289958,0.994937856053366,1.0263164265893308,56
Mouse-Dyad-10M,null,3.7907253143170836,0.9518928085885813,0.993664883545583,1.0304989042845736,56
Mouse-Dyad-10M,null,3.7973873974705405,0.9547870701118507,0.9938095207526589,1.0340936865280317,56
Mouse-Dyad-10M,null,3.8040494806239975,0.9602285754647154,0.9916145922435233,1.0336641749577515,56
Mouse-Dyad-10M,null,3.810711563777455,0.9609452299551098,0.9940271530645881,1.0361531725167024,56
Mouse-Dyad-10M,null,3.817373646930912,0.9615717084763662,0.9922658412484049,1.0363593715381931,56
Mouse-Dyad-10M,null,3.824035730084369,0.9609710445041229,0.9919388658261199,1.0365378446960698,56
Mouse-Dyad-10M,null,3.830697813237826,0.9592145083323371,0.9932088841202548,1.0528233152864013,56
Mouse-Dyad-10M,null,3.837359896391283,0.9587748138880282,0.9960834952447151,1.0540970386832413,56
Mouse-Dyad-10M,null,3.84402197954474,0.9638647090966305,0.9974293395746403,1.0382381741476474,56
Mouse-Dyad-10M,null,3.8506840626981975,0.9618425819108432,0.9954867746177156,1.0403099171992038,56
Mouse-Dyad-10M,null,3.8573461458516545,0.9634114397753486,0.9959154679676927,1.0368955364764478,56
Mouse-Dyad-10M,null,3.8640082290051114,0.9601141227273419,0.995821555282327,1.0433150419525432,56
Mouse-Dyad-10M,null,3.8706703121585684,0.9607192041420932,0.996038453335717,1.0415938597131407,56
Mouse-Dyad-10M,null,3.877332395312026,0.9647981445998466,0.9981251015413991,1.035963537499684,56
Mouse-Dyad-10M,null,3.8839944784654827,0.9667872498234742,0.9947590017365977,1.0371246261715004,56
Mouse-Dyad-10M,null,3.8906565616189397,0.9609317126383342,0.9913470581197976,1.036777048395109,56
Mouse-Dyad-10M,null,3.897318644772397,0.9624852594610608,0.993204221390128,1.0316338050038634,56
Mouse-Dyad-10M,null,3.903980727925854,0.9707438665562927,0.9953447603144014,1.033493304044742,56
Mouse-Dyad-10M,null,3.910642811079311,0.9731456273000499,0.9960329260519167,1.0300634529728496,56
Mouse-Dyad-10M,null,3.9173048942327684,0.9739246180595893,0.9975182908113117,1.030684877228586,56
Mouse-Dyad-10M,null,3.9239669773862254,0.9720502600654677,0.999975780187355,1.0381566238991105,56
Mouse-Dyad-10M,null,3.9306290605396823,0.9715983016188645,1.0011013888765956,1.0396240127180423,56
Mouse-Dyad-10M,null,3.9372911436931393,0.9718226351526065,1.0002862824231105,1.0404182982465342,56
Mouse-Dyad-10M,null,3.9439532268465967,0.9751900014650655,0.9969556839725584,1.044206819610737,56
Mouse-Dyad-10M,null,3.9506153100000536,0.9744047129061225,0.9958072696411218,1.0342247301807073,56
Mouse-Dyad-10M,null,3.9572773931535106,0.9738250771950329,1.0019538072918133,1.0265481545144846,56
Mouse-Dyad-10M,null,3.963939476306968,0.9718466383534419,1.002427818278532,1.0356026428213152,56
Mouse-Dyad-10M,null,3.970601559460425,0.968016303381794,1.0019176817536735,1.0348640903638693,56
Mouse-Dyad-10M,null,3.977263642613882,0.9709967087066383,0.997715700798751,1.0360202247282182,56
Mouse-Dyad-10M,null,3.9839257257673393,0.9685002292890053,1.0064503234192315,1.0328190686576844,56
Mouse-Dyad-10M,null,3.9905878089207962,0.9735007851929935,1.0057315289360715,1.0335861199330691,56
Mouse-Dyad-10M,null,3.997249892074253,0.9747956499018734,1.001965679856971,1.0325215355393345,56
Mouse-Dyad-10M,null,4.003911975227711,0.9708083130918221,1.0022654883401407,1.0307360354646316,56
Mouse-Dyad-10M,null,4.0105740583811675,0.9707399204389937,1.001167342971619,1.0268983487120624,56
Mouse-Dyad-10M,null,4.0172361415346245,0.9696549140162221,0.9932101878908137,1.0225197794557999,56
Mouse-Dyad-10M,null,4.0238982246880814,0.968890951613447,0.9936377692270013,1.0248626183208442,56
Mouse-Dyad-10M,null,4.030560307841538,0.9701846584679499,0.9939389714791795,1.0246979801404315,56
Mouse-Dyad-10M,null,4.037222390994995,0.9701688056743576,0.995034580792131,1.0212258696695915,56
Mouse-Dyad-10M,null,4.043884474148453,0.9695001899284552,0.9986565082674812,1.029112823808958,56
Mouse-Dyad-10M,null,4.05054655730191,0.9666665555167178,0.999334932754306,1.0189230227515669,56
Mouse-Dyad-10M,null,4.057208640455367,0.9627609840628563,0.9999307072325714,1.0166454645544496,56
Mouse-Dyad-10M,null,4.063870723608824,0.9642071933987545,0.9979061406246663,1.02059825697931,56
Mouse-Dyad-10M,null,4.070532806762281,0.9631551455600945,0.9987119706018939,1.0248969022837005,56
Mouse-Dyad-10M,null,4.077194889915738,0.9614170700342526,0.9986787652257236,1.029831456446964,56
Mouse-Dyad-10M,null,4.083856973069196,0.9624988403805389,1.0004607683611,1.032287195256709,56
Mouse-Dyad-10M,null,4.090519056222653,0.9653649097166934,1.0012093679540413,1.0315930125050028,56
Mouse-Dyad-10M,null,4.09718113937611,0.965496042446039,1.0046123934248876,1.034799328637349,56
Mouse-Dyad-10M,null,4.103843222529567,0.9653373482205876,1.0033651841330893,1.0359345869063747,56
Mouse-Dyad-10M,null,4.110505305683024,0.9646626211535271,1.0019054448887719,1.039850949558478,56
Mouse-Dyad-10M,null,4.117167388836481,0.9653802584029041,1.0000182592580902,1.039429243713629,56
Mouse-Dyad-10M,null,4.1238294719899375,0.9668381563279366,1.003254164243101,1.0404680224670102,56
Mouse-Dyad-10M,null,4.130491555143395,0.9656597433117291,1.0021368132794666,1.0402811824104252,56
Mouse-Dyad-10M,null,4.137153638296852,0.9698416172969672,1.0071520740215556,1.03827380934908,56
Mouse-Dyad-10M,null,4.143815721450309,0.9689489766596366,1.006817739077888,1.0382863487989757,56
Mouse-Dyad-10M,null,4.150477804603766,0.9635121578056202,1.0078914998471458,1.0386742984304618,56
Mouse-Dyad-10M,null,4.157139887757223,0.9649847465127148,1.0112767507271574,1.0372477164082259,56
Mouse-Dyad-10M,null,4.16380197091068,0.9646165252268167,1.0080790523090903,1.0412276125507733,56
Mouse-Dyad-10M,null,4.170464054064138,0.9680862086876398,1.0084992822996066,1.0475298051169857,56
Mouse-Dyad-10M,null,4.177126137217595,0.9653591875942654,1.0126042638788162,1.0469603158295642,56
Mouse-Dyad-10M,null,4.183788220371052,0.9656790297430868,1.0105378989709022,1.0495948939917024,56
Mouse-Dyad-10M,null,4.190450303524509,0.9677246690960792,1.0105488133920926,1.0488298683334922,56
Mouse-Dyad-10M,null,4.197112386677966,0.965928413513307,1.0117886657287483,1.0468399948035918,56
Mouse-Dyad-10M,null,4.203774469831423,0.9689476106567049,1.0111463601340889,1.0458163507465612,56
Mouse-Dyad-10M,null,4.21043655298488,0.9707415347701719,1.0040618874811988,1.0473925498576535,56
Mouse-Dyad-10M,null,4.217098636138338,0.9720153559169553,1.0016133066436308,1.0473136232012414,56
Mouse-Dyad-10M,null,4.2237607192917945,0.976249177234536,1.0064928002121278,1.0450507185245905,56
Mouse-Dyad-10M,null,4.2304228024452515,0.975909187677756,1.0057035598559358,1.0462821104252589,56
Mouse-Dyad-10M,null,4.237084885598708,0.975076352744632,1.0040995508693271,1.05197465437331,56
Mouse-Dyad-10M,null,4.243746968752165,0.9767784954273314,1.005466430822191,1.0497122235202312,56
Mouse-Dyad-10M,null,4.250409051905622,0.9792984588617675,1.005440984857998,1.0507188990730412,56
Mouse-Dyad-10M,null,4.257071135059079,0.9796739773460014,1.0066690022838696,1.0521247092429937,56
Mouse-Dyad-10M,null,4.263733218212537,0.9810271658608205,1.0082888612762944,1.049761616517324,56
Mouse-Dyad-10M,null,4.270395301365994,0.9807474029326488,1.0077121890100584,1.041701353199739,56
Mouse-Dyad-10M,null,4.277057384519451,0.9810823991176036,1.010291636468574,1.0453342516600448,56
Mouse-Dyad-10M,null,4.283719467672908,0.9799321756215893,1.0149893014898743,1.0447354312049224,56
Mouse-Dyad-10M,null,4.290381550826365,0.9791550494247511,1.0113966634516633,1.0440287025345596,56
Mouse-Dyad-10M,null,4.297043633979822,0.9789762772491042,1.0110457772904704,1.0449004228715248,56
Mouse-Dyad-10M,null,4.30370571713328,0.9811484002401974,1.014958107690358,1.0465339061548349,56
Mouse-Dyad-10M,null,4.310367800286737,0.9816780538815664,1.0108175623438012,1.046951561756967,56
Mouse-Dyad-10M,null,4.317029883440194,0.9824233827342693,1.0103044256415845,1.0444306386411442,56
Mouse-Dyad-10M,null,4.323691966593651,0.9822284878827645,1.0109944899996575,1.041426544908401,56
Mouse-Dyad-10M,null,4.330354049747108,0.9827911327243801,1.0129448319332184,1.043376905153183,56
Mouse-Dyad-10M,null,4.3370161329005645,0.9825652048735336,1.0092496250396468,1.0449341433696868,56
Mouse-Dyad-10M,null,4.3436782160540215,0.9818027466598999,1.0093559004147208,1.0453590795838137,56
Mouse-Dyad-10M,null,4.350340299207479,0.9852706595992258,1.0116722654079948,1.044188267394678,56
Mouse-Dyad-10M,null,4.357002382360936,0.9821724713905347,1.00683870776508,1.0492842706097383,56
Mouse-Dyad-10M,null,4.363664465514393,0.9807538840300306,1.0110055622448608,1.0492625169726308,56
Mouse-Dyad-10M,null,4.37032654866785,0.9773521196271914,1.0125651694400384,1.0468177413050432,56
Mouse-Dyad-10M,null,4.376988631821307,0.9773616385719707,1.0153745096326585,1.0487746626924082,56
Mouse-Dyad-10M,null,4.383650714974764,0.9838971988072249,1.0182481503247214,1.0480576440039262,56
Mouse-Dyad-10M,null,4.390312798128221,0.9782378681482019,1.01873338358256,1.04947923342211,56
Mouse-Dyad-10M,null,4.396974881281679,0.9786857216504443,1.0212032510570923,1.0439187111347605,56
Mouse-Dyad-10M,null,4.403636964435136,0.981346349910058,1.0230676816172384,1.0483708823965299,56
Mouse-Dyad-10M,null,4.410299047588593,0.9829575066979247,1.0241953854944144,1.0482974648828274,56
Mouse-Dyad-10M,null,4.41696113074205,0.9814505376779126,1.0180348989107832,1.0470160424923933,56
Mouse-Dyad-10M,null,4.423623213895507,0.9797142790465385,1.0221264705629234,1.0469303606715497,56
Mouse-Dyad-10M,null,4.430285297048964,0.9837285583937936,1.0208778778864311,1.0424051298785404,56
Mouse-Dyad-10M,null,4.4369473802024215,0.9832562346001334,1.0213915203061381,1.0438726796092572,56
Mouse-Dyad-10M,null,4.4436094633558785,0.9847748573851528,1.0221725789824663,1.0478936829141379,56
Mouse-Dyad-10M,null,4.450271546509335,0.9852470064239232,1.0237299933943564,1.0470736984404385,56
Mouse-Dyad-10M,null,4.456933629662792,0.9848691680390863,1.0256798685221198,1.0521340282105651,56
Mouse-Dyad-10M,null,4.463595712816249,0.9864001462899383,1.0231743294249993,1.0490024940349025,56
Mouse-Dyad-10M,null,4.470257795969706,0.9860628744387182,1.023995463500853,1.0473966939573855,56
Mouse-Dyad-10M,null,4.476919879123163,0.9847491488737491,1.0215444766543862,1.045935906579652,56
Mouse-Dyad-10M,null,4.483581962276621,0.9850492969157796,1.0245759943858266,1.045916409928551,56
Mouse-Dyad-10M,null,4.490244045430078,0.9873318923196812,1.0214880655565388,1.0408508219407413,56
Mouse-Dyad-10M,null,4.496906128583535,0.9908308618980078,1.0240677738993984,1.0496472142141982,56
Mouse-Dyad-10M,null,4.503568211736992,0.9905023562801589,1.0212221559883239,1.0508808079921235,56
Mouse-Dyad-10M,null,4.510230294890449,0.9864024915344383,1.0225074092346622,1.045200354298951,56
Mouse-Dyad-10M,null,4.516892378043906,0.9879227440516807,1.0227641287656342,1.041526310047185,56
Mouse-Dyad-10M,null,4.523554461197364,0.9905624064487456,1.0209649687962288,1.0430520816940339,56
Mouse-Dyad-10M,null,4.530216544350821,0.9915598418539063,1.014375072819372,1.048914471328048,56
Mouse-Dyad-10M,null,4.536878627504278,0.9920770096950915,1.0169329355924457,1.0450616750661217,56
Mouse-Dyad-10M,null,4.543540710657735,0.9890530576688679,1.0148279571497159,1.035334533909922,56
Mouse-Dyad-10M,null,4.5502027938111915,0.986727953132361,1.0116028430346766,1.0384317511069654,56
Mouse-Dyad-10M,null,4.5568648769646485,0.9846487211246482,1.010717701038851,1.0381382177723988,56
Mouse-Dyad-10M,null,4.563526960118105,0.9875185556535402,1.0096857466090348,1.039642074774525,56
Mouse-Dyad-10M,null,4.570189043271563,0.9809789220952093,1.0178114848050714,1.043889502696754,56
Mouse-Dyad-10M,null,4.57685112642502,0.9805982090075566,1.0198485172521972,1.039163128536914,56
Mouse-Dyad-10M,null,4.583513209578477,0.9813537504589134,1.0106784382181746,1.0399491915906458,56
Mouse-Dyad-10M,null,4.590175292731934,0.9802343357330814,1.0154199709776233,1.0431024507050495,56
Mouse-Dyad-10M,null,4.596837375885391,0.9835308892385781,1.0071975116671565,1.0420264152416532,56
Mouse-Dyad-10M,null,4.603499459038848,0.9796889626295061,1.007909738681981,1.0354689668633528,56
Mouse-Dyad-10M,null,4.610161542192305,0.9796930085310509,1.0044579170946817,1.0349962745275787,56
Mouse-Dyad-10M,null,4.616823625345763,0.9795848899797881,1.005649591146398,1.0328503390862562,56
Mouse-Dyad-10M,null,4.62348570849922,0.9746390020499958,1.0049403222940096,1.0324703364779526,56
Mouse-Dyad-10M,null,4.630147791652677,0.9781980646835664,1.0073547416243906,1.0345008668414755,56
Mouse-Dyad-10M,null,4.636809874806134,0.9798351345940953,1.003973788857361,1.0330045289298213,56
Mouse-Dyad-10M,null,4.643471957959591,0.9789118898052384,1.0067491738808028,1.0354277509468885,56
Mouse-Dyad-10M,null,4.650134041113048,0.9723061156098337,1.0046081901361759,1.0351390164245247,56
Mouse-Dyad-10M,null,4.6567961242665055,0.9713562353330474,1.0030484947230458,1.036191464999948,56
Mouse-Dyad-10M,null,4.663458207419962,0.9716240145229506,1.0017309288715852,1.034737334286873,56
Mouse-Dyad-10M,null,4.670120290573419,0.9723005829202626,1.0026756631171474,1.0370250042662503,56
Mouse-Dyad-10M,null,4.676782373726876,0.9773972828140973,1.0061877125694603,1.0372417223531434,56
Mouse-Dyad-10M,null,4.683444456880333,0.9777040650970562,0.9996360964865465,1.0391938763390707,56
Mouse-Dyad-10M,null,4.69010654003379,0.9771511230335939,1.0009322814284072,1.0392402876119506,56
Mouse-Dyad-10M,null,4.696768623187247,0.9744235699845193,0.9978718736764411,1.0404240436591774,56
Mouse-Dyad-10M,null,4.703430706340705,0.9719449662647662,0.9951786720097259,1.0394206043736673,56
Mouse-Dyad-10M,null,4.710092789494162,0.9726049008602138,0.995308526113375,1.0337032070562073,56
Mouse-Dyad-10M,null,4.716754872647619,0.9744514291412422,0.998715234354443,1.0385760295228685,56
Mouse-Dyad-10M,null,4.723416955801076,0.9712570972421636,0.9965934097118214,1.0404095707023544,56
Mouse-Dyad-10M,null,4.730079038954533,0.9691003218064156,0.9950525370654251,1.0421370753114154,56
Mouse-Dyad-10M,null,4.73674112210799,0.9670181430408694,0.991079566340902,1.0420365421592814,56
Mouse-Dyad-10M,null,4.743403205261447,0.9691370283069662,0.9922122763985795,1.0389058015781183,56
Mouse-Dyad-10M,null,4.750065288414905,0.9685112547612063,0.9931757485875037,1.0385024320135152,56
Mouse-Dyad-10M,null,4.756727371568362,0.9633461500511791,0.9970326684987179,1.0357827447640517,56
Mouse-Dyad-10M,null,4.7633894547218185,0.9628226335068704,0.9997147942264708,1.0391490024776906,56
Mouse-Dyad-10M,null,4.7700515378752755,0.9673245945003656,1.0019525059290002,1.0405129827721673,56
Mouse-Dyad-10M,null,4.776713621028732,0.9650386423242594,1.006755358652646,1.0503489114517388,56
Mouse-Dyad-10M,null,4.783375704182189,0.9672948130082485,1.007851163520872,1.04640010418473,56
Mouse-Dyad-10M,null,4.790037787335647,0.9680625190237807,1.012369556042947,1.0486601773143858,56
Mouse-Dyad-10M,null,4.796699870489104,0.9667850708995034,1.0128021604872273,1.045294559938109,56
Mouse-Dyad-10M,null,4.803361953642561,0.9654887994834207,1.0111711022905876,1.0462459940629247,56
Mouse-Dyad-10M,null,4.810024036796018,0.963253466312943,1.0112996722555199,1.0446937766714304,56
Mouse-Dyad-10M,null,4.816686119949475,0.9640386657659936,1.012210749428975,1.0409142939029417,56
Mouse-Dyad-10M,null,4.823348203102932,0.9669888048988213,1.0141913852053603,1.044646069819731,56
Mouse-Dyad-10M,null,4.830010286256389,0.9666121215689005,1.012558613776903,1.044684334907929,56
Mouse-Dyad-10M,null,4.836672369409847,0.9639009618342412,1.0121893265355266,1.046465595820925,56
Mouse-Dyad-10M,null,4.843334452563304,0.9636711506072814,1.0140715906302855,1.0482633340028644,56
Mouse-Dyad-10M,null,4.849996535716761,0.9618114596063572,1.0114350810732389,1.0434773831830326,56
Mouse-Dyad-10M,null,4.856658618870218,0.963754180273011,1.0057721818142384,1.0425561581336205,56
Mouse-Dyad-10M,null,4.863320702023675,0.9686311162019827,1.009361952686882,1.039513495217827,56
Mouse-Dyad-10M,null,4.869982785177132,0.9679594289072386,1.0072986705607585,1.045625097078072,56
Mouse-Dyad-10M,null,4.876644868330589,0.9777436409093663,1.0112777617247402,1.0441413494853062,56
Mouse-Dyad-10M,null,4.883306951484046,0.9729904597417791,1.013294344944733,1.0443267020164397,56
Mouse-Dyad-10M,null,4.889969034637503,0.9728051241353334,1.0144489115922029,1.051092375387021,56
Mouse-Dyad-10M,null,4.89663111779096,0.9729391946899459,1.0129421392448186,1.0505233851068332,56
Mouse-Dyad-10M,null,4.903293200944417,0.9787814882986839,1.012654232444398,1.0431423065602083,56
Mouse-Dyad-10M,null,4.909955284097874,0.9809673519629812,1.0116495676579973,1.0412749865902442,56
Mouse-Dyad-10M,null,4.916617367251331,0.9813145252278803,1.0163781124119644,1.047543022256384,56
Mouse-Dyad-10M,null,4.923279450404789,0.977593780424586,1.0151065682762197,1.049715843667338,56
Mouse-Dyad-10M,null,4.929941533558246,0.9806157826334602,1.0120111617588305,1.0547896268236177,56
Mouse-Dyad-10M,null,4.936603616711703,0.9775850361438052,1.0173700618366484,1.055099160132939,56
Mouse-Dyad-10M,null,4.94326569986516,0.9719632048119227,1.0174986704511175,1.0593281701091524,56
Mouse-Dyad-10M,null,4.949927783018617,0.972492274746769,1.0172373947870887,1.0578231693429085,56
Mouse-Dyad-10M,null,4.956589866172074,0.9692484489923081,1.0192379826952567,1.0540404454767986,56
Mouse-Dyad-10M,null,4.963251949325531,0.9739314031942157,1.0216889085943763,1.0595065155245087,56
Mouse-Dyad-10M,null,4.9699140324789886,0.9720328896062589,1.022537552707456,1.0507793098888638,56
Mouse-Dyad-10M,null,4.9765761156324455,0.9681405384442361,1.023404938344669,1.0532455215279364,56
Mouse-Dyad-10M,null,4.9832381987859025,0.9653717679431517,1.0202804553073013,1.0602177004296856,56
Mouse-Dyad-10M,null,4.989900281939359,0.9646010772861588,1.017662323381813,1.0570212226597557,56
Mouse-Dyad-10M,null,4.996562365092816,0.9676184319030876,1.0191576623224774,1.0604521522017625,56
Mouse-Dyad-10M,null,5.003224448246273,0.9669154239325546,1.0180874232192414,1.058262397939321,56
SLAP-2M,near,-5.000000002220988,0.8704914340725898,1.0632249568189245,1.2870240722812578,25
SLAP-2M,near,-4.966666668872848,0.8704914340725898,1.035387901332386,1.2870240722812578,25
SLAP-2M,near,-4.933333335524708,0.8508392529067095,1.035387901332386,1.3498828341886582,25
SLAP-2M,near,-4.900000002176568,0.8343199317820196,1.0240830400517078,1.3498828396638967,25
SLAP-2M,near,-4.866666668828429,0.8343199317820196,1.035387901332386,1.3008732230488753,25
SLAP-2M,near,-4.8333333354802885,0.8910134151642051,1.0240830400517078,1.3008732188376375,25
SLAP-2M,near,-4.8000000021321485,0.8910134151642051,1.035387901332386,1.3008732188376375,25
SLAP-2M,near,-4.7666666687840085,0.8910134151642051,1.0090511376309668,1.3008732188376375,25
SLAP-2M,near,-4.733333335435868,0.8910134151642051,1.0090511376309668,1.2917682982510037,25
SLAP-2M,near,-4.700000002087728,0.902722021812098,1.035387901332386,1.2917683233949293,25
SLAP-2M,near,-4.666666668739588,0.9027220208684361,1.035387901332386,1.2917683233949293,25
SLAP-2M,near,-4.633333335391448,0.9027220208684361,1.035387901332386,1.2917683233949293,25
SLAP-2M,near,-4.600000002043309,0.8910134151642051,1.0578366489087763,1.2917683233949293,25
SLAP-2M,near,-4.566666668695169,0.8889683652759623,1.0578366589437544,1.2917683233949293,25
SLAP-2M,near,-4.533333335347029,0.8902184843086274,1.0578366589437544,1.2917683233949293,25
SLAP-2M,near,-4.500000001998889,0.9052222584814552,1.0922810577736635,1.2479546052943207,25
SLAP-2M,near,-4.466666668650749,0.9359481092709604,1.063224980546289,1.2029380250775885,25
SLAP-2M,near,-4.433333335302609,0.9359481092709604,1.0632249568189245,1.2029380250775885,25
SLAP-2M,near,-4.400000001954469,0.9311875774217007,1.0632249568189245,1.2245923263593879,25
SLAP-2M,near,-4.36666666860633,0.9202260330815023,1.0771718214914694,1.2870240722812578,25
SLAP-2M,near,-4.33333333525819,0.9311875774217007,1.0922810577736635,1.2870240722812578,25
SLAP-2M,near,-4.30000000191005,0.9311875774217007,1.0922810577736635,1.2870240722812578,25
SLAP-2M,near,-4.26666666856191,0.9311875774217007,1.0922810577736635,1.3292130718875264,25
SLAP-2M,near,-4.23333333521377,0.9141734809701709,1.109016855950876,1.3208894165560983,25
SLAP-2M,near,-4.20000000186563,0.9311875774217007,1.0995254249725372,1.3292130718875264,25
SLAP-2M,near,-4.16666666851749,0.9958289910937622,1.1090168537288085,1.3292130718875264,25
SLAP-2M,near,-4.1333333351693495,0.9958289910937622,1.1090168537288085,1.3292130718875264,25
SLAP-2M,near,-4.10000000182121,0.9846733252400397,1.106622180256542,1.2870240722812578,25
SLAP-2M,near,-4.06666666847307,0.9846733252400397,1.0995254189181576,1.3292130718875264,25
SLAP-2M,near,-4.03333333512493,0.9846733252400397,1.0995254189181576,1.3292130718875264,25
SLAP-2M,near,-4.00000000177679,0.9846733252400397,1.1093438651125647,1.2870240757425486,25
SLAP-2M,near,-3.9666666684286502,0.9846733252400397,1.0922810577736635,1.2870240722812578,25
SLAP-2M,near,-3.9333333350805106,0.9846733252400397,1.0922810577736635,1.3712601785617804,25
SLAP-2M,near,-3.9000000017323706,0.9846733252400397,1.0922810577736635,1.371260199456029,25
SLAP-2M,near,-3.8666666683842306,0.9917348329647422,1.1726744296347236,1.371260199456029,25
SLAP-2M,near,-3.8333333350360905,0.9917348329647422,1.0922810577736635,1.371260199456029,25
SLAP-2M,near,-3.800000001687951,0.9917348329647422,1.0581820523500811,1.4422620805402984,25
SLAP-2M,near,-3.766666668339811,0.9917348329647422,1.1726744474456068,1.4422620805402984,25
SLAP-2M,near,-3.733333334991671,0.9917348329647422,1.1726744474456068,1.4422620805402984,25
SLAP-2M,near,-3.700000001643531,0.9769899303727108,1.1726744474456068,1.468780639455094,25
SLAP-2M,near,-3.6666666682953912,0.9769899303727108,1.1726744474456068,1.5003436357736215,25
SLAP-2M,near,-3.633333334947251,0.9769899303727108,1.1726744474456068,1.468780639455094,25
SLAP-2M,near,-3.600000001599111,0.9477333454415637,1.05838207703344,1.371260199456029,25
SLAP-2M,near,-3.566666668250971,0.9424439600449823,1.1751556840723598,1.5003436357736215,25
SLAP-2M,near,-3.5333333349028315,0.9424439588087298,1.1751556840723598,1.3982046887611725,25
SLAP-2M,near,-3.5000000015546915,0.9439480803126266,1.1685427386714562,1.3982046887611725,25
SLAP-2M,near,-3.4666666682065514,0.9477333442804049,1.1384320295811825,1.40843524425101,25
SLAP-2M,near,-3.433333334858412,0.9507727382725537,1.1212929043881044,1.4422620805402984,25
SLAP-2M,near,-3.400000001510272,0.9826181210662254,1.1212929137273369,1.4422620805402984,25
SLAP-2M,near,-3.366666668162132,0.9826181210662254,1.1357043745505484,1.4422620805402984,25
SLAP-2M,near,-3.3333333348139917,0.9826181210662254,1.1212929137273369,1.4408198316168224,25
SLAP-2M,near,-3.300000001465852,1.0171640914863835,1.153487380227317,1.4408198139098345,25
SLAP-2M,near,-3.266666668117712,1.035387901332386,1.300873215212141,1.4422620805402984,25
SLAP-2M,near,-3.233333334769572,1.0573382535844014,1.2860088306631043,1.4422620805402984,25
SLAP-2M,near,-3.200000001421432,1.057338254887702,1.2860088306631043,1.4422620805402984,25
SLAP-2M,near,-3.1666666680732924,1.057338254887702,1.2860088306631043,1.4562056324345352,25
SLAP-2M,near,-3.1333333347251524,1.057338254887702,1.2602203026462102,1.4562056324345352,25
SLAP-2M,near,-3.1000000013770124,1.057338254887702,1.1433088849036437,1.4562056324345352,25
SLAP-2M,near,-3.0666666680288723,1.057338254887702,1.1433088757615513,1.4562056324345352,25
SLAP-2M,near,-3.0333333346807327,1.0788147372968697,1.1480320801486532,1.4562056324345352,25
SLAP-2M,near,-3.0000000013325927,0.9826177681940583,1.1630874352181544,1.4562056324345352,25
SLAP-2M,near,-2.9666666679844527,1.0077484423546106,1.160359785525285,1.3613279536079552,25
SLAP-2M,near,-2.933333334636313,0.9826177681940583,1.1433088757615513,1.355798113402786,25
SLAP-2M,near,-2.900000001288173,0.9826177681940583,1.1433088757615513,1.4562056324345352,25
SLAP-2M,near,-2.866666667940033,0.9826177681940583,1.1151937191711128,1.3910297060953665,25
SLAP-2M,near,-2.833333334591893,0.9917348329647422,1.0975124171451975,1.3498828396638967,25
SLAP-2M,near,-2.8000000012437534,1.0125410547189688,1.0821107246217816,1.3498828396638967,25
SLAP-2M,near,-2.7666666678956133,1.0125410547189688,1.1179213709385247,1.3498828396638967,25
SLAP-2M,near,-2.7333333345474733,1.014135785297086,1.091884226451683,1.3498828396638967,25
SLAP-2M,near,-2.7000000011993333,0.9914945490623862,1.0823553593138362,1.3988924581537852,25
SLAP-2M,near,-2.6666666678511937,1.0077484426850594,1.0821107246217816,1.398892460490156,25
SLAP-2M,near,-2.6333333345030536,0.9808933892506344,1.0821107246217816,1.3881477861797766,25
SLAP-2M,near,-2.6000000011549136,0.9425964266608058,1.0821107246217816,1.3881477776755533,25
SLAP-2M,near,-2.5666666678067735,0.9370954183446976,1.0788147403515755,1.3881477776755533,25
SLAP-2M,near,-2.533333334458634,0.9370954107000833,1.0788147403515755,1.3881477776755533,25
SLAP-2M,near,-2.500000001110494,0.9425964266608058,1.0788147403515755,1.3874901193182465,25
SLAP-2M,near,-2.466666667762354,0.9425964266608058,1.0788147403515755,1.3874901193182465,25
SLAP-2M,near,-2.4333333344142143,1.0240023365941182,1.0919554121385713,1.3874901193182465,25
SLAP-2M,near,-2.4000000010660743,0.9425964266608058,1.0788147403515755,1.3881477776755533,25
SLAP-2M,near,-2.366666667717934,1.0084956860207688,1.1060063828468738,1.275951927973078,25
SLAP-2M,near,-2.333333334369794,0.8530576961093121,1.1090168537288085,1.3477661182329532,25
SLAP-2M,near,-2.3000000010216546,0.8530576961093121,1.1090168537288085,1.2870970006380567,25
SLAP-2M,near,-2.2666666676735145,0.8530576961093121,1.0774988363808282,1.2870970006380567,25
SLAP-2M,near,-2.2333333343253745,0.8530576961093121,1.0714447555120836,1.2264278722952122,25
SLAP-2M,near,-2.2000000009772345,0.8530576961093121,1.039255830112952,1.1995657676798477,25
SLAP-2M,near,-2.166666667629095,0.8530576961093121,1.0175437748418765,1.2759519195774849,25
SLAP-2M,near,-2.133333334280955,0.8530576961093121,1.0175437748418765,1.2759519195774849,25
SLAP-2M,near,-2.100000000932815,0.8921613438770686,1.0141357878455288,1.2759519195774849,25
SLAP-2M,near,-2.0666666675846748,0.8530576961093121,1.026502574209374,1.2759519195774849,25
SLAP-2M,near,-2.033333334236535,0.9671277170364811,1.036785410227028,1.2759519195774849,25
SLAP-2M,near,-2.000000000888395,0.9671277170364811,1.0456538042197598,1.3552472578546197,25
SLAP-2M,near,-1.9666666675402553,0.9905587162993132,1.0788147403515755,1.3552472578546197,25
SLAP-2M,near,-1.9333333341921153,0.9952449064531804,1.0821107246217816,1.3915978422354431,25
SLAP-2M,near,-1.9000000008439755,0.9956053771087302,1.0821107246217816,1.4331350336610147,25
SLAP-2M,near,-1.8666666674958354,0.9956053785440944,1.0821107246217816,1.4331350312945406,25
SLAP-2M,near,-1.8333333341476956,0.9956053785440944,1.0821107246217816,1.4331350312945406,25
SLAP-2M,near,-1.8000000007995556,0.9814912510796059,1.1247937731024835,1.4331350312945406,25
SLAP-2M,near,-1.7666666674514158,0.9652373574719888,1.1699598373300106,1.4331350312945406,25
SLAP-2M,near,-1.7333333341032757,0.9652373572798565,1.1371214791790667,1.4331350312945406,25
SLAP-2M,near,-1.700000000755136,0.9311009238673726,1.122066123496098,1.420203790506083,25
SLAP-2M,near,-1.6666666674069959,0.960105357714479,1.1097384190889497,1.4084352573237453,25
SLAP-2M,near,-1.633333334058856,0.9601053582921673,1.112466069344195,1.4340529329472873,25
SLAP-2M,near,-1.600000000710716,0.9311009260307728,1.115193720098835,1.4340529347600355,25
SLAP-2M,near,-1.5666666673625762,0.9311009260307728,1.0823553603377478,1.4340529347600355,25
SLAP-2M,near,-1.5333333340144362,0.9311009260307728,1.0821107246217816,1.4340529347600355,25
SLAP-2M,near,-1.5000000006662964,1.025252455777089,1.1097974090170575,1.4340529347600355,25
SLAP-2M,near,-1.4666666673181565,1.0415063490860466,1.1763529815861746,1.4340529347600355,25
SLAP-2M,near,-1.4333333339700165,1.0261969217030984,1.1763529835623288,1.4340529347600355,25
SLAP-2M,near,-1.4000000006218767,1.0261969198790548,1.1763529835623288,1.4340529347600355,25
SLAP-2M,near,-1.3666666672737366,1.0261969198790548,1.1763529835623288,1.4340529347600355,25
SLAP-2M,near,-1.3333333339255968,1.0252524556376572,1.1763529835623288,1.4340529347600355,25
SLAP-2M,near,-1.3000000005774568,1.0261969198790548,1.1554077015693298,1.4340529347600355,25
SLAP-2M,near,-1.266666667229317,1.0261969198790548,1.1554077015693298,1.4902867246880023,25
SLAP-2M,near,-1.233333333881177,1.0404536828071582,1.2041932213710627,1.4353119697485481,25
SLAP-2M,near,-1.2000000005330371,1.0404536828071582,1.1720528901678933,1.4421955961527804,25
SLAP-2M,near,-1.166666667184897,1.0404536828071582,1.1554077015693298,1.442195597939834,25
SLAP-2M,near,-1.1333333338367573,1.0404536828071582,1.1720528902032494,1.442195597939834,25
SLAP-2M,near,-1.1000000004886172,1.0404536828071582,1.1720528908043057,1.496911700921844,25
SLAP-2M,near,-1.0666666671404774,1.0404536828071582,1.1720528908043057,1.4969117021426743,25
SLAP-2M,near,-1.0333333337923374,0.9952449064531804,1.165758745900708,1.4969117021426743,25
SLAP-2M,near,-1.0000000004441976,0.9952449064531804,1.1173272354649357,1.5597704684154674,25
SLAP-2M,near,-0.9666666670960576,0.9837330807578248,1.1173272354649357,1.5597704695253132,25
SLAP-2M,near,-0.9333333337479177,1.0002795205496628,1.1402078608828012,1.5597704695253132,25
SLAP-2M,near,-0.9000000003997778,1.0002795205496628,1.1683166015988102,1.7030787349249243,25
SLAP-2M,near,-0.8666666670516379,0.9764962144669049,1.1630604640953484,1.7030787349249243,25
SLAP-2M,near,-0.8333333337034979,0.9764962144669049,1.1402078608828012,1.60878008963047,25
SLAP-2M,near,-0.800000000355358,0.9764962144669049,1.1402078608828012,1.6087800903515723,25
SLAP-2M,near,-0.7666666670072181,0.984673324374496,1.1838698836506554,1.6087800903515723,25
SLAP-2M,near,-0.7333333336590783,0.9846733252400397,1.1402078608828012,1.6087800903515723,25
SLAP-2M,near,-0.7000000003109383,0.9846733252400397,1.1763529825198806,1.6087800903515723,25
SLAP-2M,near,-0.6666666669627984,0.9846733252400397,1.1838698836506554,1.5841860295796932,25
SLAP-2M,near,-0.6333333336146585,1.00590771076837,1.1838698836506554,1.5841860295796932,25
SLAP-2M,near,-0.6000000002665186,1.0059077112431773,1.1934881663648136,1.5841860295796932,25
SLAP-2M,near,-0.5666666669183786,1.0059077112431773,1.1934881676737237,1.4562056324345352,25
SLAP-2M,near,-0.5333333335702387,1.0059077112431773,1.1934881676737237,1.4562056324345352,25
SLAP-2M,near,-0.5000000002220988,1.0139990381871955,1.2122764446777812,1.4562056324345352,25
SLAP-2M,near,-0.46666666687395886,1.038215473166837,1.2164364535287644,1.4562056324345352,25
SLAP-2M,near,-0.43333333352581893,1.0382154736457014,1.1872546271854179,1.4562056324345352,25
SLAP-2M,near,-0.400000000177679,1.0382154736457014,1.106622180256542,1.4487125859825247,25
SLAP-2M,near,-0.36666666682953913,1.0297043874050722,1.1238749938433215,1.4487125859825247,25
SLAP-2M,near,-0.3333333334813992,1.0297043874050722,1.140534872266557,1.4487125859825247,25
SLAP-2M,near,-0.3000000001332593,1.0297043874050722,1.1388820315275652,1.4487125859825247,25
SLAP-2M,near,-0.26666666678511936,1.0297043874050722,1.1388820315275652,1.5266003591456647,25
SLAP-2M,near,-0.23333333343697943,1.0297043874050722,1.1238749938433215,1.5266003594224453,25
SLAP-2M,near,-0.2000000000888395,1.0261969198790548,1.106622180256542,1.5266003594224453,25
SLAP-2M,near,-0.1666666667406996,1.0261969198790548,1.106622180256542,1.5266003594224453,25
SLAP-2M,near,-0.13333333339255968,1.022752217548347,1.1186724969734343,1.5266003594224453,25
SLAP-2M,near,-0.10000000004441975,1.0261969198790548,1.1186724971517903,1.5266003594224453,25
SLAP-2M,near,-0.06666666669627984,1.0240023366008109,1.1093438651125647,1.5266003594224453,25
SLAP-2M,near,-0.03333333334813992,1.0240023365941182,1.1093438651125647,1.4408198139098345,25
SLAP-2M,near,0.0,0.9808933892506344,1.0817309366382062,1.4408198139098345,25
SLAP-2M,near,0.03333333334813992,0.9808933892506344,1.068541714152148,1.4408198139098345,25
SLAP-2M,near,0.06666666669627984,0.9627371192145264,1.068541714152148,1.4408198139098345,25
SLAP-2M,near,0.10000000004441975,0.9614870001935735,1.07749883519106,1.4408198139098345,25
SLAP-2M,near,0.13333333339255968,0.9777408938162467,1.0817309366382062,1.4408198139098345,25
SLAP-2M,near,0.1666666667406996,0.9808933892506344,1.0817309366382062,1.440819814487242,25
SLAP-2M,near,0.2000000000888395,0.9808933892506344,1.0904288281588896,1.5246099952554337,25
SLAP-2M,near,0.23333333343697943,0.9789910128595082,1.0904288284495092,1.5246099952554337,25
SLAP-2M,near,0.26666666678511936,0.9425964266608058,1.1090168537288085,1.524609994959475,25
SLAP-2M,near,0.3000000001332593,0.9425964266608058,1.0865001114519175,1.4617512278727949,25
SLAP-2M,near,0.3333333334813992,0.9425964266608058,1.0817309366382062,1.4617512278727949,25
SLAP-2M,near,0.36666666682953913,0.9808933896858187,1.0904288281588896,1.46175122819008,25
SLAP-2M,near,0.400000000177679,0.9439480861039212,1.086500111220457,1.51037942836364,25
SLAP-2M,near,0.43333333352581893,0.9439480861039212,1.0817309366382062,1.51037942836364,25
SLAP-2M,near,0.46666666687395886,1.013999038086249,1.0904288281588896,1.4969117021426743,25
SLAP-2M,near,0.5000000002220988,0.9977451445179528,1.1166108214810535,1.1838698836506554,25
SLAP-2M,near,0.5333333335702387,0.9977451445179528,1.1090168537288085,1.1838698836506554,25
SLAP-2M,near,0.5666666669183786,0.9977451443946981,1.0904288281588896,1.4157922610426794,25
SLAP-2M,near,0.6000000002665186,0.9917348319719488,1.1070107681069838,1.4157922616162977,25
SLAP-2M,near,0.6333333336146585,0.9764962144669049,1.0904288281588896,1.4562056324345352,25
SLAP-2M,near,0.6666666669627984,0.9964950254855667,1.0904288266365967,1.4562056324345352,25
SLAP-2M,near,0.7000000003109383,0.9764962144669049,1.0638033962660502,1.4562056324345352,25
SLAP-2M,near,0.7333333336590783,0.9764962144669049,1.0638033962660502,1.4394789212158172,25
SLAP-2M,near,0.7666666670072181,0.9764962144669049,1.1173272354649357,1.45620562875099,25
SLAP-2M,near,0.800000000355358,0.9777408938017462,1.1173272354649357,1.4873600001961913,25
SLAP-2M,near,0.8333333337034979,0.9777408938923746,1.1173272354649357,1.4873600001961913,25
SLAP-2M,near,0.8666666670516379,0.9919610623131961,1.1238749938433215,1.4873600001961913,25
SLAP-2M,near,0.9000000003997778,0.9919610623131961,1.1238749938433215,1.4873600010566188,25
SLAP-2M,near,0.9333333337479177,0.9919610623131961,1.1358707648162454,1.5352410791765654,25
SLAP-2M,near,0.9666666670960576,1.0243757028133595,1.1238749938433215,1.5352410805677097,25
SLAP-2M,near,1.0000000004441976,1.0114988001809826,1.1238749938433215,1.607316576964176,25
SLAP-2M,near,1.0333333337923374,1.0277526934751617,1.1358707648162454,1.607316576964176,25
SLAP-2M,near,1.0666666671404774,0.9964950256997313,1.1238749938433215,1.6073165790037078,25
SLAP-2M,near,1.1000000004886172,1.024375704891384,1.0924462555117471,1.6716388577342114,25
SLAP-2M,near,1.1333333338367573,1.0265025747821455,1.1238749938433215,1.671638856476386,25
SLAP-2M,near,1.166666667184897,1.04275646852194,1.1320908288268403,1.6087800903515723,25
SLAP-2M,near,1.2000000005330371,0.9952339787941975,1.1320908288268403,1.6087800903515723,25
SLAP-2M,near,1.233333333881177,0.9952339787941975,1.1320908288268403,1.6087800903515723,25
SLAP-2M,near,1.266666667229317,0.9919610623131961,1.1320908288268403,1.6087800889457675,25
SLAP-2M,near,1.3000000005774568,0.9952339801281769,1.1838698836506554,1.5912651945717737,25
SLAP-2M,near,1.3333333339255968,0.9969635000309847,1.2038979207258103,1.5831221581569395,25
SLAP-2M,near,1.3666666672737366,0.9969635000309847,1.2038979207258103,1.5459213229689337,25
SLAP-2M,near,1.4000000006218767,0.9969635000309847,1.2038979207258103,1.5110466617077716,25
SLAP-2M,near,1.4333333339700165,0.9969635000309847,1.2038979207258103,1.5368524933071401,25
SLAP-2M,near,1.4666666673181565,0.9969635000309847,1.1838698836506554,1.5368524933071401,25
SLAP-2M,near,1.5000000006662964,0.9764962160061119,1.1934881676737237,1.5110466603693289,25
SLAP-2M,near,1.5333333340144362,0.9969634965297116,1.2057995806202406,1.4929172394410506,25
SLAP-2M,near,1.5666666673625762,0.9485342232940064,1.2109811514939561,1.4929172348430113,25
SLAP-2M,near,1.600000000710716,0.9485342232940064,1.2057995806202406,1.4561972108534773,25
SLAP-2M,near,1.633333334058856,0.9485342232940064,1.2260365075973572,1.4929172394410506,25
SLAP-2M,near,1.6666666674069959,0.9485342232940064,1.2057995806202406,1.4340529366097783,25
SLAP-2M,near,1.700000000755136,0.9969635000309847,1.1904704949738785,1.4152845040338324,25
SLAP-2M,near,1.7333333341032757,1.0197561928393604,1.1838698836506554,1.3156151449840552,25
SLAP-2M,near,1.7666666674514158,0.9969635000309847,1.2057995806202406,1.3156151449840552,25
SLAP-2M,near,1.8000000007995556,1.035325734758437,1.1931981462360923,1.3156151449840552,25
SLAP-2M,near,1.8333333341476956,1.035325734758437,1.1931981454877068,1.3156151449840552,25
SLAP-2M,near,1.8666666674958354,0.9837513589238349,1.1838698836506554,1.5594354952974545,25
SLAP-2M,near,1.9000000008439755,0.9837513589238349,1.1838698836506554,1.4873600001961913,25
SLAP-2M,near,1.9333333341921153,0.9837330807578248,1.142576779446936,1.4873600001961913,25
SLAP-2M,near,1.9666666675402553,0.9837330807578248,1.1398491294951092,1.487360004906644,25
SLAP-2M,near,2.000000000888395,0.9837330807578248,1.1576321339035565,1.3156151449840552,25
SLAP-2M,near,2.033333334236535,1.0353257362945285,1.1838698836506554,1.3156151449840552,25
SLAP-2M,near,2.0666666675846748,1.0382154736457014,1.1838698836506554,1.4617512255791139,25
SLAP-2M,near,2.100000000932815,1.0382154736457014,1.2045519434933225,1.398892460490156,25
SLAP-2M,near,2.133333334280955,0.9919610623131961,1.1926354563771708,1.398892460490156,25
SLAP-2M,near,2.166666667629095,1.0382154736457014,1.1926354563771708,1.398892460490156,25
SLAP-2M,near,2.2000000009772345,1.0197561928393604,1.1926354563771708,1.3988924585864462,25
SLAP-2M,near,2.2333333343253745,1.0197561928393604,1.1838698836506554,1.349882840209998,25
SLAP-2M,near,2.2666666676735145,1.0197561956164332,1.1815407968826053,1.3637319862202764,25
SLAP-2M,near,2.3000000010216546,1.0125410575836478,1.1371214773570635,1.3637319862202764,25
SLAP-2M,near,2.333333334369794,1.0376924268561372,1.1220661222875623,1.3425055961199817,25
SLAP-2M,near,2.366666667717934,1.0382154736457014,1.1207587192812767,1.3637319841723459,25
SLAP-2M,near,2.4000000010660743,0.9919610623131961,1.124793773739546,1.314722367470792,25
SLAP-2M,near,2.4333333344142143,1.0382154736457014,1.1838698836506554,1.3637319862202764,25
SLAP-2M,near,2.466666667762354,1.0382154736457014,1.1207587192812767,1.3637319862202764,25
SLAP-2M,near,2.500000001110494,1.0376924205090878,1.1207587192812767,1.3425055889221287,25
SLAP-2M,near,2.533333334458634,1.0382154736457014,1.1207587192812767,1.2679149919525754,25
SLAP-2M,near,2.5666666678067735,1.0382154736457014,1.128310892837435,1.2679149919665536,25
SLAP-2M,near,2.6000000011549136,1.0376924205090878,1.1283108899021128,1.2773594844146992,25
SLAP-2M,near,2.6333333345030536,1.0382154736457014,1.132779115511525,1.2773594844146992,25
SLAP-2M,near,2.6666666678511937,1.0059077112431773,1.0924462539260769,1.2773594844146992,25
SLAP-2M,near,2.7000000011993333,1.0059077101548541,1.0924462618503559,1.277359481051816,25
SLAP-2M,near,2.7333333345474733,0.9919610623131961,1.1165252221788626,1.2926817466835638,25
SLAP-2M,near,2.7666666678956133,1.0059077112431773,1.1165252222020043,1.2926817426953614,25
SLAP-2M,near,2.8000000012437534,1.0059077112431773,1.0866597104202986,1.2682420033363317,25
SLAP-2M,near,2.833333334591893,1.0059077112431773,1.1177753409268119,1.2682420033363317,25
SLAP-2M,near,2.866666667940033,1.0059077112431773,1.1554077015693298,1.3552472542841505,25
SLAP-2M,near,2.900000001288173,1.0059077112431773,1.1554077015693298,1.3637319862202764,25
SLAP-2M,near,2.933333334636313,1.005907710226446,1.1554077015693298,1.3982046887611725,25
SLAP-2M,near,2.9666666679844527,1.0546021410440347,1.1554077015693298,1.3982046887611725,25
SLAP-2M,near,3.0000000013325927,1.0546021410440347,1.1433088757615513,1.3945692843103275,25
SLAP-2M,near,3.0333333346807327,1.054602137619492,1.1554077015693298,1.3637319862202764,25
SLAP-2M,near,3.0666666680288723,1.0315199725518198,1.1554077015693298,1.3637319896238025,25
SLAP-2M,near,3.1000000013770124,1.0315199725518198,1.1554076977712746,1.3945692934085745,25
SLAP-2M,near,3.1333333347251524,1.0315199725518198,1.1433088757615513,1.377581132776656,25
SLAP-2M,near,3.1666666680732924,1.0315199725518198,1.1433088757615513,1.377581132776656,25
SLAP-2M,near,3.200000001421432,1.0090511376309668,1.143308866324547,1.377581132776656,25
SLAP-2M,near,3.233333334769572,1.0002795205496628,1.149033009416959,1.3775811319860316,25
SLAP-2M,near,3.266666668117712,1.0002795218663998,1.149033009416959,1.3637319862202764,25
SLAP-2M,near,3.300000001465852,1.0315199725518198,1.0811969762977742,1.3637319862202764,25
SLAP-2M,near,3.3333333348139917,0.9846733252400397,1.1327791157979108,1.3637319862202764,25
SLAP-2M,near,3.366666668162132,0.9846733252400397,1.1327791165301884,1.3552472578546197,25
SLAP-2M,near,3.400000001510272,0.9846733252400397,1.164957768682782,1.3552472656183152,25
SLAP-2M,near,3.433333334858412,0.9956053785440944,1.164957768682782,1.4127416070465355,25
SLAP-2M,near,3.4666666682065514,0.9956053785440944,1.1502831281013282,1.3552472578546197,25
SLAP-2M,near,3.5000000015546915,0.9846733252400397,1.135279353862683,1.3552472578546197,25
SLAP-2M,near,3.5333333349028315,0.9846733252400397,1.135279353507973,1.3498828396638967,25
SLAP-2M,near,3.566666668250971,0.9671277170364811,1.1202755796639108,1.3498828396638967,25
SLAP-2M,near,3.600000001599111,0.9846733252400397,1.1365294728950692,1.3498828396638967,25
SLAP-2M,near,3.633333334947251,0.9956053785440944,1.1365294728950692,1.3498828396638967,25
SLAP-2M,near,3.6666666682953912,0.9956053785440944,1.1365294728950692,1.2860088306631043,25
SLAP-2M,near,3.700000001643531,0.9956053785440944,1.136529472523628,1.2860088306631043,25
SLAP-2M,near,3.733333334991671,0.9846733296710065,1.164957768682782,1.311484901423901,25
SLAP-2M,near,3.766666668339811,0.9956053785440944,1.164957768682782,1.311484901423901,25
SLAP-2M,near,3.800000001687951,1.0175437748418765,1.164957768682782,1.311484901423901,25
SLAP-2M,near,3.8333333350360905,1.017543767614162,1.1616539868755584,1.3982046887611725,25
SLAP-2M,near,3.8666666683842306,1.0175437748418765,1.164957768682782,1.3982046887611725,25
SLAP-2M,near,3.9000000017323706,1.0175437748418765,1.1554077015693298,1.3982046887611725,25
SLAP-2M,near,3.9333333350805106,1.0175437748418765,1.1554077015693298,1.3982046887611725,25
SLAP-2M,near,3.9666666684286502,1.0175437748418765,1.1096708744142263,1.4331350312945406,25
SLAP-2M,near,4.00000000177679,1.0175437564168233,1.0811969684972054,1.4331350312945406,25
SLAP-2M,near,4.03333333512493,0.9917348268064446,1.1183736505901996,1.4331350312945406,25
SLAP-2M,near,4.06666666847307,0.9439480793749871,1.1183736505901996,1.4331350312945406,25
SLAP-2M,near,4.10000000182121,0.9558850223297518,1.1183736505901996,1.4331350312945406,25
SLAP-2M,near,4.1333333351693495,0.9558850223297518,1.1357043784381384,1.4331350312945406,25
SLAP-2M,near,4.16666666851749,0.9558850223297518,1.1358707648162454,1.4331350217802101,25
SLAP-2M,near,4.20000000186563,0.9558850223297518,1.1390297122598818,1.3498828396638967,25
SLAP-2M,near,4.23333333521377,0.9558850185003729,1.1649577601123797,1.478685887860399,25
SLAP-2M,near,4.26666666856191,0.9399480976874408,1.1358707648162454,1.478685887860399,25
SLAP-2M,near,4.30000000191005,0.9399480976874408,1.1329767244761664,1.478685887860399,25
SLAP-2M,near,4.33333333525819,0.9217860134687739,1.0788147403515755,1.478685887860399,25
SLAP-2M,near,4.36666666860633,0.9217860134687739,1.0788147403515755,1.3881477776755533,25
SLAP-2M,near,4.400000001954469,0.9217860134687739,1.135704375432467,1.299989400793868,25
SLAP-2M,near,4.433333335302609,0.9217860134687739,1.120649023019746,1.299989400793868,25
SLAP-2M,near,4.466666668650749,0.9217860134687739,1.1093438674814338,1.2999894064780961,25
SLAP-2M,near,4.500000001998889,0.9577584501396125,1.1411888950340692,1.383589894012117,25
SLAP-2M,near,4.533333335347029,0.9577584501396125,1.1384320261453458,1.3881477776755533,25
SLAP-2M,near,4.566666668695169,0.9577584501396125,1.1411888950340692,1.3910296884114888,25
SLAP-2M,near,4.600000002043309,1.0548876557729794,1.156215034944093,1.3881477776755533,25
SLAP-2M,near,4.633333335391448,1.0548876557729794,1.1907942090568002,1.3881477776755533,25
SLAP-2M,near,4.666666668739588,1.0548876557729794,1.2041932228821173,1.3881477776755533,25
SLAP-2M,near,4.700000002087728,1.0548876557729794,1.1907942090568002,1.4756003744291744,25
SLAP-2M,near,4.733333335435868,1.0548876557729794,1.173998041060584,1.4756003744291744,25
SLAP-2M,near,4.7666666687840085,1.0548876557729794,1.1907942090568002,1.4756003744291744,25
SLAP-2M,near,4.8000000021321485,1.0143003923815086,1.172706913571818,1.4756003744291744,25
SLAP-2M,near,4.8333333354802885,1.0143003923815086,1.172706913571818,1.4756003744291744,25
SLAP-2M,near,4.866666668828429,1.0143003923815086,1.1665370215798303,1.4756003744291744,25
SLAP-2M,near,4.900000002176568,1.0143004016381698,1.1727069109731336,1.470315632069048,25
SLAP-2M,near,4.933333335524708,1.0548876557729794,1.1579325608288231,1.470315632069048,25
SLAP-2M,near,4.966666668872848,1.019477709318409,1.1548824582509307,1.470315632069048,25
SLAP-2M,near,5.000000002220988,1.0548876557729794,1.1548824582509307,1.470315632069048,25
SLAP-2M,far,-5.000000002220988,0.6642214723746108,0.9924992169364641,1.0717197579730815,20
SLAP-2M,far,-4.966666668872848,0.6642214723746108,0.9354940669023672,1.0717197579730815,20
SLAP-2M,far,-4.933333335524708,0.5812032967397631,0.9354940669023672,1.0717197579730815,20
SLAP-2M,far,-4.900000002176568,0.6818481260644615,1.0118699827999769,1.0717197579730815,20
SLAP-2M,far,-4.866666668828429,0.6818481260644615,1.0118700026640934,1.0528241849470978,20
SLAP-2M,far,-4.8333333354802885,0.707377756471601,0.9933701300235886,1.039421316333117,20
SLAP-2M,far,-4.8000000021321485,0.7909824011311147,1.0035186597310841,1.0528241849470978,20
SLAP-2M,far,-4.7666666687840085,0.7909824011311147,0.9933701300235886,1.039421316333117,20
SLAP-2M,far,-4.733333335435868,0.7909824011311147,0.9933701300235886,1.039421316333117,20
SLAP-2M,far,-4.700000002087728,0.7909824011311147,0.969462078428674,1.0296180205247185,20
SLAP-2M,far,-4.666666668739588,0.7909824011311147,0.969462078428674,1.0275150431001918,20
SLAP-2M,far,-4.633333335391448,0.7909824011311147,0.969462078428674,1.0275150401903912,20
SLAP-2M,far,-4.600000002043309,0.7909824011311147,0.9784882855551236,1.0437735542884807,20
SLAP-2M,far,-4.566666668695169,0.7794016920481678,0.963439994068795,1.0437735542884807,20
SLAP-2M,far,-4.533333335347029,0.7794016806788464,0.9616998209599543,1.0437735542884807,20
SLAP-2M,far,-4.500000001998889,0.7571538460602201,0.9616998198744608,1.0437735542884807,20
SLAP-2M,far,-4.466666668650749,0.7089484398637381,0.889001092436307,1.0275150401903912,20
SLAP-2M,far,-4.433333335302609,0.7251363969920355,0.9616998198744608,1.0275150401903912,20
SLAP-2M,far,-4.400000001954469,0.7251363984615393,0.9616998198744608,1.0437735542884807,20
SLAP-2M,far,-4.36666666860633,0.8347961433446776,0.9743622115295206,1.0437735542884807,20
SLAP-2M,far,-4.33333333525819,0.8347961807866761,0.9743622115295206,1.0437735542884807,20
SLAP-2M,far,-4.30000000191005,0.7761058674947041,0.9269821778284377,1.043471136289112,20
SLAP-2M,far,-4.26666666856191,0.7761058636865849,0.9614459418609074,1.0096354025135446,20
SLAP-2M,far,-4.23333333521377,0.7761058636865849,0.9109081214771155,1.0016316661384241,20
SLAP-2M,far,-4.20000000186563,0.7761058636865849,0.9166763278234411,1.0327270580657084,20
SLAP-2M,far,-4.16666666851749,0.7761058636865849,0.9166763278234411,1.0307704119803764,20
SLAP-2M,far,-4.1333333351693495,0.7175667568899006,0.9202178380589778,1.0661461643082315,20
SLAP-2M,far,-4.10000000182121,0.717566752594032,0.9202178327507626,1.1095353181665357,20
SLAP-2M,far,-4.06666666847307,0.7761058636865849,0.9202178327507626,1.1095353219644573,20
SLAP-2M,far,-4.03333333512493,0.7538580283338496,0.9202178327507626,1.1095353219644573,20
SLAP-2M,far,-4.00000000177679,0.753858021989036,0.9202178327507626,1.1095353219644573,20
SLAP-2M,far,-3.9666666684286502,0.753858021989036,0.9202178327507626,1.1095353219644573,20
SLAP-2M,far,-3.9333333350805106,0.8143470477133202,0.9675978664518456,1.066907513139288,20
SLAP-2M,far,-3.9000000017323706,0.8143470439876497,0.9675978664518456,1.066907513139288,20
SLAP-2M,far,-3.8666666683842306,0.8143470439876497,0.9518211596850862,1.057108860476157,20
SLAP-2M,far,-3.8333333350360905,0.8143470439876497,0.9518211596850862,1.0608729726515866,20
SLAP-2M,far,-3.800000001687951,0.7512011762965382,0.8895179626957722,1.060872969334147,20
SLAP-2M,far,-3.766666668339811,0.7512011762965382,0.8672894005027405,1.060872969334147,20
SLAP-2M,far,-3.733333334991671,0.7512011762965382,0.8672894005027405,1.060872969334147,20
SLAP-2M,far,-3.700000001643531,0.6637383565799865,0.8672894005027405,1.1255919231690912,20
SLAP-2M,far,-3.6666666682953912,0.7612605369012878,0.8895179626957722,1.0735736987578903,20
SLAP-2M,far,-3.633333334947251,0.6637383541410412,0.8895179626957722,1.1148843510344704,20
SLAP-2M,far,-3.600000001599111,0.7390127008668772,0.9599984626926301,1.1605272731875789,20
SLAP-2M,far,-3.566666668250971,0.7390126952037389,0.9599984626926301,1.1605272731875789,20
SLAP-2M,far,-3.5333333349028315,0.7390126952037389,0.9599984626926301,1.1605272731875789,20
SLAP-2M,far,-3.5000000015546915,0.7390126952037389,0.8895179626957722,1.1605272731875789,20
SLAP-2M,far,-3.4666666682065514,0.6691891720287556,0.8895179626957722,1.1605272731875789,20
SLAP-2M,far,-3.433333334858412,0.6691891702109583,0.9599984626926301,1.2319075831355923,20
SLAP-2M,far,-3.400000001510272,0.6691891702109583,0.9599984626926301,1.2319075831355923,20
SLAP-2M,far,-3.366666668162132,0.6950441180323179,0.9599984626926301,1.2319075831355923,20
SLAP-2M,far,-3.3333333348139917,0.6950441203823055,0.9263723367108555,1.1431118642254112,20
SLAP-2M,far,-3.300000001465852,0.6129040901076187,0.9263723385924724,1.1431118621774816,20
SLAP-2M,far,-3.266666668117712,0.612904088377215,0.9263723385924724,1.073573694173846,20
SLAP-2M,far,-3.233333334769572,0.612904088377215,0.8837535624225725,1.041834304997621,20
SLAP-2M,far,-3.200000001421432,0.6545329786038138,0.8478394147633765,1.041834304997621,20
SLAP-2M,far,-3.1666666680732924,0.6545329786038138,0.8477575735811713,1.041834304997621,20
SLAP-2M,far,-3.1333333347251524,0.612904095276465,0.8313836301771451,1.0741579156719827,20
SLAP-2M,far,-3.1000000013770124,0.612904088377215,0.8313836301771451,1.0741579175970368,20
SLAP-2M,far,-3.0666666680288723,0.612904088377215,0.8313836301771451,1.0741579175970368,20
SLAP-2M,far,-3.0333333346807327,0.6595114527883643,0.8313836301771451,1.126176147897239,20
SLAP-2M,far,-3.0000000013325927,0.6736610638289692,0.8313836301771451,1.1382926531060014,20
SLAP-2M,far,-2.9666666679844527,0.6595114652531262,0.8313836301771451,1.1382926531060014,20
SLAP-2M,far,-2.933333334636313,0.6949074694654838,0.8866210407767849,1.1382926531060014,20
SLAP-2M,far,-2.900000001288173,0.6949074694654838,0.8866210407767849,1.1382926531060014,20
SLAP-2M,far,-2.866666667940033,0.6949074694654838,0.8866210407767849,1.0969819962453768,20
SLAP-2M,far,-2.833333334591893,0.7405255210135602,0.8866210407767849,1.0969819962453768,20
SLAP-2M,far,-2.8000000012437534,0.6949074738701482,0.8532507355848811,1.0842812717624857,20
SLAP-2M,far,-2.7666666678956133,0.6949074694654838,0.8277228711436696,1.0715805469185389,20
SLAP-2M,far,-2.7333333345474733,0.6949074694654838,0.8277228711436696,1.0715805465659791,20
SLAP-2M,far,-2.7000000011993333,0.6949074694654838,0.8532507297646703,1.0389597330298752,20
SLAP-2M,far,-2.6666666678511937,0.6949074694654838,0.8532507297646703,1.0389597330298752,20
SLAP-2M,far,-2.6333333345030536,0.7105741886342494,0.8532507297646703,1.0460152210402447,20
SLAP-2M,far,-2.6000000011549136,0.7105741886342494,0.8532507297646703,1.0959958501045115,20
SLAP-2M,far,-2.5666666678067735,0.7105741886342494,0.8532507297646703,1.1255919282663025,20
SLAP-2M,far,-2.533333334458634,0.7105741886342494,0.8532507297646703,1.1255919282663025,20
SLAP-2M,far,-2.500000001110494,0.7405255210135602,0.8735024713519874,1.141879889485037,20
SLAP-2M,far,-2.466666667762354,0.7098614428216585,0.8735024713519874,1.1418799128492132,20
SLAP-2M,far,-2.4333333344142143,0.7098614420428461,0.8669474693972061,1.1418799128492132,20
SLAP-2M,far,-2.4000000010660743,0.7098614420428461,0.8532507297646703,1.1418799128492132,20
SLAP-2M,far,-2.366666667717934,0.7098614420428461,0.8532507297646703,1.1524052911480756,20
SLAP-2M,far,-2.333333334369794,0.6504061346657739,0.8532507297646703,1.1524052911480756,20
SLAP-2M,far,-2.3000000010216546,0.5934345129869938,0.8532507297646703,1.1796033099666259,20
SLAP-2M,far,-2.2666666676735145,0.6451328321705387,0.8285518548163533,1.1796033099666259,20
SLAP-2M,far,-2.2333333343253745,0.5934345108084234,0.8285518558711331,1.1796033099666259,20
SLAP-2M,far,-2.2000000009772345,0.6451328336646691,0.8901051056613705,1.1494206715502344,20
SLAP-2M,far,-2.166666667629095,0.6451328336646691,0.9234754166734851,1.125181278490213,20
SLAP-2M,far,-2.133333334280955,0.7424205357759908,0.9234754166734851,1.125181278490213,20
SLAP-2M,far,-2.100000000932815,0.7424205345584112,0.9816230883999587,1.1560927173074216,20
SLAP-2M,far,-2.0666666675846748,0.7424205345584112,0.9821163584572823,1.1538518070762118,20
SLAP-2M,far,-2.033333334236535,0.7424205345584112,0.9821163584572823,1.1538518052459534,20
SLAP-2M,far,-2.000000000888395,0.8214611454746686,1.0133462154311932,1.1538518052459534,20
SLAP-2M,far,-1.9666666675402553,0.8214611486208571,1.0043200076741998,1.1538518052459534,20
SLAP-2M,far,-1.9333333341921153,0.8083073761775388,1.0043200072032872,1.1538518052459534,20
SLAP-2M,far,-1.9000000008439755,0.8445620539022369,1.033670875873365,1.1829859490057841,20
SLAP-2M,far,-1.8666666674958354,0.8127240589315669,1.0043200072032872,1.1829859531893723,20
SLAP-2M,far,-1.8333333341476956,0.8127240419470152,1.0043200072032872,1.1829859531893723,20
SLAP-2M,far,-1.8000000007995556,0.8116572240285047,0.9892650470843778,1.1829859531893723,20
SLAP-2M,far,-1.7666666674514158,0.7353032812906383,0.999667453656081,1.1949930128052877,20
SLAP-2M,far,-1.7333333341032757,0.7353032812906383,0.999667453656081,1.2390924997332773,20
SLAP-2M,far,-1.700000000755136,0.8116572233228502,1.0158635413608352,1.2390924997332773,20
SLAP-2M,far,-1.6666666674069959,0.8116572233228502,1.0158635460732879,1.2390924997332773,20
SLAP-2M,far,-1.633333334058856,0.7794016906109057,0.9703254224864664,1.1593062906182874,20
SLAP-2M,far,-1.600000000710716,0.7794016806788464,1.0066140134828843,1.159306291621773,20
SLAP-2M,far,-1.5666666673625762,0.7794016806788464,1.0012239898635318,1.159306291621773,20
SLAP-2M,far,-1.5333333340144362,0.7683426721134594,1.0012239905520035,1.159306291621773,20
SLAP-2M,far,-1.5000000006662964,0.8402873193368894,1.0186508242800798,1.1908895196569667,20
SLAP-2M,far,-1.4666666673181565,0.8402873193368894,1.0186508242800798,1.156092716918315,20
SLAP-2M,far,-1.4333333339700165,0.7683426721134594,1.0012239905520035,1.1982059577306368,20
SLAP-2M,far,-1.4000000006218767,0.7683426721134594,1.0012239905520035,1.2359551840894656,20
SLAP-2M,far,-1.3666666672737366,0.7683426721134594,1.0012239905520035,1.235955185199824,20
SLAP-2M,far,-1.3333333339255968,0.7683426721134594,1.0012239905520035,1.1538518064267658,20
SLAP-2M,far,-1.3000000005774568,0.775201240313498,1.0012239905520035,1.1538518052459534,20
SLAP-2M,far,-1.266666667229317,0.775201241791109,1.0012239905520035,1.1538518052459534,20
SLAP-2M,far,-1.233333333881177,0.775201241791109,0.9894105041173057,1.1538518052459534,20
SLAP-2M,far,-1.2000000005330371,0.775201241791109,0.9880343057735084,1.1538518052459534,20
SLAP-2M,far,-1.166666667184897,0.775201241791109,0.9981828337808056,1.1538518052459534,20
SLAP-2M,far,-1.1333333338367573,0.775201241791109,0.998182834331658,1.089827298417933,20
SLAP-2M,far,-1.1000000004886172,0.775201241791109,1.006360137339202,1.1538518042717834,20
SLAP-2M,far,-1.0666666671404774,0.7298627956986814,0.9800006592128858,1.1538518052459534,20
SLAP-2M,far,-1.0333333337923374,0.775201241791109,0.9800006592128858,1.1538518052459534,20
SLAP-2M,far,-1.0000000004441976,0.775201241791109,0.9800006592128858,1.1538518052459534,20
SLAP-2M,far,-0.9666666670960576,0.775201241791109,0.9673382680142467,1.1538518052459534,20
SLAP-2M,far,-0.9333333337479177,0.775201241791109,0.943789404861019,1.1538518052459534,20
SLAP-2M,far,-0.9000000003997778,0.7445487938062225,0.943789404861019,1.1538518052459534,20
SLAP-2M,far,-0.8666666670516379,0.7298627956986814,0.942026248494882,1.1538518052459534,20
SLAP-2M,far,-0.8333333337034979,0.7298627956986814,0.942026248494882,1.1538518052459534,20
SLAP-2M,far,-0.800000000355358,0.678410463756788,0.942026248494882,1.1538518052459534,20
SLAP-2M,far,-0.7666666670072181,0.678410463756788,0.951052456539212,1.1715163477108428,20
SLAP-2M,far,-0.7333333336590783,0.694907471749981,0.951052456722788,1.1715163482534625,20
SLAP-2M,far,-0.7000000003109383,0.677423888311985,0.8807318669006049,1.1151899785987365,20
SLAP-2M,far,-0.6666666669627984,0.677423888311985,0.8807318628991705,1.1151899785987365,20
SLAP-2M,far,-0.6333333336146585,0.6423518495130495,0.8807318628991705,1.0365868604257242,20
SLAP-2M,far,-0.6000000002665186,0.6980829690849712,0.9524602213058029,1.0456187763168807,20
SLAP-2M,far,-0.5666666669183786,0.6980829690849712,0.8807318628991705,1.0365868604257242,20
SLAP-2M,far,-0.5333333335702387,0.7061022966200047,0.8440968145476957,1.0068345021476308,20
SLAP-2M,far,-0.5000000002220988,0.6423518490709725,0.8440968145476957,1.0068345021476308,20
SLAP-2M,far,-0.46666666687395886,0.6423518490709725,0.8440968145476957,1.0068345021476308,20
SLAP-2M,far,-0.43333333352581893,0.6394503765974092,0.9451922859380473,1.0647146555301126,20
SLAP-2M,far,-0.400000000177679,0.6394503758377742,0.9451922861148783,1.0647146555301126,20
SLAP-2M,far,-0.36666666682953913,0.6423518490709725,0.9401240267174157,1.0647146555301126,20
SLAP-2M,far,-0.3333333334813992,0.6423518490709725,0.9401240265104378,1.0510580783679766,20
SLAP-2M,far,-0.3000000001332593,0.6423518490709725,0.9472173049636723,1.0695255221335114,20
SLAP-2M,far,-0.26666666678511936,0.6362128101755591,0.9474134532990506,1.1027940637721039,20
SLAP-2M,far,-0.23333333343697943,0.6362128102578989,0.9474134532990506,1.200741178986033,20
SLAP-2M,far,-0.2000000000888395,0.6362128102578989,0.8898926762981705,1.200741178986033,20
SLAP-2M,far,-0.1666666667406996,0.6423518487669568,0.8898926762981705,1.2297898304635342,20
SLAP-2M,far,-0.13333333339255968,0.6423518490709725,0.8898926762981705,1.2297898304635342,20
SLAP-2M,far,-0.10000000004441975,0.5971777476514354,0.8898926762981705,1.2440026336064527,20
SLAP-2M,far,-0.06666666669627984,0.5971777476514354,0.8898926762981705,1.2440026336315468,20
SLAP-2M,far,-0.03333333334813992,0.5971777476514354,0.8898926762981705,1.2440026336315468,20
SLAP-2M,far,0.0,0.7374515542552929,0.9704007718441545,1.2440026336315468,20
SLAP-2M,far,0.03333333334813992,0.6804799303979423,0.9535986641049597,1.2440026336315468,20
SLAP-2M,far,0.06666666669627984,0.6804799303979423,0.9535986641049597,1.2440026336725056,20
SLAP-2M,far,0.10000000004441975,0.6804799303979423,0.9535986641049597,1.2609082128947122,20
SLAP-2M,far,0.13333333339255968,0.6804799303979423,0.9535986642160881,1.2609082129778493,20
SLAP-2M,far,0.1666666667406996,0.7345341134891831,0.9613745636162486,1.2663608368302324,20
SLAP-2M,far,0.2000000000888395,0.7345341134891831,0.9535986641049597,1.2299290490909716,20
SLAP-2M,far,0.23333333343697943,0.7345341134891831,0.9535986645727248,1.2663608368302324,20
SLAP-2M,far,0.26666666678511936,0.7345341134891831,0.9514275526481615,1.3695054873521353,20
SLAP-2M,far,0.3000000001332593,0.7461702417471232,0.9692260909645106,1.3695054873521353,20
SLAP-2M,far,0.3333333334813992,0.7461702420242472,0.9692260909645106,1.3695054873521353,20
SLAP-2M,far,0.36666666682953913,0.7794873882611324,0.9692260909645106,1.332934480985437,20
SLAP-2M,far,0.400000000177679,0.7794873882611324,0.9692260908687318,1.332934480985437,20
SLAP-2M,far,0.43333333352581893,0.7794873882611324,0.9601998830977718,1.332934480985437,20
SLAP-2M,far,0.46666666687395886,0.7719776298969742,0.9223526771153032,1.332934480985437,20
SLAP-2M,far,0.5000000002220988,0.7719776303705763,0.9123166965162429,1.332934480985437,20
SLAP-2M,far,0.5333333335702387,0.7746108419403999,0.9123166962644247,1.332934480985437,20
SLAP-2M,far,0.5666666669183786,0.7746108419403999,0.8945181584438913,1.227133652207983,20
SLAP-2M,far,0.6000000002665186,0.774610843436869,0.9371369364981958,1.227133652207983,20
SLAP-2M,far,0.6333333336146585,0.7794873882611324,0.9461631448814678,1.227133652207983,20
SLAP-2M,far,0.6666666669627984,0.7794873882611324,0.9763644757857322,1.227133652207983,20
SLAP-2M,far,0.7000000003109383,0.7794873882611324,0.9763644757857322,1.175993204300119,20
SLAP-2M,far,0.7333333336590783,0.7794873882611324,0.9763644761319823,1.175993204300119,20
SLAP-2M,far,0.7666666670072181,0.7794873882611324,0.9881779622204299,1.175993204300119,20
SLAP-2M,far,0.800000000355358,0.7794873868018569,0.9881779622204299,1.175993204300119,20
SLAP-2M,far,0.8333333337034979,0.7611238859844662,0.9851368058005452,1.175993204300119,20
SLAP-2M,far,0.8666666670516379,0.7829182934796051,0.9761105977721785,1.175993204300119,20
SLAP-2M,far,0.9000000003997778,0.7829182934796051,0.9761105977721785,1.175993204300119,20
SLAP-2M,far,0.9333333337479177,0.7829182934796051,0.9761105977721785,1.175993204300119,20
SLAP-2M,far,0.9666666670960576,0.7829182934796051,0.976110597540713,1.175993204300119,20
SLAP-2M,far,1.0000000004441976,0.7829182934796051,0.9286790528851196,1.0972077647693215,20
SLAP-2M,far,1.0333333337923374,0.7829182934796051,0.9286790528851196,1.0972077647693215,20
SLAP-2M,far,1.0666666671404774,0.7829182934796051,0.8794218848294966,1.0972077647693215,20
SLAP-2M,far,1.1000000004886172,0.7780417471588724,0.8699967228100609,1.0972077647693215,20
SLAP-2M,far,1.1333333338367573,0.7780417471588724,0.8699967228100609,1.0972077647693215,20
SLAP-2M,far,1.166666667184897,0.7780417471588724,0.8699967228100609,1.0972077647693215,20
SLAP-2M,far,1.2000000005330371,0.7386343335639208,0.8699967228100609,1.0972077647693215,20
SLAP-2M,far,1.233333333881177,0.7458531203396304,0.8699967231590555,1.0972077647693215,20
SLAP-2M,far,1.266666667229317,0.7780417471588724,0.8807318628991705,1.1184232415491602,20
SLAP-2M,far,1.3000000005774568,0.7780417471588724,0.8807318628991705,1.1184232415491602,20
SLAP-2M,far,1.3333333339255968,0.7780417471588724,0.8807318628991705,1.1184232415491602,20
SLAP-2M,far,1.3666666672737366,0.7780417471588724,0.8807318657399874,1.1184232415491602,20
SLAP-2M,far,1.4000000006218767,0.7575437963572746,0.9252967538450396,1.1184232415491602,20
SLAP-2M,far,1.4333333339700165,0.7299795087064962,0.9366345169879142,1.1184232415491602,20
SLAP-2M,far,1.4666666673181565,0.7409021480876952,0.9366345169879142,1.1184232415491602,20
SLAP-2M,far,1.5000000006662964,0.7751568055397309,0.9366345169879142,1.1184232415491602,20
SLAP-2M,far,1.5333333340144362,0.7751568047357051,0.9366345165540289,1.1184232415491602,20
SLAP-2M,far,1.5666666673625762,0.7671699790449326,0.9758186371168835,1.1184232415491602,20
SLAP-2M,far,1.600000000710716,0.6985816237439497,0.9446266745160578,1.11024949901525,20
SLAP-2M,far,1.633333334058856,0.6985816237439497,0.9716192597218911,1.1395000843016478,20
SLAP-2M,far,1.6666666674069959,0.6985816228700086,0.9716192597218911,1.1395000836356015,20
SLAP-2M,far,1.700000000755136,0.6779082396081433,0.9716192611387775,1.1120376467324724,20
SLAP-2M,far,1.7333333341032757,0.7900663994601698,1.0038122515912218,1.0908221705522898,20
SLAP-2M,far,1.7666666674514158,0.7900663985366424,1.007731100811355,1.0617593998050527,20
SLAP-2M,far,1.8000000007995556,0.7859407718517257,1.007731100811355,1.0617593998344945,20
SLAP-2M,far,1.8333333341476956,0.7859407718517257,1.007731100811355,1.0642039786779303,20
SLAP-2M,far,1.8666666674958354,0.7859407718517257,1.007731100811355,1.0642039786779303,20
SLAP-2M,far,1.9000000008439755,0.7859407718517257,1.007731100811355,1.0642039786779303,20
SLAP-2M,far,1.9333333341921153,0.7859407718517257,1.007731100811355,1.0642039786779303,20
SLAP-2M,far,1.9666666675402553,0.7859407770262555,1.007731100811355,1.0642039786779303,20
SLAP-2M,far,2.000000000888395,0.8607907615952601,1.0128213684806369,1.0642039786779303,20
SLAP-2M,far,2.033333334236535,0.8693006387985124,1.0128213684806369,1.0642039786779303,20
SLAP-2M,far,2.0666666675846748,0.8693006385061115,1.0107675294833502,1.0642039786779303,20
SLAP-2M,far,2.100000000932815,0.8607907613122915,1.0179397332180997,1.1659300503930976,20
SLAP-2M,far,2.133333334280955,0.8607907613122915,1.0179397332180997,1.1796326844824159,20
SLAP-2M,far,2.166666667629095,0.8607907606281993,1.0179397332180997,1.1796326844824159,20
SLAP-2M,far,2.2000000009772345,0.8439282974558723,1.0179397346542072,1.1796326844824159,20
SLAP-2M,far,2.2333333343253745,0.8439282974558723,1.0294688625889812,1.1968254063963348,20
SLAP-2M,far,2.2666666676735145,0.8439282974558723,1.0147114814215572,1.1796326844824159,20
SLAP-2M,far,2.3000000010216546,0.8439282974558723,1.0210134106326854,1.1796326844824159,20
SLAP-2M,far,2.333333334369794,0.8439282974558723,1.0210134011735819,1.1796326844824159,20
SLAP-2M,far,2.366666667717934,0.7284703541511643,1.0157032227706755,1.1796326844824159,20
SLAP-2M,far,2.4000000010660743,0.7335666469677916,1.0157032227706755,1.1796326844824159,20
SLAP-2M,far,2.4333333344142143,0.7199604766649434,1.0157032227706755,1.1796326844824159,20
SLAP-2M,far,2.466666667762354,0.7199604766649434,1.0157032227706755,1.1796326774322698,20
SLAP-2M,far,2.500000001110494,0.7022093229128925,0.9955509145283062,1.1512501255991625,20
SLAP-2M,far,2.533333334458634,0.7022093229128925,0.995550910316023,1.1512501255991625,20
SLAP-2M,far,2.5666666678067735,0.7022093229128925,0.9705599875755094,1.1512501255991625,20
SLAP-2M,far,2.6000000011549136,0.6511006179135898,0.9279735912430244,1.1512501255991625,20
SLAP-2M,far,2.6333333345030536,0.6460724271391143,0.8867556002307867,1.1512501255991625,20
SLAP-2M,far,2.6666666678511937,0.6460724271391143,0.8867556002307867,1.112037648397052,20
SLAP-2M,far,2.7000000011993333,0.6460724271391143,0.9531563451369741,1.112037648397052,20
SLAP-2M,far,2.7333333345474733,0.6460724271391143,0.9960296513910967,1.112037648397052,20
SLAP-2M,far,2.7666666678956133,0.6460724271391143,0.9960296513910967,1.112037648397052,20
SLAP-2M,far,2.8000000012437534,0.6460724271391143,0.9960296513910967,1.112037648397052,20
SLAP-2M,far,2.833333334591893,0.6460724313085594,0.9960296513910967,1.112037648397052,20
SLAP-2M,far,2.866666667940033,0.7121116419466306,0.9960296513910967,1.112037648397052,20
SLAP-2M,far,2.900000001288173,0.7121116404259731,0.9960296513910967,1.112037648397052,20
SLAP-2M,far,2.933333334636313,0.685764770592482,0.9510894890751067,1.07127580427121,20
SLAP-2M,far,2.9666666679844527,0.6857647613425049,0.9510894876743677,1.07127580427121,20
SLAP-2M,far,3.0000000013325927,0.5816990971454148,0.9480355803699664,1.07127580427121,20
SLAP-2M,far,3.0333333346807327,0.5816990971454148,0.9480355784967371,1.071275805483415,20
SLAP-2M,far,3.0666666680288723,0.5816990950048324,0.9332909506328484,1.111064358231034,20
SLAP-2M,far,3.1000000013770124,0.5466270579044024,0.9332909506328484,1.0712758025213065,20
SLAP-2M,far,3.1333333347251524,0.5466270546478558,0.9251028002961121,1.0362592548647191,20
SLAP-2M,far,3.1666666680732924,0.527285467557623,0.9251028002961121,1.0362592548647191,20
SLAP-2M,far,3.200000001421432,0.462059807892552,0.9251028010407911,1.0617831787439087,20
SLAP-2M,far,3.233333334769572,0.462059807892552,0.9338751305104646,1.0617831787439087,20
SLAP-2M,far,3.266666668117712,0.46205981091853815,0.9338751305104646,1.0899453649672566,20
SLAP-2M,far,3.300000001465852,0.4922134350055497,0.9223897056110115,1.0886036921066522,20
SLAP-2M,far,3.3333333348139917,0.5598738082075055,0.9338751305104646,1.0886036921066522,20
SLAP-2M,far,3.366666668162132,0.6011407657208027,0.9338751305104646,1.0886036921066522,20
SLAP-2M,far,3.400000001510272,0.5598738064596231,0.933875131301686,1.0886036921066522,20
SLAP-2M,far,3.433333334858412,0.5682154929211637,0.8846266892799126,1.0886036921066522,20
SLAP-2M,far,3.4666666682065514,0.6011407710168866,0.8846266892799126,1.0886036921066522,20
SLAP-2M,far,3.5000000015546915,0.6011407710168866,0.8846266892799126,1.076020803933993,20
SLAP-2M,far,3.5333333349028315,0.6011407710168866,0.8846266892799126,1.0362592548647191,20
SLAP-2M,far,3.566666668250971,0.6011407710168866,0.8846266892799126,1.0362592548647191,20
SLAP-2M,far,3.600000001599111,0.6011407710168866,0.8846266892799126,1.0362592553639005,20
SLAP-2M,far,3.633333334947251,0.6011407710168866,0.8846266892799126,1.067960627118856,20
SLAP-2M,far,3.6666666682953912,0.6011407710168866,0.93485803949218,1.1261142172521836,20
SLAP-2M,far,3.700000001643531,0.6011407710168866,0.93485803949218,1.144389242047403,20
SLAP-2M,far,3.733333334991671,0.6011407710168866,0.93485803949218,1.144389242047403,20
SLAP-2M,far,3.766666668339811,0.6011407721799357,0.93485803949218,1.144389242047403,20
SLAP-2M,far,3.800000001687951,0.6730347724956038,0.93485803949218,1.1443892453356295,20
SLAP-2M,far,3.8333333350360905,0.6730347704855393,0.93485803949218,1.1715620706044,20
SLAP-2M,far,3.8666666683842306,0.6466878991139118,0.9348580376664978,1.1507748351995113,20
SLAP-2M,far,3.9000000017323706,0.6284258183814879,0.9170595036353648,1.1507748351995113,20
SLAP-2M,far,3.9333333350805106,0.6320317095343109,0.9868497597052422,1.1507748351995113,20
SLAP-2M,far,3.9666666684286502,0.6320317086113785,0.9868497597052422,1.1261142110305173,20
SLAP-2M,far,4.00000000177679,0.6284258183814879,0.9458884288942806,1.1153101443244442,20
SLAP-2M,far,4.03333333512493,0.6284258183814879,0.9458884229736488,1.0906637420212737,20
SLAP-2M,far,4.06666666847307,0.6284258183814879,0.9429013387383705,1.0972077647693215,20
SLAP-2M,far,4.10000000182121,0.6284258221794095,0.9429013387383705,1.0972077647693215,20
SLAP-2M,far,4.1333333351693495,0.6494880492491475,0.9429013387383705,1.1111465903779372,20
SLAP-2M,far,4.16666666851749,0.6494880492491475,0.9429013387383705,1.1111465903779372,20
SLAP-2M,far,4.20000000186563,0.6494880492491475,0.9429013387383705,1.1111465903779372,20
SLAP-2M,far,4.23333333521377,0.6494880492491475,0.9429013363487171,1.1111465903779372,20
SLAP-2M,far,4.26666666856191,0.6494880459991025,0.9060469628416703,1.1111465903779372,20
SLAP-2M,far,4.30000000191005,0.5865572170230663,0.9060469628416703,1.1111465946471941,20
SLAP-2M,far,4.33333333525819,0.5865572031724792,0.9060469638792743,1.1524572429362099,20
SLAP-2M,far,4.36666666860633,0.47605471746959305,0.8952823650796151,1.1111465903779372,20
SLAP-2M,far,4.400000001954469,0.553002822352302,0.8952823650796151,1.135309939288418,20
SLAP-2M,far,4.433333335302609,0.553002822352302,0.8952823650796151,1.135309939288418,20
SLAP-2M,far,4.466666668650749,0.553002822352302,0.8952823650796151,1.135309939288418,20
SLAP-2M,far,4.500000001998889,0.553002822352302,0.8952823650796151,1.135309939288418,20
SLAP-2M,far,4.533333335347029,0.553002822352302,0.8952823650796151,1.135309939288418,20
SLAP-2M,far,4.566666668695169,0.553002822352302,0.8952823650796151,1.135309939288418,20
SLAP-2M,far,4.600000002043309,0.553002822352302,0.8952823620768431,1.135309939288418,20
SLAP-2M,far,4.633333335391448,0.5530028234303488,0.8937895409109897,1.135309939288418,20
SLAP-2M,far,4.666666668739588,0.5646935020993062,0.8937895409109897,1.135309943130175,20
SLAP-2M,far,4.700000002087728,0.6642729018116529,0.8937895409109897,1.11057259622399,20
SLAP-2M,far,4.733333335435868,0.6642729018116529,0.8937895409109897,1.1105725944144664,20
SLAP-2M,far,4.7666666687840085,0.6642729018116529,0.893789535926685,1.0724931877401491,20
SLAP-2M,far,4.8000000021321485,0.7279594211637266,0.863286700386226,1.0724931877401491,20
SLAP-2M,far,4.8333333354802885,0.6885670542697906,0.8797518898159136,1.066955566301385,20
SLAP-2M,far,4.866666668828429,0.6885670497616891,0.8797518898159136,1.105034974785226,20
SLAP-2M,far,4.900000002176568,0.6477376163394468,0.8797518898159136,1.2072533665578693,20
SLAP-2M,far,4.933333335524708,0.6477376163394468,0.8797518898159136,1.2072533665578693,20
SLAP-2M,far,4.966666668872848,0.6477376163394468,0.8895240423954912,1.2072533665578693,20
SLAP-2M,far,5.000000002220988,0.7220137179788599,0.9531351094775946,1.2072533665578693,20
SLAP-2M,null,-5.000000002220988,0.9910997140954632,1.0102125243408366,1.0317524268752032,34
SLAP-2M,null,-4.966666668872848,0.9874659076410064,1.0095706779447666,1.0369505050784624,34
SLAP-2M,null,-4.933333335524708,0.982799564492983,1.0063691952393499,1.0300618241725326,34
SLAP-2M,null,-4.900000002176568,0.9805196070429676,1.0064180468107842,1.0337167163698036,34
SLAP-2M,null,-4.866666668828429,0.9817966092655769,1.005102433708541,1.0299975705277,34
SLAP-2M,null,-4.8333333354802885,0.9806449097931647,1.005618476734317,1.0267135830421175,34
SLAP-2M,null,-4.8000000021321485,0.9805281929430025,1.001441268645793,1.0286826043333839,34
SLAP-2M,null,-4.7666666687840085,0.9816213248308099,1.0042548265745013,1.0327319419170589,34
SLAP-2M,null,-4.733333335435868,0.9815692345457538,1.0065233994885907,1.029502884293667,34
SLAP-2M,null,-4.700000002087728,0.9840881190699565,1.010020354596543,1.030323204376856,34
SLAP-2M,null,-4.666666668739588,0.9909480509204576,1.0042078260517027,1.0307653573601132,34
SLAP-2M,null,-4.633333335391448,0.9900242437926611,1.0011790263490268,1.0243786293376145,34
SLAP-2M,null,-4.600000002043309,0.9900680794088751,1.004225348368024,1.026169848000596,34
SLAP-2M,null,-4.566666668695169,0.9909609807249071,1.0045492933231925,1.0253875538450443,34
SLAP-2M,null,-4.533333335347029,0.9945990357290017,1.0120766569222486,1.029947124006396,34
SLAP-2M,null,-4.500000001998889,0.993699712143418,1.008491949910609,1.0283493593094004,34
SLAP-2M,null,-4.466666668650749,0.9916102057061513,1.011013043394544,1.0287341788592466,34
SLAP-2M,null,-4.433333335302609,0.9911593520652862,1.0106220707601308,1.031679884180646,34
SLAP-2M,null,-4.400000001954469,0.9877108436285547,1.0121535188679847,1.0329288244904338,34
SLAP-2M,null,-4.36666666860633,0.992037457267357,1.0113539137103524,1.0316413732819933,34
SLAP-2M,null,-4.33333333525819,0.990316905153917,1.0072314526158528,1.0347259231801909,34
SLAP-2M,null,-4.30000000191005,0.9880061683272238,1.0053648121522953,1.040741080634994,34
SLAP-2M,null,-4.26666666856191,0.9856052191058816,1.009100051970433,1.0418584054174846,34
SLAP-2M,null,-4.23333333521377,0.9879165713701251,1.004262334574627,1.0482308128211784,34
SLAP-2M,null,-4.20000000186563,0.9774372752010674,1.0017184746292747,1.0358276258393793,34
SLAP-2M,null,-4.16666666851749,0.9879642326334679,1.0058096987723562,1.045318585833823,34
SLAP-2M,null,-4.1333333351693495,0.9875684865329751,1.005371532241726,1.0433618007480714,34
SLAP-2M,null,-4.10000000182121,0.9843852020917523,1.0045593435340854,1.0533460158626573,34
SLAP-2M,null,-4.06666666847307,0.9807140372244714,1.003059191177461,1.0455847879258169,34
SLAP-2M,null,-4.03333333512493,0.9824601586487868,1.0029025989834701,1.039381050283817,34
SLAP-2M,null,-4.00000000177679,0.9760073922403152,1.008263537127228,1.0370861076486233,34
SLAP-2M,null,-3.9666666684286502,0.9780293266270703,1.0042854661071248,1.0458814954791509,34
SLAP-2M,null,-3.9333333350805106,0.9801322578427303,1.0052971803187392,1.0419258234306075,34
SLAP-2M,null,-3.9000000017323706,0.9834406834785914,1.0069914997632021,1.0396575987095513,34
SLAP-2M,null,-3.8666666683842306,0.9769891484374498,1.006673014296283,1.0376576719932165,34
SLAP-2M,null,-3.8333333350360905,0.9791561865526828,1.0057130028043413,1.0453133092484392,34
SLAP-2M,null,-3.800000001687951,0.9892063623558819,1.0064643976705607,1.0458386362903433,34
SLAP-2M,null,-3.766666668339811,0.9864782047681574,1.0074314668504942,1.0385564106337932,34
SLAP-2M,null,-3.733333334991671,0.9835226058066125,1.0111199859017714,1.0387640344004994,34
SLAP-2M,null,-3.700000001643531,0.9805078972273672,1.0121190555418504,1.0416272661806774,34
SLAP-2M,null,-3.6666666682953912,0.9754734991640084,1.0114598504219914,1.0503668516838562,34
SLAP-2M,null,-3.633333334947251,0.9788847547042844,1.0089991756406704,1.0496629772527306,34
SLAP-2M,null,-3.600000001599111,0.9750879384304689,1.0065513194492217,1.0484067291102517,34
SLAP-2M,null,-3.566666668250971,0.9773038506236684,1.01131998050443,1.0447218640625362,34
SLAP-2M,null,-3.5333333349028315,0.9784792791175542,1.0074933987137513,1.054451203696396,34
SLAP-2M,null,-3.5000000015546915,0.9785848245262734,1.011599853176744,1.0481148041901107,34
SLAP-2M,null,-3.4666666682065514,0.9752849664768026,1.0042128151140448,1.0391827886659881,34
SLAP-2M,null,-3.433333334858412,0.9715390548740303,1.0028107896086962,1.0309791189304018,34
SLAP-2M,null,-3.400000001510272,0.9814057714969235,1.001567666412916,1.027658422618149,34
SLAP-2M,null,-3.366666668162132,0.9812301147816564,1.0009789763363512,1.0318843834966944,34
SLAP-2M,null,-3.3333333348139917,0.9769703876971141,1.0038412062866213,1.0278387433276484,34
SLAP-2M,null,-3.300000001465852,0.9760375675243869,1.0075227633563748,1.025971582512018,34
SLAP-2M,null,-3.266666668117712,0.9786481899011383,1.0061304131373898,1.0236074143645748,34
SLAP-2M,null,-3.233333334769572,0.9853268402251739,1.0034866363603814,1.0250333724644507,34
SLAP-2M,null,-3.200000001421432,0.9797295770733112,1.0054169147286733,1.024544663214119,34
SLAP-2M,null,-3.1666666680732924,0.9722326839268752,1.0019850303044573,1.0181234862248096,34
SLAP-2M,null,-3.1333333347251524,0.9682328652589194,0.997205674842835,1.0229130152983297,34
SLAP-2M,null,-3.1000000013770124,0.9659812836543374,0.9986237593481757,1.0180937564217125,34
SLAP-2M,null,-3.0666666680288723,0.9660657006723955,0.9996528665498963,1.0200152167315268,34
SLAP-2M,null,-3.0333333346807327,0.9721593897657488,0.9966559655718445,1.0191596239196998,34
SLAP-2M,null,-3.0000000013325927,0.9738384266748994,0.998652938125153,1.023390723144873,34
SLAP-2M,null,-2.9666666679844527,0.9703145144802706,0.9973089708735344,1.012979901412078,34
SLAP-2M,null,-2.933333334636313,0.975479966813082,0.9959129795008175,1.0146900860178523,34
SLAP-2M,null,-2.900000001288173,0.9693301353219732,0.9966416474294535,1.017651133751632,34
SLAP-2M,null,-2.866666667940033,0.9792185470288945,0.9934265286721891,1.0053781806283122,34
SLAP-2M,null,-2.833333334591893,0.9732161667618922,0.9923374975794068,1.0144576311923303,34
SLAP-2M,null,-2.8000000012437534,0.970509465668514,0.9947700293565804,1.0170222101171968,34
SLAP-2M,null,-2.7666666678956133,0.9673533191541814,0.9913295969931535,1.0224142691920326,34
SLAP-2M,null,-2.7333333345474733,0.9703002163813483,0.9948372745770673,1.019302229708618,34
SLAP-2M,null,-2.7000000011993333,0.968919455494866,0.9935342191297173,1.024953242112932,34
SLAP-2M,null,-2.6666666678511937,0.9676117452457325,0.9954571232481757,1.0213654074267535,34
SLAP-2M,null,-2.6333333345030536,0.9679079882177848,0.9969311138427676,1.022281546992247,34
SLAP-2M,null,-2.6000000011549136,0.9708071412993693,0.9952894256551192,1.013856715929224,34
SLAP-2M,null,-2.5666666678067735,0.9720232552734229,0.9997692873242126,1.014075464117211,34
SLAP-2M,null,-2.533333334458634,0.9607054008132762,0.9962968216201487,1.0126732285599553,34
SLAP-2M,null,-2.500000001110494,0.9586973557591725,0.9949358448589523,1.0126025902189588,34
SLAP-2M,null,-2.466666667762354,0.9515870042561926,0.9971410401584696,1.0188290036637038,34
SLAP-2M,null,-2.4333333344142143,0.9538747041393882,1.00140550981995,1.016684695940193,34
SLAP-2M,null,-2.4000000010660743,0.9672148388159865,1.0002816881931187,1.0223080067181824,34
SLAP-2M,null,-2.366666667717934,0.9673487163869979,1.005613461560355,1.0249341712407305,34
SLAP-2M,null,-2.333333334369794,0.9738550329430102,1.0023990873645516,1.0359957458906643,34
SLAP-2M,null,-2.3000000010216546,0.9752716912129398,1.0000826033521681,1.0390364810963286,34
SLAP-2M,null,-2.2666666676735145,0.9738874815494443,1.0007588675851697,1.0368023661457582,34
SLAP-2M,null,-2.2333333343253745,0.9702889203317004,1.0017189070532586,1.0336407004252028,34
SLAP-2M,null,-2.2000000009772345,0.9732377932116918,1.003333882225125,1.033871517374854,34
SLAP-2M,null,-2.166666667629095,0.9698769966335116,1.0069139167278953,1.0337024940366035,34
SLAP-2M,null,-2.133333334280955,0.9755116334099678,1.0089007796545446,1.0353540392507004,34
SLAP-2M,null,-2.100000000932815,0.979093879356536,1.0038360939088706,1.0383844072328683,34
SLAP-2M,null,-2.0666666675846748,0.9708707120201081,1.0051991105868257,1.038134871037229,34
SLAP-2M,null,-2.033333334236535,0.9746971739718291,1.0092829212162069,1.0316568485903856,34
SLAP-2M,null,-2.000000000888395,0.9734164306959723,1.0083032207915625,1.0344862031098656,34
SLAP-2M,null,-1.9666666675402553,0.9770953845211562,1.0058473296969859,1.038904136053219,34
SLAP-2M,null,-1.9333333341921153,0.9783696097201345,1.0064337344262357,1.0380685608658402,34
SLAP-2M,null,-1.9000000008439755,0.9758853897363424,1.0071618614908013,1.0404401007730473,34
SLAP-2M,null,-1.8666666674958354,0.9764235036844637,1.009473896663986,1.0395431350809086,34
SLAP-2M,null,-1.8333333341476956,0.9835986423205453,1.0103417064392497,1.0323395862357678,34
SLAP-2M,null,-1.8000000007995556,0.987595255119017,1.0073548290479515,1.0344458428926215,34
SLAP-2M,null,-1.7666666674514158,0.9941053574491692,1.0088859168848905,1.0314791673298465,34
SLAP-2M,null,-1.7333333341032757,0.9854184053882802,1.0055601488364745,1.0351734470948821,34
SLAP-2M,null,-1.700000000755136,0.9777085431128519,1.0095239072192892,1.039027188619377,34
SLAP-2M,null,-1.6666666674069959,0.9770100785147985,1.0052307821536854,1.0414051703933267,34
SLAP-2M,null,-1.633333334058856,0.9778861602395301,1.003522108340816,1.0424186514886618,34
SLAP-2M,null,-1.600000000710716,0.9754151424453015,1.0081233359122417,1.0453154541099163,34
SLAP-2M,null,-1.5666666673625762,0.9721002744764017,1.0104930646147006,1.035380578836667,34
SLAP-2M,null,-1.5333333340144362,0.9857637259969447,1.0110471312474367,1.0415753633466,34
SLAP-2M,null,-1.5000000006662964,0.9930320154262289,1.0130406887984513,1.0485943139794394,34
SLAP-2M,null,-1.4666666673181565,0.9904005801490869,1.0128663368484339,1.048346479419974,34
SLAP-2M,null,-1.4333333339700165,0.9890224570227908,1.0117583828786765,1.0544762589838952,34
SLAP-2M,null,-1.4000000006218767,0.9928223037586068,1.0116438212441698,1.0510013584231908,34
SLAP-2M,null,-1.3666666672737366,0.9902492607826878,1.0120114890055139,1.059894700394089,34
SLAP-2M,null,-1.3333333339255968,0.9887127901928353,1.0109847802993701,1.0448062178842683,34
SLAP-2M,null,-1.3000000005774568,0.9931632366909118,1.0125206391706723,1.038440989342037,34
SLAP-2M,null,-1.266666667229317,0.9941944844497501,1.015644444287096,1.0389222815568886,34
SLAP-2M,null,-1.233333333881177,0.9940690761724419,1.0123605921616723,1.0385213617311269,34
SLAP-2M,null,-1.2000000005330371,0.9883475711071906,1.013912114180238,1.0429207337375392,34
SLAP-2M,null,-1.166666667184897,0.9897981061712959,1.0134177302942997,1.038172681894263,34
SLAP-2M,null,-1.1333333338367573,0.9881084316415634,1.0123950306712644,1.0340151126547892,34
SLAP-2M,null,-1.1000000004886172,0.9836194393705247,1.013268314231209,1.0373579539343065,34
SLAP-2M,null,-1.0666666671404774,0.9841866368955541,1.0138161135570638,1.0403700202132242,34
SLAP-2M,null,-1.0333333337923374,0.9878094748345214,1.0148098131710723,1.0430551137604362,34
SLAP-2M,null,-1.0000000004441976,0.9936008218824117,1.0153880600520635,1.044483570437164,34
SLAP-2M,null,-0.9666666670960576,0.9990994919603805,1.0141940901530349,1.0483267480207876,34
SLAP-2M,null,-0.9333333337479177,0.9971731628058926,1.012700598385344,1.0413059272954832,34
SLAP-2M,null,-0.9000000003997778,0.9955009267828827,1.0139797663330912,1.035406641146977,34
SLAP-2M,null,-0.8666666670516379,0.9867806749926455,1.0134727170428328,1.0292783077756105,34
SLAP-2M,null,-0.8333333337034979,0.987576868108375,1.0107977205605003,1.0312090456853906,34
SLAP-2M,null,-0.800000000355358,0.9842474519446487,1.007500264857425,1.0318358677664035,34
SLAP-2M,null,-0.7666666670072181,0.9851151028455875,1.006345998029098,1.0309853242529576,34
SLAP-2M,null,-0.7333333336590783,0.9864341278825058,1.0092868464651228,1.0309441213248502,34
SLAP-2M,null,-0.7000000003109383,0.9908723562937454,1.010912924605159,1.0308250077555858,34
SLAP-2M,null,-0.6666666669627984,0.9868354457000964,1.0100659299853887,1.0277582256508746,34
SLAP-2M,null,-0.6333333336146585,0.9862825811375885,1.009641520236791,1.0276007746014468,34
SLAP-2M,null,-0.6000000002665186,0.9791430718783466,1.0023311471060818,1.0266341691204663,34
SLAP-2M,null,-0.5666666669183786,0.9871837349633414,1.0012068683986977,1.0290824600061648,34
SLAP-2M,null,-0.5333333335702387,0.983383150090627,1.0045461943107339,1.0247517841803042,34
SLAP-2M,null,-0.5000000002220988,0.9827728457758568,1.0035793166459555,1.0296400261195624,34
SLAP-2M,null,-0.46666666687395886,0.9807346704661787,1.0024146919185906,1.0278424583646228,34
SLAP-2M,null,-0.43333333352581893,0.9728593182497214,1.001268879332963,1.0301763092744112,34
SLAP-2M,null,-0.400000000177679,0.9769597486863392,0.9971112231118511,1.0316095873789404,34
SLAP-2M,null,-0.36666666682953913,0.9738005043202109,0.9967268049578453,1.0212777097242014,34
SLAP-2M,null,-0.3333333334813992,0.9654997765589667,0.9943527072422654,1.0239821260983994,34
SLAP-2M,null,-0.3000000001332593,0.9729406482071774,0.9933564203212113,1.025099410423541,34
SLAP-2M,null,-0.26666666678511936,0.9754121085189057,0.9900883128290594,1.0234238034927856,34
SLAP-2M,null,-0.23333333343697943,0.9689699380373082,0.9867408431100366,1.0215510808237473,34
SLAP-2M,null,-0.2000000000888395,0.969846019750528,0.9957884197581818,1.0277877852762898,34
SLAP-2M,null,-0.1666666667406996,0.9691153981323611,0.9958469424527436,1.01807799852158,34
SLAP-2M,null,-0.13333333339255968,0.9689089110881934,0.9991082284271682,1.0192099922439044,34
SLAP-2M,null,-0.10000000004441975,0.9691817039723302,0.9913572134837376,1.0255605186495749,34
SLAP-2M,null,-0.06666666669627984,0.9697097633484038,0.9920781629363065,1.0178524793698969,34
SLAP-2M,null,-0.03333333334813992,0.9704193346611191,0.9893672831346606,1.016317785781669,34
SLAP-2M,null,0.0,0.9686052417280392,0.9867743843084885,1.0211854168334513,34
SLAP-2M,null,0.03333333334813992,0.9663399381635164,0.9904220716479082,1.0210498649898039,34
SLAP-2M,null,0.06666666669627984,0.9692406202088908,0.9911522460400863,1.0174511957938193,34
SLAP-2M,null,0.10000000004441975,0.9637274351834169,0.9913086667607265,1.0179692883029356,34
SLAP-2M,null,0.13333333339255968,0.9563274580556568,0.9990730050701653,1.0156722054875096,34
SLAP-2M,null,0.1666666667406996,0.9562910068039072,0.9894315009739183,1.013734901759959,34
SLAP-2M,null,0.2000000000888395,0.9600292185064885,0.9926615091374863,1.0178800644887556,34
SLAP-2M,null,0.23333333343697943,0.9538974270137788,0.9968977399230554,1.0199335338502264,34
SLAP-2M,null,0.26666666678511936,0.9585288808589268,1.000533136071796,1.0231903767780808,34
SLAP-2M,null,0.3000000001332593,0.956479077819792,1.001335254482879,1.0329901593628066,34
SLAP-2M,null,0.3333333334813992,0.9553432088981447,0.9974754741636387,1.0335108410837528,34
SLAP-2M,null,0.36666666682953913,0.9610872796693944,1.001288571973935,1.0291390208505704,34
SLAP-2M,null,0.400000000177679,0.9652153190316003,0.9998697384604199,1.0279080564518508,34
SLAP-2M,null,0.43333333352581893,0.9621915581137769,1.0027433448110672,1.025791107130599,34
SLAP-2M,null,0.46666666687395886,0.9631114551437236,1.0029339717519177,1.0428757823709474,34
SLAP-2M,null,0.5000000002220988,0.9667756412073728,1.001672262622547,1.0420711268473626,34
SLAP-2M,null,0.5333333335702387,0.9656042328804981,0.9998399772464098,1.0395698034942518,34
SLAP-2M,null,0.5666666669183786,0.9552050424688857,1.000699815319439,1.0402621402815284,34
SLAP-2M,null,0.6000000002665186,0.9560046921557832,1.0039292865469434,1.0403297975694588,34
SLAP-2M,null,0.6333333336146585,0.95847331715242,1.0071793114182945,1.052186230933637,34
SLAP-2M,null,0.6666666669627984,0.9627814768345666,0.9998604408494963,1.054556604193043,34
SLAP-2M,null,0.7000000003109383,0.9698983357090838,1.0012714665387852,1.0548125423344363,34
SLAP-2M,null,0.7333333336590783,0.972895315041082,0.9970629794054484,1.0474747705176615,34
SLAP-2M,null,0.7666666670072181,0.9689515789338796,0.9947627722280197,1.0588488818946908,34
SLAP-2M,null,0.800000000355358,0.9749127044848809,0.994006808359815,1.045200795640128,34
SLAP-2M,null,0.8333333337034979,0.9747128081271641,0.9933878065004098,1.056718530662921,34
SLAP-2M,null,0.8666666670516379,0.9608940932183125,0.9938861326704426,1.0484923705581144,34
SLAP-2M,null,0.9000000003997778,0.9694502421353937,0.9953161323465334,1.0553438691257393,34
SLAP-2M,null,0.9333333337479177,0.9604197197184393,0.9971636263981927,1.0457437611843523,34
SLAP-2M,null,0.9666666670960576,0.971068576194957,0.9963758948737631,1.0488609649781262,34
SLAP-2M,null,1.0000000004441976,0.9713667399115216,0.9953587789196541,1.050576301472898,34
SLAP-2M,null,1.0333333337923374,0.9700474478205537,0.9959823186083523,1.0469965665956305,34
SLAP-2M,null,1.0666666671404774,0.9705744350231378,0.9970223126836554,1.0463286891328654,34
SLAP-2M,null,1.1000000004886172,0.9704509263565553,0.996974203671182,1.0474057167170416,34
SLAP-2M,null,1.1333333338367573,0.9813807166713323,0.9983005719364632,1.0465010629341416,34
SLAP-2M,null,1.166666667184897,0.9727527002795193,1.0028467344646357,1.042022410099119,34
SLAP-2M,null,1.2000000005330371,0.9713021815489542,0.9949464480820548,1.0437751751099522,34
SLAP-2M,null,1.233333333881177,0.9828293288077001,0.9979423747005405,1.0397103161925467,34
SLAP-2M,null,1.266666667229317,0.9825261305115298,0.9972785170172433,1.0484499526128737,34
SLAP-2M,null,1.3000000005774568,0.9779107411696546,0.997208262945446,1.0430828288103484,34
SLAP-2M,null,1.3333333339255968,0.9757229763744987,0.9994816110580977,1.0418315142905714,34
SLAP-2M,null,1.3666666672737366,0.979304289754816,0.9981087218919269,1.0436252343973893,34
SLAP-2M,null,1.4000000006218767,0.9783913850026366,0.9996812982069536,1.0414917044581324,34
SLAP-2M,null,1.4333333339700165,0.9757424789454071,1.0007878865716127,1.0494191946915707,34
SLAP-2M,null,1.4666666673181565,0.9768168605870697,1.0004781607408948,1.0416504499051333,34
SLAP-2M,null,1.5000000006662964,0.9760471131543372,1.0020721464116615,1.0430240067123802,34
SLAP-2M,null,1.5333333340144362,0.9803533267750983,1.0040342526127022,1.036478906813759,34
SLAP-2M,null,1.5666666673625762,0.9803321825333972,1.0100880791491473,1.0397542253409533,34
SLAP-2M,null,1.600000000710716,0.9813616841987678,1.0092425070203925,1.0463143422380397,34
SLAP-2M,null,1.633333334058856,0.974739717734433,1.0047573790635833,1.0489662663665353,34
SLAP-2M,null,1.6666666674069959,0.9782922569067404,1.0142030935509736,1.0454324553620407,34
SLAP-2M,null,1.700000000755136,0.9773476565097898,1.0063701882897642,1.0476339140088435,34
SLAP-2M,null,1.7333333341032757,0.9808967281693352,1.0147031978916545,1.050418032845192,34
SLAP-2M,null,1.7666666674514158,0.9783968807246702,1.0123866107028507,1.0546623810043925,34
SLAP-2M,null,1.8000000007995556,0.9749398094105006,1.0081613846381963,1.0410586558262986,34
SLAP-2M,null,1.8333333341476956,0.9697588801183007,1.0042351686370012,1.0474914339573953,34
SLAP-2M,null,1.8666666674958354,0.9757943204064353,0.9964803622169855,1.0466901237880832,34
SLAP-2M,null,1.9000000008439755,0.9736968756107245,0.992972633929925,1.0421349319777176,34
SLAP-2M,null,1.9333333341921153,0.9679379848078307,0.9887358518586664,1.0373993976705276,34
SLAP-2M,null,1.9666666675402553,0.9631280131327082,0.9920213302444655,1.030396619071134,34
SLAP-2M,null,2.000000000888395,0.9635665485357305,0.9919523734038376,1.0270026771677072,34
SLAP-2M,null,2.033333334236535,0.9590440312982991,0.99573637847744,1.0412173898993913,34
SLAP-2M,null,2.0666666675846748,0.9628927356033883,0.999559085212776,1.0409568962453108,34
SLAP-2M,null,2.100000000932815,0.974578856791096,0.9983108287052362,1.0363971622005275,34
SLAP-2M,null,2.133333334280955,0.9709306445123119,1.0050479462316697,1.0424312367990314,34
SLAP-2M,null,2.166666667629095,0.9753281613492109,1.0048798970573818,1.0461247293200353,34
SLAP-2M,null,2.2000000009772345,0.9800185873697702,1.0071909158577232,1.0465514403448342,34
SLAP-2M,null,2.2333333343253745,0.9800158120688127,1.0094052238076445,1.046612979252563,34
SLAP-2M,null,2.2666666676735145,0.9791534665488472,1.010463802275185,1.035445705530027,34
SLAP-2M,null,2.3000000010216546,0.976034652187019,1.011422295443197,1.0447329970503914,34
SLAP-2M,null,2.333333334369794,0.9769887827330423,1.0116716728787098,1.0487014129713619,34
SLAP-2M,null,2.366666667717934,0.975092783616295,1.013426985212659,1.0511809041542748,34
SLAP-2M,null,2.4000000010660743,0.9794940242047039,1.0197815268579609,1.0484958236506619,34
SLAP-2M,null,2.4333333344142143,0.9761084722758164,1.0205242551131164,1.051633354062182,34
SLAP-2M,null,2.466666667762354,0.9762938049102496,1.0217634825790518,1.0464559994918576,34
SLAP-2M,null,2.500000001110494,0.9733936707115707,1.02509548769844,1.0539369469671729,34
SLAP-2M,null,2.533333334458634,0.977663753168195,1.0196381169858786,1.047890496425592,34
SLAP-2M,null,2.5666666678067735,0.9798758582019954,1.0149664690599578,1.042048997392072,34
SLAP-2M,null,2.6000000011549136,0.9817458241154791,1.0161613769007607,1.05032545299997,34
SLAP-2M,null,2.6333333345030536,0.9828886621140768,1.0205084322193085,1.0533330616847445,34
SLAP-2M,null,2.6666666678511937,0.9888199383357472,1.010610914570767,1.0517346195679649,34
SLAP-2M,null,2.7000000011993333,0.9833335663547252,1.0202651480689078,1.0481726828154945,34
SLAP-2M,null,2.7333333345474733,0.9833335664909424,1.0146350629423089,1.0467757163057168,34
SLAP-2M,null,2.7666666678956133,0.9840589378896313,1.0163572367712612,1.0487077709895285,34
SLAP-2M,null,2.8000000012437534,0.9874042004353434,1.018444450926089,1.0425698736914295,34
SLAP-2M,null,2.833333334591893,0.9861174496387792,1.0231067196837025,1.0470053207108831,34
SLAP-2M,null,2.866666667940033,0.985629143068353,1.0171808860686355,1.045792318277269,34
SLAP-2M,null,2.900000001288173,0.9876082546510083,1.0109739693779654,1.0422848313061603,34
SLAP-2M,null,2.933333334636313,0.9813422560764256,1.0075738836440697,1.050805818960765,34
SLAP-2M,null,2.9666666679844527,0.9872933966017793,1.00949949792299,1.05240047832267,34
SLAP-2M,null,3.0000000013325927,0.9856148810219498,1.0109609775031547,1.0580431509412647,34
SLAP-2M,null,3.0333333346807327,0.9835662929867739,1.011127589527393,1.0562192965456099,34
SLAP-2M,null,3.0666666680288723,0.9862077291427772,1.0074874447030178,1.0550705222299803,34
SLAP-2M,null,3.1000000013770124,0.9864420538536942,1.0091913742180019,1.0583782903996355,34
SLAP-2M,null,3.1333333347251524,0.9721367970982182,1.0074159810573868,1.0527565705611421,34
SLAP-2M,null,3.1666666680732924,0.9770077270324837,1.000236227440511,1.0590121967557202,34
SLAP-2M,null,3.200000001421432,0.97640385717358,0.9994167303194861,1.0558021678702065,34
SLAP-2M,null,3.233333334769572,0.9813064719422706,1.00720282467327,1.0583580574943678,34
SLAP-2M,null,3.266666668117712,0.9839517620420262,1.008518683551808,1.0637031705904116,34
SLAP-2M,null,3.300000001465852,0.9819851855934054,1.0090836547522977,1.0655167524550573,34
SLAP-2M,null,3.3333333348139917,0.9827002279853607,1.0042343566168368,1.0738048203270103,34
SLAP-2M,null,3.366666668162132,0.9833261945047094,1.0033539769913005,1.0705573633727266,34
SLAP-2M,null,3.400000001510272,0.9848493332835465,1.0096228559470333,1.062715204892105,34
SLAP-2M,null,3.433333334858412,0.981783770452789,1.0127984366913534,1.0642378224766007,34
SLAP-2M,null,3.4666666682065514,0.9813390249573251,1.0132295404756912,1.0612279585880602,34
SLAP-2M,null,3.5000000015546915,0.9797654836316252,1.0092970126421796,1.0665394901239023,34
SLAP-2M,null,3.5333333349028315,0.9793197520928802,1.0083148733057516,1.061483928265504,34
SLAP-2M,null,3.566666668250971,0.9801519195295608,1.013205491505504,1.0527501018474499,34
SLAP-2M,null,3.600000001599111,0.9857429918888838,1.0149449821070489,1.0450897757305473,34
SLAP-2M,null,3.633333334947251,0.9870143723355375,1.0158437682864785,1.0518944696457206,34
SLAP-2M,null,3.6666666682953912,0.985560358334292,1.0103771143506681,1.0447947989989332,34
SLAP-2M,null,3.700000001643531,0.9807474888379615,1.0081452245938123,1.0462955981510094,34
SLAP-2M,null,3.733333334991671,0.984220879334178,1.0114407435524282,1.0440242116336598,34
SLAP-2M,null,3.766666668339811,0.9842156708788175,1.0051422143160487,1.0468769592270986,34
SLAP-2M,null,3.800000001687951,0.9796767475949633,1.0077698891955444,1.049262115713841,34
SLAP-2M,null,3.8333333350360905,0.980706161195845,1.0076699216580676,1.0495392352023107,34
SLAP-2M,null,3.8666666683842306,0.9843170058753875,1.0081355167282013,1.0479960371954975,34
SLAP-2M,null,3.9000000017323706,0.9856802137482918,1.0047491391204544,1.047971540710061,34
SLAP-2M,null,3.9333333350805106,0.9898763829549502,1.0130752222020858,1.0493017326653706,34
SLAP-2M,null,3.9666666684286502,0.984563680584708,1.015816618655422,1.0486821927486925,34
SLAP-2M,null,4.00000000177679,0.9828997156860912,1.0191157319445936,1.049445243262817,34
SLAP-2M,null,4.03333333512493,0.9812640846709704,1.0181625309104299,1.0480679761043237,34
SLAP-2M,null,4.06666666847307,0.9830695119966112,1.0176384165451784,1.048787947228731,34
SLAP-2M,null,4.10000000182121,0.9834900910156283,1.0164708795658992,1.0479801956021477,34
SLAP-2M,null,4.1333333351693495,0.9834056343302567,1.0210123765355763,1.0491338372024872,34
SLAP-2M,null,4.16666666851749,0.984449026172469,1.01639760556505,1.0422529290835718,34
SLAP-2M,null,4.20000000186563,0.9845209461739156,1.0135916978875237,1.0475878272868318,34
SLAP-2M,null,4.23333333521377,0.9842215240231148,1.0197665985998197,1.0507215595360648,34
SLAP-2M,null,4.26666666856191,0.9836084713383064,1.011412164490233,1.0477354823700704,34
SLAP-2M,null,4.30000000191005,0.9841948881435535,1.0116760701822607,1.0494044458089835,34
SLAP-2M,null,4.33333333525819,0.980700427332279,1.0080190398935325,1.06212554991093,34
SLAP-2M,null,4.36666666860633,0.9863221513302246,1.0076644198385398,1.0626323566916251,34
SLAP-2M,null,4.400000001954469,0.9816542955227062,1.011892602598335,1.060681824249913,34
SLAP-2M,null,4.433333335302609,0.9861638090218662,1.0088793023536504,1.060053387073928,34
SLAP-2M,null,4.466666668650749,0.9840153192246347,1.0033809730270056,1.060157051037751,34
SLAP-2M,null,4.500000001998889,0.9832726101782564,1.0058545485049462,1.0588424279954483,34
SLAP-2M,null,4.533333335347029,0.9781021456090179,1.0224864646298721,1.053100288557089,34
SLAP-2M,null,4.566666668695169,0.9769668943743194,1.0099869413167795,1.0553530522341517,34
SLAP-2M,null,4.600000002043309,0.9830543970851262,1.0077655553672988,1.0576631025251275,34
SLAP-2M,null,4.633333335391448,0.9851674784922735,1.0128592089241764,1.0584570739127013,34
SLAP-2M,null,4.666666668739588,0.9839824585842998,1.0117839290918405,1.0582991596899132,34
SLAP-2M,null,4.700000002087728,0.982129826112822,1.0098837816993573,1.0612259097930616,34
SLAP-2M,null,4.733333335435868,0.9787991361759634,1.0087173615621547,1.0612243953463918,34
SLAP-2M,null,4.7666666687840085,0.9792182022889669,1.0077081917967108,1.0460877781793954,34
SLAP-2M,null,4.8000000021321485,0.9745667716622591,1.0085144349078923,1.044487140643362,34
SLAP-2M,null,4.8333333354802885,0.976023992632385,1.0069248331377154,1.0511966016018732,34
SLAP-2M,null,4.866666668828429,0.9766416361490861,1.0083490387844531,1.0403915776612351,34
SLAP-2M,null,4.900000002176568,0.9787392978884584,1.0042573678653306,1.0551338277298488,34
SLAP-2M,null,4.933333335524708,0.977360417686462,1.0052255261334255,1.0518151403834288,34
SLAP-2M,null,4.966666668872848,0.9805924805846207,1.003638085725221,1.0539706736815546,34
SLAP-2M,null,5.000000002220988,0.9831568422412451,1.0041469552339548,1.0578572215264135,34
s-DANNCE SCN2A,near,-5.0,1.146521800368168,1.3725452895065366,1.5698658635628688,29
s-DANNCE SCN2A,near,-4.98,1.1851444640920699,1.3477697626924448,1.5702486603704326,29
s-DANNCE SCN2A,near,-4.96,1.146521800368168,1.307504792040632,1.52094181009188,29
s-DANNCE SCN2A,near,-4.94,1.146521800368168,1.3523929115471418,1.530117612742016,29
s-DANNCE SCN2A,near,-4.92,1.17230431414588,1.347799046049821,1.5702486603704326,29
s-DANNCE SCN2A,near,-4.9,1.17230431414588,1.3650532562582813,1.5702486603704326,29
s-DANNCE SCN2A,near,-4.88,1.1784529937928392,1.3650532562582813,1.6021812254629588,29
s-DANNCE SCN2A,near,-4.86,1.2001909228084005,1.3803018304010632,1.6021812254629588,29
s-DANNCE SCN2A,near,-4.84,1.1985150585060491,1.3803018304010632,1.561399611464143,29
s-DANNCE SCN2A,near,-4.82,1.1571510707797912,1.3419668619775775,1.6140038061275224,29
s-DANNCE SCN2A,near,-4.8,1.138215547649983,1.3419668619775775,1.6039767236596236,29
s-DANNCE SCN2A,near,-4.78,1.1254190289762132,1.3419668619775775,1.590874659199525,29
s-DANNCE SCN2A,near,-4.76,1.1098392370677517,1.3419668619775775,1.590874659199525,29
s-DANNCE SCN2A,near,-4.74,1.1137025992883287,1.3419668619775775,1.590874659199525,29
s-DANNCE SCN2A,near,-4.72,1.1137025992883287,1.3475011791676592,1.5076208274041183,29
s-DANNCE SCN2A,near,-4.7,1.1137025992883287,1.3475011791676592,1.5076208274041183,29
s-DANNCE SCN2A,near,-4.68,1.126021182947475,1.3475011791676592,1.5076208274041183,29
s-DANNCE SCN2A,near,-4.66,1.126021182947475,1.357561223010026,1.5076208274041183,29
s-DANNCE SCN2A,near,-4.64,1.126021182947475,1.341012777427941,1.4634179173405197,29
s-DANNCE SCN2A,near,-4.62,1.1448593598664023,1.3750191048222409,1.5131986813033595,29
s-DANNCE SCN2A,near,-4.6,1.127349298467077,1.3650532562582813,1.5522162453447725,29
s-DANNCE SCN2A,near,-4.58,1.1596919783383894,1.3650532562582813,1.607349457095952,29
s-DANNCE SCN2A,near,-4.56,1.1596919783383894,1.3650532562582813,1.548158825407857,29
s-DANNCE SCN2A,near,-4.54,1.1744084090306888,1.3650532562582813,1.529314329013126,29
s-DANNCE SCN2A,near,-4.52,1.146521800368168,1.376609488968858,1.548158825407857,29
s-DANNCE SCN2A,near,-4.5,1.17230431414588,1.376609488968858,1.5423846501161889,29
s-DANNCE SCN2A,near,-4.48,1.1186351917056474,1.376609488968858,1.548158825407857,29
s-DANNCE SCN2A,near,-4.46,1.140800958339928,1.376609488968858,1.548158825407857,29
s-DANNCE SCN2A,near,-4.44,1.140800958339928,1.3315408124080133,1.5422128587129071,29
s-DANNCE SCN2A,near,-4.42,1.140800958339928,1.3315408124080133,1.5422128587129071,29
s-DANNCE SCN2A,near,-4.4,1.140800958339928,1.3315408124080133,1.5423846501161889,29
s-DANNCE SCN2A,near,-4.38,1.140800958339928,1.3315408124080133,1.5423846501161889,29
s-DANNCE SCN2A,near,-4.36,1.140800958339928,1.3315408124080133,1.5522162453447725,29
s-DANNCE SCN2A,near,-4.34,1.140800958339928,1.3315408124080133,1.5702486603704326,29
s-DANNCE SCN2A,near,-4.32,1.1871005361673066,1.3213409519813515,1.5702486603704326,29
s-DANNCE SCN2A,near,-4.3,1.1851444640920699,1.2776286477044216,1.5702486603704326,29
s-DANNCE SCN2A,near,-4.28,1.1851444640920699,1.3037304812912818,1.5522162453447725,29
s-DANNCE SCN2A,near,-4.26,1.175063097111134,1.3213409519813515,1.5522162453447725,29
s-DANNCE SCN2A,near,-4.24,1.1444177054833593,1.3211147628384492,1.5522162453447725,29
s-DANNCE SCN2A,near,-4.22,1.1444177054833593,1.3211147628384492,1.5522162453447725,29
s-DANNCE SCN2A,near,-4.2,1.1444177054833593,1.2873723067147256,1.5702486603704326,29
s-DANNCE SCN2A,near,-4.18,1.1364571080343233,1.2873723067147256,1.5292644925817243,29
s-DANNCE SCN2A,near,-4.16,1.1444177054833593,1.3106887132688851,1.5076208274041183,29
s-DANNCE SCN2A,near,-4.14,1.17230431414588,1.3122461269655559,1.497083033593593,29
s-DANNCE SCN2A,near,-4.12,1.1235791407364633,1.3122461269655559,1.536100597635006,29
s-DANNCE SCN2A,near,-4.1,1.0934481408872125,1.343978168769134,1.536100597635006,29
s-DANNCE SCN2A,near,-4.08,1.086598134475796,1.343978168769134,1.536100597635006,29
s-DANNCE SCN2A,near,-4.06,1.1235791407364633,1.317185188781631,1.4648517381740598,29
s-DANNCE SCN2A,near,-4.04,1.1346733954866512,1.317185188781631,1.425834174132647,29
s-DANNCE SCN2A,near,-4.02,1.1406073853885097,1.317185188781631,1.4809673858838264,29
s-DANNCE SCN2A,near,-4.0,1.1406073853885097,1.312832540253098,1.4563207925209833,29
s-DANNCE SCN2A,near,-3.98,1.1406073853885097,1.328832985229607,1.4563207925209833,29
s-DANNCE SCN2A,near,-3.96,1.1406073853885097,1.312832540253098,1.4186851288194742,29
s-DANNCE SCN2A,near,-3.94,1.1406073853885097,1.2927683709818467,1.4186851288194742,29
s-DANNCE SCN2A,near,-3.92,1.1406073853885097,1.331206532265309,1.4186851288194742,29
s-DANNCE SCN2A,near,-3.9,1.1406073853885097,1.3138489187330962,1.4734249655527294,29
s-DANNCE SCN2A,near,-3.88,1.1406073853885097,1.3138489187330962,1.4336642446774575,29
s-DANNCE SCN2A,near,-3.86,1.1406073853885097,1.3138489187330962,1.4336642446774575,29
s-DANNCE SCN2A,near,-3.84,1.1406073853885097,1.346896928059249,1.4336642446774575,29
s-DANNCE SCN2A,near,-3.82,1.1406073853885097,1.356485454658639,1.4486260952974277,29
s-DANNCE SCN2A,near,-3.8,1.1406073853885097,1.3190673855150923,1.4486260952974277,29
s-DANNCE SCN2A,near,-3.78,1.1406073853885097,1.3075291676888656,1.4818089419038634,29
s-DANNCE SCN2A,near,-3.76,1.1371693367388065,1.3075291676888656,1.4818089419038634,29
s-DANNCE SCN2A,near,-3.74,1.1371693367388065,1.335415776351386,1.4691237595673834,29
s-DANNCE SCN2A,near,-3.72,1.1596919783383894,1.335415776351386,1.4818089419038634,29
s-DANNCE SCN2A,near,-3.7,1.1501681153767496,1.346896928059249,1.4382830059718366,29
s-DANNCE SCN2A,near,-3.68,1.1683344206394144,1.2948548699573097,1.4667468420905476,29
s-DANNCE SCN2A,near,-3.66,1.1935877877905392,1.272965678085062,1.4667468420905476,29
s-DANNCE SCN2A,near,-3.64,1.2000816799628722,1.2948548699573097,1.4757676172844547,29
s-DANNCE SCN2A,near,-3.62,1.2000816799628722,1.2948548699573097,1.484048497296381,29
s-DANNCE SCN2A,near,-3.6,1.1753078220401103,1.3411133290390442,1.5017470895789926,29
s-DANNCE SCN2A,near,-3.58,1.1935877877905392,1.3236782805830625,1.4802954947487585,29
s-DANNCE SCN2A,near,-3.56,1.1935877877905392,1.3113977410224371,1.5131856864280013,29
s-DANNCE SCN2A,near,-3.54,1.153839536969686,1.2913030833308072,1.4734249655527294,29
s-DANNCE SCN2A,near,-3.52,1.1735236185192879,1.2948548699573097,1.4771728916601117,29
s-DANNCE SCN2A,near,-3.5,1.2128917816184912,1.2948548699573097,1.4757676172844547,29
s-DANNCE SCN2A,near,-3.48,1.2128917816184912,1.3236782805830625,1.4818089419038634,29
s-DANNCE SCN2A,near,-3.46,1.1954403073660167,1.2948548699573097,1.4818089419038634,29
s-DANNCE SCN2A,near,-3.44,1.1730274104310938,1.3236782805830625,1.4818089419038634,29
s-DANNCE SCN2A,near,-3.42,1.1745829477113126,1.3236782805830625,1.4818089419038634,29
s-DANNCE SCN2A,near,-3.4,1.1745829477113126,1.315567750630288,1.4599698980603963,29
s-DANNCE SCN2A,near,-3.38,1.1954403073660167,1.315567750630288,1.4391742941798678,29
s-DANNCE SCN2A,near,-3.36,1.1954403073660167,1.3295469734216496,1.4709063359834458,29
s-DANNCE SCN2A,near,-3.34,1.1745829477113126,1.3295469734216496,1.4709063359834458,29
s-DANNCE SCN2A,near,-3.32,1.1321437930611258,1.315567750630288,1.520101562564987,29
s-DANNCE SCN2A,near,-3.3,1.1321437930611258,1.2913030833308072,1.4966053457232498,29
s-DANNCE SCN2A,near,-3.28,1.1708394452350386,1.2955563912205716,1.4385458314622337,29
s-DANNCE SCN2A,near,-3.26,1.1985150585060491,1.3181471043560813,1.4385458314622337,29
s-DANNCE SCN2A,near,-3.24,1.1881718787972932,1.3181471043560813,1.4966053457232498,29
s-DANNCE SCN2A,near,-3.22,1.1633319914177171,1.3213173313948527,1.4966053457232498,29
s-DANNCE SCN2A,near,-3.2,1.1633319914177171,1.3213173313948527,1.4966053457232498,29
s-DANNCE SCN2A,near,-3.18,1.1941774915740417,1.3295469734216496,1.4966053457232498,29
s-DANNCE SCN2A,near,-3.16,1.159497494464636,1.287692939278526,1.5137892779105604,29
s-DANNCE SCN2A,near,-3.14,1.159497494464636,1.2825191762075625,1.5137892779105604,29
s-DANNCE SCN2A,near,-3.12,1.1204799304232231,1.2927683709818467,1.5137892779105604,29
s-DANNCE SCN2A,near,-3.1,1.124656788108578,1.3253568657575219,1.5137892779105604,29
s-DANNCE SCN2A,near,-3.08,1.124656788108578,1.328832985229607,1.5158933727953694,29
s-DANNCE SCN2A,near,-3.06,1.1477355296998417,1.2885466425982104,1.5018769018197844,29
s-DANNCE SCN2A,near,-3.04,1.124656788108578,1.2885466425982104,1.4901108590176575,29
s-DANNCE SCN2A,near,-3.02,1.124656788108578,1.2851206809526774,1.4901108590176575,29
s-DANNCE SCN2A,near,-3.0,1.1199879574559422,1.240471381587355,1.5158933727953694,29
s-DANNCE SCN2A,near,-2.98,1.1477355296998417,1.240471381587355,1.5158933727953694,29
s-DANNCE SCN2A,near,-2.96,1.13966574908771,1.240471381587355,1.531696554966508,29
s-DANNCE SCN2A,near,-2.94,1.13966574908771,1.2851206809526774,1.4851677567938557,29
s-DANNCE SCN2A,near,-2.92,1.1306482994883083,1.2851206809526774,1.4851677567938557,29
s-DANNCE SCN2A,near,-2.9,1.1199879574559422,1.2851206809526774,1.4851677567938557,29
s-DANNCE SCN2A,near,-2.88,1.1199879574559422,1.2851206809526774,1.4902344787751407,29
s-DANNCE SCN2A,near,-2.86,1.1199879574559422,1.3058703516381778,1.4902344787751407,29
s-DANNCE SCN2A,near,-2.84,1.1199879574559422,1.3058703516381778,1.4901108590176575,29
s-DANNCE SCN2A,near,-2.82,1.1272661990451032,1.3058703516381778,1.4901108590176575,29
s-DANNCE SCN2A,near,-2.8,1.1199879574559422,1.3214100372468174,1.4901108590176575,29
s-DANNCE SCN2A,near,-2.78,1.1193022767139065,1.3124524525314487,1.4902344787751407,29
s-DANNCE SCN2A,near,-2.76,1.1199879574559422,1.3124524525314487,1.4978188064098563,29
s-DANNCE SCN2A,near,-2.74,1.1199879574559422,1.323752688978543,1.4932844400437726,29
s-DANNCE SCN2A,near,-2.72,1.1199879574559422,1.3377500361447971,1.4932844400437726,29
s-DANNCE SCN2A,near,-2.7,1.1199879574559422,1.3377500361447971,1.4922149539024663,29
s-DANNCE SCN2A,near,-2.68,1.1633319914177171,1.3214100372468174,1.4934165157349397,29
s-DANNCE SCN2A,near,-2.66,1.1633319914177171,1.328832985229607,1.4717976241914767,29
s-DANNCE SCN2A,near,-2.64,1.175482683586351,1.328832985229607,1.4799667326929664,29
s-DANNCE SCN2A,near,-2.62,1.1816242892243787,1.323752688978543,1.4914758269294595,29
s-DANNCE SCN2A,near,-2.6,1.175482683586351,1.323752688978543,1.4914758269294595,29
s-DANNCE SCN2A,near,-2.58,1.202048092456404,1.323752688978543,1.4914758269294595,29
s-DANNCE SCN2A,near,-2.56,1.202048092456404,1.323752688978543,1.4914758269294595,29
s-DANNCE SCN2A,near,-2.54,1.202048092456404,1.3635134098538146,1.4717976241914767,29
s-DANNCE SCN2A,near,-2.52,1.1996382074531133,1.3635134098538146,1.4902344787751407,29
s-DANNCE SCN2A,near,-2.5,1.1996382074531133,1.36585606158554,1.5177974893886703,29
s-DANNCE SCN2A,near,-2.48,1.1932077000688897,1.368915120045405,1.5177974893886703,29
s-DANNCE SCN2A,near,-2.46,1.1996382074531133,1.3798938883230556,1.5271844841723325,29
s-DANNCE SCN2A,near,-2.44,1.165056634016787,1.348000460254311,1.5479887836596937,29
s-DANNCE SCN2A,near,-2.42,1.1534594492480366,1.3814073354781606,1.5479887836596937,29
s-DANNCE SCN2A,near,-2.4,1.1534594492480366,1.36585606158554,1.5343704195906014,29
s-DANNCE SCN2A,near,-2.38,1.1534594492480366,1.36585606158554,1.561509997907958,29
s-DANNCE SCN2A,near,-2.36,1.2025290440540632,1.4032741307290868,1.561509997907958,29
s-DANNCE SCN2A,near,-2.34,1.2231383581219895,1.4032741307290868,1.561509997907958,29
s-DANNCE SCN2A,near,-2.32,1.2309774097167598,1.4097940799041686,1.5479887836596937,29
s-DANNCE SCN2A,near,-2.3,1.2309774097167598,1.3864900079436695,1.532251206153618,29
s-DANNCE SCN2A,near,-2.28,1.2025290440540632,1.385742942578859,1.532251206153618,29
s-DANNCE SCN2A,near,-2.26,1.2309774097167598,1.3864900079436695,1.5177974893886703,29
s-DANNCE SCN2A,near,-2.24,1.2025290440540632,1.3864900079436695,1.503869302215473,29
s-DANNCE SCN2A,near,-2.22,1.2343586726931115,1.3814073354781606,1.4725814941033268,29
s-DANNCE SCN2A,near,-2.2,1.2343586726931115,1.3466774382847364,1.4725814941033268,29
s-DANNCE SCN2A,near,-2.18,1.267341539320566,1.3864900079436695,1.4725814941033268,29
s-DANNCE SCN2A,near,-2.16,1.2545404710475925,1.3545853146717008,1.4725814941033268,29
s-DANNCE SCN2A,near,-2.14,1.267341539320566,1.3545853146717008,1.4725814941033268,29
s-DANNCE SCN2A,near,-2.12,1.2343586726931115,1.3545853146717008,1.4725814941033268,29
s-DANNCE SCN2A,near,-2.1,1.2414083766757475,1.34852982604189,1.4725814941033268,29
s-DANNCE SCN2A,near,-2.08,1.2414083766757475,1.3545853146717008,1.4725814941033268,29
s-DANNCE SCN2A,near,-2.06,1.2362754876259003,1.3864900079436695,1.4430348516043585,29
s-DANNCE SCN2A,near,-2.04,1.270232375921516,1.3545853146717008,1.5076208274041183,29
s-DANNCE SCN2A,near,-2.02,1.2840326233626675,1.334797148132598,1.5076208274041183,29
s-DANNCE SCN2A,near,-2.0,1.2840326233626675,1.3394027783642652,1.5641344895695244,29
s-DANNCE SCN2A,near,-1.98,1.2776286477044216,1.3321540345870693,1.598626707709635,29
s-DANNCE SCN2A,near,-1.96,1.2776286477044216,1.3556677199854663,1.598626707709635,29
s-DANNCE SCN2A,near,-1.94,1.2746523838597548,1.3342334265755191,1.598626707709635,29
s-DANNCE SCN2A,near,-1.92,1.241403459286324,1.3351772358542475,1.6034550267721972,29
s-DANNCE SCN2A,near,-1.9,1.2422771866074998,1.3741653112318013,1.6034550267721972,29
s-DANNCE SCN2A,near,-1.88,1.2831828992805039,1.3741653112318013,1.628639894350451,29
s-DANNCE SCN2A,near,-1.86,1.2482307495828646,1.3938493927814029,1.625331963857289,29
s-DANNCE SCN2A,near,-1.84,1.2095350974089518,1.3750497005409277,1.5744102237743733,29
s-DANNCE SCN2A,near,-1.82,1.2095350974089518,1.393469305059753,1.5744102237743733,29
s-DANNCE SCN2A,near,-1.8,1.2083107172559624,1.3844339730142847,1.5744102237743733,29
s-DANNCE SCN2A,near,-1.78,1.2083107172559624,1.3734051357885018,1.5744102237743733,29
s-DANNCE SCN2A,near,-1.76,1.2083107172559624,1.3533409665172504,1.5744102237743733,29
s-DANNCE SCN2A,near,-1.74,1.2095350974089518,1.3650532562582813,1.5744102237743733,29
s-DANNCE SCN2A,near,-1.72,1.2083107172559624,1.3650532562582813,1.5744102237743733,29
s-DANNCE SCN2A,near,-1.7,1.2022950176932095,1.36585606158554,1.5528171027222557,29
s-DANNCE SCN2A,near,-1.68,1.2020397404646432,1.36585606158554,1.5528171027222557,29
s-DANNCE SCN2A,near,-1.66,1.2020397404646432,1.3726449603452027,1.5039043648007486,29
s-DANNCE SCN2A,near,-1.64,1.2020397404646432,1.3650532562582813,1.461595689385799,29
s-DANNCE SCN2A,near,-1.62,1.2020397404646432,1.3321540345870693,1.461595689385799,29
s-DANNCE SCN2A,near,-1.6,1.1832253892525433,1.3321540345870693,1.461595689385799,29
s-DANNCE SCN2A,near,-1.58,1.1939223235956598,1.3525807910739513,1.5374484361927394,29
s-DANNCE SCN2A,near,-1.56,1.2324418577603227,1.3325166218027,1.5374484361927394,29
s-DANNCE SCN2A,near,-1.54,1.2324418577603227,1.3325166218027,1.5470766663528188,29
s-DANNCE SCN2A,near,-1.52,1.1832253892525433,1.3525807910739513,1.598626707709635,29
s-DANNCE SCN2A,near,-1.5,1.1534859744982082,1.3712537695325557,1.5374484361927394,29
s-DANNCE SCN2A,near,-1.48,1.1832253892525433,1.3725452895065366,1.5374484361927394,29
s-DANNCE SCN2A,near,-1.46,1.1765125039154976,1.3718847849019031,1.5451258335519595,29
s-DANNCE SCN2A,near,-1.44,1.1881713584022795,1.3715046971802536,1.5451258335519595,29
s-DANNCE SCN2A,near,-1.42,1.1941774915740417,1.3404130159370091,1.58588432902286,29
s-DANNCE SCN2A,near,-1.4,1.1985150585060491,1.3419668619775775,1.58588432902286,29
s-DANNCE SCN2A,near,-1.38,1.1920055086628711,1.3419668619775775,1.58588432902286,29
s-DANNCE SCN2A,near,-1.36,1.1881713584022795,1.3419668619775775,1.6142510993543469,29
s-DANNCE SCN2A,near,-1.34,1.1832253892525433,1.3047887609419666,1.5696183204326586,29
s-DANNCE SCN2A,near,-1.32,1.1941774915740417,1.3047887609419666,1.5696183204326586,29
s-DANNCE SCN2A,near,-1.3,1.2280775314709214,1.2864721358471687,1.548934323625668,29
s-DANNCE SCN2A,near,-1.28,1.238372161615131,1.3031845161550073,1.5489358858280697,29
s-DANNCE SCN2A,near,-1.26,1.238372161615131,1.334281010445072,1.5293533497808456,29
s-DANNCE SCN2A,near,-1.24,1.216158713346791,1.32207884898114,1.548934323625668,29
s-DANNCE SCN2A,near,-1.22,1.216158713346791,1.334281010445072,1.549485835106752,29
s-DANNCE SCN2A,near,-1.2,1.1908785223060447,1.334281010445072,1.549485835106752,29
s-DANNCE SCN2A,near,-1.18,1.1881713584022795,1.328832985229607,1.5479887836596937,29
s-DANNCE SCN2A,near,-1.16,1.2132785998852256,1.328832985229607,1.5293533497808456,29
s-DANNCE SCN2A,near,-1.14,1.2132785998852256,1.3037304812912818,1.5293533497808456,29
s-DANNCE SCN2A,near,-1.12,1.2132785998852256,1.3037304812912818,1.5470766663528188,29
s-DANNCE SCN2A,near,-1.1,1.1981197752702513,1.308920903555188,1.4827956657507435,29
s-DANNCE SCN2A,near,-1.08,1.1708394452350386,1.308920903555188,1.4827956657507435,29
s-DANNCE SCN2A,near,-1.06,1.196334782725479,1.3292631979861196,1.444835483848964,29
s-DANNCE SCN2A,near,-1.04,1.241403459286324,1.3403332005231556,1.4502410233786602,29
s-DANNCE SCN2A,near,-1.02,1.241403459286324,1.3639146937595874,1.4899892741995133,29
s-DANNCE SCN2A,near,-1.0,1.2461950362811067,1.4011343020369011,1.4899892741995133,29
s-DANNCE SCN2A,near,-0.98,1.2968981854167327,1.4011343020369011,1.458888188519126,29
s-DANNCE SCN2A,near,-0.96,1.2968981854167327,1.4136703999483562,1.5096733557491149,29
s-DANNCE SCN2A,near,-0.94,1.3020847348598519,1.3720375451746203,1.5297375250203662,29
s-DANNCE SCN2A,near,-0.92,1.2968981854167327,1.3825053160477483,1.4925225405471898,29
s-DANNCE SCN2A,near,-0.9,1.3419668619775775,1.4338265649316804,1.5096733557491149,29
s-DANNCE SCN2A,near,-0.88,1.335415776351386,1.4360068964091828,1.4899892741995133,29
s-DANNCE SCN2A,near,-0.86,1.335415776351386,1.4388325020110377,1.4734249655527294,29
s-DANNCE SCN2A,near,-0.84,1.335415776351386,1.4136703999483562,1.487598941229676,29
s-DANNCE SCN2A,near,-0.82,1.335415776351386,1.4077538427790381,1.4896091864778636,29
s-DANNCE SCN2A,near,-0.8,1.3020847348598519,1.393616506725694,1.528131402134383,29
s-DANNCE SCN2A,near,-0.78,1.3020847348598519,1.393616506725694,1.496399360330805,29
s-DANNCE SCN2A,near,-0.76,1.2885729648279822,1.393616506725694,1.496399360330805,29
s-DANNCE SCN2A,near,-0.74,1.2885729648279822,1.393616506725694,1.5278472188823724,29
s-DANNCE SCN2A,near,-0.72,1.3020847348598519,1.3969665298535725,1.496399360330805,29
s-DANNCE SCN2A,near,-0.7,1.308920903555188,1.3912466924473066,1.5207558476525231,29
s-DANNCE SCN2A,near,-0.68,1.3020847348598519,1.393616506725694,1.5221177621910473,29
s-DANNCE SCN2A,near,-0.66,1.2885729648279822,1.393616506725694,1.510843034696276,29
s-DANNCE SCN2A,near,-0.64,1.2885729648279822,1.4154554539196926,1.528131402134383,29
s-DANNCE SCN2A,near,-0.62,1.2885729648279822,1.4370562974346859,1.5278472188823724,29
s-DANNCE SCN2A,near,-0.6,1.3116033207573277,1.4216781655297028,1.531633761389862,29
s-DANNCE SCN2A,near,-0.58,1.3020847348598519,1.4370562974346859,1.5272401139263518,29
s-DANNCE SCN2A,near,-0.56,1.2752965114388615,1.4199381691849051,1.5272401139263518,29
s-DANNCE SCN2A,near,-0.54,1.2697639179669948,1.4343376416926161,1.5275509456536946,29
s-DANNCE SCN2A,near,-0.52,1.308781482008408,1.436441736577425,1.5275509456536946,29
s-DANNCE SCN2A,near,-0.5,1.2991653322214087,1.436441736577425,1.574267933532095,29
s-DANNCE SCN2A,near,-0.48,1.2991653322214087,1.4347178531397118,1.573028645153392,29
s-DANNCE SCN2A,near,-0.46,1.3211147628384492,1.45806546955218,1.5500624204704292,29
s-DANNCE SCN2A,near,-0.44,1.3106887132688851,1.4521414619869086,1.573028645153392,29
s-DANNCE SCN2A,near,-0.42,1.3106887132688851,1.448143544403521,1.5956193582889018,29
s-DANNCE SCN2A,near,-0.4,1.3394027783642652,1.4272605959506994,1.5880218247150946,29
s-DANNCE SCN2A,near,-0.38,1.3394027783642652,1.435609141347743,1.5880218247150946,29
s-DANNCE SCN2A,near,-0.36,1.340608768397365,1.4442625852591866,1.5903644764468199,29
s-DANNCE SCN2A,near,-0.34,1.3293655564069646,1.4666754821941095,1.6277825455903665,29
s-DANNCE SCN2A,near,-0.32,1.3581353301483121,1.4710653680932109,1.6277825455903665,29
s-DANNCE SCN2A,near,-0.3,1.3717779756165203,1.4689558938031262,1.664142520790337,29
s-DANNCE SCN2A,near,-0.28,1.3717779756165203,1.458888188519126,1.628639894350451,29
s-DANNCE SCN2A,near,-0.26,1.3717779756165203,1.5115012760639557,1.6920902248947713,29
s-DANNCE SCN2A,near,-0.24,1.3912466924473066,1.4906750690311288,1.7025162744643354,29
s-DANNCE SCN2A,near,-0.22,1.3912466924473066,1.4906750690311288,1.7025162744643354,29
s-DANNCE SCN2A,near,-0.2,1.397397652064504,1.492494522249018,1.7015002328885442,29
s-DANNCE SCN2A,near,-0.18,1.4047683877521961,1.491368790738049,1.7025162744643354,29
s-DANNCE SCN2A,near,-0.16,1.3912466924473066,1.4905777073162292,1.7093239470613566,29
s-DANNCE SCN2A,near,-0.14,1.3912466924473066,1.4905777073162292,1.7322901717443195,29
s-DANNCE SCN2A,near,-0.12,1.3912466924473066,1.4808476866416314,1.7405177969299572,29
s-DANNCE SCN2A,near,-0.1,1.3911848566516731,1.5289229476524868,1.7025162744643354,29
s-DANNCE SCN2A,near,-0.08,1.3911848566516731,1.5289229476524868,1.7025162744643354,29
s-DANNCE SCN2A,near,-0.06,1.403013358278517,1.492494522249018,1.7025162744643354,29
s-DANNCE SCN2A,near,-0.04,1.403013358278517,1.490369361921163,1.686733233925847,29
s-DANNCE SCN2A,near,-0.02,1.4135386389869038,1.5116851830257518,1.7025162744643354,29
s-DANNCE SCN2A,near,0.0,1.4135386389869038,1.5653543054659842,1.7326656832917726,29
s-DANNCE SCN2A,near,0.02,1.44170901045243,1.5827315058502327,1.7025162744643354,29
s-DANNCE SCN2A,near,0.04,1.4373917177638054,1.608229479959357,1.696755065770821,29
s-DANNCE SCN2A,near,0.06,1.4088392996277759,1.608229479959357,1.6826121547552688,29
s-DANNCE SCN2A,near,0.08,1.4373917177638054,1.608229479959357,1.6854858681453357,29
s-DANNCE SCN2A,near,0.1,1.411621824054115,1.6162398264259057,1.7025162744643354,29
s-DANNCE SCN2A,near,0.12,1.4365004295557742,1.608229479959357,1.7112544459202748,29
s-DANNCE SCN2A,near,0.14,1.4365004295557742,1.608229479959357,1.7509847363468987,29
s-DANNCE SCN2A,near,0.16,1.4365004295557742,1.5953450090133137,1.744722056484457,29
s-DANNCE SCN2A,near,0.18,1.4047683877521961,1.6097023509014527,1.744722056484457,29
s-DANNCE SCN2A,near,0.2,1.4047683877521961,1.6097023509014527,1.744722056484457,29
s-DANNCE SCN2A,near,0.22,1.3750191048222409,1.6419273192022805,1.7684370501643085,29
s-DANNCE SCN2A,near,0.24,1.4088392996277759,1.6308979043873126,1.773369395809885,29
s-DANNCE SCN2A,near,0.26,1.3750191048222409,1.6810987076001642,1.7742781550487927,29
s-DANNCE SCN2A,near,0.28,1.3750191048222409,1.6853845851787776,1.7123564963832392,29
s-DANNCE SCN2A,near,0.3,1.3680612085808779,1.6935154859415555,1.781500314025867,29
s-DANNCE SCN2A,near,0.32,1.3750191048222409,1.6463670211373649,1.761338614952276,29
s-DANNCE SCN2A,near,0.34,1.4088392996277759,1.6534454752447005,1.7797974738962785,29
s-DANNCE SCN2A,near,0.36,1.4088392996277759,1.627439807445452,1.781500314025867,29
s-DANNCE SCN2A,near,0.38,1.4088392996277759,1.6423111484163702,1.8020033949448737,29
s-DANNCE SCN2A,near,0.4,1.4088392996277759,1.6423111484163702,1.8172155430398251,29
s-DANNCE SCN2A,near,0.42,1.4558918030171442,1.6423111484163702,1.8301876700836133,29
s-DANNCE SCN2A,near,0.44,1.4142438657073386,1.6504348377176856,1.8569762639150968,29
s-DANNCE SCN2A,near,0.46,1.4142438657073386,1.6423111484163702,1.8516105712401933,29
s-DANNCE SCN2A,near,0.48,1.4558918030171442,1.6532223212231636,1.8575704890541962,29
s-DANNCE SCN2A,near,0.5,1.4566830203575254,1.6455778497259144,1.8575704890541962,29
s-DANNCE SCN2A,near,0.52,1.4959296139560823,1.6411762961073744,1.9010133277085468,29
s-DANNCE SCN2A,near,0.54,1.4959296139560823,1.6411762961073744,1.9127037008053756,29
s-DANNCE SCN2A,near,0.56,1.4566830203575254,1.6469100365687375,1.9010133277085468,29
s-DANNCE SCN2A,near,0.58,1.4533842316952525,1.6411762961073744,1.8865919194730094,29
s-DANNCE SCN2A,near,0.6,1.4533842316952525,1.6581285037686753,1.8981539169665842,29
s-DANNCE SCN2A,near,0.62,1.4566830203575254,1.685815295868771,1.8865919194730094,29
s-DANNCE SCN2A,near,0.64,1.4876942214846274,1.685815295868771,1.9132744437637068,29
s-DANNCE SCN2A,near,0.66,1.457808617949933,1.6637670092428842,1.9132744437637068,29
s-DANNCE SCN2A,near,0.68,1.4533842316952525,1.6637670092428842,1.8788750261413598,29
s-DANNCE SCN2A,near,0.7,1.4735167170211592,1.6637670092428842,1.8788750261413598,29
s-DANNCE SCN2A,near,0.72,1.451103820086236,1.6637670092428842,1.7965207907338092,29
s-DANNCE SCN2A,near,0.74,1.4982449670473845,1.685815295868771,1.883348769545785,29
s-DANNCE SCN2A,near,0.76,1.4982449670473845,1.647544001116736,1.883348769545785,29
s-DANNCE SCN2A,near,0.78,1.4735167170211592,1.6327683968787916,1.839636465268855,29
s-DANNCE SCN2A,near,0.8,1.4597254328827218,1.6185855829718645,1.839636465268855,29
s-DANNCE SCN2A,near,0.82,1.4192890837852703,1.6122976341041335,1.8889825468509378,29
s-DANNCE SCN2A,near,0.84,1.4332517463693462,1.6122976341041335,1.8803884732964646,29
s-DANNCE SCN2A,near,0.86,1.4332517463693462,1.6321910319389594,1.8803884732964646,29
s-DANNCE SCN2A,near,0.88,1.4009033305724312,1.6321910319389594,1.8803884732964646,29
s-DANNCE SCN2A,near,0.9,1.4309370295507082,1.647544001116736,1.8827827981938396,29
s-DANNCE SCN2A,near,0.92,1.4057316496349936,1.647544001116736,1.8379301189863915,29
s-DANNCE SCN2A,near,0.94,1.3730363459486181,1.647544001116736,1.8172155430398251,29
s-DANNCE SCN2A,near,0.96,1.3961459891791206,1.647544001116736,1.8172155430398251,29
s-DANNCE SCN2A,near,0.98,1.3961459891791206,1.647544001116736,1.831701117238718,29
s-DANNCE SCN2A,near,1.0,1.3961459891791206,1.647544001116736,1.899693983933108,29
s-DANNCE SCN2A,near,1.02,1.3826863645533962,1.6986614705300438,1.9010133277085468,29
s-DANNCE SCN2A,near,1.04,1.3961459891791206,1.6534454752447005,1.85103218344649,29
s-DANNCE SCN2A,near,1.06,1.3961459891791206,1.608229479959357,1.8819019204515697,29
s-DANNCE SCN2A,near,1.08,1.4047683877521961,1.608229479959357,1.8379301189863915,29
s-DANNCE SCN2A,near,1.1,1.4047683877521961,1.608229479959357,1.8333089771133966,29
s-DANNCE SCN2A,near,1.12,1.4047683877521961,1.6226961364819994,1.8333089771133966,29
s-DANNCE SCN2A,near,1.14,1.3739276341566495,1.6226961364819994,1.8333089771133966,29
s-DANNCE SCN2A,near,1.16,1.4047683877521961,1.5880218247150946,1.8865919194730094,29
s-DANNCE SCN2A,near,1.18,1.3730363459486181,1.5482611038398226,1.8827827981938396,29
s-DANNCE SCN2A,near,1.2,1.3599220446476146,1.5453048321341731,1.8278512493311525,29
s-DANNCE SCN2A,near,1.22,1.3599220446476146,1.4689558938031262,1.826769763574331,29
s-DANNCE SCN2A,near,1.24,1.3599220446476146,1.4687396620892788,1.826769763574331,29
s-DANNCE SCN2A,near,1.26,1.3599220446476146,1.4689558938031262,1.8680584484783633,29
s-DANNCE SCN2A,near,1.28,1.3717779756165203,1.5066091799602601,1.8889825468509378,29
s-DANNCE SCN2A,near,1.3,1.3667903258940748,1.5066091799602601,1.8889825468509378,29
s-DANNCE SCN2A,near,1.32,1.3647503637101768,1.5085003829645507,1.8803884732964646,29
s-DANNCE SCN2A,near,1.34,1.3571284251377076,1.5065351136399272,1.8803884732964646,29
s-DANNCE SCN2A,near,1.36,1.3667903258940748,1.5065351136399272,1.8981539169665842,29
s-DANNCE SCN2A,near,1.38,1.3667903258940748,1.5360273631430328,1.8333089771133966,29
s-DANNCE SCN2A,near,1.4,1.3590941952442894,1.550603755571548,1.8333089771133966,29
s-DANNCE SCN2A,near,1.42,1.3848767090220013,1.5360273631430328,1.8333089771133966,29
s-DANNCE SCN2A,near,1.44,1.3713838882463196,1.5131856864280013,1.8333089771133966,29
s-DANNCE SCN2A,near,1.46,1.3394027783642652,1.552791837086721,1.8333089771133966,29
s-DANNCE SCN2A,near,1.48,1.3392278164031517,1.510352682436534,1.8333089771133966,29
s-DANNCE SCN2A,near,1.5,1.3104635505494935,1.510352682436534,1.8333089771133966,29
s-DANNCE SCN2A,near,1.52,1.2858795656767614,1.5490483346104473,1.831701117238718,29
s-DANNCE SCN2A,near,1.54,1.2858795656767614,1.5066091799602601,1.831701117238718,29
s-DANNCE SCN2A,near,1.56,1.2895616831606582,1.502402971026706,1.8301876700836133,29
s-DANNCE SCN2A,near,1.58,1.3095722623414623,1.5360273631430328,1.8803884732964646,29
s-DANNCE SCN2A,near,1.6,1.3056397190822422,1.5360273631430328,1.8898525519946903,29
s-DANNCE SCN2A,near,1.62,1.303335187977841,1.5360273631430328,1.8898525519946903,29
s-DANNCE SCN2A,near,1.64,1.303335187977841,1.4729107215236006,1.8898525519946903,29
s-DANNCE SCN2A,near,1.66,1.3188537040483435,1.4729107215236006,1.8343578258642814,29
s-DANNCE SCN2A,near,1.68,1.301343642649018,1.4649008688687137,1.8981214723798998,29
s-DANNCE SCN2A,near,1.7,1.2787315087459157,1.4649008688687137,1.8794265024251264,29
s-DANNCE SCN2A,near,1.72,1.2787315087459157,1.4649008688687137,1.8794265024251264,29
s-DANNCE SCN2A,near,1.74,1.2787315087459157,1.4517613742652589,1.8794265024251264,29
s-DANNCE SCN2A,near,1.76,1.2787315087459157,1.4434184720204954,1.8343578258642814,29
s-DANNCE SCN2A,near,1.78,1.2787315087459157,1.447550614633717,1.771387318447843,29
s-DANNCE SCN2A,near,1.8,1.2634745156102938,1.4641700253100733,1.771387318447843,29
s-DANNCE SCN2A,near,1.82,1.2787315087459157,1.4673926926138772,1.771387318447843,29
s-DANNCE SCN2A,near,1.84,1.3257480849127643,1.4673926926138772,1.771387318447843,29
s-DANNCE SCN2A,near,1.86,1.3234676733037474,1.4641700253100733,1.7312995108130154,29
s-DANNCE SCN2A,near,1.88,1.3257480849127643,1.4641700253100733,1.7312995108130154,29
s-DANNCE SCN2A,near,1.9,1.3413043041450403,1.4714454558148606,1.7312995108130154,29
s-DANNCE SCN2A,near,1.92,1.3458805702386707,1.4811750067500435,1.6810987076001642,29
s-DANNCE SCN2A,near,1.94,1.3458805702386707,1.5059122267785399,1.6782996970426192,29
s-DANNCE SCN2A,near,1.96,1.3413043041450403,1.5147993988663704,1.6534454752447005,29
s-DANNCE SCN2A,near,1.98,1.3377957909254103,1.5308777881853153,1.6534454752447005,29
s-DANNCE SCN2A,near,2.0,1.3234676733037474,1.5308777881853153,1.6607629168632592,29
s-DANNCE SCN2A,near,2.02,1.314112439660235,1.5155283381597267,1.6534454752447005,29
s-DANNCE SCN2A,near,2.04,1.3056397190822422,1.510667256253149,1.647544001116736,29
s-DANNCE SCN2A,near,2.06,1.314112439660235,1.4771728916601117,1.6327590290605696,29
s-DANNCE SCN2A,near,2.08,1.3056397190822422,1.4635590627482995,1.5856223424511824,29
s-DANNCE SCN2A,near,2.1,1.2796227969539469,1.4635590627482995,1.6332310204817742,29
s-DANNCE SCN2A,near,2.12,1.309284120597673,1.4635590627482995,1.6332310204817742,29
s-DANNCE SCN2A,near,2.14,1.2861996582406745,1.458888188519126,1.596017772985431,29
s-DANNCE SCN2A,near,2.16,1.2880589385655803,1.458888188519126,1.596017772985431,29
s-DANNCE SCN2A,near,2.18,1.2861996582406745,1.47811026901618,1.6096141143837221,29
s-DANNCE SCN2A,near,2.2,1.2622764247878684,1.4654758776810883,1.6096141143837221,29
s-DANNCE SCN2A,near,2.22,1.2482394763388949,1.4654758776810883,1.6096141143837221,29
s-DANNCE SCN2A,near,2.24,1.2207656048377733,1.438349548140908,1.608229479959357,29
s-DANNCE SCN2A,near,2.26,1.2207656048377733,1.4757676172844547,1.628918108211674,29
s-DANNCE SCN2A,near,2.28,1.2107113972324446,1.4757676172844547,1.6481679443264787,29
s-DANNCE SCN2A,near,2.3,1.2482394763388949,1.4757676172844547,1.6486021897612755,29
s-DANNCE SCN2A,near,2.32,1.2102792944371155,1.4833223890589682,1.6486021897612755,29
s-DANNCE SCN2A,near,2.34,1.2245091073140473,1.4346350330012219,1.6534454752447005,29
s-DANNCE SCN2A,near,2.36,1.2482394763388949,1.49802499079924,1.6534454752447005,29
s-DANNCE SCN2A,near,2.38,1.2482394763388949,1.47811026901618,1.6481679443264787,29
s-DANNCE SCN2A,near,2.4,1.2482394763388949,1.4616422478155107,1.6481679443264787,29
s-DANNCE SCN2A,near,2.42,1.2482394763388949,1.4434184720204954,1.611217938929287,29
s-DANNCE SCN2A,near,2.44,1.217074392438287,1.4331215858461168,1.593741800551636,29
s-DANNCE SCN2A,near,2.46,1.2238694904394585,1.4635590627482995,1.616332513687146,29
s-DANNCE SCN2A,near,2.48,1.218089412085615,1.4434184720204954,1.616332513687146,29
s-DANNCE SCN2A,near,2.5,1.23066458844063,1.4434184720204954,1.5933662890041829,29
s-DANNCE SCN2A,near,2.52,1.2005793506862896,1.4425302646688312,1.574267933532095,29
s-DANNCE SCN2A,near,2.54,1.218089412085615,1.4559973519181764,1.5985988441394405,29
s-DANNCE SCN2A,near,2.56,1.218089412085615,1.4331215858461168,1.6162846609105723,29
s-DANNCE SCN2A,near,2.58,1.1994995045400223,1.42547437313616,1.593741800551636,29
s-DANNCE SCN2A,near,2.6,1.2341674480071991,1.4172888651062303,1.616332513687146,29
s-DANNCE SCN2A,near,2.62,1.223960085303702,1.4776863210839497,1.574267933532095,29
s-DANNCE SCN2A,near,2.64,1.2238694904394585,1.4351409388231204,1.5791176652422876,29
s-DANNCE SCN2A,near,2.66,1.223960085303702,1.4575538357580433,1.5985988441394405,29
s-DANNCE SCN2A,near,2.68,1.2790932970548816,1.4331215858461168,1.6155814905922394,29
s-DANNCE SCN2A,near,2.7,1.2790932970548816,1.4360068964091828,1.690184671704956,29
s-DANNCE SCN2A,near,2.72,1.298479591693535,1.432104215099267,1.6580735485044023,29
s-DANNCE SCN2A,near,2.74,1.3159896530928603,1.4029858113361338,1.6481679443264787,29
s-DANNCE SCN2A,near,2.76,1.3159896530928603,1.432104215099267,1.6481679443264787,29
s-DANNCE SCN2A,near,2.78,1.3181108610962946,1.432104215099267,1.6481679443264787,29
s-DANNCE SCN2A,near,2.8,1.3292631979861196,1.44449293230842,1.6481679443264787,29
s-DANNCE SCN2A,near,2.82,1.3334997144921859,1.4331215858461168,1.637796692180296,29
s-DANNCE SCN2A,near,2.84,1.3236782805830625,1.432104215099267,1.637796692180296,29
s-DANNCE SCN2A,near,2.86,1.3334997144921859,1.439286329407274,1.611217938929287,29
s-DANNCE SCN2A,near,2.88,1.3588281063903642,1.439286329407274,1.6135829106359512,29
s-DANNCE SCN2A,near,2.9,1.3292631979861196,1.4097940799041686,1.6135829106359512,29
s-DANNCE SCN2A,near,2.92,1.3236782805830625,1.4097940799041686,1.6097023509014527,29
s-DANNCE SCN2A,near,2.94,1.3292631979861196,1.432104215099267,1.5696490412263138,29
s-DANNCE SCN2A,near,2.96,1.3292631979861196,1.432104215099267,1.5696490412263138,29
s-DANNCE SCN2A,near,2.98,1.338416385590367,1.4309370295507082,1.5386437081010125,29
s-DANNCE SCN2A,near,3.0,1.3292631979861196,1.410872860279457,1.5386437081010125,29
s-DANNCE SCN2A,near,3.02,1.304847954325548,1.4150084534972138,1.5441191518478812,29
s-DANNCE SCN2A,near,3.04,1.338416385590367,1.4286661212304295,1.5386437081010125,29
s-DANNCE SCN2A,near,3.06,1.3116922770881492,1.415388287760118,1.5441191518478812,29
s-DANNCE SCN2A,near,3.08,1.304847954325548,1.3884286750875727,1.5441191518478812,29
s-DANNCE SCN2A,near,3.1,1.312072364809799,1.3884286750875727,1.5441191518478812,29
s-DANNCE SCN2A,near,3.12,1.304847954325548,1.369578682772739,1.5441191518478812,29
s-DANNCE SCN2A,near,3.14,1.304847954325548,1.3718847849019031,1.4996261440595995,29
s-DANNCE SCN2A,near,3.16,1.304847954325548,1.4056596759602273,1.5000992180188728,29
s-DANNCE SCN2A,near,3.18,1.3079537828018597,1.4065771215637268,1.4799667326929664,29
s-DANNCE SCN2A,near,3.2,1.2755785855496047,1.4065771215637268,1.477042864136822,29
s-DANNCE SCN2A,near,3.22,1.2432033882973494,1.3844342297883703,1.5065351136399272,29
s-DANNCE SCN2A,near,3.24,1.2962322019845827,1.3844342297883703,1.5186662688338366,29
s-DANNCE SCN2A,near,3.26,1.2855460705177726,1.34433956631206,1.4606085800181865,29
s-DANNCE SCN2A,near,3.28,1.2353452673049212,1.3748189223646807,1.5083062888019056,29
s-DANNCE SCN2A,near,3.3,1.2353452673049212,1.348083068788334,1.5261583020820917,29
s-DANNCE SCN2A,near,3.32,1.2101253105776317,1.348083068788334,1.5261583020820917,29
s-DANNCE SCN2A,near,3.34,1.2101253105776317,1.3116033207573277,1.5156708801267462,29
s-DANNCE SCN2A,near,3.36,1.2101253105776317,1.3541428029269134,1.5308052667584768,29
s-DANNCE SCN2A,near,3.38,1.165056634016787,1.366457804225594,1.5186662688338366,29
s-DANNCE SCN2A,near,3.4,1.138215547649983,1.356485454658639,1.5186662688338366,29
s-DANNCE SCN2A,near,3.42,1.165056634016787,1.34433956631206,1.5186662688338366,29
s-DANNCE SCN2A,near,3.44,1.1784529937928392,1.327440240184181,1.4674619313086512,29
s-DANNCE SCN2A,near,3.46,1.165056634016787,1.3113245924744144,1.4674619313086512,29
s-DANNCE SCN2A,near,3.48,1.1927044065388506,1.2855460705177726,1.5083062888019056,29
s-DANNCE SCN2A,near,3.5,1.146077796540584,1.3167247337833667,1.4776863210839497,29
s-DANNCE SCN2A,near,3.52,1.1863152426834405,1.3167247337833667,1.4575538357580433,29
s-DANNCE SCN2A,near,3.54,1.1591463696770208,1.3167247337833667,1.4575538357580433,29
s-DANNCE SCN2A,near,3.56,1.1477355296998417,1.314112439660235,1.4575538357580433,29
s-DANNCE SCN2A,near,3.58,1.1546305844472227,1.3599220446476146,1.4799667326929664,29
s-DANNCE SCN2A,near,3.6,1.2010581689720556,1.3510604401873527,1.4932844400437726,29
s-DANNCE SCN2A,near,3.62,1.2010581689720556,1.3405960638357863,1.4932844400437726,29
s-DANNCE SCN2A,near,3.64,1.184942521262289,1.3042076936045008,1.5023796296278895,29
s-DANNCE SCN2A,near,3.66,1.2238694904394585,1.3213173313948527,1.5023796296278895,29
s-DANNCE SCN2A,near,3.68,1.223960085303702,1.3213173313948527,1.5083062888019056,29
s-DANNCE SCN2A,near,3.7,1.223960085303702,1.3192888801437,1.5083062888019056,29
s-DANNCE SCN2A,near,3.72,1.231646858410453,1.2918250818917474,1.5083062888019056,29
s-DANNCE SCN2A,near,3.74,1.223960085303702,1.2793066646398201,1.5083062888019056,29
s-DANNCE SCN2A,near,3.76,1.20800827249779,1.2793066646398201,1.5000992180188728,29
s-DANNCE SCN2A,near,3.78,1.1573703484478486,1.332719979420414,1.5000992180188728,29
s-DANNCE SCN2A,near,3.8,1.1573703484478486,1.3143820820516416,1.5466828165433508,29
s-DANNCE SCN2A,near,3.82,1.1807206936851151,1.3143820820516416,1.5466828165433508,29
s-DANNCE SCN2A,near,3.84,1.1807206936851151,1.2686247703424098,1.524092103407841,29
s-DANNCE SCN2A,near,3.86,1.1549381799074032,1.276964012908095,1.5470583280908041,29
s-DANNCE SCN2A,near,3.88,1.109215995535179,1.2959572245049689,1.5039043648007486,29
s-DANNCE SCN2A,near,3.9,1.1298093095111095,1.2395459437645484,1.5039043648007486,29
s-DANNCE SCN2A,near,3.92,1.1396307980136735,1.2677555453281086,1.5244676149552943,29
s-DANNCE SCN2A,near,3.94,1.0971916433634865,1.2677555453281086,1.5067324966210343,29
s-DANNCE SCN2A,near,3.96,1.0971916433634865,1.2395459437645484,1.5067324966210343,29
s-DANNCE SCN2A,near,3.98,1.0971916433634865,1.2266914129619564,1.5271844841723325,29
s-DANNCE SCN2A,near,4.0,1.0971916433634865,1.2327354225294576,1.5623785731107662,29
s-DANNCE SCN2A,near,4.02,1.0971916433634865,1.2327354225294576,1.5111742355855813,29
s-DANNCE SCN2A,near,4.04,1.0971916433634865,1.2395459437645484,1.5111742355855813,29
s-DANNCE SCN2A,near,4.06,1.0971916433634865,1.2395459437645484,1.5111742355855813,29
s-DANNCE SCN2A,near,4.08,1.0971916433634865,1.2738444648755447,1.5111742355855813,29
s-DANNCE SCN2A,near,4.1,1.0971916433634865,1.2738444648755447,1.554886539862511,29
s-DANNCE SCN2A,near,4.12,1.0971916433634865,1.2344763017763412,1.5111742355855813,29
s-DANNCE SCN2A,near,4.14,1.0971916433634865,1.2266914129619564,1.503682202337326,29
s-DANNCE SCN2A,near,4.16,1.0971916433634865,1.2634745156102938,1.5272401139263518,29
s-DANNCE SCN2A,near,4.18,1.1066072996466725,1.2634745156102938,1.5272401139263518,29
s-DANNCE SCN2A,near,4.2,1.1009351458397605,1.2634745156102938,1.496399360330805,29
s-DANNCE SCN2A,near,4.22,1.1009351458397605,1.2461950362811067,1.5111742355855813,29
s-DANNCE SCN2A,near,4.24,1.1228433814752652,1.2634745156102938,1.4767658162638873,29
s-DANNCE SCN2A,near,4.26,1.1009351458397605,1.2461950362811067,1.4365283701210307,29
s-DANNCE SCN2A,near,4.28,1.1009351458397605,1.2461950362811067,1.4689035673732858,29
s-DANNCE SCN2A,near,4.3,1.1009351458397605,1.2461950362811067,1.4689035673732858,29
s-DANNCE SCN2A,near,4.32,1.1009351458397605,1.267127762059408,1.4365283701210307,29
s-DANNCE SCN2A,near,4.34,1.0828457119951858,1.2929947562418458,1.4365283701210307,29
s-DANNCE SCN2A,near,4.36,1.0828457119951858,1.2929947562418458,1.4365283701210307,29
s-DANNCE SCN2A,near,4.38,1.0885715429213443,1.2760460862776044,1.4689035673732858,29
s-DANNCE SCN2A,near,4.4,1.0885715429213443,1.2760460862776044,1.4685194931322538,29
s-DANNCE SCN2A,near,4.42,1.109215995535179,1.2760460862776044,1.4685194931322538,29
s-DANNCE SCN2A,near,4.44,1.0970608676975533,1.2861996582406745,1.4787820475936537,29
s-DANNCE SCN2A,near,4.46,1.0885715429213443,1.2861996582406745,1.4787820475936537,29
s-DANNCE SCN2A,near,4.48,1.043355547636001,1.3173647421412824,1.4787820475936537,29
s-DANNCE SCN2A,near,4.5,1.0547524887132997,1.3173647421412824,1.5252186380502004,29
s-DANNCE SCN2A,near,4.52,1.0160568365393865,1.3553249240430618,1.5070074977348766,29
s-DANNCE SCN2A,near,4.54,1.005666921976367,1.334478512193588,1.5070074977348766,29
s-DANNCE SCN2A,near,4.56,1.005666921976367,1.334478512193588,1.5478093511857103,29
s-DANNCE SCN2A,near,4.58,1.005666921976367,1.3546109975194947,1.5021791786723142,29
s-DANNCE SCN2A,near,4.6,0.9981395523506575,1.3667903258940748,1.5021791786723142,29
s-DANNCE SCN2A,near,4.62,1.0837370228019776,1.2650611586558962,1.5021791786723142,29
s-DANNCE SCN2A,near,4.64,1.0547524887132997,1.2369727254987581,1.5021791786723142,29
s-DANNCE SCN2A,near,4.66,1.0547524887132997,1.2664649750018635,1.5374484361927394,29
s-DANNCE SCN2A,near,4.68,1.0758177568000098,1.2589278860785522,1.5252186380502004,29
s-DANNCE SCN2A,near,4.7,1.0758177568000098,1.2209409681635899,1.5022524133672375,29
s-DANNCE SCN2A,near,4.72,1.0934481408872125,1.2318156877247937,1.53049629796161,29
s-DANNCE SCN2A,near,4.74,1.1132358259435564,1.2468620016353484,1.5252186380502004,29
s-DANNCE SCN2A,near,4.76,1.1132358259435564,1.2468620016353484,1.5022524133672375,29
s-DANNCE SCN2A,near,4.78,1.1132358259435564,1.2664649750018635,1.4802954947487585,29
s-DANNCE SCN2A,near,4.8,1.1321437930611258,1.2849545564907219,1.4802954947487585,29
s-DANNCE SCN2A,near,4.82,1.1058403503977274,1.2796227969539469,1.4802954947487585,29
s-DANNCE SCN2A,near,4.84,1.150653895087103,1.2796227969539469,1.4789106771368214,29
s-DANNCE SCN2A,near,4.86,1.150653895087103,1.2796227969539469,1.4789106771368214,29
s-DANNCE SCN2A,near,4.88,1.146077796540584,1.2796227969539469,1.4789106771368214,29
s-DANNCE SCN2A,near,4.9,1.146077796540584,1.2686247703424098,1.4789106771368214,29
s-DANNCE SCN2A,near,4.92,1.1365955781329895,1.2796227969539469,1.4789106771368214,29
s-DANNCE SCN2A,near,4.94,1.0975780140915765,1.267239821388819,1.410387514635386,29
s-DANNCE SCN2A,near,4.96,1.0837370228019776,1.2448269244538959,1.386683723728901,29
s-DANNCE SCN2A,near,4.98,1.0837370228019776,1.2414083766757475,1.4300946915359072,29
s-DANNCE SCN2A,near,5.0,1.0687898016048338,1.2414083766757475,1.4300946915359072,29
s-DANNCE SCN2A,far,-5.0,1.0096933943148856,1.2285036941787402,1.505317669259388,21
s-DANNCE SCN2A,far,-4.98,0.8306371329019412,1.2285036941787402,1.505317669259388,21
s-DANNCE SCN2A,far,-4.96,0.8306371329019412,1.2310607152209214,1.505317669259388,21
s-DANNCE SCN2A,far,-4.94,0.8131407305062197,1.2310607152209214,1.505317669259388,21
s-DANNCE SCN2A,far,-4.92,0.8131407305062197,1.2310607152209214,1.505317669259388,21
s-DANNCE SCN2A,far,-4.9,0.8131407305062197,1.2310607152209214,1.505317669259388,21
s-DANNCE SCN2A,far,-4.88,0.8131407305062197,1.2254346771724973,1.505317669259388,21
s-DANNCE SCN2A,far,-4.86,0.7543395714673176,1.2254346771724973,1.4671830926398204,21
s-DANNCE SCN2A,far,-4.84,0.8131407305062197,1.2254346771724973,1.4671830926398204,21
s-DANNCE SCN2A,far,-4.82,0.8131407305062197,1.2254346771724973,1.4671830926398204,21
s-DANNCE SCN2A,far,-4.8,0.8131407305062197,1.208105655552807,1.4671830926398204,21
s-DANNCE SCN2A,far,-4.78,0.8131407305062197,1.208105655552807,1.4671830926398204,21
s-DANNCE SCN2A,far,-4.76,0.8131407305062197,1.1686681123135367,1.4671830926398204,21
s-DANNCE SCN2A,far,-4.74,0.9469636355854186,1.1686681123135367,1.4671830926398204,21
s-DANNCE SCN2A,far,-4.72,0.9469636355854186,1.1686681123135367,1.4671830926398204,21
s-DANNCE SCN2A,far,-4.7,0.9744952333678846,1.1686681123135367,1.5023137214731441,21
s-DANNCE SCN2A,far,-4.68,0.9744952333678846,1.208105655552807,1.5023137214731441,21
s-DANNCE SCN2A,far,-4.66,0.9744952333678846,1.208105655552807,1.5023137214731441,21
s-DANNCE SCN2A,far,-4.64,0.9744952333678846,1.208105655552807,1.5023137214731441,21
s-DANNCE SCN2A,far,-4.62,0.9744952333678846,1.208105655552807,1.5023137214731441,21
s-DANNCE SCN2A,far,-4.6,0.9744952333678846,1.208105655552807,1.5023137214731441,21
s-DANNCE SCN2A,far,-4.58,0.9469636355854186,1.208105655552807,1.5023137214731441,21
s-DANNCE SCN2A,far,-4.56,0.9469636355854186,1.1526162281397652,1.4713851172877175,21
s-DANNCE SCN2A,far,-4.54,0.9469636355854186,1.1526162281397652,1.4713851172877175,21
s-DANNCE SCN2A,far,-4.52,0.9469636355854186,1.0656378407433684,1.4713851172877175,21
s-DANNCE SCN2A,far,-4.5,0.9744952333678846,1.0656378407433684,1.4713851172877175,21
s-DANNCE SCN2A,far,-4.48,0.9744952333678846,1.0656378407433684,1.4713851172877175,21
s-DANNCE SCN2A,far,-4.46,0.9744952333678846,1.0656378407433684,1.4713851172877175,21
s-DANNCE SCN2A,far,-4.44,0.9744952333678846,1.0656378407433684,1.4671830926398204,21
s-DANNCE SCN2A,far,-4.42,0.9744952333678846,1.0656378407433684,1.3061958735203631,21
s-DANNCE SCN2A,far,-4.4,0.9744952333678846,1.193666830253309,1.3868631800485445,21
s-DANNCE SCN2A,far,-4.38,1.0047993262398702,1.2254346771724973,1.3868631800485445,21
s-DANNCE SCN2A,far,-4.36,0.9469636355854186,1.2254346771724973,1.505317669259388,21
s-DANNCE SCN2A,far,-4.34,0.9469636355854186,1.2254346771724973,1.505317669259388,21
s-DANNCE SCN2A,far,-4.32,0.9469636355854186,1.2254346771724973,1.505317669259388,21
s-DANNCE SCN2A,far,-4.3,1.0047993262398702,1.208105655552807,1.4203487655735982,21
s-DANNCE SCN2A,far,-4.28,0.947330465745349,1.2254346771724973,1.6241587222798077,21
s-DANNCE SCN2A,far,-4.26,0.947330465745349,1.2254346771724973,1.6384368565586938,21
s-DANNCE SCN2A,far,-4.24,0.947330465745349,1.2254346771724973,1.6384368565586938,21
s-DANNCE SCN2A,far,-4.22,0.947330465745349,1.2254346771724973,1.7721328969095007,21
s-DANNCE SCN2A,far,-4.2,0.947330465745349,1.2254346771724973,1.6384368565586938,21
s-DANNCE SCN2A,far,-4.18,0.9469636355854186,1.2254346771724973,1.6384368565586938,21
s-DANNCE SCN2A,far,-4.16,1.0047993262398702,1.2254346771724973,1.6384368565586938,21
s-DANNCE SCN2A,far,-4.14,0.9469636355854186,1.2408084908204635,1.6384368565586938,21
s-DANNCE SCN2A,far,-4.12,0.9469636355854186,1.2408084908204635,1.6384368565586938,21
s-DANNCE SCN2A,far,-4.1,0.9469636355854186,1.2408084908204635,1.6384368565586938,21
s-DANNCE SCN2A,far,-4.08,0.9469636355854186,1.2408084908204635,1.6384368565586938,21
s-DANNCE SCN2A,far,-4.06,0.9469636355854186,1.3061958735203631,1.6118971658468646,21
s-DANNCE SCN2A,far,-4.04,0.9469636355854186,1.3061958735203631,1.6159320049495158,21
s-DANNCE SCN2A,far,-4.02,0.9469636355854186,1.2705174416601357,1.6159320049495158,21
s-DANNCE SCN2A,far,-4.0,0.9469636355854186,1.3061958735203631,1.6384368565586938,21
s-DANNCE SCN2A,far,-3.98,0.9469636355854186,1.370070028502755,1.6384368565586938,21
s-DANNCE SCN2A,far,-3.96,0.9469636355854186,1.370070028502755,1.6384368565586938,21
s-DANNCE SCN2A,far,-3.94,0.9469636355854186,1.370070028502755,1.6384368565586938,21
s-DANNCE SCN2A,far,-3.92,0.9469636355854186,1.370070028502755,1.6384368565586938,21
s-DANNCE SCN2A,far,-3.9,0.9469636355854186,1.370070028502755,1.6563328916527262,21
s-DANNCE SCN2A,far,-3.88,0.9469636355854186,1.370070028502755,1.6563328916527262,21
s-DANNCE SCN2A,far,-3.86,0.9469636355854186,1.370070028502755,1.6563328916527262,21
s-DANNCE SCN2A,far,-3.84,0.9469636355854186,1.370070028502755,1.6563328916527262,21
s-DANNCE SCN2A,far,-3.82,0.9469636355854186,1.3561529292366579,1.6563328916527262,21
s-DANNCE SCN2A,far,-3.8,0.8842367576615069,1.3561529292366579,1.6563328916527262,21
s-DANNCE SCN2A,far,-3.78,0.9469636355854186,1.3561529292366579,1.6422170028961127,21
s-DANNCE SCN2A,far,-3.76,0.9469636355854186,1.3561529292366579,1.6563328916527262,21
s-DANNCE SCN2A,far,-3.74,0.9469636355854186,1.370070028502755,1.6563328916527262,21
s-DANNCE SCN2A,far,-3.72,0.9469636355854186,1.521342173004012,1.6563328916527262,21
s-DANNCE SCN2A,far,-3.7,0.6807295158223086,1.3561529292366579,1.6563328916527262,21
s-DANNCE SCN2A,far,-3.68,0.6807295158223086,1.3561529292366579,1.6563328916527262,21
s-DANNCE SCN2A,far,-3.66,0.6807295158223086,1.3561529292366579,1.7651277486051529,21
s-DANNCE SCN2A,far,-3.64,0.6807295158223086,1.3561529292366579,1.7651277486051529,21
s-DANNCE SCN2A,far,-3.62,0.6807295158223086,1.2582497895201499,1.878186911742724,21
s-DANNCE SCN2A,far,-3.6,0.6807295158223086,1.2582497895201499,1.8807242041328447,21
s-DANNCE SCN2A,far,-3.58,0.6807295158223086,1.2582497895201499,1.8124579415299202,21
s-DANNCE SCN2A,far,-3.56,0.6807295158223086,1.2582497895201499,1.8124579415299202,21
s-DANNCE SCN2A,far,-3.54,0.6807295158223086,1.2408084908204635,1.7760630679056142,21
s-DANNCE SCN2A,far,-3.52,0.6807295158223086,1.2408084908204635,1.6258506751250499,21
s-DANNCE SCN2A,far,-3.5,0.9246988140679225,1.2408084908204635,1.6131972144702427,21
s-DANNCE SCN2A,far,-3.48,0.7359443793373255,1.1526162281397652,1.6131972144702427,21
s-DANNCE SCN2A,far,-3.46,0.7359443793373255,1.1526162281397652,1.6131972144702427,21
s-DANNCE SCN2A,far,-3.44,0.7359443793373255,1.1526162281397652,1.5853667197588703,21
s-DANNCE SCN2A,far,-3.42,0.7359443793373255,1.1526162281397652,1.5853667197588703,21
s-DANNCE SCN2A,far,-3.4,0.7359443793373255,1.2582497895201499,1.5853667197588703,21
s-DANNCE SCN2A,far,-3.38,0.9156762923382509,1.2582497895201499,1.5853667197588703,21
s-DANNCE SCN2A,far,-3.36,0.9156762923382509,1.2582497895201499,1.5853667197588703,21
s-DANNCE SCN2A,far,-3.34,0.9246988140679225,1.2582497895201499,1.5853667197588703,21
s-DANNCE SCN2A,far,-3.32,0.9246988140679225,1.2582497895201499,1.5853667197588703,21
s-DANNCE SCN2A,far,-3.3,0.9246988140679225,1.2582497895201499,1.5853667197588703,21
s-DANNCE SCN2A,far,-3.28,0.9246988140679225,1.3061958735203631,1.5959958222062527,21
s-DANNCE SCN2A,far,-3.26,0.9156762923382509,1.3061958735203631,1.5959958222062527,21
s-DANNCE SCN2A,far,-3.24,0.7359443793373255,1.3061958735203631,1.5959958222062527,21
s-DANNCE SCN2A,far,-3.22,0.7359443793373255,1.3061958735203631,1.60093707389669,21
s-DANNCE SCN2A,far,-3.2,0.7359443793373255,1.0991445253960117,1.60093707389669,21
s-DANNCE SCN2A,far,-3.18,0.7359443793373255,1.0991445253960117,1.60093707389669,21
s-DANNCE SCN2A,far,-3.16,0.7301319139470799,1.0991445253960117,1.60093707389669,21
s-DANNCE SCN2A,far,-3.14,0.7943307986148299,1.0991445253960117,1.6131972144702427,21
s-DANNCE SCN2A,far,-3.12,0.7943307986148299,1.0991445253960117,1.6131972144702427,21
s-DANNCE SCN2A,far,-3.1,0.7943307986148299,1.0991445253960117,1.6131972144702427,21
s-DANNCE SCN2A,far,-3.08,0.7943307986148299,1.1680125289559244,1.6131972144702427,21
s-DANNCE SCN2A,far,-3.06,0.7943307986148299,1.1680125289559244,1.6131972144702427,21
s-DANNCE SCN2A,far,-3.04,0.7943307986148299,1.1680125289559244,1.6131972144702427,21
s-DANNCE SCN2A,far,-3.02,0.7943307986148299,1.1680125289559244,1.6131972144702427,21
s-DANNCE SCN2A,far,-3.0,0.7943307986148299,1.1680125289559244,1.6131972144702427,21
s-DANNCE SCN2A,far,-2.98,0.7943307986148299,1.141006629753009,1.6131972144702427,21
s-DANNCE SCN2A,far,-2.96,0.7943307986148299,1.141006629753009,1.60093707389669,21
s-DANNCE SCN2A,far,-2.94,0.7943307986148299,1.1680125289559244,1.60093707389669,21
s-DANNCE SCN2A,far,-2.92,0.7943307986148299,1.1680125289559244,1.60093707389669,21
s-DANNCE SCN2A,far,-2.9,0.7943307986148299,1.1680125289559244,1.60093707389669,21
s-DANNCE SCN2A,far,-2.88,0.7943307986148299,1.1680125289559244,1.60093707389669,21
s-DANNCE SCN2A,far,-2.86,0.7943307986148299,1.1680125289559244,1.60093707389669,21
s-DANNCE SCN2A,far,-2.84,0.7943307986148299,1.1680125289559244,1.4876261970739586,21
s-DANNCE SCN2A,far,-2.82,0.731907894736842,1.1680125289559244,1.3284913259249187,21
s-DANNCE SCN2A,far,-2.8,0.731907894736842,1.1680125289559244,1.3284913259249187,21
s-DANNCE SCN2A,far,-2.78,0.7943307986148299,1.1680125289559244,1.3284913259249187,21
s-DANNCE SCN2A,far,-2.76,0.7943307986148299,1.1680125289559244,1.3284913259249187,21
s-DANNCE SCN2A,far,-2.74,0.7943307986148299,1.1680125289559244,1.505317669259388,21
s-DANNCE SCN2A,far,-2.72,0.7943307986148299,1.1680125289559244,1.505317669259388,21
s-DANNCE SCN2A,far,-2.7,0.7943307986148299,1.2310607152209214,1.505317669259388,21
s-DANNCE SCN2A,far,-2.68,0.7943307986148299,1.2310607152209214,1.505317669259388,21
s-DANNCE SCN2A,far,-2.66,0.7943307986148299,1.2310607152209214,1.505317669259388,21
s-DANNCE SCN2A,far,-2.64,0.7943307986148299,1.2310607152209214,1.505317669259388,21
s-DANNCE SCN2A,far,-2.62,0.9027719873079969,1.2310607152209214,1.505317669259388,21
s-DANNCE SCN2A,far,-2.6,0.9027719873079969,1.2335334910125364,1.505317669259388,21
s-DANNCE SCN2A,far,-2.58,0.9485556328718501,1.2335334910125364,1.505317669259388,21
s-DANNCE SCN2A,far,-2.56,0.9485556328718501,1.2335334910125364,1.505317669259388,21
s-DANNCE SCN2A,far,-2.54,0.9485556328718501,1.2335334910125364,1.505317669259388,21
s-DANNCE SCN2A,far,-2.52,0.9485556328718501,1.2335334910125364,1.505317669259388,21
s-DANNCE SCN2A,far,-2.5,0.7739130434782608,1.2310607152209214,1.505317669259388,21
s-DANNCE SCN2A,far,-2.48,0.7739130434782608,1.2310607152209214,1.505317669259388,21
s-DANNCE SCN2A,far,-2.46,0.7739130434782608,1.2310607152209214,1.505317669259388,21
s-DANNCE SCN2A,far,-2.44,0.9485556328718501,1.2310607152209214,1.505317669259388,21
s-DANNCE SCN2A,far,-2.42,0.9485556328718501,1.2335334910125364,1.505317669259388,21
s-DANNCE SCN2A,far,-2.4,0.7739130434782608,1.2335334910125364,1.505317669259388,21
s-DANNCE SCN2A,far,-2.38,0.9246988140679225,1.2335334910125364,1.505317669259388,21
s-DANNCE SCN2A,far,-2.36,0.9246988140679225,1.2310607152209214,1.3735144385073763,21
s-DANNCE SCN2A,far,-2.34,0.9530622878056132,1.2310607152209214,1.3735144385073763,21
s-DANNCE SCN2A,far,-2.32,0.7444251755114787,1.2335334910125364,1.4602638278941598,21
s-DANNCE SCN2A,far,-2.3,0.7444251755114787,1.2335334910125364,1.4602638278941598,21
s-DANNCE SCN2A,far,-2.28,0.7444251755114787,1.278905554242294,1.4641621117665748,21
s-DANNCE SCN2A,far,-2.26,0.7444251755114787,1.2957495721821535,1.4641621117665748,21
s-DANNCE SCN2A,far,-2.24,0.7444251755114787,1.3061958735203631,1.471888758674651,21
s-DANNCE SCN2A,far,-2.22,0.7444251755114787,1.3061958735203631,1.471888758674651,21
s-DANNCE SCN2A,far,-2.2,0.7444251755114787,1.3061958735203631,1.471888758674651,21
s-DANNCE SCN2A,far,-2.18,0.7444251755114787,1.3061958735203631,1.471888758674651,21
s-DANNCE SCN2A,far,-2.16,0.9246988140679225,1.3061958735203631,1.471888758674651,21
s-DANNCE SCN2A,far,-2.14,0.7399061338726254,1.2957495721821535,1.471888758674651,21
s-DANNCE SCN2A,far,-2.12,0.7444251755114787,1.2957495721821535,1.471888758674651,21
s-DANNCE SCN2A,far,-2.1,0.7444251755114787,1.3061958735203631,1.471888758674651,21
s-DANNCE SCN2A,far,-2.08,0.7444251755114787,1.2335334910125364,1.471888758674651,21
s-DANNCE SCN2A,far,-2.06,0.7444251755114787,1.217657858151758,1.4641621117665748,21
s-DANNCE SCN2A,far,-2.04,0.7444251755114787,1.1680125289559244,1.4641621117665748,21
s-DANNCE SCN2A,far,-2.02,0.7399061338726254,1.1680125289559244,1.4641621117665748,21
s-DANNCE SCN2A,far,-2.0,0.7399061338726254,1.0991445253960117,1.4641621117665748,21
s-DANNCE SCN2A,far,-1.98,0.7399061338726254,1.0991445253960117,1.4641621117665748,21
s-DANNCE SCN2A,far,-1.96,0.7444251755114787,1.0991445253960117,1.4641621117665748,21
s-DANNCE SCN2A,far,-1.94,0.7444251755114787,1.0991445253960117,1.4641621117665748,21
s-DANNCE SCN2A,far,-1.92,0.9156762923382509,1.2310607152209214,1.471888758674651,21
s-DANNCE SCN2A,far,-1.9,0.9156762923382509,1.2310607152209214,1.60093707389669,21
s-DANNCE SCN2A,far,-1.88,0.9156762923382509,1.2310607152209214,1.60093707389669,21
s-DANNCE SCN2A,far,-1.86,0.9156762923382509,1.2310607152209214,1.6159320049495158,21
s-DANNCE SCN2A,far,-1.84,0.9156762923382509,1.2310607152209214,1.6159320049495158,21
s-DANNCE SCN2A,far,-1.82,0.9156762923382509,1.2310607152209214,1.6159320049495158,21
s-DANNCE SCN2A,far,-1.8,0.9156762923382509,1.2310607152209214,1.60093707389669,21
s-DANNCE SCN2A,far,-1.78,0.9156762923382509,1.2310607152209214,1.60093707389669,21
s-DANNCE SCN2A,far,-1.76,0.9156762923382509,1.2310607152209214,1.5959958222062527,21
s-DANNCE SCN2A,far,-1.74,0.9156762923382509,1.2310607152209214,1.5959958222062527,21
s-DANNCE SCN2A,far,-1.72,0.7739130434782608,1.1909636854693038,1.5959958222062527,21
s-DANNCE SCN2A,far,-1.7,0.7739130434782608,1.1909636854693038,1.60093707389669,21
s-DANNCE SCN2A,far,-1.68,0.7739130434782608,1.1909636854693038,1.60093707389669,21
s-DANNCE SCN2A,far,-1.66,0.8735204351533892,1.1909636854693038,1.60093707389669,21
s-DANNCE SCN2A,far,-1.64,0.8735204351533892,1.1909636854693038,1.60093707389669,21
s-DANNCE SCN2A,far,-1.62,0.8735204351533892,1.1909636854693038,1.640565310016021,21
s-DANNCE SCN2A,far,-1.6,0.8735204351533892,1.1909636854693038,1.640565310016021,21
s-DANNCE SCN2A,far,-1.58,0.8735204351533892,1.3207875603166013,1.640565310016021,21
s-DANNCE SCN2A,far,-1.56,0.9062289707649601,1.3207875603166013,1.640565310016021,21
s-DANNCE SCN2A,far,-1.54,0.9062289707649601,1.3207875603166013,1.60093707389669,21
s-DANNCE SCN2A,far,-1.52,0.9062289707649601,1.3207875603166013,1.60093707389669,21
s-DANNCE SCN2A,far,-1.5,0.9062289707649601,1.3284913259249187,1.60093707389669,21
s-DANNCE SCN2A,far,-1.48,0.9062289707649601,1.3284913259249187,1.60093707389669,21
s-DANNCE SCN2A,far,-1.46,0.9062289707649601,1.3284913259249187,1.60093707389669,21
s-DANNCE SCN2A,far,-1.44,0.9062289707649601,1.3284913259249187,1.60093707389669,21
s-DANNCE SCN2A,far,-1.42,0.8735204351533892,1.3284913259249187,1.640565310016021,21
s-DANNCE SCN2A,far,-1.4,0.8735204351533892,1.3284913259249187,1.640565310016021,21
s-DANNCE SCN2A,far,-1.38,0.9062289707649601,1.3284913259249187,1.640565310016021,21
s-DANNCE SCN2A,far,-1.36,0.9062289707649601,1.3284913259249187,1.640565310016021,21
s-DANNCE SCN2A,far,-1.34,0.8735204351533892,1.3284913259249187,1.640565310016021,21
s-DANNCE SCN2A,far,-1.32,0.8735204351533892,1.2310607152209214,1.640565310016021,21
s-DANNCE SCN2A,far,-1.3,0.8735204351533892,1.2310607152209214,1.640565310016021,21
s-DANNCE SCN2A,far,-1.28,1.0342177048894834,1.331059077480084,1.640565310016021,21
s-DANNCE SCN2A,far,-1.26,1.0342177048894834,1.2310607152209214,1.640565310016021,21
s-DANNCE SCN2A,far,-1.24,1.0591077314864399,1.2310607152209214,1.5712992287203067,21
s-DANNCE SCN2A,far,-1.22,1.0591077314864399,1.2310607152209214,1.5712992287203067,21
s-DANNCE SCN2A,far,-1.2,1.0342177048894834,1.2957495721821535,1.6422170028961127,21
s-DANNCE SCN2A,far,-1.18,0.9727378836894813,1.2957495721821535,1.6422170028961127,21
s-DANNCE SCN2A,far,-1.16,0.9727378836894813,1.2957495721821535,1.6422170028961127,21
s-DANNCE SCN2A,far,-1.14,1.0591077314864399,1.2957495721821535,1.6422170028961127,21
s-DANNCE SCN2A,far,-1.12,1.0591077314864399,1.2957495721821535,1.6422170028961127,21
s-DANNCE SCN2A,far,-1.1,1.0591077314864399,1.3284913259249187,1.6422170028961127,21
s-DANNCE SCN2A,far,-1.08,1.0591077314864399,1.2650472171624538,1.5712992287203067,21
s-DANNCE SCN2A,far,-1.06,1.0591077314864399,1.2650472171624538,1.5712992287203067,21
s-DANNCE SCN2A,far,-1.04,1.0591077314864399,1.2650472171624538,1.5712992287203067,21
s-DANNCE SCN2A,far,-1.02,1.0591077314864399,1.2650472171624538,1.5994097525232076,21
s-DANNCE SCN2A,far,-1.0,1.0591077314864399,1.2650472171624538,1.5994097525232076,21
s-DANNCE SCN2A,far,-0.98,0.9463838273521717,1.2650472171624538,1.5994097525232076,21
s-DANNCE SCN2A,far,-0.96,0.7926833598794352,1.1214717741935483,1.5994097525232076,21
s-DANNCE SCN2A,far,-0.94,0.8223420562388556,1.1214717741935483,1.736488472487661,21
s-DANNCE SCN2A,far,-0.92,0.8223420562388556,1.1214717741935483,1.6563328916527262,21
s-DANNCE SCN2A,far,-0.9,0.8223420562388556,1.1214717741935483,1.5994097525232076,21
s-DANNCE SCN2A,far,-0.88,1.0096933943148856,1.2957495721821535,1.5994097525232076,21
s-DANNCE SCN2A,far,-0.86,0.8223420562388556,1.2957495721821535,1.807499372551871,21
s-DANNCE SCN2A,far,-0.84,0.8223420562388556,1.2957495721821535,1.807499372551871,21
s-DANNCE SCN2A,far,-0.82,0.8223420562388556,1.2957495721821535,1.7758129507726537,21
s-DANNCE SCN2A,far,-0.8,0.8223420562388556,1.2957495721821535,1.7758129507726537,21
s-DANNCE SCN2A,far,-0.78,0.8223420562388556,1.2957495721821535,1.7758129507726537,21
s-DANNCE SCN2A,far,-0.76,0.9724443887257176,1.2957495721821535,1.7758129507726537,21
s-DANNCE SCN2A,far,-0.74,0.9724443887257176,1.2957495721821535,1.7758129507726537,21
s-DANNCE SCN2A,far,-0.72,0.9724443887257176,1.2957495721821535,1.7758129507726537,21
s-DANNCE SCN2A,far,-0.7,0.9724443887257176,1.2957495721821535,1.6865314167713663,21
s-DANNCE SCN2A,far,-0.68,0.9724443887257176,1.3735144385073763,1.6865314167713663,21
s-DANNCE SCN2A,far,-0.66,0.9724443887257176,1.3735144385073763,1.7758129507726537,21
s-DANNCE SCN2A,far,-0.64,0.9724443887257176,1.343353177142406,1.7758129507726537,21
s-DANNCE SCN2A,far,-0.62,0.9724443887257176,1.343353177142406,1.6563328916527262,21
s-DANNCE SCN2A,far,-0.6,0.9724443887257176,1.343353177142406,1.807499372551871,21
s-DANNCE SCN2A,far,-0.58,0.9724443887257176,1.343353177142406,1.807499372551871,21
s-DANNCE SCN2A,far,-0.56,0.9750518884093566,1.343353177142406,1.640565310016021,21
s-DANNCE SCN2A,far,-0.54,0.9750518884093566,1.343353177142406,1.8017636048224257,21
s-DANNCE SCN2A,far,-0.52,0.9750518884093566,1.3868631800485445,1.8017636048224257,21
s-DANNCE SCN2A,far,-0.5,0.9750518884093566,1.343353177142406,1.8017636048224257,21
s-DANNCE SCN2A,far,-0.48,0.9750518884093566,1.343353177142406,1.640565310016021,21
s-DANNCE SCN2A,far,-0.46,0.9750518884093566,1.343353177142406,1.640565310016021,21
s-DANNCE SCN2A,far,-0.44,0.9724443887257176,1.343353177142406,1.6422170028961127,21
s-DANNCE SCN2A,far,-0.42,0.9485556328718501,1.3284913259249187,1.6422170028961127,21
s-DANNCE SCN2A,far,-0.4,0.9463838273521717,1.3284913259249187,1.6422170028961127,21
s-DANNCE SCN2A,far,-0.38,0.9463838273521717,1.3284913259249187,1.6422170028961127,21
s-DANNCE SCN2A,far,-0.36,0.9463838273521717,1.1214717741935483,1.6422170028961127,21
s-DANNCE SCN2A,far,-0.34,0.9463838273521717,1.1214717741935483,1.7518065491061308,21
s-DANNCE SCN2A,far,-0.32,0.9463838273521717,1.1214717741935483,1.640565310016021,21
s-DANNCE SCN2A,far,-0.3,0.8165527077576646,1.1214717741935483,1.640565310016021,21
s-DANNCE SCN2A,far,-0.28,0.9485556328718501,1.2957495721821535,1.7391752898360562,21
s-DANNCE SCN2A,far,-0.26,0.9750518884093566,1.2957495721821535,1.640565310016021,21
s-DANNCE SCN2A,far,-0.24,0.9750518884093566,1.2957495721821535,1.640565310016021,21
s-DANNCE SCN2A,far,-0.22,0.9750518884093566,1.2957495721821535,1.640565310016021,21
s-DANNCE SCN2A,far,-0.2,0.9485556328718501,1.2957495721821535,1.640565310016021,21
s-DANNCE SCN2A,far,-0.18,0.9485556328718501,1.2957495721821535,1.640565310016021,21
s-DANNCE SCN2A,far,-0.16,0.9485556328718501,1.2957495721821535,1.640565310016021,21
s-DANNCE SCN2A,far,-0.14,0.9485556328718501,1.2957495721821535,1.783307596552424,21
s-DANNCE SCN2A,far,-0.12,0.9750518884093566,1.2957495721821535,1.783307596552424,21
s-DANNCE SCN2A,far,-0.1,0.9750518884093566,1.2957495721821535,1.783307596552424,21
s-DANNCE SCN2A,far,-0.08,0.9485556328718501,1.2957495721821535,1.7376839305440575,21
s-DANNCE SCN2A,far,-0.06,0.9485556328718501,1.519756838905775,1.7062176827626112,21
s-DANNCE SCN2A,far,-0.04,0.9485556328718501,1.519756838905775,1.7062176827626112,21
s-DANNCE SCN2A,far,-0.02,0.9485556328718501,1.519756838905775,1.7062176827626112,21
s-DANNCE SCN2A,far,0.0,0.9750518884093566,1.519756838905775,1.7062176827626112,21
s-DANNCE SCN2A,far,0.02,0.9750518884093566,1.519756838905775,1.7062176827626112,21
s-DANNCE SCN2A,far,0.04,0.9750518884093566,1.519756838905775,1.7062176827626112,21
s-DANNCE SCN2A,far,0.06,0.9750518884093566,1.5226264450824387,1.7518065491061308,21
s-DANNCE SCN2A,far,0.08,0.9750518884093566,1.5226264450824387,1.7518065491061308,21
s-DANNCE SCN2A,far,0.1,0.9750518884093566,1.5226264450824387,1.7518065491061308,21
s-DANNCE SCN2A,far,0.12,0.9750518884093566,1.5226264450824387,1.7845182576102796,21
s-DANNCE SCN2A,far,0.14,0.9750518884093566,1.5226264450824387,1.791658194693147,21
s-DANNCE SCN2A,far,0.16,0.8223420562388556,1.4586665830885763,1.7062176827626112,21
s-DANNCE SCN2A,far,0.18,0.9750518884093566,1.4389311516012062,1.640565310016021,21
s-DANNCE SCN2A,far,0.2,0.832207875583933,1.4389311516012062,1.640565310016021,21
s-DANNCE SCN2A,far,0.22,0.832207875583933,1.4389311516012062,1.640565310016021,21
s-DANNCE SCN2A,far,0.24,0.8842367576615069,1.4389311516012062,1.640565310016021,21
s-DANNCE SCN2A,far,0.26,0.9750518884093566,1.3289144710099419,1.6422170028961127,21
s-DANNCE SCN2A,far,0.28,0.9750518884093566,1.3289144710099419,1.5880448652792505,21
s-DANNCE SCN2A,far,0.3,0.9750518884093566,1.3289144710099419,1.5880448652792505,21
s-DANNCE SCN2A,far,0.32,0.9750518884093566,1.2377535176130066,1.5866173053387767,21
s-DANNCE SCN2A,far,0.34,1.018426492900636,1.2310607152209214,1.4321361370005823,21
s-DANNCE SCN2A,far,0.36,1.018426492900636,1.2310607152209214,1.4321361370005823,21
s-DANNCE SCN2A,far,0.38,0.9750518884093566,1.208105655552807,1.4321361370005823,21
s-DANNCE SCN2A,far,0.4,0.9750518884093566,1.208105655552807,1.4321361370005823,21
s-DANNCE SCN2A,far,0.42,0.9761080745110498,1.1214717741935483,1.4321361370005823,21
s-DANNCE SCN2A,far,0.44,0.9761080745110498,1.1214717741935483,1.4321361370005823,21
s-DANNCE SCN2A,far,0.46,0.9761080745110498,1.1214717741935483,1.4321361370005823,21
s-DANNCE SCN2A,far,0.48,0.9761080745110498,1.1214717741935483,1.4321361370005823,21
s-DANNCE SCN2A,far,0.5,0.8842367576615069,1.1214717741935483,1.4321361370005823,21
s-DANNCE SCN2A,far,0.52,0.8842367576615069,1.1214717741935483,1.4321361370005823,21
s-DANNCE SCN2A,far,0.54,0.8842367576615069,1.0663113544844696,1.4321361370005823,21
s-DANNCE SCN2A,far,0.56,0.8842367576615069,1.0032309104987305,1.4321361370005823,21
s-DANNCE SCN2A,far,0.58,0.8842367576615069,1.0032309104987305,1.4214280615714225,21
s-DANNCE SCN2A,far,0.6,0.8842367576615069,1.0032309104987305,1.6365743610550714,21
s-DANNCE SCN2A,far,0.62,0.8842367576615069,1.0032309104987305,1.6365743610550714,21
s-DANNCE SCN2A,far,0.64,0.832207875583933,0.9761080745110498,1.6365743610550714,21
s-DANNCE SCN2A,far,0.66,0.832207875583933,0.9761080745110498,1.6563328916527262,21
s-DANNCE SCN2A,far,0.68,0.8842367576615069,1.0032309104987305,1.6563328916527262,21
s-DANNCE SCN2A,far,0.7,0.8842367576615069,1.0032309104987305,1.6563328916527262,21
s-DANNCE SCN2A,far,0.72,0.832207875583933,0.9761080745110498,1.6563328916527262,21
s-DANNCE SCN2A,far,0.74,0.832207875583933,0.9761080745110498,1.6563328916527262,21
s-DANNCE SCN2A,far,0.76,0.8842367576615069,1.0032309104987305,1.6563328916527262,21
s-DANNCE SCN2A,far,0.78,0.8842367576615069,1.0032309104987305,1.6563328916527262,21
s-DANNCE SCN2A,far,0.8,0.8842367576615069,1.0663113544844696,1.6563328916527262,21
s-DANNCE SCN2A,far,0.82,0.8842367576615069,1.0663113544844696,1.6563328916527262,21
s-DANNCE SCN2A,far,0.84,0.8842367576615069,1.0663113544844696,1.6563328916527262,21
s-DANNCE SCN2A,far,0.86,0.8842367576615069,1.2992239897081619,1.6258506751250499,21
s-DANNCE SCN2A,far,0.88,0.8842367576615069,1.2992239897081619,1.6563328916527262,21
s-DANNCE SCN2A,far,0.9,0.8735204351533892,1.278905554242294,1.8313525846765017,21
s-DANNCE SCN2A,far,0.92,0.8735204351533892,1.278905554242294,1.7640329657822034,21
s-DANNCE SCN2A,far,0.94,0.8735204351533892,1.278905554242294,1.7640329657822034,21
s-DANNCE SCN2A,far,0.96,0.7895950885411122,1.2993269778238463,1.7640329657822034,21
s-DANNCE SCN2A,far,0.98,0.7895950885411122,1.2993269778238463,1.7640329657822034,21
s-DANNCE SCN2A,far,1.0,0.7324459186669552,1.3289144710099419,1.7640329657822034,21
s-DANNCE SCN2A,far,1.02,0.6603937801583006,1.3289144710099419,1.7640329657822034,21
s-DANNCE SCN2A,far,1.04,0.6496119948540809,1.3289144710099419,1.7640329657822034,21
s-DANNCE SCN2A,far,1.06,0.6496119948540809,1.3289144710099419,1.7640329657822034,21
s-DANNCE SCN2A,far,1.08,0.6496119948540809,1.2377535176130066,1.7640329657822034,21
s-DANNCE SCN2A,far,1.1,0.6496119948540809,1.0991445253960117,1.7640329657822034,21
s-DANNCE SCN2A,far,1.12,0.6295511369077751,1.0991445253960117,1.471888758674651,21
s-DANNCE SCN2A,far,1.14,0.6295511369077751,1.0991445253960117,1.471888758674651,21
s-DANNCE SCN2A,far,1.16,0.6295511369077751,1.0096933943148856,1.471888758674651,21
s-DANNCE SCN2A,far,1.18,0.6295511369077751,1.0096933943148856,1.471888758674651,21
s-DANNCE SCN2A,far,1.2,0.6295511369077751,1.0096933943148856,1.505317669259388,21
s-DANNCE SCN2A,far,1.22,0.6295511369077751,1.0096933943148856,1.505317669259388,21
s-DANNCE SCN2A,far,1.24,0.6603937801583006,0.9905620704676168,1.505317669259388,21
s-DANNCE SCN2A,far,1.26,0.6603937801583006,0.9905620704676168,1.505317669259388,21
s-DANNCE SCN2A,far,1.28,0.6603937801583006,1.0096933943148856,1.505317669259388,21
s-DANNCE SCN2A,far,1.3,0.6603937801583006,1.0096933943148856,1.4321361370005823,21
s-DANNCE SCN2A,far,1.32,0.6325236085812269,0.9905620704676168,1.4162740259973732,21
s-DANNCE SCN2A,far,1.34,0.6295511369077751,0.9905620704676168,1.4162740259973732,21
s-DANNCE SCN2A,far,1.36,0.6295511369077751,0.9744952333678846,1.4162740259973732,21
s-DANNCE SCN2A,far,1.38,0.6295511369077751,0.9744952333678846,1.4162740259973732,21
s-DANNCE SCN2A,far,1.4,0.6295511369077751,0.9744952333678846,1.4162740259973732,21
s-DANNCE SCN2A,far,1.42,0.5180784670164944,0.9744952333678846,1.4162740259973732,21
s-DANNCE SCN2A,far,1.44,0.5180784670164944,0.9744952333678846,1.4162740259973732,21
s-DANNCE SCN2A,far,1.46,0.5180784670164944,0.9744952333678846,1.4162740259973732,21
s-DANNCE SCN2A,far,1.48,0.5180784670164944,0.9744952333678846,1.4162740259973732,21
s-DANNCE SCN2A,far,1.5,0.6478747860910767,0.9702733034252857,1.4162740259973732,21
s-DANNCE SCN2A,far,1.52,0.6603937801583006,0.9702733034252857,1.4162740259973732,21
s-DANNCE SCN2A,far,1.54,0.6603937801583006,0.9702733034252857,1.4162740259973732,21
s-DANNCE SCN2A,far,1.56,0.6478747860910767,0.9702733034252857,1.4162740259973732,21
s-DANNCE SCN2A,far,1.58,0.6078549681118035,0.9702733034252857,1.4321361370005823,21
s-DANNCE SCN2A,far,1.6,0.6478747860910767,0.9702733034252857,1.4321361370005823,21
s-DANNCE SCN2A,far,1.62,0.6478747860910767,0.9702733034252857,1.4162740259973732,21
s-DANNCE SCN2A,far,1.64,0.6478747860910767,0.9702733034252857,1.4162740259973732,21
s-DANNCE SCN2A,far,1.66,0.6478747860910767,0.9702733034252857,1.4162740259973732,21
s-DANNCE SCN2A,far,1.68,0.6478747860910767,0.9761080745110498,1.331059077480084,21
s-DANNCE SCN2A,far,1.7,0.6478747860910767,0.9761080745110498,1.331059077480084,21
s-DANNCE SCN2A,far,1.72,0.6478747860910767,0.9459139426377234,1.331059077480084,21
s-DANNCE SCN2A,far,1.74,0.6478747860910767,0.9459139426377234,1.331059077480084,21
s-DANNCE SCN2A,far,1.76,0.6295511369077751,0.7592653318404071,1.2375598345866907,21
s-DANNCE SCN2A,far,1.78,0.6295511369077751,0.7592653318404071,1.2375598345866907,21
s-DANNCE SCN2A,far,1.8,0.6295511369077751,0.7592653318404071,1.2375598345866907,21
s-DANNCE SCN2A,far,1.82,0.6295511369077751,0.9761080745110498,1.2375598345866907,21
s-DANNCE SCN2A,far,1.84,0.6295511369077751,0.9761080745110498,1.2310607152209214,21
s-DANNCE SCN2A,far,1.86,0.6478747860910767,0.8272056605469755,1.3207165354223922,21
s-DANNCE SCN2A,far,1.88,0.6478747860910767,0.8272056605469755,1.3207165354223922,21
s-DANNCE SCN2A,far,1.9,0.6478747860910767,0.8272056605469755,1.3207165354223922,21
s-DANNCE SCN2A,far,1.92,0.6809443204518659,0.8272056605469755,1.4080416296206661,21
s-DANNCE SCN2A,far,1.94,0.6809443204518659,0.8272056605469755,1.331059077480084,21
s-DANNCE SCN2A,far,1.96,0.7301319139470799,0.8272056605469755,1.331059077480084,21
s-DANNCE SCN2A,far,1.98,0.7301319139470799,0.8272056605469755,1.331059077480084,21
s-DANNCE SCN2A,far,2.0,0.7301319139470799,0.8272056605469755,1.331059077480084,21
s-DANNCE SCN2A,far,2.02,0.7301319139470799,1.0047993262398702,1.331059077480084,21
s-DANNCE SCN2A,far,2.04,0.7301319139470799,1.0047993262398702,1.331059077480084,21
s-DANNCE SCN2A,far,2.06,0.7301319139470799,1.0047993262398702,1.331059077480084,21
s-DANNCE SCN2A,far,2.08,0.6809443204518659,1.0047993262398702,1.331059077480084,21
s-DANNCE SCN2A,far,2.1,0.7301319139470799,1.0047993262398702,1.331059077480084,21
s-DANNCE SCN2A,far,2.12,0.7301319139470799,1.0047993262398702,1.331059077480084,21
s-DANNCE SCN2A,far,2.14,0.7301319139470799,0.9702733034252857,1.3061958735203631,21
s-DANNCE SCN2A,far,2.16,0.7301319139470799,0.9702733034252857,1.3061958735203631,21
s-DANNCE SCN2A,far,2.18,0.7301319139470799,0.9702733034252857,1.3061958735203631,21
s-DANNCE SCN2A,far,2.2,0.7301319139470799,0.9702733034252857,1.3061958735203631,21
s-DANNCE SCN2A,far,2.22,0.7301319139470799,1.0047993262398702,1.2310607152209214,21
s-DANNCE SCN2A,far,2.24,0.7301319139470799,1.0047993262398702,1.2310607152209214,21
s-DANNCE SCN2A,far,2.26,0.7301319139470799,1.0047993262398702,1.2310607152209214,21
s-DANNCE SCN2A,far,2.28,0.7301319139470799,1.0664741328417593,1.2537537308092044,21
s-DANNCE SCN2A,far,2.3,0.7301319139470799,1.0664741328417593,1.2537537308092044,21
s-DANNCE SCN2A,far,2.32,0.7420447033509328,1.0664741328417593,1.2537537308092044,21
s-DANNCE SCN2A,far,2.34,0.7420447033509328,1.0991445253960117,1.2537537308092044,21
s-DANNCE SCN2A,far,2.36,0.7420447033509328,1.0991445253960117,1.2537537308092044,21
s-DANNCE SCN2A,far,2.38,0.7420447033509328,1.0991445253960117,1.2537537308092044,21
s-DANNCE SCN2A,far,2.4,0.7420447033509328,1.141006629753009,1.2537537308092044,21
s-DANNCE SCN2A,far,2.42,0.8223420562388556,1.141006629753009,1.331059077480084,21
s-DANNCE SCN2A,far,2.44,0.8223420562388556,1.141006629753009,1.331059077480084,21
s-DANNCE SCN2A,far,2.46,0.8223420562388556,1.141006629753009,1.331059077480084,21
s-DANNCE SCN2A,far,2.48,0.8223420562388556,1.141006629753009,1.331059077480084,21
s-DANNCE SCN2A,far,2.5,0.8223420562388556,1.141006629753009,1.4162740259973732,21
s-DANNCE SCN2A,far,2.52,0.8223420562388556,1.141006629753009,1.4162740259973732,21
s-DANNCE SCN2A,far,2.54,0.8223420562388556,1.141006629753009,1.331059077480084,21
s-DANNCE SCN2A,far,2.56,0.8223420562388556,1.141006629753009,1.331059077480084,21
s-DANNCE SCN2A,far,2.58,0.8223420562388556,1.141006629753009,1.4648918373339104,21
s-DANNCE SCN2A,far,2.6,0.8223420562388556,1.0991445253960117,1.4648918373339104,21
s-DANNCE SCN2A,far,2.62,0.7420447033509328,1.0991445253960117,1.4648918373339104,21
s-DANNCE SCN2A,far,2.64,0.6809443204518659,1.0991445253960117,1.4768176554010566,21
s-DANNCE SCN2A,far,2.66,0.6809443204518659,1.0991445253960117,1.6159320049495158,21
s-DANNCE SCN2A,far,2.68,0.6809443204518659,1.0991445253960117,1.7062176827626112,21
s-DANNCE SCN2A,far,2.7,0.6809443204518659,1.1909636854693038,1.7074978070763118,21
s-DANNCE SCN2A,far,2.72,0.6809443204518659,1.1909636854693038,1.7074978070763118,21
s-DANNCE SCN2A,far,2.74,0.8223420562388556,1.1909636854693038,1.7074978070763118,21
s-DANNCE SCN2A,far,2.76,0.6809443204518659,1.1909636854693038,1.7074978070763118,21
s-DANNCE SCN2A,far,2.78,0.6809443204518659,1.1909636854693038,1.7128268199816499,21
s-DANNCE SCN2A,far,2.8,0.6809443204518659,1.1909636854693038,1.7128268199816499,21
s-DANNCE SCN2A,far,2.82,0.671676588571203,1.1909636854693038,1.7128268199816499,21
s-DANNCE SCN2A,far,2.84,0.671676588571203,1.0991445253960117,1.724620918026202,21
s-DANNCE SCN2A,far,2.86,0.6809443204518659,1.0991445253960117,1.724620918026202,21
s-DANNCE SCN2A,far,2.88,0.6809443204518659,1.0342177048894834,1.724620918026202,21
s-DANNCE SCN2A,far,2.9,0.7420447033509328,1.0342177048894834,1.5790163480588277,21
s-DANNCE SCN2A,far,2.92,0.671676588571203,1.0342177048894834,1.4768176554010566,21
s-DANNCE SCN2A,far,2.94,0.6644572355049709,1.0342177048894834,1.6258506751250499,21
s-DANNCE SCN2A,far,2.96,0.6644572355049709,1.0342177048894834,1.6258506751250499,21
s-DANNCE SCN2A,far,2.98,0.6644572355049709,1.0342177048894834,1.6258506751250499,21
s-DANNCE SCN2A,far,3.0,0.6644572355049709,1.0342177048894834,1.6258506751250499,21
s-DANNCE SCN2A,far,3.02,0.6809443204518659,1.0342177048894834,1.6258506751250499,21
s-DANNCE SCN2A,far,3.04,0.6809443204518659,1.0342177048894834,1.504846365748096,21
s-DANNCE SCN2A,far,3.06,0.6809443204518659,1.0342177048894834,1.5853667197588703,21
s-DANNCE SCN2A,far,3.08,0.6809443204518659,1.0342177048894834,1.5853667197588703,21
s-DANNCE SCN2A,far,3.1,0.6809443204518659,1.0342177048894834,1.5853667197588703,21
s-DANNCE SCN2A,far,3.12,0.6809443204518659,1.0342177048894834,1.5853667197588703,21
s-DANNCE SCN2A,far,3.14,0.6809443204518659,1.0342177048894834,1.7098118117961874,21
s-DANNCE SCN2A,far,3.16,0.6809443204518659,1.0342177048894834,1.6258506751250499,21
s-DANNCE SCN2A,far,3.18,0.671676588571203,1.0342177048894834,1.6258506751250499,21
s-DANNCE SCN2A,far,3.2,0.8165527077576646,1.0342177048894834,1.6258506751250499,21
s-DANNCE SCN2A,far,3.22,0.8165527077576646,1.0342177048894834,1.6258506751250499,21
s-DANNCE SCN2A,far,3.24,0.8165527077576646,1.0342177048894834,1.6159320049495158,21
s-DANNCE SCN2A,far,3.26,0.8165527077576646,1.0342177048894834,1.6159320049495158,21
s-DANNCE SCN2A,far,3.28,0.8223420562388556,1.0342177048894834,1.6159320049495158,21
s-DANNCE SCN2A,far,3.3,0.832207875583933,1.0342177048894834,1.6159320049495158,21
s-DANNCE SCN2A,far,3.32,0.8223420562388556,1.0342177048894834,1.6159320049495158,21
s-DANNCE SCN2A,far,3.34,0.832207875583933,1.0342177048894834,1.6159320049495158,21
s-DANNCE SCN2A,far,3.36,0.832207875583933,1.0342177048894834,1.6159320049495158,21
s-DANNCE SCN2A,far,3.38,0.832207875583933,1.0342177048894834,1.6159320049495158,21
s-DANNCE SCN2A,far,3.4,0.832207875583933,1.1627944526179972,1.6159320049495158,21
s-DANNCE SCN2A,far,3.42,0.832207875583933,1.1909636854693038,1.6159320049495158,21
s-DANNCE SCN2A,far,3.44,0.832207875583933,1.1909636854693038,1.504846365748096,21
s-DANNCE SCN2A,far,3.46,0.840860433754417,1.1909636854693038,1.504846365748096,21
s-DANNCE SCN2A,far,3.48,0.840860433754417,1.1909636854693038,1.6159320049495158,21
s-DANNCE SCN2A,far,3.5,0.840860433754417,1.1627944526179972,1.6159320049495158,21
s-DANNCE SCN2A,far,3.52,0.8438101738872374,1.2375598345866907,1.6159320049495158,21
s-DANNCE SCN2A,far,3.54,0.8438101738872374,1.2375598345866907,1.6159320049495158,21
s-DANNCE SCN2A,far,3.56,0.8438101738872374,1.1627944526179972,1.6159320049495158,21
s-DANNCE SCN2A,far,3.58,0.8438101738872374,1.2650472171624538,1.6159320049495158,21
s-DANNCE SCN2A,far,3.6,0.8223420562388556,1.2650472171624538,1.6159320049495158,21
s-DANNCE SCN2A,far,3.62,0.8223420562388556,1.2650472171624538,1.6159320049495158,21
s-DANNCE SCN2A,far,3.64,0.7359443793373255,1.2650472171624538,1.4184021565133582,21
s-DANNCE SCN2A,far,3.66,0.7359443793373255,1.2650472171624538,1.4184021565133582,21
s-DANNCE SCN2A,far,3.68,0.7359443793373255,1.1627944526179972,1.4184021565133582,21
s-DANNCE SCN2A,far,3.7,0.7359443793373255,1.1627944526179972,1.4184021565133582,21
s-DANNCE SCN2A,far,3.72,0.7359443793373255,1.1627944526179972,1.4184021565133582,21
s-DANNCE SCN2A,far,3.74,0.6644572355049709,1.1680125289559244,1.4184021565133582,21
s-DANNCE SCN2A,far,3.76,0.6644572355049709,1.305436000330288,1.5712992287203067,21
s-DANNCE SCN2A,far,3.78,0.6644572355049709,1.2408084908204635,1.6258506751250499,21
s-DANNCE SCN2A,far,3.8,0.6514634137414862,1.2408084908204635,1.6258506751250499,21
s-DANNCE SCN2A,far,3.82,0.6644572355049709,1.2408084908204635,1.6258506751250499,21
s-DANNCE SCN2A,far,3.84,0.6644572355049709,1.2408084908204635,1.6258506751250499,21
s-DANNCE SCN2A,far,3.86,0.6644572355049709,1.2408084908204635,1.6258506751250499,21
s-DANNCE SCN2A,far,3.88,0.6644572355049709,1.2408084908204635,1.4876261970739586,21
s-DANNCE SCN2A,far,3.9,0.6644572355049709,1.2408084908204635,1.4876261970739586,21
s-DANNCE SCN2A,far,3.92,0.771163677324322,1.2408084908204635,1.4876261970739586,21
s-DANNCE SCN2A,far,3.94,0.771163677324322,1.2408084908204635,1.4876261970739586,21
s-DANNCE SCN2A,far,3.96,0.771163677324322,1.288819197583627,1.4876261970739586,21
s-DANNCE SCN2A,far,3.98,0.771163677324322,1.1598030508092259,1.4876261970739586,21
s-DANNCE SCN2A,far,4.0,0.771163677324322,1.1598030508092259,1.4876261970739586,21
s-DANNCE SCN2A,far,4.02,0.771163677324322,1.1598030508092259,1.6159320049495158,21
s-DANNCE SCN2A,far,4.04,0.771163677324322,1.1598030508092259,1.6159320049495158,21
s-DANNCE SCN2A,far,4.06,0.771163677324322,1.288819197583627,1.6159320049495158,21
s-DANNCE SCN2A,far,4.08,0.771163677324322,1.2408084908204635,1.6159320049495158,21
s-DANNCE SCN2A,far,4.1,0.887877431428795,1.2408084908204635,1.6159320049495158,21
s-DANNCE SCN2A,far,4.12,0.887877431428795,1.2408084908204635,1.6159320049495158,21
s-DANNCE SCN2A,far,4.14,0.887877431428795,1.2408084908204635,1.6159320049495158,21
s-DANNCE SCN2A,far,4.16,0.887877431428795,1.215709936223607,1.521342173004012,21
s-DANNCE SCN2A,far,4.18,0.887877431428795,1.215709936223607,1.521342173004012,21
s-DANNCE SCN2A,far,4.2,0.771163677324322,1.215709936223607,1.4203487655735982,21
s-DANNCE SCN2A,far,4.22,0.887877431428795,1.215709936223607,1.4203487655735982,21
s-DANNCE SCN2A,far,4.24,0.887877431428795,1.215709936223607,1.4203487655735982,21
s-DANNCE SCN2A,far,4.26,0.887877431428795,1.1681323008268802,1.4203487655735982,21
s-DANNCE SCN2A,far,4.28,0.887877431428795,1.1681323008268802,1.521342173004012,21
s-DANNCE SCN2A,far,4.3,0.887877431428795,1.1695418807579805,1.521342173004012,21
s-DANNCE SCN2A,far,4.32,0.887877431428795,1.1681323008268802,1.521342173004012,21
s-DANNCE SCN2A,far,4.34,0.887877431428795,1.1681323008268802,1.4177740653019795,21
s-DANNCE SCN2A,far,4.36,0.887877431428795,1.1681323008268802,1.4177740653019795,21
s-DANNCE SCN2A,far,4.38,0.887877431428795,1.0815202009844782,1.4177740653019795,21
s-DANNCE SCN2A,far,4.4,0.9062289707649601,1.1432312542763632,1.6258506751250499,21
s-DANNCE SCN2A,far,4.42,0.9062289707649601,1.1432312542763632,1.6258506751250499,21
s-DANNCE SCN2A,far,4.44,0.9062289707649601,1.1432312542763632,1.6258506751250499,21
s-DANNCE SCN2A,far,4.46,0.9062289707649601,1.1432312542763632,1.6258506751250499,21
s-DANNCE SCN2A,far,4.48,0.9062289707649601,1.1432312542763632,1.6258506751250499,21
s-DANNCE SCN2A,far,4.5,0.9639545966554025,1.1681323008268802,1.6258506751250499,21
s-DANNCE SCN2A,far,4.52,0.9062289707649601,1.182392991932765,1.6258506751250499,21
s-DANNCE SCN2A,far,4.54,0.9639545966554025,1.182392991932765,1.6258506751250499,21
s-DANNCE SCN2A,far,4.56,0.8438101738872374,1.182392991932765,1.6258506751250499,21
s-DANNCE SCN2A,far,4.58,0.8438101738872374,1.182392991932765,1.6258506751250499,21
s-DANNCE SCN2A,far,4.6,0.6809443204518659,1.182392991932765,1.6258506751250499,21
s-DANNCE SCN2A,far,4.62,0.6809443204518659,1.182392991932765,1.6258506751250499,21
s-DANNCE SCN2A,far,4.64,0.6809443204518659,1.2868059633788942,1.6258506751250499,21
s-DANNCE SCN2A,far,4.66,0.6809443204518659,1.141006629753009,1.6258506751250499,21
s-DANNCE SCN2A,far,4.68,0.6809443204518659,1.156745515986483,1.6258506751250499,21
s-DANNCE SCN2A,far,4.7,0.6809443204518659,1.156745515986483,1.5204010400100219,21
s-DANNCE SCN2A,far,4.72,0.6809443204518659,1.152205417572,1.5204010400100219,21
s-DANNCE SCN2A,far,4.74,0.6809443204518659,1.156745515986483,1.5204010400100219,21
s-DANNCE SCN2A,far,4.76,0.832207875583933,1.182392991932765,1.5204010400100219,21
s-DANNCE SCN2A,far,4.78,0.832207875583933,1.182392991932765,1.5204010400100219,21
s-DANNCE SCN2A,far,4.8,0.832207875583933,1.182392991932765,1.5204010400100219,21
s-DANNCE SCN2A,far,4.82,0.832207875583933,1.182392991932765,1.5204010400100219,21
s-DANNCE SCN2A,far,4.84,0.832207875583933,1.182392991932765,1.5204010400100219,21
s-DANNCE SCN2A,far,4.86,0.832207875583933,1.182392991932765,1.5204010400100219,21
s-DANNCE SCN2A,far,4.88,0.832207875583933,1.182392991932765,1.5204010400100219,21
s-DANNCE SCN2A,far,4.9,0.832207875583933,1.182392991932765,1.5204010400100219,21
s-DANNCE SCN2A,far,4.92,0.832207875583933,1.182392991932765,1.3561529292366579,21
s-DANNCE SCN2A,far,4.94,0.832207875583933,1.182392991932765,1.3561529292366579,21
s-DANNCE SCN2A,far,4.96,0.832207875583933,1.156745515986483,1.3561529292366579,21
s-DANNCE SCN2A,far,4.98,0.832207875583933,1.156745515986483,1.521342173004012,21
s-DANNCE SCN2A,far,5.0,0.832207875583933,1.156745515986483,1.521342173004012,21
s-DANNCE SCN2A,null,-5.0,0.9972646033073898,1.0177648854246004,1.038510361616595,29
s-DANNCE SCN2A,null,-4.98,0.9909982394898771,1.0159409458251494,1.036287194157986,29
s-DANNCE SCN2A,null,-4.96,0.989219201119222,1.0167815904746267,1.0381168042251985,29
s-DANNCE SCN2A,null,-4.94,0.9892264246683533,1.0161266482576035,1.0371483322745838,29
s-DANNCE SCN2A,null,-4.92,0.9874401627485669,1.0186004813396334,1.0375279419437813,29
s-DANNCE SCN2A,null,-4.9,0.987565089054447,1.017924310249411,1.0387325074290212,29
s-DANNCE SCN2A,null,-4.88,0.986539808239543,1.0165240681722394,1.0386393642943206,29
s-DANNCE SCN2A,null,-4.86,0.98477521696715,1.0200402142552298,1.0387325074290212,29
s-DANNCE SCN2A,null,-4.84,0.9883766350032456,1.014509207282763,1.0371125543299111,29
s-DANNCE SCN2A,null,-4.82,0.9919419352936868,1.0131089652055916,1.0340640266993772,29
s-DANNCE SCN2A,null,-4.8,0.9936004967135923,1.0141788202629716,1.0310512770135154,29
s-DANNCE SCN2A,null,-4.78,0.9878028666845527,1.0172559494687932,1.0301314634529322,29
s-DANNCE SCN2A,null,-4.76,0.9904070807000102,1.0125402403372759,1.0329882209147454,29
s-DANNCE SCN2A,null,-4.74,0.9857881414724075,1.0127211630861737,1.0321733997514284,29
s-DANNCE SCN2A,null,-4.72,0.9857881414724071,1.0167770958478493,1.0330263839980598,29
s-DANNCE SCN2A,null,-4.7,0.9803581776162827,1.0208201817981468,1.0346841509580869,29
s-DANNCE SCN2A,null,-4.68,0.9846430184893141,1.0132238732941283,1.0354695400772929,29
s-DANNCE SCN2A,null,-4.66,0.9813572087568988,1.0094452731118044,1.0330239129544814,29
s-DANNCE SCN2A,null,-4.64,0.9859541860085373,1.0075559730206425,1.0347250693993324,29
s-DANNCE SCN2A,null,-4.62,0.9793586428147445,1.007781350649245,1.0275435007161204,29
s-DANNCE SCN2A,null,-4.6,0.9836734561557181,1.0072196209224058,1.02692694359835,29
s-DANNCE SCN2A,null,-4.58,0.9822088472190478,1.0038739756143384,1.0264708450069027,29
s-DANNCE SCN2A,null,-4.56,0.9837111090514697,1.0038739756143389,1.02981245941179,29
s-DANNCE SCN2A,null,-4.54,0.9836093621471731,1.0073982267386936,1.0278771813719159,29
s-DANNCE SCN2A,null,-4.52,0.9801434205376736,1.0006176332144157,1.025856147703767,29
s-DANNCE SCN2A,null,-4.5,0.9837303914755074,1.0016047090578757,1.0242263261378535,29
s-DANNCE SCN2A,null,-4.48,0.9846447552360104,1.000601586872645,1.0242263261378535,29
s-DANNCE SCN2A,null,-4.46,0.9840176360538541,1.003038909433695,1.0304715619488454,29
s-DANNCE SCN2A,null,-4.44,0.9828173756661172,1.0028382549419927,1.0392591930676836,29
s-DANNCE SCN2A,null,-4.42,0.9828661547121381,1.0040525814306267,1.0371857628795322,29
s-DANNCE SCN2A,null,-4.4,0.9811504166555455,1.003510284598712,1.0320978436349868,29
s-DANNCE SCN2A,null,-4.38,0.9803075408988454,1.003428777351713,1.0289823518585333,29
s-DANNCE SCN2A,null,-4.36,0.9769661162212339,1.0064592872197387,1.0327435308151138,29
s-DANNCE SCN2A,null,-4.34,0.9768185930230469,1.0064592872197387,1.0313503653315867,29
s-DANNCE SCN2A,null,-4.32,0.9781591327933317,1.0053071901026638,1.027235466755907,29
s-DANNCE SCN2A,null,-4.3,0.9819196999385396,1.0025583645928813,1.0299897523286614,29
s-DANNCE SCN2A,null,-4.28,0.9810798927923519,1.0020871548211039,1.0250111518448997,29
s-DANNCE SCN2A,null,-4.26,0.9786544971515369,0.9973444242305219,1.0298473581170646,29
s-DANNCE SCN2A,null,-4.24,0.9793275793928987,0.9977663643733373,1.0325231076340042,29
s-DANNCE SCN2A,null,-4.22,0.9801217498902804,0.9994231519753448,1.029581913837487,29
s-DANNCE SCN2A,null,-4.2,0.9778606830439741,1.0006269882362995,1.0265691641516255,29
s-DANNCE SCN2A,null,-4.18,0.9802870261814506,1.0018135568320359,1.0273973366985174,29
s-DANNCE SCN2A,null,-4.16,0.9797584825657016,1.006545957588289,1.0313892258901125,29
s-DANNCE SCN2A,null,-4.14,0.9827578014751737,1.0042789077978027,1.025884209273622,29
s-DANNCE SCN2A,null,-4.12,0.9819294241460166,1.0023632243047733,1.0318157540580604,29
s-DANNCE SCN2A,null,-4.1,0.9820811307096289,1.0060140795388355,1.032233846313162,29
s-DANNCE SCN2A,null,-4.08,0.9829599552653848,1.0061800462136123,1.0242798340210537,29
s-DANNCE SCN2A,null,-4.06,0.9827794721225668,1.004409793063203,1.024074049215648,29
s-DANNCE SCN2A,null,-4.04,0.9846018517880072,1.005369097508771,1.0241808211880645,29
s-DANNCE SCN2A,null,-4.02,0.984799189030623,1.005809743548898,1.0263544964835913,29
s-DANNCE SCN2A,null,-4.0,0.9894015545121347,1.004219419950174,1.0270325164105016,29
s-DANNCE SCN2A,null,-3.98,0.9848744948221267,1.004122864878848,1.0246797651651327,29
s-DANNCE SCN2A,null,-3.96,0.9861158305108457,1.0035730754795502,1.0193963031059254,29
s-DANNCE SCN2A,null,-3.94,0.9817193595742758,1.0043841001080718,1.019257536073589,29
s-DANNCE SCN2A,null,-3.92,0.9831839685109459,1.004286850651308,1.0253502465883042,29
s-DANNCE SCN2A,null,-3.9,0.9845446790328705,1.0039889274764369,1.0245248864163787,29
s-DANNCE SCN2A,null,-3.88,0.9822891066299486,1.0017800217699449,1.0205794427245745,29
s-DANNCE SCN2A,null,-3.86,0.9794751025910854,1.004605907287943,1.0258990918650281,29
s-DANNCE SCN2A,null,-3.84,0.9809541700589975,1.005993653530654,1.0250693329458622,29
s-DANNCE SCN2A,null,-3.82,0.976878799281386,1.006879560941416,1.0301201980468622,29
s-DANNCE SCN2A,null,-3.8,0.9801358251268663,1.0059936535306537,1.0297952254721903,29
s-DANNCE SCN2A,null,-3.78,0.9787222860413887,1.007184584262415,1.032720862998192,29
s-DANNCE SCN2A,null,-3.76,0.9825336213326007,1.0123879265111613,1.0349965553748504,29
s-DANNCE SCN2A,null,-3.74,0.9792602416040749,1.014732833076214,1.0263825712611578,29
s-DANNCE SCN2A,null,-3.72,0.9822281033174991,1.0116587114298998,1.0299163020857105,29
s-DANNCE SCN2A,null,-3.7,0.9822552121379332,1.0056230281292842,1.0279146861340491,29
s-DANNCE SCN2A,null,-3.68,0.9855656215137198,1.0055514722399395,1.0326366685432322,29
s-DANNCE SCN2A,null,-3.66,0.9841784881383862,1.0045114443999796,1.033817164145528,29
s-DANNCE SCN2A,null,-3.64,0.9828860518634454,1.006547258874287,1.027769625374912,29
s-DANNCE SCN2A,null,-3.62,0.9846791055730506,1.0094969159317433,1.0307693584216062,29
s-DANNCE SCN2A,null,-3.6,0.9812640026064022,1.006519944190554,1.0284519514123356,29
s-DANNCE SCN2A,null,-3.58,0.9812640026064022,1.002646056388095,1.030769358421606,29
s-DANNCE SCN2A,null,-3.56,0.981916161220186,1.0035172205681502,1.030769358421606,29
s-DANNCE SCN2A,null,-3.54,0.9826153907478289,1.0017133623821526,1.027845390024159,29
s-DANNCE SCN2A,null,-3.52,0.9835042604872372,0.9997562410023465,1.0267195792176849,29
s-DANNCE SCN2A,null,-3.5,0.9850946499317974,1.0003452039885035,1.0226600302786593,29
s-DANNCE SCN2A,null,-3.48,0.983838779821141,0.999097262141584,1.0271195103617639,29
s-DANNCE SCN2A,null,-3.46,0.9848755113892672,1.0062150834529653,1.0190476019130854,29
s-DANNCE SCN2A,null,-3.44,0.9834788459301738,1.0033776693906118,1.0178006190514757,29
s-DANNCE SCN2A,null,-3.42,0.9792847724286435,1.0019623320824314,1.0257870056309184,29
s-DANNCE SCN2A,null,-3.4,0.982171490484025,1.0006699798553764,1.0242697135412306,29
s-DANNCE SCN2A,null,-3.38,0.9813567431055427,0.9966880929303444,1.0230800405888167,29
s-DANNCE SCN2A,null,-3.36,0.983278863495879,0.9955934019351048,1.020040398676067,29
s-DANNCE SCN2A,null,-3.34,0.9882456819744748,0.9966666721069908,1.023280006160856,29
s-DANNCE SCN2A,null,-3.32,0.9832944745992888,0.9973663250953525,1.0206402953921856,29
s-DANNCE SCN2A,null,-3.3,0.9816922388319226,0.9973539436141313,1.0201049407729679,29
s-DANNCE SCN2A,null,-3.28,0.9866253459932578,1.001097067745043,1.0196203883659096,29
s-DANNCE SCN2A,null,-3.26,0.9884076681307122,1.0015752505228142,1.0284802510456057,29
s-DANNCE SCN2A,null,-3.24,0.9857988241196032,1.0015752505228142,1.0193888640720772,29
s-DANNCE SCN2A,null,-3.22,0.987196139647077,1.0005761855089907,1.0209287788002508,29
s-DANNCE SCN2A,null,-3.2,0.9893264082382703,0.9987577304357309,1.0215062139331699,29
s-DANNCE SCN2A,null,-3.18,0.9881743111211952,1.000968997141424,1.0276310559437518,29
s-DANNCE SCN2A,null,-3.16,0.9891049116142208,0.9977502999909927,1.0254997066193694,29
s-DANNCE SCN2A,null,-3.14,0.9854832347942799,1.004484010276166,1.0216339158243286,29
s-DANNCE SCN2A,null,-3.12,0.9835448540006827,1.0039898301185903,1.02111630281455,29
s-DANNCE SCN2A,null,-3.1,0.9816295773066849,1.00250761404722,1.0218601679905013,29
s-DANNCE SCN2A,null,-3.08,0.9813537352635069,1.00250761404722,1.0173476672492854,29
s-DANNCE SCN2A,null,-3.06,0.9801930637175261,1.0040966020910072,1.018310326301729,29
s-DANNCE SCN2A,null,-3.04,0.9867885374414279,1.0024366769594002,1.0202363074900693,29
s-DANNCE SCN2A,null,-3.02,0.985224497822606,1.0057841289309912,1.0243582792678374,29
s-DANNCE SCN2A,null,-3.0,0.9849657608509319,1.0050421546843589,1.0202363074900695,29
s-DANNCE SCN2A,null,-2.98,0.9856843946687243,1.0022231330145666,1.0185913460163059,29
s-DANNCE SCN2A,null,-2.96,0.983600487012918,1.0034528737542978,1.0205004553628703,29
s-DANNCE SCN2A,null,-2.94,0.9836044284110367,1.0051158953881136,1.01944960658072,29
s-DANNCE SCN2A,null,-2.92,0.9882947436236118,1.0072365185844114,1.0224433857618027,29
s-DANNCE SCN2A,null,-2.9,0.987310706337407,1.002329904986983,1.0214224805192866,29
s-DANNCE SCN2A,null,-2.88,0.991539096679097,1.000797853484135,1.024453590563492,29
s-DANNCE SCN2A,null,-2.86,0.9901182236582938,1.003635018044668,1.0258996377634486,29
s-DANNCE SCN2A,null,-2.84,0.990367072024353,1.0036350180446683,1.0326910127612068,29
s-DANNCE SCN2A,null,-2.82,0.9891294424387892,0.999366863798994,1.0290425342943876,29
s-DANNCE SCN2A,null,-2.8,0.9904744874701802,0.9999465150022343,1.0260756635252957,29
s-DANNCE SCN2A,null,-2.78,0.9880900883403666,1.0043465829334721,1.0265363015045437,29
s-DANNCE SCN2A,null,-2.76,0.9873332861229058,1.006902965160278,1.0266074986103422,29
s-DANNCE SCN2A,null,-2.74,0.9902249956307108,1.0009995715046074,1.024059789282936,29
s-DANNCE SCN2A,null,-2.72,0.990852839700004,1.0032535048667446,1.0228692593630304,29
s-DANNCE SCN2A,null,-2.7,0.996561895377623,1.0114556269068724,1.0257222024863564,29
s-DANNCE SCN2A,null,-2.68,0.9965109007110177,1.0093065707258135,1.0250596171431334,29
s-DANNCE SCN2A,null,-2.66,0.9965354315355862,1.0083198476674045,1.0237869244464828,29
s-DANNCE SCN2A,null,-2.64,0.9972728809878838,1.0099930073391683,1.0284233832435947,29
s-DANNCE SCN2A,null,-2.62,0.994825181902183,1.0100158207489198,1.02750607102646,29
s-DANNCE SCN2A,null,-2.6,0.9953426558455313,1.0073115910806887,1.0243102187483446,29
s-DANNCE SCN2A,null,-2.58,0.9925722144087318,1.0096044196251204,1.0233059688530572,29
s-DANNCE SCN2A,null,-2.56,0.9880802884303033,1.010746419345056,1.0236189778455145,29
s-DANNCE SCN2A,null,-2.54,0.9893708198513776,1.0088455677635473,1.0232940052708428,29
s-DANNCE SCN2A,null,-2.52,0.9871419738198054,1.0128369146460319,1.0239439504201864,29
s-DANNCE SCN2A,null,-2.5,0.9849020731111128,1.006322862955072,1.0241313290249825,29
s-DANNCE SCN2A,null,-2.48,0.9850231636070116,1.009530827151415,1.0218311865078418,29
s-DANNCE SCN2A,null,-2.46,0.9809521913882099,1.0128912171678484,1.0229481894063335,29
s-DANNCE SCN2A,null,-2.44,0.9824605601437776,1.0073659273421451,1.0216993139523958,29
s-DANNCE SCN2A,null,-2.42,0.9791149148357108,1.012471315152959,1.0229472557993153,29
s-DANNCE SCN2A,null,-2.4,0.9809274284257671,1.0143360554738814,1.0271945605208603,29
s-DANNCE SCN2A,null,-2.38,0.9842740690819438,1.0126479105147697,1.0254067691831874,29
s-DANNCE SCN2A,null,-2.36,0.9820829503447684,1.0094992710048178,1.0211074911775888,29
s-DANNCE SCN2A,null,-2.34,0.9777024496171127,1.0079355628489781,1.0269164589686761,29
s-DANNCE SCN2A,null,-2.32,0.9813926421136077,1.0103178114750648,1.0248135774182177,29
s-DANNCE SCN2A,null,-2.3,0.9795280924403098,1.0118728618268558,1.0211074911775888,29
s-DANNCE SCN2A,null,-2.28,0.9798935683542881,1.0028415563702493,1.0197194628791546,29
s-DANNCE SCN2A,null,-2.26,0.9820846870914638,1.0052134650581361,1.0217078778351125,29
s-DANNCE SCN2A,null,-2.24,0.9805559738036194,1.003529077845262,1.0212023394864929,29
s-DANNCE SCN2A,null,-2.22,0.9792348711544121,1.0028420366126352,1.0241680927011694,29
s-DANNCE SCN2A,null,-2.2,0.980965459478817,1.0027185668535556,1.024504753866404,29
s-DANNCE SCN2A,null,-2.18,0.9827633819966741,1.001797808739261,1.027939023186993,29
s-DANNCE SCN2A,null,-2.16,0.9770136289141095,1.0034376146397117,1.0307720964483635,29
s-DANNCE SCN2A,null,-2.14,0.9759362296190989,1.0010637493429464,1.0340349051753683,29
s-DANNCE SCN2A,null,-2.12,0.9765356392580363,1.0020989753625038,1.0331776539805146,29
s-DANNCE SCN2A,null,-2.1,0.984774895831927,1.0035109572635037,1.0278319107632878,29
s-DANNCE SCN2A,null,-2.08,0.9884419379734403,1.0057799086673576,1.0305390042525138,29
s-DANNCE SCN2A,null,-2.06,0.9886555292908358,1.0016892731524834,1.0346559060634155,29
s-DANNCE SCN2A,null,-2.04,0.9790537119711976,1.0063549633632596,1.0335786461652636,29
s-DANNCE SCN2A,null,-2.02,0.9865728183497843,1.01218262836145,1.0299099294217815,29
s-DANNCE SCN2A,null,-2.0,0.9969140336277565,1.0121950098426713,1.0316753577285913,29
s-DANNCE SCN2A,null,-1.98,0.9943270333790805,1.0130120300186867,1.035808544634553,29
s-DANNCE SCN2A,null,-1.96,0.994547676584998,1.0116919460991658,1.0365883370530884,29
s-DANNCE SCN2A,null,-1.94,0.9943270333790802,1.0098912370811182,1.0293661099019829,29
s-DANNCE SCN2A,null,-1.92,1.000649275709478,1.0125850770590592,1.0322447205666772,29
s-DANNCE SCN2A,null,-1.9,0.9992834214868833,1.0110530452010769,1.0263098753659992,29
s-DANNCE SCN2A,null,-1.88,0.9971682213958104,1.0120095242491194,1.0256006922010108,29
s-DANNCE SCN2A,null,-1.86,0.993674785600921,1.009550783368655,1.0273672142258816,29
s-DANNCE SCN2A,null,-1.84,0.9948268827179959,1.0077387753982185,1.0263098753659994,29
s-DANNCE SCN2A,null,-1.82,0.9968142074865671,1.0095239695939706,1.020738986686655,29
s-DANNCE SCN2A,null,-1.8,0.989644850589654,1.0090414661251488,1.0264522072370152,29
s-DANNCE SCN2A,null,-1.78,0.9885505092812674,1.00614297024157,1.023859066686277,29
s-DANNCE SCN2A,null,-1.76,0.9939005052111322,1.00691350158195,1.0202536214981597,29
s-DANNCE SCN2A,null,-1.74,0.9956630258758347,1.0067223736320383,1.017591724104318,29
s-DANNCE SCN2A,null,-1.72,0.9970795416873255,1.0053071901026638,1.015140675614906,29
s-DANNCE SCN2A,null,-1.7,0.9938370396901375,1.0053104599312204,1.0174951479681473,29
s-DANNCE SCN2A,null,-1.68,0.9928558053238042,1.0037200704866602,1.0200634535210702,29
s-DANNCE SCN2A,null,-1.66,0.9963308362950553,1.0055488030095374,1.020346360030746,29
s-DANNCE SCN2A,null,-1.64,0.9952238180420069,1.0037369970943124,1.020854532831323,29
s-DANNCE SCN2A,null,-1.62,0.9960810739074085,1.0069940229397922,1.0226629357461177,29
s-DANNCE SCN2A,null,-1.6,0.9920430391528865,1.011036685951313,1.0187719818361318,29
s-DANNCE SCN2A,null,-1.58,0.9860825687134088,1.0110530398343582,1.0193943343747798,29
s-DANNCE SCN2A,null,-1.56,0.9858487410415976,1.009622905201604,1.024034757141693,29
s-DANNCE SCN2A,null,-1.54,0.9852438983067137,1.008346729698786,1.023302648577775,29
s-DANNCE SCN2A,null,-1.52,0.9794871832633566,1.0097854726578788,1.0236339340821643,29
s-DANNCE SCN2A,null,-1.5,0.9798015070352015,1.0118713847664897,1.0269112901630018,29
s-DANNCE SCN2A,null,-1.48,0.9819515646277553,1.0149825464362674,1.0302606841297959,29
s-DANNCE SCN2A,null,-1.46,0.9791393795715453,1.0099640784741668,1.0273533347706276,29
s-DANNCE SCN2A,null,-1.44,0.979574638222435,1.0137124965778679,1.0267344631052058,29
s-DANNCE SCN2A,null,-1.42,0.979695728718334,1.0123104801947551,1.0298681343961853,29
s-DANNCE SCN2A,null,-1.4,0.9832058423547796,1.0138001390702711,1.027800114289022,29
s-DANNCE SCN2A,null,-1.38,0.9788193802147437,1.0137131621270374,1.0276082049100126,29
s-DANNCE SCN2A,null,-1.36,0.9802104573148013,1.0109411102757162,1.0293892993340463,29
s-DANNCE SCN2A,null,-1.34,0.9816015344148589,1.0080004787967212,1.0253240903741665,29
s-DANNCE SCN2A,null,-1.32,0.9842999669610651,1.0113805119670867,1.029031281892512,29
s-DANNCE SCN2A,null,-1.3,0.9821389139175093,1.0102101640776586,1.0237814141419896,29
s-DANNCE SCN2A,null,-1.28,0.9850316762910563,1.0093420299132863,1.0218936759779031,29
s-DANNCE SCN2A,null,-1.26,0.9809368909509258,1.0069974610586778,1.0256649097135817,29
s-DANNCE SCN2A,null,-1.24,0.9788988349989918,1.0059040099009484,1.0326662194126939,29
s-DANNCE SCN2A,null,-1.22,0.9772769553150632,1.0028154269427838,1.0377732724169708,29
s-DANNCE SCN2A,null,-1.2,0.9824504007673159,1.0028154269427838,1.0393982857051496,29
s-DANNCE SCN2A,null,-1.18,0.9817271168957213,1.0018137543077743,1.035716049349575,29
s-DANNCE SCN2A,null,-1.16,0.9845894450149658,0.9994847971111814,1.0345621693576117,29
s-DANNCE SCN2A,null,-1.14,0.9845511319227911,1.0051190077225924,1.0396959686797038,29
s-DANNCE SCN2A,null,-1.12,0.9886825023960094,1.0022277386853045,1.035464379792413,29
s-DANNCE SCN2A,null,-1.1,0.9892943192921294,1.0052026700375583,1.0356652466222653,29
s-DANNCE SCN2A,null,-1.08,0.988640641569055,1.008312091806495,1.0356652466222658,29
s-DANNCE SCN2A,null,-1.06,0.9868947257217674,1.0029337186337044,1.0321871391430342,29
s-DANNCE SCN2A,null,-1.04,0.9866377475728775,0.9990726034374536,1.0378603337004717,29
s-DANNCE SCN2A,null,-1.02,0.9873439624257442,0.9972357091108665,1.030719929280802,29
s-DANNCE SCN2A,null,-1.0,0.9822845856265209,0.9995515740058992,1.0395156424042715,29
s-DANNCE SCN2A,null,-0.98,0.9778251055434163,1.003291842939548,1.0383037182164174,29
s-DANNCE SCN2A,null,-0.96,0.9741596041767244,0.9991719987805087,1.0367009032060444,29
s-DANNCE SCN2A,null,-0.94,0.9782061486432326,1.002953469943628,1.0284433782813085,29
s-DANNCE SCN2A,null,-0.92,0.9784370440951523,1.000649275709478,1.0302701950956725,29
s-DANNCE SCN2A,null,-0.9,0.9784370440951523,0.9976140970401234,1.0264618303176085,29
s-DANNCE SCN2A,null,-0.88,0.9815736554762023,0.9985875989278067,1.028810028186454,29
s-DANNCE SCN2A,null,-0.86,0.9826983348638203,1.000376806101812,1.0299157239807857,29
s-DANNCE SCN2A,null,-0.84,0.9816667986109032,1.003302443627814,1.0313399680153548,29
s-DANNCE SCN2A,null,-0.82,0.9789626900673785,1.0007017786764838,1.026497608262281,29
s-DANNCE SCN2A,null,-0.8,0.9765356392580363,1.001026751251156,1.0226237204598219,29
s-DANNCE SCN2A,null,-0.78,0.9718476812949497,0.996557564641197,1.0243827696938663,29
s-DANNCE SCN2A,null,-0.76,0.9719765330614702,0.9984260862998257,1.0254179957134235,29
s-DANNCE SCN2A,null,-0.74,0.9760963591186146,1.0018816393383618,1.0268012342851536,29
s-DANNCE SCN2A,null,-0.72,0.9766649201840291,1.0034804022809862,1.0283830586079514,29
s-DANNCE SCN2A,null,-0.7,0.9762835404172582,1.00135354409615,1.0262836212753748,29
s-DANNCE SCN2A,null,-0.68,0.9835029357396694,0.9993981267426322,1.0330214020394572,29
s-DANNCE SCN2A,null,-0.66,0.9813235549386078,0.9958799279853,1.0344046406111873,29
s-DANNCE SCN2A,null,-0.64,0.9801800907019297,0.9945057513872707,1.0382063437742042,29
s-DANNCE SCN2A,null,-0.62,0.9786363236119371,0.9933838289383935,1.0348668122813982,29
s-DANNCE SCN2A,null,-0.6,0.9760526449653385,0.9955004487738237,1.024730782246039,29
s-DANNCE SCN2A,null,-0.58,0.9714927098195595,0.9963133223874808,1.022312317654752,29
s-DANNCE SCN2A,null,-0.56,0.97180070166526,0.9980695775666825,1.0156374761507516,29
s-DANNCE SCN2A,null,-0.54,0.9714652248306948,0.9953488396216753,1.0128080597472093,29
s-DANNCE SCN2A,null,-0.52,0.9696137963603735,0.9941630891423309,1.0151209264066499,29
s-DANNCE SCN2A,null,-0.5,0.965908404945749,0.9921466453796133,1.0121163925516956,29
s-DANNCE SCN2A,null,-0.48,0.9718007016652602,0.9952202822852279,1.0185128725696804,29
s-DANNCE SCN2A,null,-0.46,0.9714652248306946,0.9957081270405954,1.0112552207178733,29
s-DANNCE SCN2A,null,-0.44,0.97467348870868,0.9980899201923997,1.013326513487202,29
s-DANNCE SCN2A,null,-0.42,0.9714927098195596,0.9961171983464975,1.0109369692142822,29
s-DANNCE SCN2A,null,-0.4,0.9696137963603731,0.99704989235244,1.010219994698316,29
s-DANNCE SCN2A,null,-0.38,0.9713254501526074,0.9950413925618657,1.0146808367400821,29
s-DANNCE SCN2A,null,-0.36,0.9667215414858786,0.9912553524613531,1.01782340102435,29
s-DANNCE SCN2A,null,-0.34,0.9691907554861948,0.9899061361882499,1.01992343274572,29
s-DANNCE SCN2A,null,-0.32,0.9790165897123883,0.9938940308878892,1.0158901981677213,29
s-DANNCE SCN2A,null,-0.3,0.9759981570704866,0.9955624309390716,1.0226796433488639,29
s-DANNCE SCN2A,null,-0.28,0.975142179877949,0.9959383086231358,1.0227306463053152,29
s-DANNCE SCN2A,null,-0.26,0.9715533499981629,0.995974086567808,1.0226979385392234,29
s-DANNCE SCN2A,null,-0.24,0.9728379856437991,0.9979825863583826,1.0192729795416882,29
s-DANNCE SCN2A,null,-0.22,0.9725577472617695,0.99778753609172,1.0207462990172103,29
s-DANNCE SCN2A,null,-0.2,0.9829242522383305,1.0013517238258276,1.022602147888906,29
s-DANNCE SCN2A,null,-0.18,0.9768775520128914,1.001291458994422,1.0180250376947686,29
s-DANNCE SCN2A,null,-0.16,0.9752783961581731,1.003758950853677,1.0202183729182608,29
s-DANNCE SCN2A,null,-0.14,0.9798492251845256,1.0099350761500274,1.0185980369370433,29
s-DANNCE SCN2A,null,-0.12,0.981196561695879,1.0067758205197206,1.0210448947919148,29
s-DANNCE SCN2A,null,-0.1,0.9899635940283362,1.0045404891962977,1.0165517182192467,29
s-DANNCE SCN2A,null,-0.08,0.9844084827394348,1.0055488030095372,1.0184410183104085,29
s-DANNCE SCN2A,null,-0.06,0.9856348687438384,1.004562782288256,1.0192865911332163,29
s-DANNCE SCN2A,null,-0.04,0.9869818725632516,1.001310611689876,1.0193180749031865,29
s-DANNCE SCN2A,null,-0.02,0.9821290514677279,1.0007065512644922,1.0207808079709622,29
s-DANNCE SCN2A,null,0.0,0.9817407209250937,1.0001341979276468,1.0224536306249956,29
s-DANNCE SCN2A,null,0.02,0.9842759024877458,1.0007065512644917,1.0206022021546741,29
s-DANNCE SCN2A,null,0.04,0.9867622028984707,1.0009468259316658,1.022418136784329,29
s-DANNCE SCN2A,null,0.06,0.9867447187441916,0.9999152509941567,1.0181030466170653,29
s-DANNCE SCN2A,null,0.08,0.9891612726828342,1.0022858094969103,1.0177622272776499,29
s-DANNCE SCN2A,null,0.1,0.9908580749992805,0.9981912642427666,1.016012271360809,29
s-DANNCE SCN2A,null,0.12,0.990193731287253,1.0007579872606087,1.0199143377859305,29
s-DANNCE SCN2A,null,0.14,0.9843589568145493,1.0023865001833487,1.0119705290030585,29
s-DANNCE SCN2A,null,0.16,0.986885580306176,1.0002273945679045,1.017193076463489,29
s-DANNCE SCN2A,null,0.18,0.9818700018510863,1.0002069354179561,1.0161357376036066,29
s-DANNCE SCN2A,null,0.2,0.9824785935734793,0.9999396423284769,1.0112997985614005,29
s-DANNCE SCN2A,null,0.22,0.9872065096480309,0.9991376512793911,1.0163977410847493,29
s-DANNCE SCN2A,null,0.24,0.984238249591994,0.9999396423284771,1.0200490267311433,29
s-DANNCE SCN2A,null,0.26,0.9872804261525894,0.999171709398399,1.0167632169987282,29
s-DANNCE SCN2A,null,0.28,0.9875528528259107,0.9975668096289279,1.017240005747769,29
s-DANNCE SCN2A,null,0.3,0.9862893670616599,1.000554947970129,1.0199925140560144,29
s-DANNCE SCN2A,null,0.32,0.9851684536960968,1.0028862991852643,1.017240005747769,29
s-DANNCE SCN2A,null,0.34,0.9859926240428063,1.0016681695506287,1.022318494196312,29
s-DANNCE SCN2A,null,0.36,0.9897063565038046,1.00159697244483,1.016516529344093,29
s-DANNCE SCN2A,null,0.38,0.9895909087778444,1.003414394427476,1.013642467632702,29
s-DANNCE SCN2A,null,0.4,0.9896327902232706,1.0000891403697187,1.0151131733852903,29
s-DANNCE SCN2A,null,0.42,0.9926202898138562,1.0000120839894344,1.0161205778108455,29
s-DANNCE SCN2A,null,0.44,0.9858399833290967,0.999534323036067,1.0196156085066927,29
s-DANNCE SCN2A,null,0.46,0.9865016212439858,1.000464796919544,1.0222266419355457,29
s-DANNCE SCN2A,null,0.48,0.9816374779369226,0.998402284050364,1.024830720273672,29
s-DANNCE SCN2A,null,0.5,0.9845462984707266,1.0021254866660216,1.0240397101168572,29
s-DANNCE SCN2A,null,0.52,0.9842450893264133,1.0019962057400287,1.0230858350580854,29
s-DANNCE SCN2A,null,0.54,0.9872220610676027,1.0019962057400285,1.0214694187959956,29
s-DANNCE SCN2A,null,0.56,0.9868241103045775,0.999587586295489,1.0240079672602633,29
s-DANNCE SCN2A,null,0.58,0.9877593211468305,0.9998368845152301,1.0237624872513857,29
s-DANNCE SCN2A,null,0.6,0.9863505200424534,0.9998824037378172,1.0177622272776499,29
s-DANNCE SCN2A,null,0.62,0.9886524743758179,0.9998742267962943,1.0227261214644916,29
s-DANNCE SCN2A,null,0.64,0.9873903256690423,1.002312907709643,1.0209950598018291,29
s-DANNCE SCN2A,null,0.66,0.9918766665963537,1.004792473330606,1.0178453301284487,29
s-DANNCE SCN2A,null,0.68,0.9901990328087916,1.0027938616588508,1.0187861376052427,29
s-DANNCE SCN2A,null,0.7,0.9891590049688319,1.0031707892356414,1.0201938218733215,29
s-DANNCE SCN2A,null,0.72,0.9900916989747744,1.0020188129709369,1.0163784650833327,29
s-DANNCE SCN2A,null,0.74,0.9895312989315742,1.004418731082561,1.0223972417345677,29
s-DANNCE SCN2A,null,0.76,0.9903670720243528,1.008628371373934,1.0187259123386758,29
s-DANNCE SCN2A,null,0.78,0.989865818265478,1.0057791972211654,1.022359588838816,29
s-DANNCE SCN2A,null,0.8,0.9902827862251985,1.004609334069598,1.0222842830473124,29
s-DANNCE SCN2A,null,0.82,0.9903918349867954,1.0036291396286114,1.0248722040236327,29
s-DANNCE SCN2A,null,0.84,0.9909490640205072,1.0057243460985223,1.0222072582422155,29
s-DANNCE SCN2A,null,0.86,0.9939867676636523,1.0014790820360575,1.0191394577201185,29
s-DANNCE SCN2A,null,0.88,0.9910506900625865,1.0052506923138405,1.0157384449073732,29
s-DANNCE SCN2A,null,0.9,0.9872143879478094,1.0057392957608755,1.019546359506455,29
s-DANNCE SCN2A,null,0.92,0.9920859160821437,1.007524194085841,1.0206123815245203,29
s-DANNCE SCN2A,null,0.94,0.9867024431591496,1.0059292881576718,1.0211662400886652,29
s-DANNCE SCN2A,null,0.96,0.9901806935148386,1.0137678130896621,1.0235601940522516,29
s-DANNCE SCN2A,null,0.98,0.9856093240143946,1.0114174512321903,1.0284835916548034,29
s-DANNCE SCN2A,null,1.0,0.9903110575970956,1.0137678130896621,1.0301121045775432,29
s-DANNCE SCN2A,null,1.02,0.9867641448757039,1.016820209676723,1.0305760191210476,29
s-DANNCE SCN2A,null,1.04,0.9814512674434307,1.0145539433528514,1.0267947784358389,29
s-DANNCE SCN2A,null,1.06,0.9825046303646389,1.0135946171702117,1.0278235108128022,29
s-DANNCE SCN2A,null,1.08,0.9799935553508786,1.0112367626044532,1.022647978677123,29
s-DANNCE SCN2A,null,1.1,0.9847505732585201,1.0122816879955596,1.0252979816385737,29
s-DANNCE SCN2A,null,1.12,0.9858099783649168,1.0121657546613119,1.027204189862664,29
s-DANNCE SCN2A,null,1.14,0.9864552374970281,1.0123404829075542,1.0251188215766982,29
s-DANNCE SCN2A,null,1.16,0.9820263105662316,1.0105966400329685,1.0197106044896491,29
s-DANNCE SCN2A,null,1.18,0.9808719055432019,1.014089620562738,1.0253051078460997,29
s-DANNCE SCN2A,null,1.2,0.9871868183772136,1.0130360214575829,1.0255845372502017,29
s-DANNCE SCN2A,null,1.22,0.9849051401212007,1.0148841544979599,1.027025584046376,29
s-DANNCE SCN2A,null,1.24,0.9880900883403664,1.011728666011434,1.027025584046376,29
s-DANNCE SCN2A,null,1.26,0.9882055360663263,1.0109494058074964,1.0242074219296498,29
s-DANNCE SCN2A,null,1.28,0.9925125434221141,1.0132037131519762,1.031318747855628,29
s-DANNCE SCN2A,null,1.3,0.9860520323884324,1.012519747756942,1.0310600108839538,29
s-DANNCE SCN2A,null,1.32,0.9925125434221141,1.012519747756942,1.0318097752962807,29
s-DANNCE SCN2A,null,1.34,0.9930433942732425,1.0121317597926804,1.0324905665491964,29
s-DANNCE SCN2A,null,1.36,0.9972626879969613,1.013267738235871,1.0350213819773946,29
s-DANNCE SCN2A,null,1.38,0.9965754159958643,1.0129379607530302,1.0374197316031528,29
s-DANNCE SCN2A,null,1.4,0.9950134320887933,1.0163530637196783,1.0357469089491194,29
s-DANNCE SCN2A,null,1.42,0.9973029087843077,1.0171640883481998,1.0305498351707307,29
s-DANNCE SCN2A,null,1.44,0.9934433254173215,1.0167815904746265,1.028086023345281,29
s-DANNCE SCN2A,null,1.46,0.9936432909893608,1.0150333163665477,1.029180714340521,29
s-DANNCE SCN2A,null,1.48,0.9959338757403452,1.0127415549368135,1.0272461605219756,29
s-DANNCE SCN2A,null,1.5,0.9966829329021102,1.0121571376672793,1.0242995215709316,29
s-DANNCE SCN2A,null,1.52,1.0001047099994602,1.0137641861548778,1.021427322374166,29
s-DANNCE SCN2A,null,1.54,0.9979546524069063,1.0132615015450237,1.0264708450069027,29
s-DANNCE SCN2A,null,1.56,1.0028667995750784,1.0137489853815516,1.0264897665975121,29
s-DANNCE SCN2A,null,1.58,1.0025294829280458,1.0175653547543286,1.0281625892515456,29
s-DANNCE SCN2A,null,1.6,1.0016074577716292,1.0199584842661673,1.0292574448909755,29
s-DANNCE SCN2A,null,1.62,0.9947692494284669,1.0155657931767907,1.0284263530641433,29
s-DANNCE SCN2A,null,1.64,0.9952905291101998,1.012157137667279,1.0325017238417546,29
s-DANNCE SCN2A,null,1.66,0.996475366497839,1.0156849823464016,1.0312403258351808,29
s-DANNCE SCN2A,null,1.68,0.994687575160166,1.0127516656784432,1.0279839834352578,29
s-DANNCE SCN2A,null,1.7,0.9925748112478212,1.0098041452399713,1.0325556661158053,29
s-DANNCE SCN2A,null,1.72,0.9988919471462955,1.0072747372088522,1.0305377851758941,29
s-DANNCE SCN2A,null,1.74,0.9951278380038474,1.006893378084601,1.0342263713165634,29
s-DANNCE SCN2A,null,1.76,0.9984559038973414,1.0137009117802929,1.0329286115255678,29
s-DANNCE SCN2A,null,1.78,0.9995502930855951,1.012281073609938,1.0273562789344184,29
s-DANNCE SCN2A,null,1.8,1.0016435755172837,1.013186147703868,1.0296520966417961,29
s-DANNCE SCN2A,null,1.82,1.0006034874486571,1.0147310144626351,1.0339762922848772,29
s-DANNCE SCN2A,null,1.84,0.9934236427094989,1.017124665686626,1.0294656239369153,29
s-DANNCE SCN2A,null,1.86,0.9973159864874234,1.0148557142827723,1.0327421388206866,29
s-DANNCE SCN2A,null,1.88,1.000329505709592,1.0101968077739851,1.0311200237583307,29
s-DANNCE SCN2A,null,1.9,0.9983027366445053,1.014444142074374,1.029854529139136,29
s-DANNCE SCN2A,null,1.92,0.9998589228657836,1.0135271782016801,1.0326124327139985,29
s-DANNCE SCN2A,null,1.94,0.9926035290919222,1.0109230998635534,1.0325556661158055,29
s-DANNCE SCN2A,null,1.96,1.001041070598396,1.0085901407167892,1.0298643375887255,29
s-DANNCE SCN2A,null,1.98,1.0005635332637153,1.0116569746832036,1.0329286115255678,29
s-DANNCE SCN2A,null,2.0,0.9929515416440952,1.0095373230430493,1.0340668429809001,29
s-DANNCE SCN2A,null,2.02,0.9867313738897909,1.0042218494875164,1.034981289462718,29
s-DANNCE SCN2A,null,2.04,0.9948679067020546,1.007276473955548,1.0325344316078466,29
s-DANNCE SCN2A,null,2.06,0.997512237133661,1.0097670007963064,1.0349731125211952,29
s-DANNCE SCN2A,null,2.08,0.9932232806792035,1.0039817522484886,1.0325344316078469,29
s-DANNCE SCN2A,null,2.1,0.9991765475534217,1.0072610461089087,1.033549369037552,29
s-DANNCE SCN2A,null,2.12,0.988436431518246,1.0049185776159204,1.0309525804505137,29
s-DANNCE SCN2A,null,2.14,0.9916217752371909,1.0043144071578647,1.0335672913428116,29
s-DANNCE SCN2A,null,2.16,0.9913499050822293,1.004018896692153,1.03679381913123,29
s-DANNCE SCN2A,null,2.18,0.9942385453230135,1.0056697522749949,1.0276407158981034,29
s-DANNCE SCN2A,null,2.2,0.9975122371336611,1.0093757238286731,1.0320506317618914,29
s-DANNCE SCN2A,null,2.22,0.9997811885375149,1.0113956144438403,1.0404081652786443,29
s-DANNCE SCN2A,null,2.24,0.9968952777281825,1.013285199553639,1.0404081652786443,29
s-DANNCE SCN2A,null,2.26,0.9975098965404875,1.01039828804699,1.0335382688462225,29
s-DANNCE SCN2A,null,2.28,0.9918830636528546,1.012703568753792,1.0368839141542894,29
s-DANNCE SCN2A,null,2.3,0.993783818147791,1.0101898607872009,1.0398339306630195,29
s-DANNCE SCN2A,null,2.32,0.9965618953776233,1.0158408106918733,1.0333282457154094,29
s-DANNCE SCN2A,null,2.34,0.9957927293999861,1.0156667892567923,1.0390239524742382,29
s-DANNCE SCN2A,null,2.36,0.9958642852893309,1.014783471831991,1.0397926095994323,29
s-DANNCE SCN2A,null,2.38,0.9939237891212773,1.0168123547372028,1.0391086958833478,29
s-DANNCE SCN2A,null,2.4,0.996317406776278,1.0188462316925242,1.0369598302325036,29
s-DANNCE SCN2A,null,2.42,0.9915044796292444,1.0195061947151438,1.0389558357879851,29
s-DANNCE SCN2A,null,2.44,0.9838132865458843,1.018264467081965,1.0318738261655458,29
s-DANNCE SCN2A,null,2.46,0.9898715457406616,1.0142030310423567,1.0340288050511048,29
s-DANNCE SCN2A,null,2.48,0.9877229522930161,1.0123064431736637,1.031256753199784,29
s-DANNCE SCN2A,null,2.5,0.9876513964036712,1.0167635207514734,1.0323132278569165,29
s-DANNCE SCN2A,null,2.52,0.9878792064528482,1.0175047331544322,1.0336357723378204,29
s-DANNCE SCN2A,null,2.54,0.9894890393962897,1.0130847747278662,1.0358321809995765,29
s-DANNCE SCN2A,null,2.56,0.9875959264467076,1.0147486971904254,1.037459959439482,29
s-DANNCE SCN2A,null,2.58,0.983292092037007,1.005302196734616,1.0376796602851674,29
s-DANNCE SCN2A,null,2.6,0.9844757673403377,1.0122519487367685,1.0398095896402781,29
s-DANNCE SCN2A,null,2.62,0.982206815936484,1.0123809795243766,1.0373709087269296,29
s-DANNCE SCN2A,null,2.64,0.9778998085806964,1.0087832319332493,1.039825943523324,29
s-DANNCE SCN2A,null,2.66,0.9776346528394146,1.007192842488689,1.039032129415761,29
s-DANNCE SCN2A,null,2.68,0.9812454063357688,1.0091381854333985,1.037240258593797,29
s-DANNCE SCN2A,null,2.7,0.9821166699865067,1.0098719821461435,1.0391755366336708,29
s-DANNCE SCN2A,null,2.72,0.9801687599845499,1.0117728337276521,1.0359640830909786,29
s-DANNCE SCN2A,null,2.74,0.9778998085806961,1.0174753884721777,1.0308173515084131,29
s-DANNCE SCN2A,null,2.76,0.9738839318460606,1.0136736853091606,1.0333445995984551,29
s-DANNCE SCN2A,null,2.78,0.9753066084401542,1.0117728337276521,1.0325556661158053,29
s-DANNCE SCN2A,null,2.8,0.9793324572306371,1.0091001281284324,1.0383315927120857,29
s-DANNCE SCN2A,null,2.82,0.975427698936053,1.009631189312404,1.0342719892672092,29
s-DANNCE SCN2A,null,2.84,0.9788480952470415,1.0051583109638083,1.0397547224896944,29
s-DANNCE SCN2A,null,2.86,0.9757909704237501,1.0082488356856598,1.038164333045134,29
s-DANNCE SCN2A,null,2.88,0.9822645064604424,1.0107165443905222,1.0383037182164179,29
s-DANNCE SCN2A,null,2.9,0.9806447027180477,1.0070093528721766,1.0419896180562855,29
s-DANNCE SCN2A,null,2.92,0.9788249334036135,1.003836319972836,1.041550216364915,29
s-DANNCE SCN2A,null,2.94,0.985168453696097,1.004008085730106,1.0446931504903267,29
s-DANNCE SCN2A,null,2.96,0.9785924949364554,1.003400943240546,1.039210417267842,29
s-DANNCE SCN2A,null,2.98,0.9843043205129943,1.00944884173477,1.0383054549631137,29
s-DANNCE SCN2A,null,3.0,0.9855241931113099,1.0150548345782653,1.0407015270461148,29
s-DANNCE SCN2A,null,3.02,0.9810647130282053,1.0140863626276504,1.0374057565701928,29
s-DANNCE SCN2A,null,3.04,0.983310881984785,1.016256791307513,1.0387357504735857,29
s-DANNCE SCN2A,null,3.06,0.9815230906471121,1.0134546297271256,1.0387357504735857,29
s-DANNCE SCN2A,null,3.08,0.9833108819847851,1.0143368082403572,1.0352398461028336,29
s-DANNCE SCN2A,null,3.1,0.9868864646601306,1.010881779661782,1.0306577548140643,29
s-DANNCE SCN2A,null,3.12,0.9879639383079409,1.0140589516866048,1.03060293744817,29
s-DANNCE SCN2A,null,3.14,0.989487129611461,1.011720387402007,1.033021402039457,29
s-DANNCE SCN2A,null,3.16,0.9895837420503355,1.0132195602735938,1.0384702871421874,29
s-DANNCE SCN2A,null,3.18,0.9887764220490033,1.01673836014171,1.0383759442318097,29
s-DANNCE SCN2A,null,3.2,0.9876871743483436,1.01828789972301,1.0374550729259335,29
s-DANNCE SCN2A,null,3.22,0.9867787023321085,1.0191445206082181,1.0335390150492356,29
s-DANNCE SCN2A,null,3.24,0.9802648507400469,1.0161143357123015,1.034865578862552,29
s-DANNCE SCN2A,null,3.26,0.9802648507400472,1.0096940863722765,1.0355034163730956,29
s-DANNCE SCN2A,null,3.28,0.9813301769475317,1.0138732379966682,1.0374199703760663,29
s-DANNCE SCN2A,null,3.3,0.9835700776562243,1.01469435902756,1.0356916808518541,29
s-DANNCE SCN2A,null,3.32,0.9797864098575392,1.01420251581913,1.0325365456040032,29
s-DANNCE SCN2A,null,3.34,0.9800285908493372,1.011425970412187,1.0325037890296787,29
s-DANNCE SCN2A,null,3.36,0.9801496813452358,1.0153480367506342,1.0302736685890643,29
s-DANNCE SCN2A,null,3.38,0.9825106725498275,1.0098674500043126,1.0306391445030432,29
s-DANNCE SCN2A,null,3.4,0.9791797427189829,1.007989307366582,1.0349485816966266,29
s-DANNCE SCN2A,null,3.42,0.9822684915580296,1.0079901384889975,1.0341384137060181,29
s-DANNCE SCN2A,null,3.44,0.9880498790736096,1.0063140179329324,1.0298722927830435,29
s-DANNCE SCN2A,null,3.46,0.986748292975415,1.0036034996304906,1.0300875737529749,29
s-DANNCE SCN2A,null,3.48,0.9854016353626504,1.0048908881553242,1.0301039276360207,29
s-DANNCE SCN2A,null,3.5,0.9810221043993045,1.005602453044128,1.0269047658573716,29
s-DANNCE SCN2A,null,3.52,0.9866272024795161,1.0072108782850604,1.0266850650116863,29
s-DANNCE SCN2A,null,3.54,0.9794613824065469,1.0057181773502553,1.030555621091434,29
s-DANNCE SCN2A,null,3.56,0.9828083663190906,1.0035290778452624,1.0260449107414547,29
s-DANNCE SCN2A,null,3.58,0.9850986733224579,1.0033326720290456,1.0235980528865833,29
s-DANNCE SCN2A,null,3.6,0.9848412543977257,1.002509551742676,1.0254088895088682,29
s-DANNCE SCN2A,null,3.62,0.9854236458971298,1.0039218894776958,1.0200424570806177,29
s-DANNCE SCN2A,null,3.64,0.9800602718841112,1.001464525002003,1.0174343486892194,29
s-DANNCE SCN2A,null,3.66,0.9808571969696334,1.0039559192225131,1.0149669897627933,29
s-DANNCE SCN2A,null,3.68,0.9819513531048522,1.004562782288256,1.0153030500895097,29
s-DANNCE SCN2A,null,3.7,0.9918119114093299,1.0027715383992117,1.0181157827126623,29
s-DANNCE SCN2A,null,3.72,0.990032873038675,1.0039854539830446,1.0204177370460268,29
s-DANNCE SCN2A,null,3.74,0.9867440657096255,1.0048563268596784,1.0186671859311598,29
s-DANNCE SCN2A,null,3.76,0.9856265104275789,1.006559994259234,1.0187662815777994,29
s-DANNCE SCN2A,null,3.78,0.9848773077762661,1.0097023816885378,1.0200424570806172,29
s-DANNCE SCN2A,null,3.8,0.9891774229613741,1.0112058384926228,1.022417136811862,29
s-DANNCE SCN2A,null,3.82,0.9870273653688203,1.013945391197768,1.028003270085798,29
s-DANNCE SCN2A,null,3.84,0.9850065887022592,1.0123211165502457,1.0284426717771684,29
s-DANNCE SCN2A,null,3.86,0.9844487281731139,1.0158086388608456,1.0301582489713572,29
s-DANNCE SCN2A,null,3.88,0.992356251780442,1.0130071417825193,1.036172356437449,29
s-DANNCE SCN2A,null,3.9,0.9952448920212259,1.0144717507191894,1.0361837839366639,29
s-DANNCE SCN2A,null,3.92,0.9975155084113702,1.0201330849469268,1.0353833843979812,29
s-DANNCE SCN2A,null,3.94,0.9999223255396763,1.0173275767168033,1.033557741574784,29
s-DANNCE SCN2A,null,3.96,0.9999078784414146,1.0143768969700455,1.0404948369535936,29
s-DANNCE SCN2A,null,3.98,1.0029908399639922,1.0175139272797846,1.0353833843979814,29
s-DANNCE SCN2A,null,4.0,1.0028617025279667,1.0172208047443863,1.0284462890191717,29
s-DANNCE SCN2A,null,4.02,1.0012948668824768,1.0142212703984224,1.0320489429254496,29
s-DANNCE SCN2A,null,4.04,0.9997280312369871,1.0168937702347065,1.0353569675965038,29
s-DANNCE SCN2A,null,4.06,1.0065119235630482,1.0132019771013152,1.0358108497111729,29
s-DANNCE SCN2A,null,4.08,0.9987199918770648,1.0164401624526203,1.041019006387426,29
s-DANNCE SCN2A,null,4.1,1.0017423097013338,1.0219450091392748,1.0387509181898154,29
s-DANNCE SCN2A,null,4.12,0.996244077207663,1.0268305479074948,1.040466287378498,29
s-DANNCE SCN2A,null,4.14,0.9947482008591598,1.0249499306503906,1.0385616436738754,29
s-DANNCE SCN2A,null,4.16,0.9998880207088714,1.0203678393616218,1.0373820962409066,29
s-DANNCE SCN2A,null,4.18,0.9969623831828694,1.0234100159222175,1.0381341548683043,29
s-DANNCE SCN2A,null,4.2,0.9975779346091418,1.0142458333446795,1.03844127317171,29
s-DANNCE SCN2A,null,4.22,1.0001146332874107,1.009852006534669,1.0367928787922567,29
s-DANNCE SCN2A,null,4.24,0.9963023376864677,1.011075272095941,1.0315065050761243,29
s-DANNCE SCN2A,null,4.26,0.991783017212806,1.0134791440130089,1.0346992066520935,29
s-DANNCE SCN2A,null,4.28,0.9928129228192858,1.0186890265863013,1.036550635122415,29
s-DANNCE SCN2A,null,4.3,0.9885567706105008,1.0193327970206771,1.0317487944418062,29
s-DANNCE SCN2A,null,4.32,0.9887226658938527,1.0120172403570942,1.0300334963468425,29
s-DANNCE SCN2A,null,4.34,0.991749558754103,1.0148182464735565,1.0301529892851577,29
s-DANNCE SCN2A,null,4.36,0.9901719911301777,1.0199914069578704,1.0351853119191206,29
s-DANNCE SCN2A,null,4.38,0.991636600066848,1.0157344540037894,1.0339308187341947,29
s-DANNCE SCN2A,null,4.4,0.9931012090035182,1.0083346949151986,1.0382546691912435,29
s-DANNCE SCN2A,null,4.42,0.9899389668999726,1.0072021145238768,1.0366261562685033,29
s-DANNCE SCN2A,null,4.44,0.9945285000134748,1.0094778069005348,1.037116469960617,29
s-DANNCE SCN2A,null,4.46,0.989381768430909,1.0100104697804129,1.0352350241009571,29
s-DANNCE SCN2A,null,4.48,0.9918034425088487,1.0094778069005348,1.0302701950956725,29
s-DANNCE SCN2A,null,4.5,0.9915367473164681,1.0119063821640777,1.0260203799168863,29
s-DANNCE SCN2A,null,4.52,0.9909727045441755,1.018072234615601,1.0284835916548034,29
s-DANNCE SCN2A,null,4.54,0.9916034769368088,1.010615653088864,1.0282449508228722,29
s-DANNCE SCN2A,null,4.56,0.9918265752169609,1.0145162083388815,1.0341967772839462,29
s-DANNCE SCN2A,null,4.58,0.9907144296721246,1.0122405159622232,1.0301366354021122,29
s-DANNCE SCN2A,null,4.6,0.9921538202822301,1.007933412345251,1.0275119216120518,29
s-DANNCE SCN2A,null,4.62,0.9921538202822302,1.0066087339079226,1.0248183159811177,29
s-DANNCE SCN2A,null,4.64,0.9944351516480885,1.0046958520483578,1.0272168752156776,29
s-DANNCE SCN2A,null,4.66,0.9920034080808882,1.0021147799980494,1.0284897292568502,29
s-DANNCE SCN2A,null,4.68,0.9918034425088487,1.002500923425323,1.027030514112067,29
s-DANNCE SCN2A,null,4.7,0.9912927153548775,1.0022338441158205,1.0250694809428433,29
s-DANNCE SCN2A,null,4.72,0.9898463341681039,1.0006174278537314,1.022941004465803,29
s-DANNCE SCN2A,null,4.74,0.9867400278497233,1.0051697233729384,1.0268469017905406,29
s-DANNCE SCN2A,null,4.76,0.9855177357756665,1.0061245112549717,1.0277153371912142,29
s-DANNCE SCN2A,null,4.78,0.9850065887022591,1.006390125264174,1.0294367625662626,29
s-DANNCE SCN2A,null,4.8,0.9841700564819944,1.0087019406068565,1.032236884076625,29
s-DANNCE SCN2A,null,4.82,0.9869225647902398,1.009841328413307,1.0284754147132806,29
s-DANNCE SCN2A,null,4.84,0.9837435283140467,1.0067665046967573,1.0325262546663236,29
s-DANNCE SCN2A,null,4.86,0.9847036987261286,1.0028617025279665,1.0341057059399268,29
s-DANNCE SCN2A,null,4.88,0.9814175481737494,1.004638028219717,1.0300548659868836,29
s-DANNCE SCN2A,null,4.9,0.9773696144431017,1.0078377038434871,1.030022158220792,29
s-DANNCE SCN2A,null,4.92,0.9774339926308776,1.006959019981856,1.0264713658013485,29
s-DANNCE SCN2A,null,4.94,0.9746329470534153,1.0042439553747469,1.0305737677714326,29
s-DANNCE SCN2A,null,4.96,0.973216808086861,1.0052226673605302,1.0273174253715096,29
s-DANNCE SCN2A,null,4.98,0.9797753313086922,1.010266188387938,1.023703871339011,29
s-DANNCE SCN2A,null,5.0,0.9795592904914684,1.0096358760988413,1.028811642209255,29
