lag_s,male_p25,male_p50,male_p75,female_p25,female_p50,female_p75,far_p50,null_p50,null_p25,null_p75
-5.003224448246273,0.8295402830147366,1.1413840961586623,1.543692557063866,1.0794533490642955,1.6285873650780889,1.8230775461712927,0.9223466182947784,1.003809531574133,0.9680416661262465,1.0396889786650434
-4.996562365092816,0.8219138301294551,1.1413840961586623,1.543692557063866,1.0794533490642955,1.6285873650780889,1.8230775461712927,0.9223466182947784,1.0083846192849713,0.9692583127498919,1.0372033135664716
-4.989900281939359,0.8219138301294551,1.1413840961586623,1.543692557063866,1.076759775868152,1.6285873650780889,1.8230775461712927,0.9223466182947784,1.0059638232517014,0.9712994284137113,1.0379975092092781
-4.9832381987859025,0.8219138301294551,1.1413840961586623,1.543692557063866,1.076759775868152,1.6285873650780889,1.8230775461712927,0.9165651388458234,1.0051189984298383,0.9740964385220724,1.0454416976868448
-4.9765761156324455,0.8030482513550663,1.1454659751557035,1.543692557063866,1.076759775868152,1.6285873650780889,1.8230775461712927,0.9165651388458234,1.0046455062989725,0.970766013453807,1.0434161370028128
-4.9699140324789886,0.8029303209519555,1.1454659751557035,1.543692557063866,1.076759775868152,1.6285873650780889,1.8584117050762603,0.9165651388458234,1.0007091333709452,0.9681139231359305,1.0510820894557793
-4.963251949325531,0.8029303209519555,1.1454659751557035,1.543692557063866,1.076759775868152,1.6285873650780889,1.8594314252785247,0.9165651388458234,1.001595947505467,0.969100106279912,1.0523191211877552
-4.956589866172074,0.8029303209519555,1.076517961404432,1.6504241650082054,1.076759775868152,1.3540793124055717,1.8230775461712927,0.9165651388458234,0.9997599085407158,0.9709212397073965,1.0518305808192245
-4.949927783018617,0.8029303209519555,1.0750549714583713,1.6504241650082054,1.076759775868152,1.3524034850533273,1.8230775461712927,0.9165651388458234,1.0010275064448186,0.9726002837633264,1.050591198838767
-4.94326569986516,0.8029303209519555,1.0750549714583713,1.6504241650082054,1.076759775868152,1.3524034850533273,1.8230775461712927,0.9165651388458234,1.0052910402903306,0.9743760398116779,1.0444863465547896
-4.936603616711703,0.8029303209519555,1.0750549714583713,1.6504241650082054,1.076759775868152,1.3524034850533273,1.8230775461712927,0.8905717292409013,1.0040733825880268,0.9728637576996727,1.042650545601825
-4.929941533558246,0.8219138301294551,1.1653644120550597,1.6504241650082054,1.076759775868152,1.3524034850533273,1.7782904000428912,0.8894458058459978,1.0006438348616298,0.9745115575709272,1.0428150125570568
-4.923279450404789,0.8029303209519555,1.1653644120550597,1.6504241650082054,1.076759775868152,1.3524034850533273,1.7782904000428912,0.8891595558943146,1.0024188177502302,0.9778969241745031,1.0459950942477727
-4.916617367251331,0.8029303209519555,1.1653644120550597,1.6504241650082054,1.036593650646714,1.3524034850533273,1.7782904000428912,0.9187918775144484,1.0060345412666412,0.9782381217592517,1.0526931996757911
-4.909955284097874,0.775103034023475,1.1141348431087053,1.6504241650082054,1.0226792529989095,1.3524034850533273,1.7782904000428912,0.9347907766731114,1.007025045180213,0.9828197694449038,1.0491236328162337
-4.903293200944417,0.7588866366002288,1.1141348431087053,1.6504241650082054,1.0226792529989095,1.3524034850533273,1.822084314644957,0.9347907766731114,1.0073442309697862,0.9869549364821203,1.0495024575225378
-4.89663111779096,0.7145695963453751,1.1454659751557035,1.6504241650082054,1.0226792529989095,1.3524034850533273,1.8230775461712927,0.9521484469176673,1.0076224985527171,0.9865182219377528,1.0512231420603482
-4.889969034637503,0.7145695963453751,1.0769162864312238,1.5554796138488542,1.0226792529989095,1.3524034850533273,1.8230775461712927,0.9585628816893315,1.005425800182537,0.9838878435011009,1.0576740774204971
-4.883306951484046,0.7145695963453751,1.0769162864312238,1.5554796138488542,1.0226792529989095,1.3524034850533273,1.8230775461712927,0.9587966329249968,1.0068127966909173,0.9801003250863572,1.05062145500218
-4.876644868330589,0.7145695963453751,1.0769162864312238,1.7036575355674421,1.0226792529989095,1.3524034850533273,1.8230775461712927,0.9587966329249968,1.0065402784313087,0.9803698494383307,1.0519675703648108
-4.869982785177132,0.7145695963453751,1.0769162864312238,1.705054524076893,1.0226792529989095,1.3524034850533273,1.8230775461712927,0.9259319085347764,1.0028963317032609,0.9825758181604365,1.057439490948523
-4.863320702023675,0.7145695963453751,1.0769162864312238,1.705054524076893,1.0226792529989095,1.3524034850533273,1.621498508904665,0.9273220118433021,1.0014311415121582,0.9852904786964688,1.0503830692553309
-4.856658618870218,0.7611872126442456,1.0769162864312238,1.705054524076893,1.112638559465608,1.3524034850533273,1.6277085325377414,0.898270645231179,1.0020890218515148,0.9852951889417231,1.0519356676604172
-4.849996535716761,0.7608419465243013,1.0599839385887266,1.7061017835814922,1.112638559465608,1.3524034850533273,1.6285873650780889,0.898270645231179,1.002337743851798,0.9847071481675083,1.0492467090875623
-4.843334452563304,0.7608419465243013,1.0592649231338365,1.7061017835814922,1.112638559465608,1.3524034850533273,1.6205133743744824,0.898270645231179,1.0009152801697083,0.9827162730340129,1.048232765835559
-4.836672369409847,0.7608419465243013,1.0592649231338365,1.7061017835814922,1.0204119807597727,1.3524034850533273,1.6205133743744824,0.8889994104208259,0.9978556540454572,0.9834260904013832,1.04250029184182
-4.830010286256389,0.7608419465243013,1.0592649231338365,1.7061017835814922,1.0359623888549523,1.3524034850533273,1.6205133743744824,0.898270645231179,1.003935972549961,0.9835113337554738,1.049483236936091
-4.823348203102932,0.7608419465243013,1.0592649231338365,1.7061017835814922,1.1931257951653942,1.3524034850533273,1.7764524042273697,0.898270645231179,1.0062058294748566,0.9847574066885599,1.0468170834026624
-4.816686119949475,0.7608419465243013,1.0592649231338365,1.7061017835814922,1.1931257951653942,1.3524034850533273,1.7782904000428912,0.8997470371180628,1.0055057812032004,0.9825974487095683,1.0470633688274
-4.810024036796018,0.8083742483746518,1.1281458553775785,1.7061017835814922,1.1931257951653942,1.4476332134027456,1.7782904000428912,0.8997470371180628,1.0053092420430316,0.9838365779756078,1.0481792068643507
-4.803361953642561,0.7748895611890904,1.1128221671268566,1.5554796138488542,1.1931257951653942,1.4476332134027456,1.7782904000428912,0.8997470371180628,1.0052358449134888,0.9862658255276956,1.0467306582414904
-4.796699870489104,0.7567124403397424,1.0592649231338365,1.5554796138488542,1.1931257951653942,1.4476332134027456,1.7782904000428912,0.8997470371180628,1.0087166755619945,0.990033517174652,1.047617865450703
-4.790037787335647,0.7567124403397424,1.0592649231338365,1.5372809390917237,1.1931257951653942,1.4476332134027456,1.7782904000428912,0.8997470371180628,1.0097386860669164,0.9898299679568795,1.0504493042851542
-4.783375704182189,0.7567124403397424,1.0592649231338365,1.5367665104538333,1.1931257951653942,1.4476332134027456,1.7782904000428912,0.9123770724198783,1.008635923632101,0.9823474120400271,1.0558598618960648
-4.776713621028732,0.7748895611890904,1.1124414680712174,1.5367665104538333,1.1931257951653942,1.4476332134027456,1.7782904000428912,0.9123770724198783,1.011953791679355,0.9791406773627598,1.0525635656603562
-4.7700515378752755,0.7748895611890904,1.0781093296431674,1.5367665104538333,1.1931257951653942,1.4476332134027456,1.7782904000428912,0.9123770724198783,1.0144594432753005,0.9785890304995243,1.0484343271634493
-4.7633894547218185,0.7748895611890904,1.0861388697154806,1.6168832850529289,1.1931257951653942,1.6098807616144046,1.7782904000428912,0.9123770724198783,1.0135608944031458,0.9798887182396849,1.0479620386246187
-4.756727371568362,0.7567124403397424,1.0861388697154806,1.617858968393119,1.3524034850533273,1.6128000716589037,1.7782904000428912,0.8997470371180628,1.0114946913643603,0.9749398711087676,1.0476606533396915
-4.750065288414905,0.7567124403397424,1.0598352123915806,1.5367665104538333,1.112638559465608,1.615139663802228,1.7782904000428912,0.8938769582855955,1.0122662824056898,0.9685070076359692,1.0519131984363606
-4.743403205261447,0.7567124403397424,1.0438588436043554,1.5367665104538333,1.112638559465608,1.615139663802228,1.7782904000428912,0.8938769582855955,1.0104935157307033,0.9671552459617045,1.0498127182342691
-4.73674112210799,0.7567124403397424,1.0445751034614321,1.5367665104538333,1.112638559465608,1.615139663802228,1.7782904000428912,0.8938769582855955,1.0077108177130487,0.9707295762444978,1.0460095746056617
-4.730079038954533,0.7567124403397424,1.0594584844665627,1.5135343279117492,1.112638559465608,1.615139663802228,1.941205493146494,0.8938769582855955,1.009329069116022,0.9710532659972226,1.0484839434063933
-4.723416955801076,0.7567124403397424,1.0596464513160078,1.513334980464775,1.112638559465608,1.615139663802228,1.941205493146494,0.8997470371180628,1.0079551538122735,0.9731492536561923,1.0490330786422912
-4.716754872647619,0.7567124403397424,1.0596464513160078,1.513334980464775,1.0794533490642955,1.615139663802228,1.941205493146494,0.8997470371180628,1.0073095901407392,0.9761208909627821,1.0516234799951105
-4.710092789494162,0.7153924792266959,1.0596464513160078,1.513334980464775,1.122326423500698,1.615139663802228,1.98863448573071,0.8785384900149192,1.006984427013653,0.9742657279083826,1.0503050779699585
-4.703430706340705,0.7145695963453751,1.0596464513160078,1.513334980464775,1.1226314830268673,1.615139663802228,1.9876680752977332,0.8746861284433891,1.007489464233816,0.9705570588903925,1.0513716403440672
-4.696768623187247,0.7145695963453751,1.0859522265762416,1.513334980464775,1.1226314830268673,1.615139663802228,1.9876680752977332,0.8721364722963657,1.010800397901063,0.9738124399922212,1.0468139349250487
-4.69010654003379,0.7145695963453751,1.0861388697154806,1.513334980464775,1.16550585191671,1.615139663802228,1.9876680752977332,0.8721364722963657,1.013699536595186,0.9740418078176472,1.0463511677095152
-4.683444456880333,0.7588866366002288,1.0861388697154806,1.513334980464775,1.1658096169894392,1.615139663802228,1.9876680752977332,0.8702352181260138,1.0172957282430009,0.9738615514711604,1.0521162681402316
-4.676782373726876,0.8154711656868128,1.1136826115482261,1.513334980464775,1.122934385130642,1.615139663802228,1.9245093261352941,0.8702352181260138,1.016082436593161,0.9727899952086893,1.0523463639492225
-4.670120290573419,0.8288611409365106,1.2181850271778147,1.513334980464775,1.1226314830268673,1.6205133743744824,1.923549750288129,0.8756823161075665,1.0174630714946389,0.9707634103004485,1.053198729308607
-4.663458207419962,0.8295402830147366,1.2183706113488872,1.513334980464775,1.1226314830268673,1.6205133743744824,1.8603882672913739,0.8761540755181123,1.0180465122158775,0.9651342070425357,1.057762662536169
-4.6567961242665055,0.8295402830147366,1.2183706113488872,1.513334980464775,1.1226314830268673,1.6205133743744824,1.8594314252785247,0.8742999056951799,1.0129004791621683,0.9669301904345922,1.0601877945230336
-4.650134041113048,0.8373030956242671,1.2183706113488872,1.513334980464775,1.1226314830268673,1.6205133743744824,1.8594314252785247,0.8742999056951799,1.012998185414763,0.9723959989218588,1.0591572793105566
-4.643471957959591,0.8389173606330231,1.2183706113488872,1.543692557063866,1.1226314830268673,1.6205133743744824,1.8594314252785247,0.8742999056951799,1.0099655168860733,0.9724572251814634,1.0573790059720471
-4.636809874806134,0.8389173606330231,1.2183706113488872,1.6504241650082054,1.1226314830268673,1.6205133743744824,1.8594314252785247,0.8793487043531316,1.0121840305327636,0.9692255048631431,1.058252786658428
-4.630147791652677,0.8389173606330231,1.2183706113488872,1.6504241650082054,1.1226314830268673,1.6205133743744824,1.9225997428610913,0.8793487043531316,1.0119813726166864,0.9703127863308086,1.058301358017584
-4.62348570849922,0.8389173606330231,1.2183706113488872,1.6504241650082054,1.1226314830268673,1.6205133743744824,1.923549750288129,0.89180912937756,1.010604971464932,0.969599457209958,1.0554401508638294
-4.616823625345763,0.8296241975449348,1.2039084186849447,1.6504241650082054,1.1226314830268673,1.615139663802228,1.923549750288129,0.8976792082100272,1.0074218619998243,0.9627463171745207,1.0572465321726299
-4.610161542192305,0.8296241975449348,1.203085644404082,1.5481472591300443,1.079751936323286,1.615139663802228,1.923549750288129,0.8882483787749171,1.01018156997413,0.9658558589858701,1.0546830687395423
-4.603499459038848,0.8296241975449348,1.203085644404082,1.5475643784259443,1.0794533490642955,1.615139663802228,1.8603759650369132,0.8981474312366505,1.0045282687953025,0.9742676324365566,1.0573727488525158
-4.596837375885391,0.8796002828690062,1.203085644404082,1.5475643784259443,1.0794533490642955,1.615139663802228,1.8594314252785247,0.8974119121967047,1.0079699328763023,0.971955687979238,1.059031809439341
-4.590175292731934,0.8296241975449348,1.203085644404082,1.5475643784259443,1.0794533490642955,1.615139663802228,1.8594314252785247,0.8905668336628025,1.008508818818336,0.9717145405450989,1.0591091795055547
-4.583513209578477,0.8296241975449348,1.203085644404082,1.543692557063866,1.0794533490642955,1.615139663802228,1.8451239480014152,0.8998004953397197,1.0057750557042167,0.9708113118307984,1.0596282317269714
-4.57685112642502,0.8296241975449348,1.203085644404082,1.543692557063866,1.0794533490642955,1.615139663802228,1.8441452184891693,0.8998004953397197,1.0045613595506038,0.9740196925599867,1.057285310480869
-4.570189043271563,0.8103564182324413,1.203085644404082,1.543692557063866,1.036571213453845,1.615139663802228,1.923549750288129,0.9000677913530423,1.0075692548868296,0.9706448979675844,1.0529642519242042
-4.563526960118105,0.8103564182324413,1.203085644404082,1.543692557063866,1.0791577821966545,1.615139663802228,1.923549750288129,0.9000677913530423,1.0084894341222777,0.9693388646441079,1.0536742442010427
-4.5568648769646485,0.8103564182324413,1.1966083383499293,1.543692557063866,1.0794533490642955,1.615139663802228,1.923549750288129,0.9000677913530423,1.007956235362431,0.9683263175494776,1.0508949160849372
-4.5502027938111915,0.8103564182324413,1.197023816183513,1.4934764564593204,1.0794533490642955,1.6128000716589037,1.923549750288129,0.9000677913530423,1.0095686557794614,0.9743875880458477,1.051103488873879
-4.543540710657735,0.8103564182324413,1.197239469370457,1.4922596428122479,1.0794533490642955,1.615139663802228,1.923549750288129,0.9000677913530423,1.0087950466806177,0.9757935453304426,1.0465649792740943
-4.536878627504278,0.8103564182324413,1.169725555825873,1.460734163315232,1.1121758347397124,1.615139663802228,1.8749119638313338,0.9000677913530423,1.005788097011025,0.9757935453304426,1.045351645427146
-4.530216544350821,0.7080068820362637,1.17565641323259,1.460734163315232,1.112638559465608,1.615139663802228,1.923549750288129,0.9000677913530423,1.0111168752204622,0.9727127368807764,1.0451123038669463
-4.523554461197364,0.7080068820362637,1.176222942132118,1.460734163315232,1.204897073651786,1.615139663802228,1.923549750288129,0.9000677913530423,1.0148847794961644,0.9729982526968102,1.0457960311749679
-4.516892378043906,0.7080068820362637,1.176222942132118,1.4323791746230257,1.2053584394210757,1.615139663802228,1.923549750288129,0.9000677913530423,1.013960263397742,0.9693332475570018,1.0450166261358134
-4.510230294890449,0.7080068820362637,1.176222942132118,1.4323791746230257,1.2053584394210757,1.6128000716589037,1.923549750288129,0.9194799530893377,1.0151845470931207,0.9693002829956839,1.0494797000301623
-4.503568211736992,0.7080068820362637,1.1842907604310975,1.4323791746230257,1.2053584394210757,1.6128000716589037,1.923549750288129,0.8998004953397197,1.0169471333971583,0.9703048789659483,1.0442636882306757
-4.496906128583535,0.7080068820362637,1.1842907604310975,1.4323791746230257,1.2053584394210757,1.615139663802228,1.9326040939906202,0.9000677913530423,1.0165912366555692,0.9732018580938464,1.0426745305907463
-4.490244045430078,0.7080068820362637,1.1842907604310975,1.4323791746230257,1.2053584394210757,1.615139663802228,1.942164306651226,0.8998004953397197,1.0166995313894605,0.9775149865598112,1.039991214375499
-4.483581962276621,0.7080068820362637,1.1739665815027513,1.4323791746230257,1.2053584394210757,1.615139663802228,1.941205493146494,0.8998004953397197,1.0144059692333538,0.9821516203742087,1.0411425396299774
-4.476919879123163,0.7080068820362637,1.1739665815027513,1.4323791746230257,1.2053584394210757,1.6128000716589037,1.941205493146494,0.9000677913530423,1.015027532793734,0.9816441497931263,1.0397497145205972
-4.470257795969706,0.7080068820362637,1.2049786348541056,1.4603356850540334,1.2053584394210757,1.6128000716589037,1.941205493146494,0.8999976630979125,1.015940168917894,0.9799733988303659,1.0384116880021574
-4.463595712816249,0.7080068820362637,1.2715623890418266,1.460734163315232,1.1130938099301333,1.6128000716589037,1.941205493146494,0.8999976630979125,1.0160410821745731,0.9824851327897448,1.0417251316219525
-4.456933629662792,0.7080068820362637,1.2715623890418266,1.460734163315232,1.112638559465608,1.6128000716589037,1.941205493146494,0.8999976630979125,1.0137370457072286,0.9729067983181102,1.0433074146369203
-4.450271546509335,0.7080068820362637,1.2220576346128547,1.501728818060663,1.112638559465608,1.6128000716589037,1.941205493146494,0.896948456273285,1.017151868710933,0.975605622434327,1.0443727029724326
-4.4436094633558785,0.7080068820362637,1.2212965770083597,1.5020931987955448,1.112638559465608,1.6128000716589037,1.941205493146494,0.896948456273285,1.0169118757955946,0.9776206359141765,1.0494443670613656
-4.4369473802024215,0.7080068820362637,1.1702154531314162,1.5731932250137572,1.112638559465608,1.6128000716589037,1.941205493146494,0.896948456273285,1.0223818398284323,0.9744977961076391,1.0464711792749581
-4.430285297048964,0.7882309363124755,1.1537687466975484,1.5731932250137572,1.112638559465608,1.615139663802228,1.7953131002689202,0.896948456273285,1.0211666491828968,0.9769431252161178,1.0437600834529501
-4.423623213895507,0.7882309363124755,1.1532147147590392,1.5731932250137572,1.3509078541905253,1.615139663802228,1.7953131002689202,0.8879445174762544,1.0224733745922747,0.9784124192921636,1.04264963393517
-4.41696113074205,0.7882309363124755,1.1758506397170678,1.5731932250137572,1.3524034850533273,1.615139663802228,1.7953131002689202,0.8879445174762544,1.0216223248730323,0.9799552574499472,1.0437612285115898
-4.410299047588593,0.7882309363124755,1.176222942132118,1.5731932250137572,1.3524034850533273,1.615139663802228,1.7953131002689202,0.8879445174762544,1.0201854646230133,0.9735316098650377,1.0401965888247608
-4.403636964435136,0.7882309363124755,1.1532147147590392,1.5731932250137572,1.3524034850533273,1.615139663802228,1.7953131002689202,0.8943284774710547,1.0176174603364507,0.9740645949025855,1.0402384693702975
-4.396974881281679,0.7882309363124755,1.1532147147590392,1.5731932250137572,1.3524034850533273,1.615139663802228,1.7953131002689202,0.8943284774710547,1.0195906055925013,0.9743479857879584,1.0498845807493795
-4.390312798128221,0.7882309363124755,1.1532147147590392,1.5731932250137572,1.3524034850533273,1.6205133743744824,1.7953131002689202,0.8635565546068158,1.0193102777797054,0.96946789743181,1.0478688091939359
-4.383650714974764,0.7271875709095004,1.068012896267299,1.5731932250137572,1.3524034850533273,1.6205133743744824,1.7782904000428912,0.8635565546068158,1.020772413562833,0.9690476717879222,1.0441419597447779
-4.376988631821307,0.7238449382297102,1.068012896267299,1.644806290537563,1.3524034850533273,1.6205133743744824,1.7782904000428912,0.8578446518071001,1.01978123375654,0.9676188527195708,1.0444995015987606
-4.37032654866785,0.7238449382297102,1.068012896267299,1.644806290537563,1.3524034850533273,1.6205133743744824,1.7782904000428912,0.8997493752496561,1.0176172688081073,0.9702126834021676,1.0447525509794389
-4.363664465514393,0.7238449382297102,1.068012896267299,1.678423877354137,1.3524034850533273,1.6205133743744824,1.7782904000428912,0.8996626896105896,1.0152086224021062,0.9725934718774768,1.0398889575331005
-4.357002382360936,0.7152251508763688,1.0667757239209115,1.7275910140676312,1.3524034850533273,1.6205133743744824,1.7782904000428912,0.9085870117746129,1.0195182508223275,0.9744434583903099,1.0408227734509752
-4.350340299207479,0.7145695963453751,1.0592649231338365,1.7275910140676312,1.3524034850533273,1.6205133743744824,1.7782904000428912,0.9260935656999563,1.0117844954321913,0.9664652053294741,1.0399736141734646
-4.3436782160540215,0.7145695963453751,1.0821184105477448,1.7275910140676312,1.3524034850533273,1.615139663802228,1.7782904000428912,0.908788326478765,1.0108993191393434,0.9686404220194333,1.0390464283184542
-4.3370161329005645,0.7145695963453751,1.0824145608563385,1.7275910140676312,1.3524034850533273,1.615139663802228,1.7782904000428912,0.8998520651557347,1.0067891772776218,0.960242452044943,1.0430004793362773
-4.330354049747108,0.7145695963453751,1.0824145608563385,1.7275910140676312,1.3524034850533273,1.615139663802228,1.7782904000428912,0.8998520651557347,1.0061062382277943,0.961796141344301,1.0407242387067361
-4.323691966593651,0.7145695963453751,1.0970908242126485,1.7275910140676312,1.3524034850533273,1.615139663802228,1.7782904000428912,0.8998520651557347,1.0064109207846257,0.9622165245392889,1.0323283541295738
-4.317029883440194,0.7039483995748759,1.139971851576592,1.7275910140676312,1.3524034850533273,1.615139663802228,1.7782904000428912,0.9281735480548932,1.0073128215911806,0.9600559740793156,1.0395856070175982
-4.310367800286737,0.7041576644663095,1.1401764537217474,1.5905962873472967,1.3524034850533273,1.615139663802228,1.7782904000428912,0.9107466107625573,1.0050735038550096,0.9597876916079786,1.0370168350602427
-4.30370571713328,0.7041576644663095,1.1401764537217474,1.5886003080735192,1.3524034850533273,1.645684620376379,1.7782904000428912,0.8978313598448744,1.0044239097203855,0.9621566832611047,1.0322051216642123
-4.297043633979822,0.7041576644663095,1.1401764537217474,1.5458582928407663,1.3524034850533273,1.645684620376379,1.8095415167534321,0.9281735480548932,1.0046729988450727,0.9621542096902787,1.029254257918994
-4.290381550826365,0.7041576644663095,1.1401764537217474,1.5455064581491504,1.3524034850533273,1.645684620376379,1.8095415167534321,0.9281735480548932,1.0010845424330959,0.962884153596298,1.0295438859040684
-4.283719467672908,0.7041576644663095,1.0972938476375473,1.5540648129301173,1.3524034850533273,1.645684620376379,1.8095415167534321,0.9281735480548932,1.0027447163490693,0.955922490864034,1.030116946944721
-4.277057384519451,0.7041576644663095,1.0970908242126485,1.5543326644612918,1.39036197426002,1.645684620376379,1.8095415167534321,0.9001304403432411,1.0049930211264018,0.9631510378807295,1.0319776271105725
-4.270395301365994,0.7041576644663095,1.1399740617849488,1.519920549618006,1.3524034850533273,1.645684620376379,1.8095415167534321,0.8998520651557347,1.0005973380229392,0.9666746217049953,1.0312270614850296
-4.263733218212537,0.7041576644663095,1.1401764537217474,1.4925872408757586,1.3524034850533273,1.645684620376379,1.8095415167534321,0.917157304376926,0.9986233073331945,0.9604251283966487,1.034552713884162
-4.257071135059079,0.7041576644663095,1.0667757239209115,1.4922596428122479,1.3524034850533273,1.645684620376379,1.8095415167534321,0.917157304376926,1.0046352112100152,0.9697771092404033,1.032753301672929
-4.250409051905622,0.7041576644663095,1.0667757239209115,1.4922596428122479,1.3524034850533273,1.645684620376379,1.858559332129679,0.9143753935656211,1.002744423266405,0.9658106933384197,1.031274769667392
-4.243746968752165,0.7145695963453751,1.0667757239209115,1.4922596428122479,1.3524034850533273,1.645684620376379,1.8594314252785247,0.909564358614261,1.004623939648516,0.9705740048322995,1.0306577145863791
-4.237084885598708,0.7145695963453751,1.0667757239209115,1.4922596428122479,1.3524034850533273,1.645684620376379,1.9226803909735994,0.8721997188303305,1.008441952750222,0.9697987261131111,1.0281780138705963
-4.2304228024452515,0.7145695963453751,1.0667757239209115,1.4922596428122479,1.3524034850533273,1.645684620376379,1.923549750288129,0.8721997188303305,1.0046896392232483,0.962946815839497,1.032317148091031
-4.2237607192917945,0.7145695963453751,1.0667757239209115,1.4922596428122479,1.3524034850533273,1.645684620376379,1.923549750288129,0.8721997188303305,1.0084294222773287,0.9615199462212254,1.0295340973284937
-4.217098636138338,0.7145695963453751,1.0667757239209115,1.4922596428122479,1.3524034850533273,1.645684620376379,1.8602966838415758,0.909564358614261,1.0045881784353279,0.9630206208428477,1.0298297165539712
-4.21043655298488,0.7145695963453751,1.0667757239209115,1.4418148911181379,1.3524034850533273,1.615380496761155,1.8095415167534321,0.9177780874743164,0.9977900884274431,0.96431674975944,1.0310924584850056
-4.203774469831423,0.7145695963453751,1.0667757239209115,1.4406893643962717,1.3524034850533273,1.615139663802228,1.8095415167534321,0.9279913752827846,1.0006727735792524,0.9614055603478996,1.0305686658188764
-4.197112386677966,0.7145695963453751,1.1401764537217474,1.4406893643962717,1.3524034850533273,1.615139663802228,1.8095415167534321,0.9353524671704003,1.0050030685872546,0.9668166637201063,1.025058638938526
-4.190450303524509,0.7238449382297102,1.1401764537217474,1.4406893643962717,1.3524034850533273,1.615139663802228,1.8095415167534321,0.9353524671704003,1.0036569256554704,0.9644796113152829,1.023752761894657
-4.183788220371052,0.7238449382297102,1.1861982759178373,1.4406893643962717,1.3524034850533273,1.615139663802228,1.8095415167534321,0.9353524671704003,1.0041656694713983,0.9685575740920884,1.0308367548539672
-4.177126137217595,0.7238449382297102,1.14314435992677,1.3917028400778642,1.3524034850533273,1.615139663802228,1.8095415167534321,0.9353524671704003,1.0072471209434521,0.9753765082834517,1.0337538629837744
-4.170464054064138,0.7478077188411192,1.1858343621397598,1.39067679193069,1.3524034850533273,1.615139663802228,1.8095415167534321,0.9712913719861993,1.0068974918108742,0.9715948530987514,1.0297635087725026
-4.16380197091068,0.7478077188411192,1.1860320179157893,1.4406893643962717,1.3524034850533273,1.615139663802228,1.8095415167534321,0.9602121904858019,1.0061494632061945,0.9742740250929373,1.0315326547225105
-4.157139887757223,0.7478077188411192,1.1860320179157893,1.3916979307565853,1.2927878188204958,1.615139663802228,1.8095415167534321,0.9097233556649856,1.00452153301431,0.9730969260590863,1.0315138509869684
-4.150477804603766,0.6640873612640574,1.1776135267991181,1.3348759146250124,1.2902400573271229,1.615139663802228,1.8095415167534321,0.9097233556649856,1.0084234005728323,0.9726485552643189,1.0307954733437334
-4.143815721450309,0.6636173157328518,1.1168150323568369,1.3595662928286347,1.2902400573271229,1.615139663802228,1.7782904000428912,0.9097233556649856,1.0067464453588135,0.9752512673347385,1.0300374432050632
-4.137153638296852,0.6636173157328518,1.1164539700072176,1.3592270041802852,1.2902400573271229,1.615139663802228,1.8441452184891693,0.9097233556649856,1.0070423171954217,0.9792762592739648,1.0273724568982536
-4.130491555143395,0.5852190364099166,1.1164539700072176,1.3592270041802852,1.2902400573271229,1.615139663802228,1.8441452184891693,0.9097233556649856,1.008887868399234,0.9754754065168252,1.032625490476652
-4.1238294719899375,0.5850188138286055,1.1164539700072176,1.3592270041802852,1.2902400573271229,1.615139663802228,1.8441452184891693,0.9110139067758798,1.0094890997130874,0.9727958150774412,1.0345041503383283
-4.117167388836481,0.5850188138286055,1.0970908242126485,1.2916186603711295,1.3524034850533273,1.4835180792874776,1.8441452184891693,0.9110139067758798,1.0029751244618428,0.9756895557188302,1.0323763469815885
-4.110505305683024,0.5850188138286055,1.0970908242126485,1.2916186603711295,1.3524034850533273,1.5758187211285926,1.8441452184891693,0.9110139067758798,1.0044907844471362,0.9734760745533526,1.0301993129913436
-4.103843222529567,0.6636173157328518,1.0970908242126485,1.2916186603711295,1.3524034850533273,1.576237959242945,1.8441452184891693,0.9110139067758798,1.0037192658157053,0.9796888282868271,1.031016761047212
-4.09718113937611,0.7007782102291038,1.0931556106277847,1.2916186603711295,1.3524034850533273,1.576237959242945,1.8441452184891693,0.9221824624774859,1.003391492568275,0.974500313785453,1.0306885646635937
-4.090519056222653,0.7026275957178977,1.0933184269832932,1.2916186603711295,1.3524034850533273,1.483935278966921,1.8441452184891693,0.9116179463915539,1.005420087046153,0.9677604637404639,1.0310245193008
-4.083856973069196,0.7026275957178977,1.1460214284561938,1.2916186603711295,1.3524034850533273,1.4835180792874776,1.747956980446689,0.9116179463915539,1.0036212037025998,0.9647201162920823,1.0355255077577161
-4.077194889915738,0.7026275957178977,1.1463656537660407,1.2916186603711295,1.3524034850533273,1.4835180792874776,1.7470849438318445,0.9000677913530423,1.006187352414527,0.9681282185622797,1.031547334549834
-4.070532806762281,0.742805482354647,1.1726963147781757,1.2916186603711295,1.3524034850533273,1.615139663802228,1.7470849438318445,0.9097233556649856,1.008503621149766,0.9634496241194936,1.0316185579392598
-4.063870723608824,0.7811115975596363,1.1728580721655137,1.2916186603711295,1.3524034850533273,1.6205133743744824,1.6508924380734578,0.9097233556649856,1.0083163208962027,0.9607276916975402,1.0327613523573231
-4.057208640455367,0.7811115975596363,1.1728580721655137,1.2916186603711295,1.3524034850533273,1.6205133743744824,1.65002466917452,0.9208937106990703,1.003136298161501,0.9620639570982128,1.0363765272303156
-4.05054655730191,0.7811115975596363,1.1728580721655137,1.2916186603711295,1.3524034850533273,1.6205133743744824,1.65002466917452,0.9210763429453044,1.0061015549343797,0.9620340042580611,1.0319505847094226
-4.043884474148453,0.7811115975596363,1.1203910492428002,1.370540263763155,1.3524034850533273,1.6205133743744824,1.65002466917452,0.9249586451979241,1.0096942801995223,0.9644421754631819,1.0341342933319926
-4.037222390994995,0.7811115975596363,1.1728580721655137,1.3709005985311793,1.4835180792874776,1.6285873650780889,1.7782904000428912,0.9249586451979241,1.0031422876177263,0.9721296612015402,1.036238936355732
-4.030560307841538,0.7811115975596363,1.1728580721655137,1.3709005985311793,1.4483625600240122,1.6205133743744824,1.7782904000428912,0.9249586451979241,1.0035510807604318,0.968698252226444,1.0366635013823613
-4.0238982246880814,0.7811115975596363,1.1728580721655137,1.2911990465815617,1.4476332134027456,1.6205133743744824,1.7782904000428912,0.9249586451979241,1.0068604671173855,0.967596236027263,1.0310320123545096
-4.0172361415346245,0.7811115975596363,1.1840655236201814,1.3310514049891369,1.4476332134027456,1.6205133743744824,1.7782904000428912,0.9249586451979241,1.0078490373872635,0.9635842778894652,1.036647846211943
-4.0105740583811675,0.7811115975596363,1.1840655236201814,1.3310514049891369,1.4476332134027456,1.615139663802228,1.7782904000428912,0.9249586451979241,1.0062477639864218,0.9630073418444671,1.033685311597914
-4.003911975227711,0.7811115975596363,1.1840655236201814,1.3310514049891369,1.4476332134027456,1.615139663802228,1.7782904000428912,0.9116179463915539,1.0044589220971611,0.9681973662891893,1.0349671099962976
-3.997249892074253,0.7811115975596363,1.2033108812149982,1.3913024768440012,1.4476332134027456,1.615139663802228,1.7782904000428912,0.9214871882291309,1.009044870620694,0.9708358766985866,1.0303267531909406
-3.9905878089207962,0.7811115975596363,1.2033108812149982,1.4472842745735497,1.4476332134027456,1.615139663802228,1.9876680752977332,0.9210763429453044,1.004626895577952,0.9690126793332449,1.0345287374288328
-3.9839257257673393,0.7437176573903355,1.154190261729677,1.519920549618006,1.4476332134027456,1.615139663802228,1.9876680752977332,0.9210763429453044,1.0069346418911809,0.9702716941542513,1.0330686051958535
-3.977263642613882,0.7432664740393499,1.197276206982829,1.519920549618006,1.4476332134027456,1.615139663802228,1.9243657998333668,0.9210763429453044,1.006791512152468,0.9688732021121391,1.032687315612509
-3.970601559460425,0.7432664740393499,1.1974647061813732,1.519920549618006,1.4476332134027456,1.615139663802228,1.923549750288129,0.911420778633361,1.0098004628267567,0.9667303516021746,1.0328765155897082
-3.963939476306968,0.7432664740393499,1.1974647061813732,1.519920549618006,1.4476332134027456,1.615139663802228,1.923549750288129,0.910964824972855,1.011569152414744,0.9668553526356948,1.0316820553516424
-3.9572773931535106,0.7811115975596363,1.1974647061813732,1.519920549618006,1.391201809445337,1.615139663802228,1.86024337407228,0.9107502794614722,1.0087046943787137,0.9697547743954524,1.0289228144136682
-3.9506153100000536,0.7811115975596363,1.1974647061813732,1.519920549618006,1.3907981993320102,1.615139663802228,1.8222772930529276,0.9107502794614722,1.010006739861157,0.9696725880819139,1.0282925811530104
-3.9439532268465967,0.7811115975596363,1.1974647061813732,1.519920549618006,1.3385221528397266,1.615139663802228,1.8230775461712927,0.9227515542724529,1.0060745144192156,0.9704020924700962,1.0273993764967349
-3.9372911436931393,0.6798755512709059,1.1619522859365152,1.544128934462342,1.3385221528397266,1.615139663802228,1.8230775461712927,0.9227515542724529,1.0030139375359168,0.9737277777059641,1.0270209483045298
-3.9306290605396823,0.6798755512709059,1.1124535602660073,1.544128934462342,1.3907981993320102,1.615139663802228,1.8230775461712927,0.9227515542724529,1.0025930541362398,0.9688349297207676,1.0240539124496442
-3.9239669773862254,0.6798755512709059,1.1124535602660073,1.544128934462342,1.3907981993320102,1.615139663802228,1.8230775461712927,0.9107502794614722,1.004841766465092,0.9713979813420563,1.022274424014453
-3.9173048942327684,0.6798755512709059,1.1124535602660073,1.544128934462342,1.298477852620045,1.615139663802228,1.8230775461712927,0.9107502794614722,1.00066114794048,0.9715264315281522,1.0259969753448621
-3.910642811079311,0.6798755512709059,1.1612825330580188,1.544128934462342,1.4469255663503562,1.6128000716589037,1.8230775461712927,0.9107502794614722,1.0027322712443667,0.9702811676491975,1.0283975810850898
-3.903980727925854,0.6798755512709059,1.1612825330580188,1.544128934462342,1.4559041198598706,1.615139663802228,1.8758435518534142,0.8841566602638313,1.003761082400422,0.9727827266868431,1.0285517288937063
-3.897318644772397,0.6798755512709059,1.1976494164513043,1.544128934462342,1.3907981993320102,1.6128000716589037,1.7953131002689202,0.8809040480070203,1.0043935445087326,0.9759732547183956,1.0241018969461166
-3.8906565616189397,0.5807652969424979,1.1612825330580188,1.544128934462342,1.3907981993320102,1.615139663802228,1.7953131002689202,0.8804598038945306,1.005696817489244,0.9756501485559872,1.0270403093323122
-3.8839944784654827,0.7992525448608404,1.1839633813843722,1.544128934462342,1.3907981993320102,1.615139663802228,1.8739851450312177,0.8962675355675191,1.0065833477573225,0.974974779049083,1.0289306611825362
-3.877332395312026,0.8018093502364718,1.1570415073811406,1.544128934462342,1.3907981993320102,1.615139663802228,1.823862954796737,0.8962675355675191,1.0083972230816598,0.9771358791796863,1.0280450718952883
-3.8706703121585684,0.7699671200787626,1.1570415073811406,1.544128934462342,1.3907981993320102,1.615139663802228,1.8230775461712927,0.8804598038945306,1.0078565541350806,0.977580008518804,1.0255942929058595
-3.8640082290051114,0.7697278748122932,1.1840655236201814,1.544128934462342,1.3907981993320102,1.615139663802228,1.8230775461712927,0.8962675355675191,1.0107659410459677,0.9728824800557168,1.0277470241831006
-3.8573461458516545,0.7697278748122932,1.1570415073811406,1.544128934462342,1.3907981993320102,1.615139663802228,1.8586399802421871,0.8962675355675191,1.0077884280160865,0.9719392005265974,1.0297692333582353
-3.8506840626981975,0.7697278748122932,1.1570415073811406,1.544128934462342,1.3907981993320102,1.7782904000428912,1.8230775461712927,0.8962675355675191,1.0066473838543006,0.9716734235039332,1.0279385980235303
-3.84402197954474,0.7697278748122932,1.1570415073811406,1.544128934462342,1.3385221528397266,1.7782904000428912,1.8586427140765074,0.9088483614788161,1.005334760424509,0.9711034565783683,1.0278161282299147
-3.837359896391283,0.7697278748122932,1.1932236805044951,1.544128934462342,1.3385221528397266,1.8095415167534321,1.8749119638313338,0.9086251638813555,1.0054728707248253,0.9719155455566791,1.0299001899052516
-3.830697813237826,0.7697278748122932,1.2122438012883956,1.544128934462342,1.3385221528397266,1.8095415167534321,1.8749119638313338,0.9086251638813555,1.0046823093048236,0.9733579766538574,1.0281515392803844
-3.824035730084369,0.7697278748122932,1.2122438012883956,1.544128934462342,1.3385221528397266,1.7782904000428912,1.8594314252785247,0.8962675355675191,1.0049900363438025,0.9723436030006913,1.0306268411524964
-3.817373646930912,0.7697278748122932,1.2122438012883956,1.544128934462342,1.2980783193765428,1.7782904000428912,1.8749119638313338,0.8962675355675191,1.0056282773272707,0.9740541537540782,1.0291419068004282
-3.810711563777455,0.7420346733535359,1.2122438012883956,1.544128934462342,1.2980783193765428,1.6292769291564,1.8749119638313338,0.9108167390176869,1.004682861094203,0.9709005459815582,1.0338447862644804
-3.8040494806239975,0.7416949869669404,1.2122438012883956,1.544128934462342,1.2980783193765428,1.615139663802228,1.8230775461712927,0.8962675355675191,1.0075489371745259,0.9732015839311031,1.0336437612834342
-3.7973873974705405,0.7416949869669404,1.2122438012883956,1.544128934462342,1.3524034850533273,1.615139663802228,1.8230775461712927,0.8962675355675191,1.0091148718245204,0.9689147449594995,1.035435129578993
-3.7907253143170836,0.7416949869669404,1.2122438012883956,1.544128934462342,1.3524034850533273,1.615139663802228,1.8230775461712927,0.8962675355675191,1.0075327977296746,0.9740027269544793,1.0318814912722876
-3.7840632311636266,0.7416949869669404,1.2122438012883956,1.5472460262168446,1.3524034850533273,1.615139663802228,1.8230775461712927,0.8962675355675191,1.0049788646119597,0.9752863230608102,1.0326679571965185
-3.7774011480101692,0.7825898296810355,1.2122438012883956,1.5472460262168446,1.3524034850533273,1.615139663802228,1.8230775461712927,0.8962675355675191,1.0010460903363607,0.9706685999713971,1.0338671430813506
-3.7707390648567123,0.7830441751849155,1.2122438012883956,1.5472460262168446,1.2984629040973286,1.6128000716589037,1.8230775461712927,0.9108167390176869,1.0050323659650302,0.9659274193861851,1.03297285265852
-3.7640769817032553,0.7830441751849155,1.2122438012883956,1.544128934462342,1.2980783193765428,1.6128000716589037,1.7782904000428912,0.9108167390176869,1.005350286796808,0.9664819702283332,1.034281120832415
-3.757414898549798,0.7830441751849155,1.2122438012883956,1.544128934462342,1.2980783193765428,1.6128000716589037,1.7782904000428912,0.9001667473139046,1.0099119371521526,0.9683551150678403,1.0364099125646964
-3.750752815396341,0.7830441751849155,1.2122438012883956,1.544128934462342,1.2980783193765428,1.6128000716589037,1.7782904000428912,0.8999221934108644,1.0099277182906738,0.967615303767942,1.0344568995405907
-3.744090732242884,0.7830441751849155,1.2402154582419862,1.544128934462342,1.2980783193765428,1.6128000716589037,1.7782904000428912,0.8962675355675191,1.0110649331391501,0.9619285023770734,1.0309305332442351
-3.7374286490894266,0.7830441751849155,1.2402154582419862,1.544128934462342,1.2980783193765428,1.6128000716589037,1.7782904000428912,0.8962675355675191,1.0070426231346552,0.9623423686665737,1.0326667341615492
-3.7307665659359697,0.7830441751849155,1.2444051959297546,1.5797499861755273,1.2980783193765428,1.5349091342634849,1.7782904000428912,0.8962675355675191,1.0062790008748184,0.9590779670080306,1.0306246740273175
-3.7241044827825127,0.7830441751849155,1.2874110999395956,1.5801816902848442,1.2980783193765428,1.4476332134027456,1.7782904000428912,0.8528348621260682,1.0093694797564956,0.9580629546368065,1.030308635729535
-3.7174423996290553,0.771671957364759,1.297670667755567,1.5801816902848442,1.2980783193765428,1.5331318042145452,1.7782904000428912,0.8528348621260682,1.0107863336818612,0.9643651727480816,1.0328230650005903
-3.7107803164755984,0.771340710576365,1.297670667755567,1.5801816902848442,1.2980783193765428,1.525662952539657,1.923549750288129,0.8833602163739713,1.009031652146266,0.9632454984471783,1.0337943058972616
-3.7041182333221414,0.771340710576365,1.297670667755567,1.5801816902848442,1.2980783193765428,1.524248914322478,1.923549750288129,0.8840628919218609,1.010060937051707,0.9617377544947359,1.0351976352437973
-3.6974561501686845,0.7416949869669404,1.3171563580962147,1.5801816902848442,1.2980783193765428,1.524248914322478,1.923549750288129,0.8840628919218609,1.0123352219387594,0.9597181667410563,1.0372521122217497
-3.690794067015227,0.7416949869669404,1.2715021152388086,1.5801816902848442,1.2980783193765428,1.615139663802228,1.923549750288129,0.8840628919218609,1.0140176114890362,0.9611715902188112,1.0361472754413994
-3.68413198386177,0.7416949869669404,1.1594302135228323,1.5237923709800842,1.2519272739980776,1.615139663802228,1.935360085990684,0.8619190285935917,1.0104873521953959,0.9613946993266469,1.0397457982301628
-3.677469900708313,0.8006245187700645,1.1551852316485385,1.4669190118931978,1.252165884914583,1.615139663802228,1.8238224698160512,0.8621652904637306,1.015998412567185,0.9601332906524173,1.0389126979296903
-3.6708078175548557,0.7416949869669404,1.0968147233305805,1.43545960300321,1.252165884914583,1.615139663802228,1.8230775461712927,0.8621652904637306,1.006179626965995,0.9580973562940769,1.0367561116372686
-3.664145734401399,0.7416949869669404,1.0968147233305805,1.43545960300321,1.252165884914583,1.6285873650780889,1.8831459863473428,0.8840628919218609,1.0093705502402435,0.9575121829275719,1.0399740532104929
-3.657483651247942,0.7416949869669404,1.0968147233305805,1.44717292136855,1.252165884914583,1.6285873650780889,1.8843296077692662,0.9121928280898396,1.0070232424506418,0.9554103626794197,1.0391734366572665
-3.6508215680944844,0.7416949869669404,1.0968147233305805,1.4413435397361334,1.252165884914583,1.6285873650780889,1.8843296077692662,0.9440507625968328,1.0059598105602445,0.9513628584229649,1.0419176435808275
-3.6441594849410275,0.7416949869669404,1.0968147233305805,1.387925936572696,1.252165884914583,1.6285873650780889,1.8843296077692662,0.9616370777373411,1.0048185056949275,0.9555097674307125,1.0400159572980523
-3.6374974017875705,0.5803344808935853,1.0968147233305805,1.387925936572696,1.252165884914583,1.6285873650780889,1.8843296077692662,0.9595258139738827,1.0004821705697546,0.9536069174830114,1.0411502307858576
-3.6308353186341136,0.5799438299390814,1.036239847277142,1.387925936572696,1.2951088598364728,1.6285873650780889,1.8843296077692662,0.9755354243787131,1.0014445851669256,0.9568617018768492,1.0392801715623396
-3.624173235480656,0.5799438299390814,1.036239847277142,1.354655881307824,1.2953440188771546,1.6285873650780889,1.8843296077692662,0.9755354243787131,1.0024699222134426,0.9541873834545515,1.0359361810695407
-3.617511152327199,0.5799438299390814,1.036239847277142,1.354655881307824,1.2977093626567828,1.6285873650780889,1.8843296077692662,0.9799693143940414,1.0056405419137446,0.9549516857673523,1.0388861928969975
-3.6108490691737423,0.5799438299390814,1.036239847277142,1.3562220006128514,1.3524034850533273,1.6285873650780889,1.8843296077692662,0.9799693143940414,1.0041849654720107,0.9548014969768063,1.0381680418310737
-3.604186986020285,0.5799438299390814,1.036239847277142,1.3562220006128514,1.3524034850533273,1.6163039168736155,1.8749119638313338,1.013199028473954,0.9994814860565067,0.9543027299869542,1.0399056222986487
-3.597524902866828,0.5215413616943859,1.0968147233305805,1.3562220006128514,1.3524034850533273,1.615139663802228,1.8749119638313338,1.0210683436924146,0.9978763901367838,0.9563916459182445,1.0384098219185094
-3.590862819713371,0.5215413616943859,1.0968147233305805,1.3562220006128514,1.3524034850533273,1.615139663802228,1.8749119638313338,1.0210683436924146,0.9997207772917505,0.9567122863765405,1.0362605186459808
-3.5842007365599136,0.5215413616943859,1.0128819903671857,1.356156237290694,1.3524034850533273,1.615139663802228,1.8749119638313338,1.0210683436924146,0.9999477164370743,0.9588480579861233,1.036780133975591
-3.5775386534064566,0.491239106391261,1.0128819903671857,1.356156237290694,1.3524034850533273,1.615139663802228,1.8749119638313338,1.0122405348936736,1.0048310861224878,0.958532239512508,1.0416144310644886
-3.5708765702529996,0.5064335800708561,1.0128819903671857,1.356156237290694,1.3524034850533273,1.6285873650780889,1.8749119638313338,0.9901663007044345,1.002812591191201,0.9567368007092235,1.04163853219636
-3.5642144870995427,0.5066066757217951,1.0128819903671857,1.3788059076133239,1.3524034850533273,1.6285873650780889,1.8749119638313338,0.9901663007044345,1.0028686232050938,0.958084089959981,1.0373080377206556
-3.5575524039460853,0.5066066757217951,1.0128819903671857,1.3788059076133239,1.3524034850533273,1.7782904000428912,1.8749119638313338,0.9901663007044345,1.0054070695891397,0.9485236270813998,1.0355005593480844
-3.5508903207926283,0.5810930386058333,1.0128819903671857,1.3788059076133239,1.3524034850533273,1.7782904000428912,1.8749119638313338,0.9901663007044345,1.005085651656759,0.9606884960394972,1.0339290495109859
-3.5442282376391714,0.5830052391868622,0.9066573788864657,1.3788059076133239,1.3524034850533273,1.7782904000428912,1.8749119638313338,0.9901663007044345,0.9984344702659691,0.9590102193785274,1.038702679460937
-3.537566154485714,0.5830052391868622,0.9066573788864657,1.3788059076133239,1.2953440188771546,1.615139663802228,2.0249251338098406,0.9901663007044345,1.0025560248065384,0.9602815319497884,1.034260016404277
-3.530904071332257,0.5215413616943859,0.9066573788864657,1.3144284798703505,1.2953440188771546,1.8095415167534321,2.0274114258370988,0.9901663007044345,1.0031698749545979,0.9631745165739399,1.0349108834684484
-3.5242419881788,0.5215413616943859,0.9066573788864657,1.3141774633496754,1.2953440188771546,1.8095415167534321,2.028605227579991,0.9773234610481913,1.00980853496787,0.9570642069069708,1.0383723886793417
-3.5175799050253427,0.5830052391868622,0.9066573788864657,1.3469298120536404,1.2953440188771546,1.615139663802228,2.025641717968103,0.9616370777373411,1.0086792491376713,0.9572344215519952,1.0347672801933945
-3.5109178218718857,0.5830052391868622,0.953371555172379,1.3469298120536404,1.2953440188771546,1.615139663802228,2.025641717968103,0.9616370777373411,1.0091354242446753,0.958548127575463,1.035637266102035
-3.5042557387184288,0.5830052391868622,0.953371555172379,1.3469298120536404,1.2953440188771546,1.615139663802228,1.8749119638313338,0.9616370777373411,1.0110503387590417,0.958202171321425,1.0378849127546947
-3.497593655564972,0.6789034002268353,1.0600634200313301,1.3469298120536404,1.2953440188771546,1.615139663802228,1.8749119638313338,0.9616370777373411,1.0106616945453653,0.958410808125034,1.0385748331438185
-3.4909315724115144,0.6789034002268353,1.0673559277809457,1.3469298120536404,1.2953440188771546,1.615139663802228,1.8749119638313338,0.9616370777373411,1.0044551997442306,0.9628228983938011,1.0408113027699666
-3.4842694892580575,0.6789034002268353,1.013184965380439,1.3487283644114398,1.2953440188771546,1.615139663802228,1.8749119638313338,0.9616370777373411,1.005082221448196,0.9622801681149421,1.0366711398912125
-3.4776074061046005,0.6789034002268353,1.0128819903671857,1.2771547733106487,1.2953440188771546,1.615139663802228,1.8749119638313338,0.9792368567643192,1.0110541817088765,0.9563818949590827,1.0409591500980664
-3.470945322951143,0.6929160636784274,1.0128819903671857,1.2766021467609263,1.2953440188771546,1.615139663802228,1.8749119638313338,0.9792368567643192,1.0090118308731224,0.9540731210313063,1.040651798760022
-3.464283239797686,0.6932254633417418,0.8724953314498696,1.3067297319744409,1.2953440188771546,1.615139663802228,2.0249399783027613,0.9616370777373411,1.0128038271770652,0.9556785508259944,1.0428845922159258
-3.457621156644229,0.6932254633417418,0.8717248372420786,1.3065837310273607,1.2953440188771546,1.615139663802228,2.025641717968103,0.9440507625968328,1.008945245509285,0.9568187539335461,1.0409111121690802
-3.450959073490772,0.6932254633417418,0.9310487774192997,1.3973584708278466,1.2953440188771546,1.615139663802228,2.025641717968103,0.9440507625968328,1.013489105849839,0.9611413304416074,1.0387528500845171
-3.444296990337315,0.5841973468251891,0.9310487774192997,1.3973584708278466,1.2953440188771546,1.615139663802228,2.025641717968103,0.9616370777373411,1.011634637055561,0.9589806074002356,1.0394782704318395
-3.437634907183858,0.5841973468251891,0.9254565522324898,1.3973584708278466,1.2953440188771546,1.615139663802228,2.025641717968103,0.9774517237950967,1.014927995955818,0.9617265677909405,1.0373633288358757
-3.430972824030401,0.5841973468251891,0.8898874084768922,1.3973584708278466,1.3382999383333942,1.615139663802228,2.025641717968103,0.9687384206244187,1.0132455178692485,0.9617068399504486,1.037769284255159
-3.4243107408769435,0.5841973468251891,0.8652583696355397,1.2867353744799945,1.3385221528397266,1.615139663802228,2.025641717968103,0.9687384206244187,1.01340321902288,0.968919533571921,1.0462020924285667
-3.4176486577234866,0.5841973468251891,0.8652583696355397,1.2867353744799945,1.3385221528397266,1.615139663802228,2.025641717968103,0.955572531612769,1.0133013193405902,0.9635411041381782,1.0437422649126231
-3.4109865745700296,0.5841973468251891,0.8652583696355397,1.2867353744799945,1.3385221528397266,1.615139663802228,2.025641717968103,0.955572531612769,1.0133437720668295,0.968027446971812,1.0411893778291457
-3.4043244914165722,0.5841973468251891,0.889463273150788,1.3719436296335865,1.2955645074455693,1.615139663802228,2.025641717968103,0.9343195763587744,1.0144015175584493,0.9654606146694464,1.0446290777132148
-3.3976624082631153,0.5841973468251891,0.889463273150788,1.3718151153123201,1.2953440188771546,1.615139663802228,2.2275176450931338,0.9343195763587744,1.0150714181588008,0.9619345079763849,1.045949713989861
-3.3910003251096583,0.5841973468251891,0.889463273150788,1.3718151153123201,1.2953440188771546,1.615139663802228,2.2282058897649133,0.9343195763587744,1.0163834403125174,0.965207305764575,1.0477981291837069
-3.384338241956201,0.5841973468251891,0.889463273150788,1.3718151153123201,1.2953440188771546,1.615139663802228,2.2282058897649133,0.918885426861254,1.0152776922402338,0.9691105446013811,1.049724965576674
-3.377676158802744,0.5497381912526849,0.889463273150788,1.3547833896461459,1.2953440188771546,1.615139663802228,2.045358505997819,0.918885426861254,1.0191466824314581,0.9697998432103064,1.050168007991199
-3.371014075649287,0.5497381912526849,0.9310487774192997,1.354655881307824,1.2953440188771546,1.6686140231759454,2.045358505997819,0.9662478868153261,1.0177211927257577,0.9740066514177996,1.0531147473054978
-3.3643519924958296,0.5497381912526849,0.9310487774192997,1.4087139513451814,1.270207428602065,1.6689578391984123,2.045358505997819,0.9662478868153261,1.0140813632351655,0.9723028957506836,1.0472791457571544
-3.3576899093423727,0.5497381912526849,0.9310487774192997,1.4088557407264786,1.270207428602065,1.6689578391984123,2.045358505997819,0.9516987415366901,1.010353111246497,0.9694171855160729,1.053603823070847
-3.3510278261889157,0.5497381912526849,0.9310487774192997,1.4665395048270689,1.270207428602065,1.6689578391984123,2.045358505997819,0.9516987415366901,1.0092315564267584,0.9682462027980716,1.051080893364616
-3.3443657430354587,0.5215413616943859,0.889463273150788,1.4669190118931978,1.270207428602065,1.6689578391984123,2.045358505997819,0.9662478868153261,1.0123626133631172,0.9642290322221476,1.0506049917307383
-3.3377036598820014,0.5497381912526849,0.889463273150788,1.4669190118931978,1.270207428602065,1.6689578391984123,2.215008588097648,0.9662478868153261,1.0123010639115664,0.9635424964592195,1.0478952584955645
-3.3310415767285444,0.5497381912526849,0.9307591263550099,1.5673210858856372,1.2951282766379983,1.6689578391984123,2.2158050481643037,0.9662478868153261,1.012531883230125,0.9635679825668009,1.0484008020551743
-3.3243794935750874,0.5497381912526849,0.8930716205645626,1.5673210858856372,1.2953440188771546,1.615139663802228,2.2158050481643037,0.9662478868153261,1.0106948239028926,0.9655135072700999,1.0445261875738183
-3.31771741042163,0.5497381912526849,0.9773528189626974,1.5673210858856372,1.2953440188771546,1.615139663802228,2.2158050481643037,0.9516987415366901,1.0112039881171557,0.9655060987952431,1.043213386838105
-3.311055327268173,0.5497381912526849,0.9754975031170404,1.4158162900225837,1.3383077050540049,1.615139663802228,2.2158050481643037,0.9362275692528368,1.0090334739377615,0.9595589995888287,1.0451475928283773
-3.304393244114716,0.5497381912526849,0.9754975031170404,1.3643378335218879,1.3524034850533273,1.615139663802228,2.2158050481643037,0.9250342601963985,1.006802922974074,0.9625964965870004,1.0463357324759972
-3.2977311609612587,0.5497381912526849,0.9754975031170404,1.3639636078662214,1.3524034850533273,1.615139663802228,2.2158050481643037,0.9360479835650604,1.008235121685068,0.9635640494387392,1.0451745152293805
-3.291069077807802,0.5497381912526849,0.9754975031170404,1.3639636078662214,1.3524034850533273,1.615139663802228,2.2158050481643037,0.9360479835650604,1.0119334567995169,0.9677408600775621,1.040754821891878
-3.284406994654345,0.5497381912526849,0.9754975031170404,1.3639636078662214,1.3524034850533273,1.615139663802228,2.2158050481643037,0.9250342601963985,1.0121262759823502,0.9654992523060448,1.041284520311973
-3.277744911500888,0.5497381912526849,0.9754975031170404,1.3639636078662214,1.3524034850533273,1.615139663802228,2.2158050481643037,0.9536342987055686,1.012196837216478,0.9674549824260077,1.0415727882651957
-3.2710828283474305,0.5497381912526849,0.9754975031170404,1.3639636078662214,1.3524034850533273,1.615139663802228,1.935360085990684,0.9810970446338227,1.0092824999675019,0.9656727640583895,1.0448106422794203
-3.2644207451939735,0.5497381912526849,0.9754975031170404,1.3639636078662214,1.3524034850533273,1.615139663802228,2.0461374789173026,0.9732983162754885,1.010421040859387,0.9662053278750828,1.0426974612438933
-3.2577586620405166,0.5497381912526849,0.9529248696366687,1.3326429747314081,1.3524034850533273,1.615139663802228,2.045358505997819,0.9870793405395899,1.0081238522472267,0.966179323121636,1.0383677816320807
-3.251096578887059,0.5497381912526849,0.9521411837410833,1.3326429747314081,1.3524034850533273,1.615139663802228,2.045358505997819,0.9876197703436582,1.0139268148892673,0.9695622699279036,1.0381314727459114
-3.244434495733602,0.5497381912526849,0.8875988981039967,1.3326429747314081,1.3524034850533273,1.615139663802228,2.045358505997819,0.9876197703436582,1.012367269515164,0.9764109178236434,1.0415481394703274
-3.2377724125801453,0.6531407905229795,0.8871978225626154,1.363596927082646,1.3524034850533273,1.615139663802228,2.045358505997819,0.9927452892993949,1.0136203843705092,0.9806276643355121,1.040439605159576
-3.231110329426688,0.6536116365287086,0.8871978225626154,1.3639636078662214,1.3524034850533273,1.615139663802228,1.8756829880475512,0.9925481688374216,1.0162988775147572,0.9721486861617539,1.0398358138690342
-3.224448246273231,0.6536116365287086,0.8871978225626154,1.3326429747314081,1.3524034850533273,1.645684620376379,1.8749119638313338,0.9925481688374216,1.0168251613252022,0.9803168009701654,1.047446565212323
-3.217786163119774,0.6114801246249589,0.8871978225626154,1.3326429747314081,1.3387305598427524,1.645684620376379,1.8749119638313338,0.9923195210124178,1.0133208192565977,0.9720784311090804,1.0465026939035404
-3.211124079966317,0.6107645659751487,0.8384058577000422,1.3326429747314081,1.3524034850533273,1.645684620376379,1.8749119638313338,0.9923195210124178,1.0150529701644677,0.9737062031086896,1.0439310032953228
-3.2044619968128596,0.6107645659751487,0.8384058577000422,1.3326429747314081,1.3524034850533273,1.645684620376379,1.8749119638313338,0.9923195210124178,1.0193830865818885,0.9722770995158919,1.0485505942929088
-3.1977999136594026,0.6107645659751487,0.8384058577000422,1.3326429747314081,1.3814931742527101,1.645684620376379,1.8749119638313338,0.9733081440132649,1.02184931429114,0.9733721942155578,1.0440639307109436
-3.1911378305059457,0.6782072783223041,0.8463622669781319,1.3326429747314081,1.3817002868022983,1.645684620376379,1.8749119638313338,0.9620016388727521,1.0181336610060765,0.9735747671856888,1.0461956186170887
-3.1844757473524883,0.6782072783223041,0.8475283948794647,1.3326429747314081,1.3817002868022983,1.645684620376379,1.8749119638313338,0.9391861958609682,1.0164318447118106,0.9717932606619548,1.0487624273518066
-3.1778136641990313,0.5215413616943859,0.8384058577000422,1.3326429747314081,1.3817002868022983,1.645684620376379,1.8749119638313338,0.9618274362607301,1.0133564270604922,0.971508926707121,1.0493349292066032
-3.1711515810455744,0.5215413616943859,0.8384058577000422,1.3326429747314081,1.3817002868022983,1.645684620376379,1.8749119638313338,0.9517824439454565,1.0141833769516753,0.9751912908957447,1.047845482180352
-3.164489497892117,0.6536116365287086,0.8871978225626154,1.5455064581491504,1.3524034850533273,1.645684620376379,1.8749119638313338,0.9366806508222134,1.011477588401692,0.9740671894907222,1.0464153855546279
-3.15782741473866,0.6536116365287086,0.8871978225626154,1.5455064581491504,1.3524034850533273,1.615139663802228,1.8749119638313338,0.9366806508222134,1.0142324685590982,0.9798276563135511,1.0506486445173104
-3.151165331585203,0.6536116365287086,0.8871978225626154,1.5455064581491504,1.3524034850533273,1.645684620376379,1.8749119638313338,0.9270809734955093,1.0134775593266956,0.9798200927979441,1.048984510426489
-3.144503248431746,0.6536116365287086,0.8871978225626154,1.5455064581491504,1.3814966261285337,1.645684620376379,1.9899266575110104,0.9274141177493018,1.0129606701541087,0.9783548334090949,1.046286203056889
-3.1378411652782887,0.6536116365287086,0.8524431255712183,1.2781912289880977,1.3817002868022983,1.645684620376379,1.9904956684287753,0.9274141177493018,1.01156510488117,0.9792618226720513,1.046245049079019
-3.1311790821248318,0.6536116365287086,0.8511576798279288,1.2772923470373505,1.4246756230600628,1.7613583643504027,2.025641717968103,0.9421982975825104,1.0110641830747102,0.9753214059480497,1.0485065488067509
-3.124516998971375,0.6718022546029867,0.8566892664870758,1.2772923470373505,1.524248914322478,1.8749119638313338,2.027548825660328,0.9423935395496063,1.016685957151554,0.9755468763444455,1.047497878754495
-3.1178549158179174,0.6718022546029867,0.8569921838762189,1.2772923470373505,1.524248914322478,1.8749119638313338,2.028605227579991,0.9361807847533055,1.0185715706099918,0.9743004674989074,1.0413750645441093
-3.1111928326644605,0.6718022546029867,0.8569921838762189,1.2772923470373505,1.524248914322478,1.8749119638313338,2.028605227579991,0.9371278016267589,1.014786426086684,0.9761805486324489,1.0487180030737493
-3.1045307495110035,0.6718022546029867,0.8569921838762189,1.2772923470373505,1.576237959242945,1.8833267576190513,2.028605227579991,0.9423935395496063,1.014180823654478,0.9740876742286961,1.045469650347957
-3.097868666357546,0.6718022546029867,0.8569921838762189,1.2772923470373505,1.576237959242945,1.8843296077692662,2.025641717968103,0.9371278016267589,1.0146591605011368,0.9762720116944346,1.0455159592245136
-3.091206583204089,0.6718022546029867,0.8569921838762189,1.2772923470373505,1.576237959242945,1.8843296077692662,2.025641717968103,0.9423935395496063,1.0153798224513082,0.9729487496182031,1.049428569577477
-3.084544500050632,0.6718022546029867,0.8369879480721865,1.2588848930295642,1.576237959242945,1.7782904000428912,1.9904956684287753,0.9516600726225177,1.0146330983611844,0.9710769886299561,1.050876469952719
-3.0778824168971752,0.7154957832336968,0.8362740944914118,1.2588848930295642,1.576237959242945,1.7782904000428912,1.9904956684287753,0.9618274362607301,1.0094398336445471,0.9758347558411768,1.0459578206926734
-3.071220333743718,0.7157700413273177,0.8362740944914118,1.2588848930295642,1.576237959242945,1.8843296077692662,2.025641717968103,0.9618274362607301,1.0056644235398673,0.9744051162047669,1.042868963487816
-3.064558250590261,0.7157700413273177,0.8362740944914118,1.2588848930295642,1.576237959242945,1.8843296077692662,2.028605227579991,0.9618274362607301,1.0128073416650687,0.977363951264226,1.0417618677611125
-3.057896167436804,0.6688810007673551,0.8362740944914118,1.2588848930295642,1.576237959242945,1.8600588402555216,2.028605227579991,0.9618274362607301,1.010420764438818,0.9710163456802836,1.038357757662824
-3.0512340842833465,0.43726207826018954,0.8362740944914118,1.2588848930295642,1.576237959242945,1.8594314252785247,2.028605227579991,0.9618274362607301,1.0077307731686849,0.9752352200344427,1.0385492154085827
-3.0445720011298896,0.6450772861335432,0.8442177383181388,1.2588848930295642,1.645684620376379,1.8594314252785247,2.028605227579991,0.9774400175446474,1.006377679767982,0.9737113931795593,1.0383663158412713
-3.0379099179764326,0.6450772861335432,0.8445402802507325,1.2232567682633384,1.645684620376379,1.8594314252785247,2.028605227579991,0.9774400175446474,1.0123805235458874,0.9744401597130325,1.0399092315761562
-3.031247834822975,0.7157700413273177,0.8362740944914118,1.1736043796514262,1.645684620376379,1.795935047577268,2.028605227579991,0.9774400175446474,1.010723392222528,0.9796340367949657,1.0324485373603012
-3.0245857516695183,0.7157700413273177,0.8362740944914118,1.1393436614529442,1.645684620376379,1.7953131002689202,2.028605227579991,0.9774400175446474,1.014789667594095,0.9760527562436755,1.0381057434232661
-3.0179236685160613,0.7157700413273177,0.8362740944914118,1.1990495486126478,1.645684620376379,1.7953131002689202,2.028605227579991,0.9675767683964385,1.0152825738830658,0.9716490691873207,1.0426647109184692
-3.011261585362604,0.7157700413273177,0.8362740944914118,1.1991210646402362,1.645684620376379,1.8588135787216598,2.028605227579991,0.9675767683964385,1.0149163651057234,0.9745193997533523,1.043578617440867
-3.004599502209147,0.7157700413273177,0.8362740944914118,1.1734236932081206,1.5768508486742963,1.8594314252785247,2.028605227579991,0.9675767683964385,1.0102885177421972,0.9761689694562196,1.0438584042200696
-2.99793741905569,0.7157700413273177,0.8362740944914118,1.1734236932081206,1.576237959242945,1.8594314252785247,2.028605227579991,0.972315513000976,1.0127819980471922,0.9808254861460134,1.043766143255168
-2.991275335902233,0.7157700413273177,0.8362740944914118,1.1393436614529442,1.645684620376379,1.8843296077692662,2.028605227579991,0.9618274362607301,1.0123304163739808,0.9751866672941216,1.0421879568267745
-2.9846132527487756,0.7157700413273177,0.8362740944914118,1.1393436614529442,1.645684620376379,1.8843296077692662,2.028605227579991,0.9618274362607301,1.0093135900062054,0.9741523280033038,1.0413585829837988
-2.9779511695953187,0.7157700413273177,0.8362740944914118,1.204228407941741,1.645684620376379,1.8843296077692662,2.028605227579991,0.9494640181518061,1.0091571200880063,0.9734805607605981,1.0375341713328974
-2.9712890864418617,0.7157700413273177,0.8362740944914118,1.204329925723905,1.645684620376379,1.8843296077692662,2.028605227579991,0.9514748004579934,1.0092131550250287,0.9761536535132822,1.0326902900540267
-2.9646270032884043,0.6450772861335432,0.8392537479675095,1.2294766790708866,1.645684620376379,1.8843296077692662,2.028605227579991,0.9618274362607301,1.0077921711671745,0.9778433033102178,1.0359561800286268
-2.9579649201349474,0.4374187616497628,0.8251530581598987,1.2298742199799777,1.645684620376379,1.8843296077692662,2.2158050481643037,0.9719038899140302,1.008064709439961,0.9789756165091512,1.0362497956128847
-2.9513028369814904,0.43726207826018954,0.8511576798279288,1.2588848930295642,1.645684620376379,1.8843296077692662,2.046062761106661,0.9721098751995196,1.0086891679954506,0.9742994185945659,1.0318442098172143
-2.944640753828033,0.43726207826018954,0.8511576798279288,1.2588848930295642,1.645684620376379,1.8843296077692662,2.045358505997819,0.9721098751995196,1.008542805999468,0.9769244981842358,1.0278037862180704
-2.937978670674576,0.43726207826018954,0.8553586968462952,1.2588848930295642,1.645684620376379,1.8843296077692662,2.045358505997819,0.9629359469750436,1.0053847487739724,0.9796994547756777,1.0275739563677926
-2.931316587521119,0.6450772861335432,0.835492355564279,1.2588848930295642,1.645684620376379,1.8843296077692662,2.028605227579991,1.005884386225028,1.0051207620169815,0.9768032109563436,1.0254678456828163
-2.924654504367662,0.4365171648911651,0.8355815829713212,1.2588848930295642,1.645684620376379,1.8843296077692662,2.028605227579991,1.0117779681606818,1.0046778106503154,0.975505147529792,1.0253707713004494
-2.9179924212142048,0.4365171648911651,0.8355815829713212,1.2588848930295642,1.6145884042456073,1.8543975991093469,2.045358505997819,1.0167467828919579,1.0087188770384254,0.975016151786881,1.0239262708042396
-2.911330338060748,0.4365171648911651,0.8355815829713212,1.2588848930295642,1.6128000716589037,1.8843296077692662,2.045358505997819,1.0170222359228316,1.0069338373352523,0.9728900304138596,1.025382152574808
-2.904668254907291,0.4365171648911651,0.869459386653906,1.2588848930295642,1.6128000716589037,1.8843296077692662,2.045358505997819,1.0170222359228316,1.0088081660747852,0.9735414046349533,1.0332761919040523
-2.8980061717538335,0.41709273306732303,0.869459386653906,1.2588848930295642,1.6128000716589037,1.8843296077692662,2.028605227579991,0.9919680497882564,1.0060891167874315,0.9724620617103397,1.0305933991174634
-2.8913440886003765,0.49027201847772284,0.869459386653906,1.2588848930295642,1.6128000716589037,1.8843296077692662,2.028605227579991,1.031950766221602,1.0047515336579251,0.9802452024833341,1.0322230948764584
-2.8846820054469196,0.49027201847772284,0.8699000509803134,1.2588848930295642,1.5253481576762344,1.8843296077692662,2.028605227579991,1.0321490924567858,1.0052308277955087,0.9855422138494632,1.0369889637872491
-2.878019922293462,0.49027201847772284,0.8699000509803134,1.2588848930295642,1.524248914322478,1.8843296077692662,2.028605227579991,1.0610242251894029,1.0082511063231463,0.9822770442669133,1.0318073923273863
-2.871357839140005,0.49027201847772284,0.8699000509803134,1.2588848930295642,1.524248914322478,1.8843296077692662,2.026223352190719,1.0999524653342556,1.0063546922794442,0.9751926489121261,1.030941974876681
-2.8646957559865482,0.5293436714334196,0.9208620853873013,1.2588848930295642,1.524248914322478,1.8843296077692662,2.025641717968103,1.1095622944584849,1.0068230154391102,0.9715983939343231,1.0361261499335326
-2.8580336728330913,0.5293436714334196,0.9213726091113557,1.2588848930295642,1.524248914322478,1.8843296077692662,2.025641717968103,1.117522057946516,1.0076092561887995,0.9750805566274291,1.0377283811304334
-2.851371589679634,0.5293436714334196,0.8989924918578726,1.2588848930295642,1.524248914322478,1.8843296077692662,2.039546542305626,1.117522057946516,1.0093954332887636,0.9775455992365962,1.04691413224566
-2.844709506526177,0.5293436714334196,0.8989924918578726,1.2588848930295642,1.468056554727442,1.645684620376379,2.039837359020282,1.1095622944584849,1.0097390057374322,0.9788341731329926,1.0457555893182904
-2.83804742337272,0.5293436714334196,0.959975269615901,1.2835455732777599,1.468056554727442,1.645684620376379,2.039837359020282,1.1133938471386675,1.0089625863050897,0.9746179683862504,1.0419050581512406
-2.8313853402192626,0.5293436714334196,0.959975269615901,1.2839965673585707,1.468056554727442,1.645684620376379,2.039837359020282,1.1134430177559915,1.0075648364952994,0.9748355175740602,1.042487214100626
-2.8247232570658056,0.5293436714334196,1.04485592823973,1.349201448827751,1.468056554727442,1.645684620376379,2.039837359020282,1.1095622944584849,1.0090335570128972,0.9772279085634213,1.0355517833695185
-2.8180611739123487,0.5293436714334196,1.04485592823973,1.3492575741405437,1.468056554727442,1.645684620376379,2.039837359020282,1.1095622944584849,1.0076093141706137,0.9762282808160544,1.0413562148411828
-2.8113990907588913,0.5613859573242207,1.04485592823973,1.3624479227695292,1.425060507214717,1.645684620376379,1.9910044027662672,1.1095622944584849,1.0080884416429448,0.9759563932281449,1.033424345502399
-2.8047370076054343,0.5613859573242207,1.04485592823973,1.328885197433218,1.42487842076487,1.645684620376379,1.8843296077692662,1.108829849931646,1.0090067426696971,0.9749443890757534,1.0466436740614264
-2.7980749244519774,0.49027201847772284,1.0750034596823026,1.2839965673585707,1.381881510283188,1.645684620376379,1.8843296077692662,1.0898946402261993,1.006165836253631,0.9767761492350284,1.0461470842793381
-2.7914128412985204,0.49027201847772284,1.1437459520914843,1.3363607251426084,1.3817002868022983,1.645684620376379,1.8843296077692662,1.0638174566659377,1.0054732247734894,0.9794354088741105,1.0386961513524429
-2.784750758145063,0.49027201847772284,1.1440165755159022,1.3363607251426084,1.3817002868022983,1.645684620376379,1.8843296077692662,1.0825203138842772,1.004799453137323,0.9799313283916735,1.0364483076569455
-2.778088674991606,0.49027201847772284,1.02922423313325,1.3141774633496754,1.3817002868022983,1.645684620376379,1.8843296077692662,1.0825203138842772,1.0027020714359804,0.9791279047952799,1.031534773580581
-2.771426591838149,0.49027201847772284,1.02922423313325,1.3141774633496754,1.3817002868022983,1.7772343140494398,1.8843296077692662,1.058764642851791,1.0029210834774656,0.9805299870844386,1.035034827696146
-2.7647645086846917,0.49027201847772284,1.02922423313325,1.3102304888285328,1.3817002868022983,1.645684620376379,1.8843296077692662,1.0586388901876913,0.9997488052981556,0.9836489470958298,1.0345689518804906
-2.7581024255312347,0.43721545450579313,1.02922423313325,1.3103247391184618,1.3817002868022983,1.645684620376379,1.8843296077692662,1.0586388901876913,1.000840536462627,0.9830981873661062,1.0359212130924011
-2.751440342377778,0.43721545450579313,1.02922423313325,1.2943580006064195,1.4247002176753267,1.645684620376379,1.8843296077692662,1.0848211621206716,1.0005443329822015,0.9824343419755959,1.0385907395714336
-2.7447782592243204,0.43721545450579313,1.02922423313325,1.2943580006064195,1.467878783122379,1.645684620376379,1.8843296077692662,1.0848211621206716,1.0046924582401608,0.9821202652021761,1.0413024873586865
-2.7381161760708634,0.4364300098773438,1.02922423313325,1.2943580006064195,1.468056554727442,1.6160241518102538,1.8230775461712927,1.0848211621206716,1.0060684351874751,0.9812115098797816,1.040004596652616
-2.7314540929174065,0.4364300098773438,1.02922423313325,1.2943580006064195,1.3524034850533273,1.615139663802228,1.8230775461712927,1.0586388901876913,1.0071372077863738,0.9837266525877754,1.0379521497597026
-2.7247920097639495,0.4364300098773438,1.02922423313325,1.2943580006064195,1.3524034850533273,1.615139663802228,1.8230775461712927,1.0823966772505829,1.008842858918773,0.9855380231197618,1.0367948441921635
-2.718129926610492,0.4364300098773438,0.9905879978630499,1.2905024379260719,1.3524034850533273,1.615139663802228,1.8230775461712927,1.1087025858172574,1.0080522961547054,0.9860963190227752,1.0401374317880725
-2.711467843457035,0.4364300098773438,0.9897488844743831,1.2906169925153184,1.3524034850533273,1.615139663802228,1.8230775461712927,1.1087025858172574,1.0064083602083498,0.9815893330182294,1.04274521597743
-2.704805760303578,0.4364300098773438,0.9897488844743831,1.3101324509913044,1.3524034850533273,1.615139663802228,1.8230775461712927,1.1087025858172574,1.009570566541706,0.9850207716999002,1.04207909594942
-2.698143677150121,0.4364300098773438,1.0685080676187182,1.3103247391184618,1.3524034850533273,1.615139663802228,1.8230775461712927,1.1094572060857661,1.0091362666100219,0.9786831757792991,1.0371826396755432
-2.691481593996664,0.4364300098773438,1.0685080676187182,1.2943580006064195,1.3524034850533273,1.615139663802228,1.8749119638313338,1.0837006050288553,1.008111833692517,0.9799700862054535,1.039451204309822
-2.684819510843207,0.4364300098773438,1.0685080676187182,1.2943580006064195,1.3524034850533273,1.615139663802228,1.8749119638313338,1.1096267801953696,1.0073705064789569,0.9813826639686977,1.0445271109799426
-2.6781574276897495,0.4364300098773438,1.0685080676187182,1.290729862478252,1.3524034850533273,1.615139663802228,1.8749119638313338,1.1095622944584849,1.0034208358671943,0.9840846780081479,1.0450477679309027
-2.6714953445362926,0.4364300098773438,1.0685080676187182,1.2906169925153184,1.3524034850533273,1.615139663802228,1.8749119638313338,1.1095622944584849,1.0041683600674212,0.9850775530591771,1.0421333510415254
-2.6648332613828356,0.4364300098773438,1.1085570157229974,1.2906169925153184,1.3524034850533273,1.615139663802228,1.7051013179256527,1.1095622944584849,1.0019819250368975,0.9820979238394382,1.0411660886068448
-2.658171178229378,0.4364300098773438,1.1085570157229974,1.2906169925153184,1.3524034850533273,1.615139663802228,1.704465421664849,1.0810566981713228,1.003072822492162,0.9784102090017439,1.0426844814434786
-2.6515090950759213,0.4364300098773438,0.9172495899256973,1.2906169925153184,1.0846262737814365,1.615139663802228,1.7772800100780088,1.0818113184398315,1.006281935265629,0.9812807123441372,1.040684675057882
-2.6448470119224643,0.4364300098773438,0.9172495899256973,1.2943580006064195,1.0846262737814365,1.615139663802228,1.8543975991093469,1.1182606749607706,1.0020145801173284,0.9813964214875277,1.0419483503778673
-2.6381849287690073,0.4364300098773438,0.9172495899256973,1.2943580006064195,1.0846262737814365,1.615139663802228,1.8543975991093469,1.0999749473671083,1.004908374720836,0.9823776266995138,1.0421569286234125
-2.63152284561555,0.4415009671829646,0.9195847221070514,1.2943580006064195,1.0846262737814365,1.615139663802228,1.7782904000428912,1.0950298158085936,1.001876420204261,0.9790877033765268,1.0355150516579836
-2.624860762462093,0.4415009671829646,0.9205463515872658,1.2943580006064195,1.0846262737814365,1.615139663802228,1.7782904000428912,1.121234761182894,1.0011749899248341,0.9820794675222996,1.040864321046296
-2.618198679308636,0.4415009671829646,0.9205463515872658,1.2943580006064195,1.0846262737814365,1.615139663802228,1.7782904000428912,1.1213867779897688,1.000520257249793,0.9820942764010314,1.039670011956348
-2.6115365961551786,0.4415009671829646,0.9205463515872658,1.2907270547677316,1.0846262737814365,1.615139663802228,1.7782904000428912,1.1303047853930843,0.9982948658402432,0.978539834527323,1.0438214917862096
-2.6048745130017217,0.4415009671829646,0.9205463515872658,1.2906169925153184,1.0846262737814365,1.615139663802228,1.7782904000428912,1.1303047853930843,0.9975491185805303,0.9819224394316786,1.0444257505503294
-2.5982124298482647,0.4415009671829646,0.9205463515872658,1.2906169925153184,1.0846262737814365,1.5346388783526466,1.7782904000428912,1.1213867779897688,0.9977365071288908,0.9800428172121434,1.0477600456240899
-2.5915503466948073,0.5452162118513512,0.8853921859345127,1.2906169925153184,1.0846262737814365,1.534018879498364,1.7782904000428912,1.1213867779897688,1.00158091435963,0.9808199644503656,1.0412334615633696
-2.5848882635413504,0.5452162118513512,0.8864149423450062,1.2906169925153184,1.3386895688173097,1.615139663802228,1.7782904000428912,1.1211982402967822,1.0004827869685768,0.9800666505173157,1.0497271413294285
-2.5782261803878934,0.5452162118513512,0.8864149423450062,1.2906169925153184,1.3385221528397266,1.615139663802228,1.7782904000428912,1.1211982402967822,1.0002266788395144,0.978205620051555,1.0456894693525396
-2.5715640972344365,0.5452162118513512,0.8864149423450062,1.2906169925153184,1.3385221528397266,1.5765002378687805,1.645684620376379,1.1211982402967822,1.001053513491346,0.9738932201395438,1.0402327874133788
-2.564902014080979,0.6128862611341516,0.8864149423450062,1.2526809826317737,1.3524034850533273,1.576237959242945,1.645684620376379,1.102313848306565,1.0024245019024915,0.9766029931587588,1.0442797051194266
-2.558239930927522,0.6128862611341516,0.8864149423450062,1.2526809826317737,1.3524034850533273,1.576237959242945,1.645684620376379,1.0454312606127427,0.9979108990607417,0.972455465519216,1.0409828431301151
-2.551577847774065,0.6128862611341516,0.8864149423450062,1.2526809826317737,1.3524034850533273,1.576237959242945,1.645684620376379,1.106917270872791,1.000497865277486,0.9690007943019455,1.0436488599885978
-2.5449157646206078,0.6128862611341516,0.8933678816253916,1.2526809826317737,1.3524034850533273,1.534018879498364,1.645684620376379,1.0875976380744463,0.9983249290657413,0.9670115412725815,1.0249808097005375
-2.538253681467151,0.6128862611341516,0.8936642901691543,1.2906169925153184,1.3524034850533273,1.534018879498364,1.7782904000428912,1.087296811006907,0.9988053098123799,0.9637982864739637,1.0222396344200257
-2.531591598313694,0.6128862611341516,0.8936642901691543,1.2906169925153184,1.3524034850533273,1.534018879498364,1.7782904000428912,1.087296811006907,0.9999399805345869,0.9624383055523921,1.0369995366805203
-2.5249295151602364,0.6128862611341516,0.8936642901691543,1.2526809826317737,1.3524034850533273,1.534018879498364,1.8095415167534321,1.106917270872791,1.0037464012532484,0.9616229639740868,1.0371442041099919
-2.5182674320067795,0.6128862611341516,0.8936642901691543,1.2526809826317737,1.3524034850533273,1.534018879498364,1.8095415167534321,1.072830455973592,1.0044454692456148,0.9604847669980985,1.0366789001661272
-2.5116053488533225,0.6309532618670229,0.8864149423450062,1.2526809826317737,1.3524034850533273,1.534018879498364,1.7782904000428912,1.072519721461974,1.0006811925958663,0.964619801598703,1.0341774899325809
-2.5049432656998656,0.6309532618670229,0.8416239495468052,1.2399685869417483,1.3524034850533273,1.534018879498364,1.7782904000428912,1.067483571124945,1.0014926261870563,0.9714944053952453,1.033989696690515
-2.498281182546408,0.6963978963965822,0.8716540217982015,1.246168226261239,1.3817002868022983,1.534018879498364,1.7782904000428912,1.0165384745898498,1.0021395872689278,0.9697105211198301,1.0335543236414186
-2.4916190993929512,0.6963978963965822,0.8716540217982015,1.246168226261239,1.424717045569983,1.534018879498364,1.8843296077692662,1.0169162284763198,0.998673613449244,0.9702827999273202,1.0359903674475788
-2.4849570162394943,0.6963978963965822,0.8620303393968471,1.246168226261239,1.42487842076487,1.534018879498364,1.8843296077692662,1.0169162284763198,1.0033619591919822,0.9696134820411193,1.0386179857224698
-2.478294933086037,0.6963978963965822,0.8617947943346758,1.246168226261239,1.42487842076487,1.534018879498364,1.8843296077692662,1.0169162284763198,1.0023752626495805,0.9725314530986683,1.038399019771713
-2.47163284993258,0.6963978963965822,0.8617947943346758,1.246168226261239,1.4461683650419155,1.534018879498364,1.8843296077692662,1.0169162284763198,1.0045353656004528,0.9730526570609992,1.0397451067004966
-2.464970766779123,0.6963978963965822,0.8617947943346758,1.246168226261239,1.4461683650419155,1.534018879498364,1.8843296077692662,1.0169162284763198,1.0001064211274306,0.9737872725061183,1.0372989828643715
-2.4583086836256656,0.6309532618670229,0.8617947943346758,1.246168226261239,1.4461683650419155,1.645684620376379,1.8843296077692662,1.0169162284763198,1.0047597947115738,0.9735273449532319,1.0323924974157528
-2.4516466004722086,0.6128862611341516,0.8617947943346758,1.246168226261239,1.4250372070528878,1.645684620376379,1.8843296077692662,1.023552600996049,1.0044431295317158,0.9765515119404771,1.0317095032259056
-2.4449845173187517,0.6128862611341516,0.8617947943346758,1.246168226261239,1.3910475678700445,1.645684620376379,1.8843296077692662,1.0581393591419483,1.004359563739329,0.9720726736634516,1.030834879833713
-2.4383224341652947,0.6128862611341516,0.8617947943346758,1.246168226261239,1.3907981993320102,1.645684620376379,1.8843296077692662,1.0581393591419483,1.0016926019335617,0.9724465469711281,1.0345993045974902
-2.4316603510118373,0.6128862611341516,0.8405155721467938,1.246168226261239,1.3907981993320102,1.5345991348363492,1.8843296077692662,1.0581393591419483,1.0027358897922305,0.9708252516791617,1.0306337984329252
-2.4249982678583804,0.5721409328205669,0.8405155721467938,1.246168226261239,1.3907981993320102,1.645684620376379,1.8843296077692662,1.0581393591419483,1.0041455175032645,0.96408971438224,1.0300849466139712
-2.4183361847049234,0.554981447320335,0.8405155721467938,1.246168226261239,1.42487842076487,1.704465421664849,2.027787586008879,1.0316336088302975,1.0037727367988842,0.9689764755173729,1.033283643801918
-2.411674101551466,0.5548901543680452,0.8229052854318304,1.229324619845634,1.42487842076487,1.704465421664849,2.028605227579991,1.031455375521221,1.0039469280403774,0.9619157399793392,1.0356997079565216
-2.405012018398009,0.5548901543680452,0.8222584997729943,1.2449666209690229,1.42487842076487,1.645684620376379,2.028605227579991,1.031455375521221,1.0002656243014791,0.9683575119553592,1.0378669067986812
-2.398349935244552,0.5153326821961757,0.8222584997729943,1.2997047430294295,1.3907981993320102,1.645684620376379,2.028605227579991,1.0383323863566245,1.004963492325048,0.968858235865352,1.03319381735403
-2.3916878520910947,0.5144550903069658,0.8156892691631444,1.2733914634082069,1.3907981993320102,1.645684620376379,1.8843296077692662,1.0383323863566245,1.0055913781707682,0.9678644899860318,1.0288889273079187
-2.3850257689376377,0.5144550903069658,0.8156892691631444,1.2681260260545826,1.3907981993320102,1.645684620376379,1.8843296077692662,1.0383323863566245,1.004189351902455,0.9732399974955482,1.0304970891182827
-2.378363685784181,0.5144550903069658,0.8156892691631444,1.2680447209851968,1.3907981993320102,1.645684620376379,1.8843296077692662,1.0564208582775538,1.0084015787715641,0.9694000724545723,1.0299048620520677
-2.3717016026307234,0.5144550903069658,0.8156892691631444,1.2680447209851968,1.3907981993320102,1.645684620376379,1.8843296077692662,1.0828186797705617,1.010678276311002,0.9644044315940917,1.0314651155076016
-2.3650395194772664,0.5144550903069658,0.8156892691631444,1.2680447209851968,1.3907981993320102,1.6281594013581635,1.8843296077692662,1.1028579365697628,1.0053693277341864,0.967978831512816,1.0311858488523922
-2.3583774363238095,0.5408360774090231,0.8156892691631444,1.2939832308773085,1.4461683650419155,1.6285873650780889,1.8843296077692662,1.1042783865570507,1.0045477623992634,0.9673366878876231,1.0298666102939809
-2.3517153531703525,0.5720493883725413,0.8156892691631444,1.2943580006064195,1.4461683650419155,1.6285873650780889,1.8843296077692662,1.1042783865570507,1.0017382544461821,0.9690414739375145,1.0299670095010518
-2.345053270016895,0.5720493883725413,0.8156892691631444,1.2943580006064195,1.3817002868022983,1.6285873650780889,1.8843296077692662,1.1258213887133075,1.001204803035253,0.9723311019056178,1.0319986218069594
-2.338391186863438,0.5411031658810119,0.8087632225531117,1.2943580006064195,1.4247269697129827,1.4835180792874776,1.8843296077692662,1.1258213887133075,1.0021344734204725,0.9651183556227608,1.032333018093222
-2.331729103709981,0.5411031658810119,0.8156892691631444,1.2943580006064195,1.42487842076487,1.4835180792874776,1.8843296077692662,1.1258213887133075,1.0046898517144547,0.9660378428633885,1.0355408181419992
-2.325067020556524,0.5411031658810119,0.8156892691631444,1.2943580006064195,1.42487842076487,1.6281666345477972,1.8843296077692662,1.1258213887133075,1.0053648544482576,0.9631349181213725,1.036506489607218
-2.318404937403067,0.5640570661096784,0.8156892691631444,1.2943580006064195,1.42487842076487,1.6285873650780889,1.8843296077692662,1.1258213887133075,1.0037680294952633,0.9675099590237285,1.0386101753794708
-2.31174285424961,0.5640570661096784,0.8156892691631444,1.2943580006064195,1.4835180792874776,1.645684620376379,1.8843296077692662,1.1042783865570507,0.9984130216209053,0.9661100152864417,1.037221971164131
-2.3050807710961525,0.5640570661096784,0.8156892691631444,1.2943580006064195,1.534018879498364,1.645684620376379,1.8843296077692662,1.0958495335774072,1.0022064200861718,0.962192379968641,1.025505657640718
-2.2984186879426955,0.5640570661096784,0.8156892691631444,1.2943580006064195,1.534018879498364,1.645684620376379,1.8843296077692662,1.1274513500485803,1.0002595144453958,0.9582612828511258,1.0266028558634486
-2.2917566047892386,0.5640570661096784,0.8156892691631444,1.3339531633005435,1.534018879498364,1.645684620376379,1.8843296077692662,1.1274513500485803,0.9975096323807375,0.9556717607709745,1.02267707173782
-2.2850945216357816,0.5640570661096784,0.8156892691631444,1.3348643347967426,1.4837511403461892,1.8077104563023945,1.8843296077692662,1.1435925742648885,1.0008500955554553,0.9523937528989577,1.0222193883240898
-2.2784324384823242,0.5144550903069658,0.8156892691631444,1.3348643347967426,1.42487842076487,1.8077104563023945,1.8843296077692662,1.1274513500485803,1.000042558158085,0.9567645081727187,1.0229115279788858
-2.2717703553288673,0.5144550903069658,0.8156892691631444,1.3348643347967426,1.42487842076487,1.8077104563023945,1.8843296077692662,1.1435925742648885,0.999773388264819,0.9576836318705678,1.0278936230602467
-2.2651082721754103,0.5144550903069658,0.8156892691631444,1.3348643347967426,1.42487842076487,1.8077104563023945,1.8843296077692662,1.151065323761668,1.000616728771183,0.9593622074537393,1.0262120199839266
-2.258446189021953,0.5144550903069658,0.8156892691631444,1.3348643347967426,1.4679102814892961,1.8077104563023945,1.8843296077692662,1.155303368360978,1.002835392861427,0.9669550967043217,1.0238864285946208
-2.251784105868496,0.5144550903069658,0.8156892691631444,1.3348643347967426,1.4250242625185385,1.645684620376379,1.8843296077692662,1.1456649050115328,1.0006253754866317,0.9695682623298998,1.0245799959601776
-2.245122022715039,0.5144550903069658,0.8156892691631444,1.28478201198702,1.42487842076487,1.645684620376379,1.8843296077692662,1.1456649050115328,0.9979272328357778,0.9626767877964683,1.0276066473838323
-2.2384599395615816,0.5144550903069658,0.8156892691631444,1.28478201198702,1.42487842076487,1.645684620376379,1.8843296077692662,1.1385241677270215,0.9984281883857875,0.9576982499641752,1.0280556519080781
-2.2317978564081247,0.5144550903069658,0.8156892691631444,1.28478201198702,1.42487842076487,1.645684620376379,1.8843296077692662,1.1383682869704355,0.9955652002511588,0.9570084863020712,1.0289906542644411
-2.2251357732546677,0.42287518223120146,0.8156892691631444,1.28478201198702,1.42487842076487,1.8077104563023945,1.8843296077692662,1.1383682869704355,0.9944508172464919,0.9551384885903855,1.0280423307170319
-2.2184736901012108,0.42287518223120146,0.8402344865248909,1.28478201198702,1.42487842076487,1.8077104563023945,2.028605227579991,1.1369041459249416,0.9969912472203704,0.9628267703760254,1.0258564506578884
-2.2118116069477534,0.42287518223120146,0.8405977762994905,1.28478201198702,1.42487842076487,1.8077104563023945,2.028605227579991,1.1435925742648885,0.9970676608331754,0.962240560810094,1.0320898095894875
-2.2051495237942964,0.42287518223120146,0.8405977762994905,1.240075479964997,1.42487842076487,1.8077104563023945,2.028605227579991,1.155303368360978,0.9966648984490688,0.9566776482229998,1.03254087228509
-2.1984874406408395,0.42287518223120146,0.8405977762994905,1.2399685869417483,1.42487842076487,1.8077104563023945,1.9885702406241326,1.155303368360978,0.9927163675718764,0.9599009236455842,1.0316611497928552
-2.191825357487382,0.42287518223120146,0.8405977762994905,1.2399685869417483,1.42487842076487,1.8077104563023945,1.9876680752977332,1.153224783409936,0.9952201671697972,0.9699705086608033,1.0348031733967624
-2.185163274333925,0.4857246909244016,0.8405977762994905,1.2399685869417483,1.5109516348722445,1.8077104563023945,1.8850354765445219,1.1638685543641456,0.9966715442271463,0.9658339112691327,1.0348769495710382
-2.178501191180468,0.4850264013097736,0.8405977762994905,1.2526809826317737,1.5112346886900137,1.8077104563023945,1.8843296077692662,1.150890507586038,0.99785754866876,0.9576392732620785,1.034841180987805
-2.1718391080270107,0.4850264013097736,0.8405977762994905,1.246168226261239,1.4472676607961203,1.704465421664849,1.8843296077692662,1.148684795007489,0.9980461506276168,0.9621870877896589,1.0359445684302047
-2.165177024873554,0.4850264013097736,0.8405977762994905,1.246168226261239,1.4461683650419155,1.645684620376379,1.8843296077692662,1.1435113570737376,0.997061316094511,0.9576256799520811,1.0372353639079404
-2.158514941720097,0.4850264013097736,0.8405977762994905,1.28478201198702,1.4461683650419155,1.645684620376379,1.8843296077692662,1.1369041459249416,0.9980547096664036,0.9569452734730791,1.0340426369249311
-2.15185285856664,0.4850264013097736,0.8405977762994905,1.28478201198702,1.4461683650419155,1.645684620376379,1.9876680752977332,1.1350517584555224,0.9973813007458459,0.9538242216780968,1.0346266010275538
-2.1451907754131825,0.4850264013097736,0.8405977762994905,1.28478201198702,1.4461683650419155,1.645684620376379,1.9876680752977332,1.1369041459249416,0.9954565317210029,0.9609017887049941,1.028682456395922
-2.1385286922597255,0.4850264013097736,0.8405977762994905,1.28478201198702,1.4461683650419155,1.640769090577729,1.9239885306968765,1.1635345547896463,1.0050556410417144,0.9592065356329197,1.0262707227177215
-2.1318666091062686,0.530030530254532,0.8405977762994905,1.3348643347967426,1.2980783193765428,1.640769090577729,1.923549750288129,1.1634724475873082,0.9974796696614723,0.958448671321434,1.0249415945900622
-2.125204525952811,0.5293436714334196,0.8616940719823574,1.28478201198702,1.2902400573271229,1.6289719296602119,1.923549750288129,1.2007744680253019,0.9984329905908124,0.9631648972711756,1.0196002822196784
-2.118542442799354,0.5293436714334196,0.8617947943346758,1.28478201198702,1.534018879498364,1.6285873650780889,1.923549750288129,1.20235190333142,1.000087133937166,0.961211779156021,1.018959813997656
-2.1118803596458973,0.5000256851428355,0.8716540217982015,1.28478201198702,1.534018879498364,1.6285873650780889,1.923549750288129,1.1983478629133715,0.9999076035153556,0.961345378987847,1.019103019569226
-2.10521827649244,0.4999459609944169,0.8716540217982015,1.28478201198702,1.534018879498364,1.6285873650780889,1.923549750288129,1.1983478629133715,0.9999126745690151,0.9626679170770831,1.0219963191144323
-2.098556193338983,0.4999459609944169,0.8716540217982015,1.28478201198702,1.534018879498364,1.6285873650780889,1.8598620041843026,1.1983478629133715,0.9971890340711852,0.9583772098116873,1.023182805185165
-2.091894110185526,0.4999459609944169,0.8549200813518192,1.2661830940285481,1.534018879498364,1.6285873650780889,1.79574231225754,1.1761426631865928,0.9974457600793925,0.959266601632772,1.0203910071295441
-2.085232027032069,0.5293436714334196,0.8334192439192194,1.2661830940285481,1.6128000716589037,1.640769090577729,1.7953131002689202,1.2025413067061081,0.9971212498715636,0.9581059622463987,1.0208113109756343
-2.0785699438786116,0.5293436714334196,0.8334192439192194,1.2661830940285481,1.6128000716589037,1.640769090577729,1.7953131002689202,1.2025413067061081,0.9982514152664055,0.9580415953235345,1.0222771162954347
-2.0719078607251546,0.4850264013097736,0.8334192439192194,1.2661830940285481,1.6128000716589037,1.645684620376379,1.8091665964241461,1.2051846875295489,0.99940203252327,0.9577714465087834,1.0229074151147828
-2.0652457775716977,0.4850264013097736,0.8334192439192194,1.2661830940285481,1.6128000716589037,1.6838134643520244,1.8590076809585498,1.2051846875295489,0.997120204474103,0.9661203748473197,1.0232858594208696
-2.0585836944182403,0.4850264013097736,0.8334192439192194,1.2661830940285481,1.6128000716589037,1.683947224540301,1.8594314252785247,1.2051846875295489,0.9951210269404975,0.956908679346596,1.0277150557386001
-2.0519216112647833,0.4850264013097736,0.8334192439192194,1.2661830940285481,1.534508519619186,1.645684620376379,1.8594314252785247,1.1752574452753484,0.9953445634163289,0.9617526159615565,1.0261069360324386
-2.0452595281113264,0.41709273306732303,0.8546984661071013,1.2661830940285481,1.534018879498364,1.645684620376379,1.8594314252785247,1.1752574452753484,0.9946812230774,0.9555595820972446,1.0289809253421247
-2.038597444957869,0.41709273306732303,0.8546984661071013,1.2661830940285481,1.534018879498364,1.645684620376379,1.8594314252785247,1.1752574452753484,0.9966504852823088,0.9629335402273013,1.0274449626878528
-2.031935361804412,0.41709273306732303,0.8644754894179305,1.3311233267056415,1.534018879498364,1.645684620376379,1.8594314252785247,1.1468676214814408,0.9998788760054288,0.9641546189415302,1.0224196003317583
-2.025273278650955,0.39302837002599456,0.8644754894179305,1.2661830940285481,1.534018879498364,1.6409002618591364,1.8594314252785247,1.175199831055461,0.9995488561993828,0.9648318728687606,1.0237798771079356
-2.0186111954974977,0.33263983291076366,0.8644754894179305,1.2661830940285481,1.2914771915138052,1.640769090577729,1.8594314252785247,1.1852295468600675,0.9924842759356515,0.9628356117848529,1.0217224825769686
-2.0119491123440407,0.33263983291076366,0.8644754894179305,1.3311233267056415,1.2902400573271229,1.640769090577729,1.8594314252785247,1.1848244666485397,0.99455912274344,0.9605568317228592,1.0261736151867489
-2.0052870291905838,0.33263983291076366,0.8644754894179305,1.3311233267056415,1.2902400573271229,1.645684620376379,1.8594314252785247,1.2052887460704724,0.9958733787489085,0.9617118819450192,1.021439269101939
-1.9986249460371266,0.3780955342120094,0.8644754894179305,1.3311233267056415,1.2902400573271229,1.645684620376379,1.8230775461712927,1.2054680241075202,0.9938239906955928,0.9615938818608359,1.0225464554784378
-1.9919628628836696,0.3783562201698712,0.8644754894179305,1.3311233267056415,1.2902400573271229,1.645684620376379,1.8230775461712927,1.1763459019125846,0.9919570426984788,0.9595269201504755,1.021408538575273
-1.9853007797302125,0.3783562201698712,0.8644754894179305,1.3348643347967426,1.2902400573271229,1.645684620376379,1.8230775461712927,1.1479330534683914,0.9958513566946596,0.9606420792048851,1.023813069486098
-1.9786386965767553,0.3783562201698712,0.8822139253266399,1.3456851044860123,1.2902400573271229,1.645684620376379,1.8230775461712927,1.147800348156816,0.9917248765385962,0.9606420792048851,1.0208776959297903
-1.9719766134232983,0.3783562201698712,0.8822139253266399,1.3651017369624583,1.2902400573271229,1.645684620376379,1.8843296077692662,1.1416419055842086,0.9913583939675653,0.9595909112894427,1.0273321915463396
-1.9653145302698412,0.33263983291076366,0.8822139253266399,1.3349313319907885,1.2902400573271229,1.645684620376379,1.8843296077692662,1.1416419055842086,1.000380837156691,0.9634223464680919,1.023895117376318
-1.9586524471163842,0.33263983291076366,0.862115536658195,1.3348643347967426,1.2902400573271229,1.645684620376379,1.8843296077692662,1.146418659658384,0.9980949463548641,0.9614854207822123,1.0238602127121659
-1.951990363962927,0.33263983291076366,0.8617947943346758,1.3348643347967426,1.2902400573271229,1.645684620376379,1.8843296077692662,1.146418659658384,1.0007629836997571,0.9637158093029893,1.0240899056957167
-1.9453282808094698,0.33263983291076366,0.8617947943346758,1.3348643347967426,1.4451837197651425,1.645684620376379,1.8230775461712927,1.155110500310132,1.0022132549006493,0.9648779894852576,1.0297457736148767
-1.938666197656013,0.33263983291076366,0.8617947943346758,1.3348643347967426,1.4461683650419155,1.7953131002689202,1.8843296077692662,1.146418659658384,0.9956467800238298,0.9671143468611861,1.0275184010304317
-1.9320041145025557,0.33263983291076366,0.8617947943346758,1.3348643347967426,1.4461683650419155,1.7953131002689202,2.02525036315474,1.155110500310132,0.9940315765603621,0.9662774246933143,1.0287291421422033
-1.9253420313490988,0.33263983291076366,0.8617947943346758,1.3348643347967426,1.4461683650419155,1.7315898143189057,2.025641717968103,1.155110500310132,1.0011061776549304,0.9661126019019655,1.027919224544057
-1.9186799481956416,0.33263983291076366,0.808018231852819,1.3348643347967426,1.4461683650419155,1.731194775259316,1.8843296077692662,1.155110500310132,0.99943202227467,0.9619812366038114,1.030848651071843
-1.9120178650421844,0.33263983291076366,0.808018231852819,1.3348643347967426,1.4461683650419155,1.731194775259316,1.8843296077692662,1.153723093624838,1.0037877182679162,0.9605482465180395,1.0322320885972032
-1.9053557818887275,0.33263983291076366,0.808018231852819,1.3348643347967426,1.4461683650419155,1.731194775259316,1.8843296077692662,1.1504473954000025,0.9991004063845642,0.9609672844521292,1.0346667818299302
-1.8986936987352703,0.33263983291076366,0.808018231852819,1.3348643347967426,1.4461683650419155,1.731194775259316,1.8843296077692662,1.1503920600110022,1.0001091391324688,0.9590753124307558,1.0329312576378529
-1.8920316155818133,0.25431329920361445,0.808018231852819,1.3348643347967426,1.4461683650419155,1.731194775259316,1.8843296077692662,1.1451832941289835,0.9998679674827347,0.9578935417500185,1.0349313109407636
-1.8853695324283561,0.25431329920361445,0.808018231852819,1.3939530061693777,1.4461683650419155,1.731194775259316,1.8843296077692662,1.1451832941289835,1.00036125376608,0.9495559693785256,1.031022470639231
-1.878707449274899,0.25431329920361445,0.808018231852819,1.3939530061693777,1.4461683650419155,1.731194775259316,1.8843296077692662,1.1374130386279324,0.9991931911206284,0.9557275846406663,1.0295460609263172
-1.872045366121442,0.25431329920361445,0.808018231852819,1.3939530061693777,1.4461683650419155,1.731194775259316,1.8843296077692662,1.128548069408459,0.9999418090660516,0.9606634619330188,1.0356504015657562
-1.8653832829679848,0.25431329920361445,0.7831896747175195,1.401995925947919,1.4461683650419155,1.731194775259316,1.8843296077692662,1.1079222595871314,0.9994897091486203,0.9628545722181341,1.0316930225442218
-1.8587211998145277,0.32451071514173657,0.8075197423533287,1.401995925947919,1.4461683650419155,1.731194775259316,1.8843296077692662,1.1079222595871314,1.0039387490686502,0.9693371005713506,1.0345761339903685
-1.8520591166610707,0.32451071514173657,0.808018231852819,1.401995925947919,1.4461683650419155,1.731194775259316,1.8843296077692662,1.128548069408459,1.0012139046926687,0.9662694843280157,1.0340673969724032
-1.8453970335076135,0.35131379785894884,0.808018231852819,1.365340428917921,1.4461683650419155,1.731194775259316,1.8843296077692662,1.1079222595871314,1.0015721607090144,0.9759001530436919,1.034803324956948
-1.8387349503541566,0.35131379785894884,0.808018231852819,1.3652250403111792,1.4461683650419155,1.731194775259316,1.8843296077692662,1.093029628521386,1.0023155732440339,0.9740114901305416,1.0355676061080947
-1.8320728672006994,0.35131379785894884,0.808018231852819,1.4083941300669514,1.364009516011179,1.7949371980495878,1.8843296077692662,1.093029628521386,1.00666154953117,0.9762878410830222,1.035362335878311
-1.8254107840472422,0.35131379785894884,0.808018231852819,1.394067145080018,1.363572337331879,1.7953131002689202,1.8843296077692662,1.0840206155640362,1.0044741976444551,0.9758582073921276,1.0347884449275084
-1.8187487008937853,0.35131379785894884,0.808018231852819,1.5106649152708684,1.363572337331879,1.7953131002689202,1.8843296077692662,1.0925069628395416,1.0052930087781662,0.9714588563922772,1.037748628604381
-1.812086617740328,0.35131379785894884,0.8361672171393297,1.5108509176502707,1.363572337331879,1.7953131002689202,1.8843296077692662,1.0831698214387333,1.0046234579627522,0.978273786853123,1.0411414423066403
-1.8054245345868711,0.35131379785894884,0.8546984661071013,1.48910289235824,1.363572337331879,1.7953131002689202,1.8843296077692662,1.0547735539491812,1.006866581713808,0.9750345136019352,1.0370841719516772
-1.798762451433414,0.35131379785894884,0.8546984661071013,1.4887642247146244,1.363572337331879,1.7953131002689202,1.8843296077692662,1.0479034912618828,1.0079389163423338,0.9760522084949864,1.038154555868132
-1.7921003682799568,0.35131379785894884,0.8546984661071013,1.4887642247146244,1.363572337331879,1.7953131002689202,1.8843296077692662,1.0479034912618828,1.0068338206806753,0.9781577767789441,1.0396892101989545
-1.7854382851264998,0.35131379785894884,0.8546984661071013,1.394135601911795,1.363572337331879,1.7789707631348253,1.8230775461712927,1.0479034912618828,1.0072754061936582,0.9768390951267942,1.0381654904636446
-1.7787762019730426,0.31033519404817,0.8652583696355397,1.3939530061693777,1.363572337331879,1.7953131002689202,1.8843296077692662,1.0279433718854216,1.0075336265572565,0.9766224828833279,1.0381317364711677
-1.7721141188195857,0.31033519404817,0.8722707099455043,1.3939530061693777,1.363572337331879,1.806813484920121,1.8843296077692662,1.0279950311471797,1.0064112873572708,0.9772386414763841,1.0422678347299272
-1.7654520356661285,0.3184643118171971,0.8546162619544047,1.3939530061693777,1.363572337331879,1.8077104563023945,1.8843296077692662,1.0279950311471797,1.0087009985974484,0.9682657703407193,1.047729531328982
-1.7587899525126713,0.31053437867134626,0.8546162619544047,1.3939530061693777,1.363572337331879,1.8077104563023945,1.8843296077692662,0.9995974370144061,1.0034591570067173,0.9705128234648072,1.0457277307327015
-1.7521278693592144,0.20845348380817577,0.8546162619544047,1.3939530061693777,1.363572337331879,1.7953131002689202,1.8843296077692662,0.9995474036129263,1.002622217167633,0.9683039539001396,1.0445116473359701
-1.7454657862057572,0.20845348380817577,0.8191789759990441,1.3939530061693777,1.1935423072162197,1.7953131002689202,1.8843296077692662,0.9995474036129263,1.0030630660782582,0.9678322613176078,1.044011720331479
-1.7388037030523003,0.20845348380817577,0.8191789759990441,1.3939530061693777,1.1931257951653942,1.7953131002689202,1.8843296077692662,0.9995474036129263,1.0084596651969748,0.9747587405873099,1.0408743543120205
-1.732141619898843,0.31033519404817,0.8191789759990441,1.3939530061693777,1.1931257951653942,1.7953131002689202,1.8843296077692662,0.9995474036129263,1.0061032356070085,0.973079886296612,1.047961696797905
-1.725479536745386,0.31033519404817,0.8191789759990441,1.413385051564414,1.1931257951653942,1.7315488068040685,1.8843296077692662,0.9956249052850038,1.006211509936181,0.9753459254714172,1.0441663110510155
-1.718817453591929,0.31033519404817,0.7537909054385596,1.4134929419945448,1.1931257951653942,1.731194775259316,1.8843296077692662,0.9953179547925279,1.0082156084544414,0.9751422521333011,1.0424720770730709
-1.7121553704384718,0.31033519404817,0.7537909054385596,1.515587263402616,1.1931257951653942,1.731194775259316,1.8843296077692662,0.9935302305178668,1.0084460311085877,0.9768659764657268,1.0398096386556621
-1.7054932872850148,0.31033519404817,0.7537909054385596,1.5157623645436653,1.1931257951653942,1.731194775259316,1.8843296077692662,0.9935302305178668,1.0002692707843577,0.975051369236315,1.0447648304947865
-1.6988312041315576,0.31033519404817,0.751843402881472,1.4890828972206092,1.1931257951653942,1.731194775259316,1.9901882578693901,0.9935302305178668,1.001514967541067,0.9776229326427353,1.039052956602832
-1.6921691209781005,0.31033519404817,0.751843402881472,1.4887642247146244,1.1931257951653942,1.731194775259316,1.9904956684287753,1.033927274685369,1.000690750910944,0.9821718350562668,1.0379712127850373
-1.6855070378246435,0.31033519404817,0.751843402881472,1.4887642247146244,1.3631701329469181,1.731194775259316,1.8843296077692662,1.0340374106629793,0.9994679566956525,0.9761809063766831,1.0425458337649716
-1.6788449546711863,0.31033519404817,0.7096231159635427,1.3829422448114452,1.363572337331879,1.731194775259316,1.8843296077692662,1.0340374106629793,0.9990995579902398,0.9775208741310604,1.0389456736819742
-1.6721828715177294,0.31033519404817,0.7096231159635427,1.382729981896074,1.363572337331879,1.731194775259316,1.8843296077692662,1.0340374106629793,1.0035069939513082,0.9776042705606122,1.042810319118459
-1.6655207883642722,0.31033519404817,0.7146023053997126,1.4051020687564906,1.363572337331879,1.731194775259316,1.8843296077692662,1.0505609799154336,1.006320098790431,0.9797514545308954,1.0453920283493008
-1.658858705210815,0.31033519404817,0.7147962900487739,1.4055111788630188,1.363572337331879,1.731194775259316,1.8843296077692662,1.037699897757037,1.0043788055271547,0.9814052487707846,1.0417684731804833
-1.652196622057358,0.20845348380817577,0.7147962900487739,1.4092402808649558,1.2157197066212597,1.731194775259316,2.168416273492179,1.037699897757037,1.0037166735526604,0.980958593563525,1.043088904090845
-1.645534538903901,0.20845348380817577,0.7147962900487739,1.4092402808649558,1.363572337331879,1.731194775259316,2.169252547562873,1.037699897757037,1.0043220468967922,0.9803436004178823,1.0426974713174162
-1.638872455750444,0.20845348380817577,0.7537909054385596,1.4092402808649558,1.363572337331879,1.731194775259316,2.169252547562873,1.0530998462047534,1.0055666660291458,0.982616070005459,1.038426177840757
-1.6322103725969868,0.20845348380817577,0.7537909054385596,1.4092402808649558,1.4179492025776723,1.731194775259316,2.169252547562873,1.049790799599028,1.0079287881777472,0.9833083393918004,1.0390354851672234
-1.6255482894435296,0.20845348380817577,0.7537909054385596,1.4092402808649558,1.4179492025776723,1.731194775259316,2.153519551736304,1.0497584246271205,1.0044405025939347,0.9834651442108001,1.0365433895906393
-1.6188862062900726,0.20845348380817577,0.8014490012429691,1.4432749008621648,1.4179492025776723,1.7782904000428912,2.153519551736304,1.053290669435141,1.0070807872684764,0.9823147089497055,1.0277737598635754
-1.6122241231366155,0.20845348380817577,0.8014490012429691,1.4433300883813291,1.4179492025776723,1.7782904000428912,2.028605227579991,1.0497584246271205,1.0060413553051089,0.9840910841329644,1.031870513136417
-1.6055620399831585,0.24228299484613794,0.8014490012429691,1.4433300883813291,1.4179492025776723,1.7782904000428912,2.028605227579991,1.0521400420426512,1.0079707297183358,0.9836183216486201,1.0389648097890642
-1.5988999568297013,0.2428623454622008,0.8014490012429691,1.4433300883813291,1.4179492025776723,1.7782904000428912,2.028605227579991,1.0233438673672497,1.011510424761553,0.9762576027902556,1.0375809385813644
-1.5922378736762441,0.2428623454622008,0.8014490012429691,1.4433300883813291,1.4179492025776723,1.7782904000428912,2.028605227579991,1.0356119702371194,1.0121831533043166,0.9786445667543422,1.039793001648519
-1.5855757905227872,0.2428623454622008,0.8014490012429691,1.4433300883813291,1.4179492025776723,1.7782904000428912,2.028605227579991,1.0361899117905318,1.0111033935462985,0.974059302211306,1.0364573832277226
-1.57891370736933,0.2428623454622008,0.8014490012429691,1.4550327115721642,1.4179492025776723,1.7782904000428912,2.153009518505398,1.0232641927093729,1.0067875601245477,0.9756892398674973,1.035558953821865
-1.572251624215873,0.2428623454622008,0.8014490012429691,1.4433836861365665,1.4179492025776723,1.7782904000428912,2.153519551736304,1.0232641927093729,1.00790292989578,0.9751257421254477,1.0324148104473192
-1.5655895410624159,0.2428623454622008,0.7818861347681378,1.4433300883813291,1.4179492025776723,1.7782904000428912,2.153519551736304,1.0232641927093729,1.0087577925226094,0.9738955636800304,1.0321039081920542
-1.5589274579089587,0.2428623454622008,0.7818861347681378,1.5660176147140081,1.4179492025776723,1.7782904000428912,2.153519551736304,1.0136977000570426,1.0073166738772588,0.9752761433605658,1.0342620131588791
-1.5522653747555017,0.15897207598676505,0.7818861347681378,1.5667394990263153,1.4179492025776723,1.7782904000428912,2.153519551736304,1.013864298951491,1.0061516594590905,0.9761487557964252,1.0351325857567093
-1.5456032916020446,0.15884005194218606,0.7818861347681378,1.5667394990263153,1.4179492025776723,1.7782904000428912,2.153519551736304,1.013864298951491,1.0067794808297563,0.9736213684230065,1.032084183749899
-1.5389412084485876,0.15884005194218606,0.7818861347681378,1.5667394990263153,1.4179492025776723,1.7782904000428912,2.153519551736304,1.013864298951491,1.004122219632475,0.9719766951083872,1.0387107377327134
-1.5322791252951304,0.15884005194218606,0.7818861347681378,1.5667394990263153,1.4179492025776723,1.7782904000428912,2.028605227579991,0.9966472326497084,1.0011229611716888,0.9727374794051444,1.040239060566039
-1.5256170421416733,0.15884005194218606,0.7818861347681378,1.5667394990263153,1.4179492025776723,1.7782904000428912,2.028605227579991,0.9966472326497084,1.0004091479305028,0.9676537347624629,1.0409114884305957
-1.5189549589882163,0.15884005194218606,0.7818861347681378,1.5550782654146549,1.4179492025776723,1.7782904000428912,2.028605227579991,1.010751003782699,1.0047021578678952,0.9651656891702445,1.0411641430718075
-1.5122928758347591,0.0003362977505350015,0.7818861347681378,1.5682642457999556,1.534018879498364,1.7782904000428912,2.028605227579991,1.010751003782699,1.0019834934629301,0.9636560373466556,1.039205348045774
-1.505630792681302,0.18991566148147215,0.7818861347681378,1.566790825690228,1.534018879498364,1.7782904000428912,2.028605227579991,0.9972040322146843,1.0107260982169184,0.9680772318728945,1.0373784453585535
-1.498968709527845,0.0015114378407043993,0.7495731190180055,1.5667394990263153,1.534018879498364,1.7782904000428912,2.153519551736304,0.9971344647481135,1.0038528945600058,0.9711161438539377,1.040044912321832
-1.4923066263743878,0.0,0.7495731190180055,1.5550777359305714,1.534018879498364,1.7782904000428912,2.153519551736304,0.9971344647481135,1.0051690965951308,0.9724483950031608,1.0390046684296717
-1.4856445432209309,0.0,0.7495731190180055,1.5667394990263153,1.534018879498364,1.7782904000428912,2.153519551736304,1.0261810229396224,1.000943813810271,0.9759373647012022,1.0413936227499556
-1.4789824600674737,0.0,0.653084942682425,1.511002172332423,1.534018879498364,1.7782904000428912,2.153519551736304,1.0261810229396224,0.9986598636206414,0.9734177707271371,1.0397737201057926
-1.4723203769140165,0.0,0.6529563376098783,1.5108509176502707,1.534018879498364,1.7782904000428912,2.153519551736304,1.0261810229396224,0.999993686002925,0.9734528690355165,1.0468706061973272
-1.4656582937605596,0.0,0.6529563376098783,1.5108509176502707,1.534018879498364,1.7782904000428912,2.169252547562873,1.0261810229396224,0.9948309861961571,0.9731634755580699,1.0447729170003464
-1.4589962106071024,0.0,0.6529563376098783,1.5108509176502707,1.5975909566151574,1.7782904000428912,2.3524039717794616,1.0261810229396224,0.9997714908565536,0.9720864155878837,1.04110363423693
-1.4523341274536454,0.0,0.530079620287327,1.5550480848219266,1.5975909566151574,1.7782904000428912,2.3524039717794616,1.0261810229396224,1.0087545227801549,0.9721225928417834,1.044480189352579
-1.4456720443001883,0.0,0.530079620287327,1.5550480848219266,1.5975909566151574,1.7782904000428912,2.3524039717794616,1.0177388122130915,1.0038908724250326,0.9742832860964133,1.0452967270299565
-1.439009961146731,0.0,0.530079620287327,1.5485505034525084,1.5975909566151574,1.7782904000428912,2.3524039717794616,1.0176826235288603,1.0026214265816291,0.9715477101225135,1.0453155312889353
-1.4323478779932741,0.0,0.530079620287327,1.5484605253331718,1.5975909566151574,1.7782904000428912,2.3524039717794616,1.0239377471442035,1.011431578421612,0.9709083738527635,1.0450554673647687
-1.425685794839817,0.0,0.5642904481211685,1.4999310466102662,1.6205133743744824,1.7782904000428912,2.3524039717794616,1.0239377471442035,1.0087403805957114,0.9705572780274249,1.051034087378437
-1.41902371168636,0.0,0.5643980882963191,1.49966361164446,1.6205133743744824,1.7782904000428912,2.3524039717794616,1.0404388078257503,1.0071079424692555,0.977899914885233,1.04908655664174
-1.4123616285329028,0.0,0.598609922113105,1.324718706120856,1.5976824313245597,1.8077104563023945,2.1717053928044723,1.0404669542298988,1.0022363328406108,0.9746494006040775,1.0427515814666606
-1.4056995453794456,0.0,0.5987165563053113,1.3393471950526283,1.5975909566151574,1.7788260590443756,2.171449820104119,1.0404669542298988,1.007201468320248,0.9682747304716793,1.0407583095928983
-1.3990374622259887,0.0,0.5987165563053113,1.3393471950526283,1.5975909566151574,1.7782904000428912,2.171449820104119,1.0404669542298988,1.0084132204145377,0.9689660037504298,1.0450451577905306
-1.3923753790725315,0.0,0.5987165563053113,1.3393471950526283,1.5975909566151574,1.7782904000428912,2.171449820104119,1.0404669542298988,1.0100558635473045,0.9698520912054727,1.0437074808853664
-1.3857132959190746,0.0,0.5987165563053113,1.4197992881861579,1.5975909566151574,1.70479608772047,2.171449820104119,1.0262450496345208,1.0122227477110548,0.9705620395336692,1.044914512125049
-1.3790512127656174,0.18991566148147215,0.5987165563053113,1.4055974078940499,1.5975909566151574,1.704465421664849,2.171449820104119,1.0417471211407294,1.0137138403207289,0.9739814395295369,1.040558691578059
-1.3723891296121602,0.18991566148147215,0.5987165563053113,1.49966361164446,1.5975909566151574,1.704465421664849,2.171449820104119,1.0417471211407294,1.013445274861723,0.9723381472769606,1.0444517329499392
-1.3657270464587032,0.18991566148147215,0.5987165563053113,1.3860566389381483,1.5975909566151574,1.704465421664849,2.171449820104119,1.0354919975253862,1.0105896376882462,0.9673977266051168,1.0424284363261678
-1.359064963305246,0.18991566148147215,0.5464824745781582,1.385971243037852,1.5975909566151574,1.7309159241584309,2.171449820104119,1.0370746831668853,1.0093707818787747,0.9665186118593874,1.046207328979565
-1.352402880151789,0.18991566148147215,0.5464824745781582,1.324634143351294,1.5975909566151574,1.704465421664849,2.171449820104119,1.0432913341288175,1.0154050885753105,0.9668042806129189,1.0423832912449977
-1.345740796998332,0.132699060644856,0.5464824745781582,1.324718706120856,1.5975909566151574,1.704465421664849,2.171449820104119,1.0370746831668853,1.012315557578058,0.968051038543855,1.0445845630091037
-1.3390787138448748,0.000734003261479016,0.5464824745781582,1.324718706120856,1.5975909566151574,1.704465421664849,2.285863099164773,1.0547042081085913,1.0134757241485692,0.966317409706613,1.0413913659630016
-1.3324166306914178,0.0,0.6650531529318635,1.324718706120856,1.5975909566151574,1.7309213918270736,2.286373371483717,1.0506225440451429,1.014294986148709,0.9678833490170397,1.042653703623324
-1.3257545475379606,0.0,0.6536140812199022,1.324718706120856,1.5975909566151574,1.731194775259316,2.286373371483717,1.0505609799154336,1.0128747985571676,0.9669048903627618,1.0481478974465026
-1.3190924643845037,0.0,0.6535512481537212,1.324718706120856,1.5343336481474639,1.731194775259316,2.286373371483717,1.0505609799154336,1.0111224159663328,0.9715029293277282,1.0438634263066278
-1.3124303812310465,0.0,0.6535512481537212,1.324718706120856,1.534018879498364,1.731194775259316,2.286373371483717,1.0505609799154336,1.0070809544878059,0.9749964696919745,1.043029989286499
-1.3057682980775893,0.0,0.6535512481537212,1.324718706120856,1.534018879498364,1.6838626535825523,2.286373371483717,1.0505609799154336,1.009991799338787,0.9810579564407128,1.0493850065912544
-1.2991062149241324,0.0,0.655111029667675,1.3052600005423125,1.534018879498364,1.683947224540301,2.286373371483717,1.0547042081085913,1.0124864519276577,0.977184411169713,1.044280648598168
-1.2924441317706752,0.0,0.655111029667675,1.3051787702956892,1.534018879498364,1.683947224540301,2.286373371483717,1.0585461193313757,1.0109113071373554,0.977038583043861,1.0384605906379651
-1.2857820486172182,0.0,0.655111029667675,1.3051787702956892,1.4468191751049957,1.6408523670820432,2.286373371483717,1.0680466726273803,1.01618722287871,0.9823287657392374,1.0376257371755744
-1.279119965463761,0.0,0.6880483694966624,1.3522511572090536,1.4461683650419155,1.640769090577729,2.286373371483717,1.0680466726273803,1.0083044484564727,0.9751743033225316,1.03966047078022
-1.2724578823103039,0.0,0.6537130828471579,1.3523692763816375,1.4461683650419155,1.7041617812003174,2.286373371483717,1.0680466726273803,1.0103354632499275,0.97728184615599,1.0400809658777794
-1.265795799156847,0.0,0.6536112395234424,1.2906169925153184,1.4461683650419155,1.704465421664849,2.286373371483717,1.0680466726273803,1.0094607290809026,0.9743737413717827,1.0359055820874465
-1.2591337160033897,0.14492517211219086,0.6535512481537212,1.2906169925153184,1.4461683650419155,1.704465421664849,2.286373371483717,1.0630727768378074,1.0086496276543342,0.9725150887609247,1.0319890018939155
-1.2524716328499328,0.14492517211219086,0.6535512481537212,1.352326579864753,1.4461683650419155,1.704465421664849,2.3521773318376367,1.0629781310856519,1.0103957134290111,0.9727508620117823,1.0349857813214722
-1.2458095496964756,0.14492517211219086,0.6535512481537212,1.3523692763816375,1.4461683650419155,1.704465421664849,2.3524039717794616,1.055202525679946,1.0048914563190317,0.9755257376832895,1.0360032835336717
-1.2391474665430184,0.14492517211219086,0.6536170114758786,1.3523692763816375,1.4461683650419155,1.704465421664849,2.3524039717794616,1.055202525679946,1.0059386940677362,0.9742970870055218,1.0323152564412839
-1.2324853833895615,0.14492517211219086,0.6878424260624267,1.3523692763816375,1.4461683650419155,1.704465421664849,2.3524039717794616,1.055202525679946,1.0028891081881919,0.9730073248887777,1.0382798802518671
-1.2258233002361043,0.14492517211219086,0.6879354794848707,1.283912772194098,1.4461683650419155,1.704465421664849,2.3524039717794616,1.055202525679946,0.9991819159486197,0.9763931573150627,1.0352725255133177
-1.2191612170826474,0.14492517211219086,0.6879354794848707,1.2109696283618727,1.4461683650419155,1.704465421664849,2.1716704323879172,1.0477774772997295,1.0024550576582736,0.9777243582068177,1.0376032593744429
-1.2124991339291902,0.14492517211219086,0.6879354794848707,1.2101606312792146,1.4461683650419155,1.6670764502497117,2.171449820104119,1.0476981273631039,0.9986777337009451,0.9777884979328029,1.0352946675076329
-1.205837050775733,0.14492517211219086,0.6879354794848707,1.16417024931522,1.4461683650419155,1.6670764502497117,2.171449820104119,1.0384442228674773,1.0051618004397391,0.9762703979470628,1.0363512389391834
-1.199174967622276,0.14492517211219086,0.6008130569131209,1.1624007008251769,1.4461683650419155,1.6670764502497117,2.171449820104119,1.026358028721888,1.0046872570663927,0.9727020630953379,1.0409229857746503
-1.1925128844688189,0.0004741270285430338,0.6004428598298845,1.1624007008251769,1.4461683650419155,1.6670764502497117,2.171449820104119,1.026358028721888,1.0072135168779188,0.9777474018538928,1.0347270799408235
-1.1858508013153617,0.0,0.6004428598298845,1.1624007008251769,1.4461683650419155,1.6670764502497117,2.171449820104119,1.026358028721888,1.0061024681159725,0.9770606598785256,1.03180475677835
-1.1791887181619047,0.0,0.6004428598298845,1.156399584247179,1.4461683650419155,1.6670764502497117,2.171449820104119,1.0160440433254676,1.0040998080929744,0.9767019524876821,1.036463829434553
-1.1725266350084476,0.0,0.6004428598298845,1.1563258521771664,1.4461683650419155,1.704185627310099,2.171449820104119,1.0347779954724992,1.004464442791428,0.9815234282746955,1.037296159217082
-1.1658645518549906,0.14492517211219086,0.6004428598298845,1.1086382730747326,1.4461683650419155,1.704465421664849,2.171449820104119,1.0347779954724992,1.003981448549982,0.9772919484797049,1.0378241835173516
-1.1592024687015334,0.1890033623440237,0.5662119123371371,1.1084195762568991,1.4461683650419155,1.704465421664849,1.9907054309281174,1.0347779954724992,1.0065674710525765,0.9723978054536145,1.0369204218255268
-1.1525403855480763,0.18907501238940333,0.534365770927316,1.1084195762568991,1.4461683650419155,1.704465421664849,1.9904956684287753,1.0488869890462393,1.0028110813455664,0.9770991987274243,1.038997920558942
-1.1458783023946193,0.18907501238940333,0.5342540338093591,1.156254202933991,1.4461683650419155,1.704465421664849,1.8230775461712927,1.0367664916973625,1.0049346088867765,0.9786705333512474,1.0384358010612864
-1.1392162192411621,0.18907501238940333,0.5342540338093591,1.1563258521771664,1.4461683650419155,1.704465421664849,1.8230775461712927,1.0160440433254676,1.004500027821103,0.9675556470263896,1.035572060146908
-1.1325541360877052,0.18907501238940333,0.5318914323622539,0.9986551585000203,1.4461683650419155,1.7782904000428912,1.87464170792049,1.0367664916973625,1.0059604649504343,0.972360788154685,1.0363496574901943
-1.125892052934248,0.18907501238940333,0.5318059238119002,0.9986551585000203,1.4461683650419155,1.8095415167534321,2.031902850828467,1.0392461997204574,1.0039075059428972,0.97022036937222,1.0332227829645642
-1.1192299697807908,0.18907501238940333,0.5318059238119002,0.9986551585000203,1.4461683650419155,1.8095415167534321,2.032331885763304,1.039278228678223,1.0047836678287698,0.9693141301281138,1.0395041890130596
-1.1125678866273339,0.18907501238940333,0.49757145537884345,1.063204508878853,1.4461683650419155,1.8095415167534321,2.032331885763304,1.0410828341685932,1.0050917749415085,0.9680432424263055,1.0392845336147367
-1.1059058034738767,0.18907501238940333,0.4974874558029081,1.1278334267585788,1.4556679729136035,1.8095415167534321,2.032331885763304,1.0553627896766167,1.0085314479058451,0.9655970617072633,1.0375417513899576
-1.0992437203204197,0.18907501238940333,0.4974874558029081,1.1279120470273172,1.4559041198598706,1.8095415167534321,2.032331885763304,1.0553627896766167,1.0052570235702976,0.974910786359851,1.0494896202530133
-1.0925816371669625,0.18907501238940333,0.4974874558029081,1.1279120470273172,1.4559041198598706,1.8095415167534321,2.032331885763304,1.0367664916973625,1.0010137644440786,0.9723668494645904,1.0502765217223624
-1.0859195540135054,0.18907501238940333,0.4974874558029081,1.0387972897670341,1.4559041198598706,1.8095415167534321,2.032331885763304,1.0367664916973625,1.0053771440586987,0.9768570656814795,1.0558110893627204
-1.0792574708600484,0.18907501238940333,0.4974874558029081,1.03865999272257,1.4559041198598706,1.8095415167534321,2.032331885763304,1.0731895697701836,1.0000628260389366,0.9759806315701234,1.0503017917808566
-1.0725953877065912,0.18907501238940333,0.4974874558029081,1.03865999272257,1.5975909566151574,1.8095415167534321,2.032331885763304,1.0732363399589027,1.0040444389320475,0.9740087142531639,1.0452315591491055
-1.0659333045531343,0.18907501238940333,0.4974874558029081,1.055484059979598,1.6031768319859023,1.8095415167534321,2.2152963311556584,1.0732363399589027,1.0042463078826587,0.9720467283259243,1.0454862864775212
-1.059271221399677,0.18907501238940333,0.4974874558029081,1.0557458904477786,1.6029581252401075,1.8095415167534321,2.53960756069952,1.0845708088082975,0.9997670734619679,0.967807054946401,1.0417667590663364
-1.05260913824622,0.18907501238940333,0.4974874558029081,1.0557458904477786,1.5529643945171951,2.025641717968103,2.54041485720413,1.078448171599943,1.0003238938531316,0.9742807431259447,1.0426891685801185
-1.045947055092763,0.18907501238940333,0.5864740936496906,1.0557458904477786,1.6027435192457975,2.025641717968103,2.54041485720413,1.0571635168673945,0.9987966363688174,0.9735817519106562,1.0447852227258845
-1.0392849719393058,0.18907501238940333,0.5864740936496906,1.0557458904477786,1.6029581252401075,2.025641717968103,2.54041485720413,1.0670250150168537,0.9996819954010796,0.9700537360960103,1.0504216873504753
-1.0326228887858488,0.13249441674660392,0.6207145979804183,1.0557458904477786,1.6287742224769342,2.025641717968103,2.54041485720413,1.0732363399589027,1.0005681563663202,0.9726711788797848,1.04841039988513
-1.0259608056323917,0.13244952083163736,0.6207925616586827,1.0634315702385226,1.6285873650780889,2.025641717968103,2.54041485720413,1.0732363399589027,1.0020585268603321,0.9716745469679586,1.0502207499701506
-1.0192987224789345,0.00027258050952166935,0.6207925616586827,1.0634315702385226,1.6285873650780889,2.025641717968103,2.54041485720413,1.0571635168673945,1.0028207208727693,0.9736455532826529,1.0489129125464383
-1.0126366393254775,0.0,0.6207925616586827,1.0634315702385226,1.65002466917452,2.025641717968103,2.54041485720413,1.0732363399589027,1.006760081450846,0.975860923696923,1.0463667200545932
-1.0059745561720204,0.0,0.6207925616586827,1.0595168108197761,1.65002466917452,2.025641717968103,2.54041485720413,1.0732363399589027,1.005103270248863,0.9763386645988075,1.0480430829706298
-0.9993124730185633,0.0,0.6207925616586827,1.0595168108197761,1.6408338132494753,2.025641717968103,2.54041485720413,1.0571635168673945,1.0069241169938015,0.976088252621701,1.0459472439445796
-0.9926503898651062,0.0,0.45092410674420436,1.0595168108197761,1.640769090577729,2.025641717968103,2.54041485720413,1.0571635168673945,1.009012559957342,0.9730064872491208,1.0463152916785605
-0.9859883067116492,0.0,0.4506194327566039,1.0595168108197761,1.6285873650780889,2.025641717968103,2.54041485720413,1.040050358182536,1.0031522840752451,0.9706438280022673,1.0399012964921521
-0.9793262235581921,0.0,0.4506194327566039,1.0595168108197761,1.6285873650780889,2.169252547562873,2.54041485720413,1.0348171042846053,1.0063371525983325,0.9711256939770064,1.0406094587061236
-0.9726641404047349,0.0,0.4506194327566039,1.0595168108197761,1.6285873650780889,2.169252547562873,2.54041485720413,1.0347935821919951,1.004229218239841,0.9722875168657067,1.041391070422089
-0.9660020572512779,0.0,0.48486496700205917,1.0595168108197761,1.6285873650780889,2.169252547562873,2.54041485720413,1.0012419694171668,1.0061982706455088,0.9746736625368821,1.0339326017484853
-0.9593399740978208,0.0,0.48493790076559606,1.0595168108197761,1.6285873650780889,2.169252547562873,2.54041485720413,1.0012419694171668,1.0007215943763383,0.9698219571788234,1.0315067402486746
-0.9526778909443637,0.0,0.48493790076559606,1.0595168108197761,1.6285873650780889,2.169252547562873,2.633141254950563,0.9763583657734877,1.0031941352929339,0.9742685930660557,1.0383696548755257
-0.9460158077909067,0.0,0.48493790076559606,1.0595168108197761,1.468056554727442,2.169252547562873,2.633334233358534,0.9745729984604692,1.0001865797237615,0.9721119474474588,1.035052812821989
-0.9393537246374495,0.0,0.48493790076559606,1.0595168108197761,1.468056554727442,2.3862515903307884,2.633334233358534,0.9745729984604692,1.0033764131767229,0.9715116396968607,1.0383702873464167
-0.9326916414839924,0.0,0.48493790076559606,1.0595168108197761,1.468056554727442,2.3862515903307884,2.54041485720413,0.9988089063621675,1.0017652754411444,0.968365356895316,1.0307234321147
-0.9260295583305354,0.0,0.48493790076559606,1.0595168108197761,1.468056554727442,2.3862515903307884,2.54041485720413,0.9839147845185787,0.9969554514934231,0.9588252480399626,1.0337086612398982
-0.9193674751770783,0.0,0.48493790076559606,1.0595168108197761,1.468056554727442,2.3862515903307884,2.6331480024473444,0.9838255332321293,1.002694619394408,0.9625143530445233,1.0324998015743236
-0.9127053920236211,0.0,0.48493790076559606,1.1059909938462507,1.468056554727442,2.3862515903307884,2.633334233358534,0.9838255332321293,1.0018505246543605,0.9608066808708797,1.0306941058558896
-0.906043308870164,0.0,0.48493790076559606,1.105897651992852,1.4249371026539204,2.3862515903307884,2.8918781281740977,0.9753056658039747,0.9969536261995297,0.9716695038074442,1.0288154048906113
-0.899381225716707,0.0,0.4134051527473287,1.0444929993508767,1.42487842076487,2.3862515903307884,2.892336730083831,0.9752098780269869,0.9967162982508493,0.9687668572743999,1.0326523741910076
-0.8927191425632499,0.0,0.4134051527473287,1.0444929993508767,1.42487842076487,2.3862515903307884,2.892336730083831,0.9745729984604692,1.0002562160236004,0.9647782542366389,1.0349704079770365
-0.8860570594097928,0.0,0.4134051527473287,1.0444929993508767,1.42487842076487,2.4307700615617236,2.556486696990556,0.9752098780269869,1.0000607239561934,0.9664163790855801,1.0327001741103683
-0.8793949762563357,0.0,0.4134051527473287,1.0444929993508767,1.42487842076487,2.4307700615617236,2.5566981324972735,0.9745729984604692,0.9940537868954624,0.9670629882072044,1.0304148323403246
-0.8727328931028786,0.0,0.39202054272168035,0.8894276805011517,1.42487842076487,2.4307700615617236,2.5566981324972735,0.9731587704030946,0.9963038573230916,0.9667945481757473,1.028384389333207
-0.8660708099494215,0.0,0.39202054272168035,0.8894276805011517,1.42487842076487,2.169690917035413,2.5566981324972735,0.9503314188606289,0.9988786160051213,0.9682736050773922,1.031255968176822
-0.8594087267959645,0.0,0.39202054272168035,0.8894276805011517,1.42487842076487,2.169252547562873,2.5566981324972735,0.9745729984604692,0.9969514117350249,0.9618801508455433,1.0300027789105255
-0.8527466436425074,0.0,0.39202054272168035,0.8894276805011517,1.42487842076487,2.169252547562873,2.5566981324972735,0.9750524719092972,0.9977168795188438,0.9661810966174024,1.0274703105500744
-0.8460845604890502,0.0,0.39202054272168035,0.8894276805011517,1.42487842076487,2.169252547562873,2.5566981324972735,0.9750524719092972,1.001209006228244,0.9678512968238118,1.0328071774692782
-0.8394224773355932,0.0,0.39202054272168035,0.9034597371118025,1.42487842076487,2.169252547562873,2.7941364707246046,0.9750524719092972,0.9988970699588811,0.9655086020968835,1.0274150614892898
-0.8327603941821361,0.0,0.39202054272168035,0.9036659286054922,1.42487842076487,2.3864503079122894,2.794456342924543,0.9750524719092972,0.9988748350920098,0.9656551392667743,1.029432947554242
-0.826098311028679,0.0,0.39202054272168035,0.9036659286054922,1.42487842076487,2.3862515903307884,2.540729652067561,0.9754593831872932,0.9974569506619673,0.9634562230902625,1.0360311651531324
-0.819436227875222,0.0,0.39202054272168035,0.9036659286054922,1.4680034821366097,2.3862515903307884,2.54041485720413,0.9754593831872932,1.0008938300750154,0.9614913485050842,1.0368466211972556
-0.8127741447217648,0.0,0.3275822709766425,0.9036659286054922,1.5543075404398783,2.2283705286863977,2.54041485720413,0.9767899276083618,1.004351447389833,0.9590096080251871,1.0382380360142545
-0.8061120615683077,0.0,0.3275034737027084,0.9036659286054922,1.6123060345744518,2.2282058897649133,2.54041485720413,0.9748225036207756,1.0020623469200438,0.9587701789932397,1.0382392824370619
-0.7994499784148507,0.0,0.3275034737027084,0.9036659286054922,1.6128000716589037,2.3862515903307884,2.54041485720413,0.9748225036207756,1.000682485534235,0.9569556517320816,1.0380052031983116
-0.7927878952613936,0.0,0.3275034737027084,0.9036659286054922,1.6128000716589037,2.3862515903307884,2.54041485720413,0.9748225036207756,1.0049707226918425,0.9619599208220765,1.0336671728443894
-0.7861258121079365,0.0,0.3275034737027084,0.9036659286054922,1.6128000716589037,2.3862515903307884,2.54041485720413,0.9767269720755216,1.0058054914067824,0.9611202866629385,1.0283200547866849
-0.7794637289544794,0.0,0.39202054272168035,0.9036659286054922,1.6128000716589037,2.3862515903307884,2.54041485720413,0.9748225036207756,1.0064807883291929,0.9622086183498079,1.02694922127272
-0.7728016458010223,0.0,0.39202054272168035,0.9036659286054922,1.6128000716589037,2.3862515903307884,2.6331776914331892,0.9748225036207756,1.0048548379784448,0.9617923785645922,1.0255291159430333
-0.7661395626475652,0.0,0.39202054272168035,0.8346762895709714,1.6128000716589037,2.3862515903307884,2.633334233358534,0.9725643735943917,1.0042479322643771,0.9630600850883675,1.0253072064207758
-0.7594774794941082,0.0,0.39202054272168035,0.8343680836976282,1.6128000716589037,2.3862515903307884,2.794166934743644,0.9748225036207756,0.9993694322712618,0.967529631222837,1.02740978550676
-0.752815396340651,0.0,0.3961830977293951,0.8343680836976282,1.6128000716589037,2.3862515903307884,2.794456342924543,0.9748225036207756,0.994812973002366,0.96769983558523,1.0230817298361015
-0.7461533131871939,0.0,0.39624855886992455,0.8343680836976282,1.6128000716589037,2.3862515903307884,2.794456342924543,0.9982391527870931,0.9982717000851372,0.9665982426029619,1.0232772282141394
-0.7394912300337368,0.0,0.39624855886992455,0.7601282397000879,1.6128000716589037,2.0457114284225653,2.794456342924543,0.9982391527870931,0.9905076610011272,0.9688203936239597,1.0224357309220817
-0.7328291468802798,0.0,0.39624855886992455,0.7601282397000879,1.6128000716589037,1.875086835303056,2.794456342924543,0.9748225036207756,0.9900887649963059,0.9644876792313829,1.0207596035416704
-0.7261670637268227,0.0,0.39624855886992455,0.8019171698182077,1.6128000716589037,1.8749119638313338,2.794456342924543,0.9748225036207756,0.9961475804921918,0.9657759500438368,1.029104225933559
-0.7195049805733655,0.0,0.39624855886992455,0.8019171698182077,1.6128000716589037,2.0451868140074043,2.794456342924543,0.9748225036207756,0.997571825414121,0.9599423141768687,1.0306501617383523
-0.7128428974199085,0.0,0.39624855886992455,0.7161895873115128,1.6128000716589037,2.169252547562873,2.794456342924543,0.9754593831872932,0.9925794025622214,0.9592271484437987,1.0238963972556343
-0.7061808142664514,0.0,0.39624855886992455,0.6872885973016994,1.6128000716589037,2.169252547562873,2.794456342924543,0.9748225036207756,0.9924707381794942,0.9577150327917703,1.0255135867534366
-0.6995187311129943,0.0,0.39624855886992455,0.6872885973016994,1.8594314252785247,2.169252547562873,2.8357567077229175,0.9748225036207756,0.9897751334300443,0.9550670543743561,1.0217916225228385
-0.6928566479595373,0.0,0.39624855886992455,0.5842862271385199,1.8594314252785247,2.169252547562873,2.8358984051553446,0.9668840606969384,0.9887079137733648,0.9560306605736953,1.0235578537978953
-0.6861945648060801,0.0,0.39624855886992455,0.5842862271385199,1.8080577798075594,1.941205493146494,2.8358984051553446,0.9641309901965096,0.9872206291336723,0.951693991232881,1.0239029946701805
-0.679532481652623,0.0,0.39624855886992455,0.5842862271385199,1.8077104563023945,1.9875286497472906,2.961089383637418,0.9748225036207756,0.9844997251038785,0.9519510092649819,1.0251279465329282
-0.672870398499166,0.0,0.39624855886992455,0.5842862271385199,1.8077104563023945,1.9876680752977332,2.8358984051553446,0.9793493878435102,0.9833164638652961,0.9540782202782906,1.0254469716883647
-0.6662083153457089,0.0,0.39624855886992455,0.5842862271385199,1.8077104563023945,1.9876680752977332,2.8358984051553446,0.9675463179782233,0.9894278618405274,0.9592961363729102,1.0235947281855924
-0.6595462321922518,0.0,0.39624855886992455,0.5842862271385199,1.8077104563023945,1.9876680752977332,2.8358984051553446,0.9568656713703972,0.9913232221241982,0.9635711343733823,1.0251788960105555
-0.6528841490387947,0.0,0.38223910948426476,0.5201316797585348,1.8077104563023945,1.9876680752977332,2.8358984051553446,0.9567725502844129,0.9918932190375668,0.9612981203521918,1.025179950793461
-0.6462220658853376,0.0,0.38223910948426476,0.6056301530063012,1.8077104563023945,2.2158050481643037,2.8358984051553446,0.9669845902598508,0.9956774448736663,0.961292753553607,1.020588015328551
-0.6395599827318805,0.0,0.38223910948426476,0.6057482264994416,1.8077104563023945,2.2158050481643037,2.8358984051553446,0.9669845902598508,0.9917452287728974,0.9622776044921357,1.0226852698380051
-0.6328978995784235,0.0,0.38223910948426476,0.6057482264994416,1.8077104563023945,2.2158050481643037,2.8358984051553446,0.9669845902598508,0.9878371162603086,0.9583335676591538,1.0248204300788566
-0.6262358164249664,0.0,0.38223910948426476,0.6057482264994416,1.8077104563023945,2.2158050481643037,2.8358984051553446,0.9748225036207756,0.988192531506496,0.9577642188568098,1.0247680523875484
-0.6195737332715092,0.0,0.38223910948426476,0.6057482264994416,1.8077104563023945,2.2158050481643037,2.8358984051553446,0.9748225036207756,0.9850056571134382,0.9533713240458368,1.027744033161827
-0.6129116501180522,0.0,0.39953317417484946,0.6057482264994416,1.8077104563023945,2.2158050481643037,2.8358984051553446,0.9769017362135168,0.9857344102284745,0.9593204996812221,1.0315074709925685
-0.6062495669645951,0.0,0.38223910948426476,0.6057482264994416,1.8077104563023945,2.2158050481643037,2.8358984051553446,0.9769017362135168,0.9885684189081254,0.9661441564457864,1.0318282108439338
-0.599587483811138,0.0,0.38223910948426476,0.6057482264994416,1.8077104563023945,2.2158050481643037,2.8358984051553446,0.9748225036207756,0.9904409978449988,0.9630439709919771,1.0343251436985654
-0.5929254006576808,0.0,0.38223910948426476,0.6057482264994416,1.8077104563023945,2.2158050481643037,2.8358984051553446,0.9748225036207756,0.9894988319009214,0.9666163202948221,1.027821577838752
-0.5862633175042238,0.0,0.38223910948426476,0.6057482264994416,1.8077104563023945,2.2158050481643037,2.8358984051553446,0.9641309901965096,0.9918784087391388,0.9662998907454088,1.0278130188704555
-0.5796012343507667,0.0,0.38223910948426476,0.6147709717743925,1.8077104563023945,2.2158050481643037,2.8358984051553446,0.9641309901965096,0.9928865880752766,0.9638154284314622,1.0311854639854667
-0.5729391511973096,0.0,0.38223910948426476,0.6148366121615761,1.8077104563023945,2.2158050481643037,3.038346520007502,0.9641309901965096,0.9907737164658851,0.9610294878502874,1.0318090825287658
-0.5662770680438526,0.0,0.38223910948426476,0.5400071024817402,1.8077104563023945,2.2158050481643037,3.0384625769521545,0.9471851484560705,0.9917510012443387,0.962041960005648,1.0315824985539515
-0.5596149848903954,0.0,0.38223910948426476,0.5400071024817402,1.8077104563023945,2.2158050481643037,3.0384625769521545,0.9471051960085082,0.9931192478143102,0.9687725769591083,1.0275907024404252
-0.5529529017369383,0.0,0.38223910948426476,0.5400071024817402,1.8077104563023945,2.1800230503265463,3.0384625769521545,0.9471051960085082,0.9931527640803008,0.9658720362211533,1.0263484556112006
-0.5462908185834813,0.0,0.33757201993150726,0.5400071024817402,1.8077104563023945,2.1800230503265463,3.0384625769521545,0.9471051960085082,0.9914711428418037,0.9667743313147142,1.0270384926827065
-0.5396287354300242,0.0,0.33757201993150726,0.556723326483889,1.8077104563023945,2.1800230503265463,3.0384625769521545,0.9690638228525922,0.9919770065755931,0.9659354992658696,1.0282729901752417
-0.5329666522765671,0.0,0.33757201993150726,0.5567467882200969,1.8077104563023945,2.1800230503265463,3.0384625769521545,0.9690638228525922,0.9921927674416404,0.9658299628193157,1.033819985396109
-0.52630456912311,0.0,0.33757201993150726,0.5567467882200969,1.4835180792874776,2.1800230503265463,3.0384625769521545,0.9690638228525922,0.9908779314617124,0.9603423916067961,1.0302625357617154
-0.5196424859696529,0.0,0.33757201993150726,0.5567467882200969,1.5761849599351343,2.1800230503265463,3.0384625769521545,0.9810841737245991,0.9900181057438627,0.9598606686049728,1.0305313532544291
-0.5129804028161958,0.0,0.33757201993150726,0.5567467882200969,1.576237959242945,2.244036122714738,3.0384625769521545,0.9796631318595466,0.9879762801808232,0.9627360646752009,1.031392920970546
-0.5063183196627388,0.0,0.33757201993150726,0.5891895087010758,1.6284957446760746,2.2441413753361505,2.961089383637418,0.979696519537799,0.9916022266183253,0.9569263666517369,1.0313044512959761
-0.49965623650928165,0.0,0.33757201993150726,0.5892086223770374,1.8094511018830255,2.308157181558664,2.903040128986026,0.979696519537799,0.9887063317263127,0.9569483373210202,1.0341132112754294
-0.4929941533558246,0.0,0.33757201993150726,0.5892086223770374,1.8095415167534321,2.308259700345755,2.903040128986026,0.9810841737245991,0.9931404971846145,0.9613330251189102,1.0359557058912832
-0.48633207020236746,0.0,0.28706440029819513,0.5892086223770374,1.8095415167534321,2.308259700345755,2.903040128986026,0.9810841737245991,0.9944756941093096,0.9565073595356139,1.0369531870040243
-0.4796699870489104,0.0,0.28706440029819513,0.5892086223770374,1.8095415167534321,2.308259700345755,2.903040128986026,0.9810841737245991,0.9921760714138057,0.9553964870787722,1.034276112424533
-0.47300790389545333,0.0,0.33757201993150726,0.7472268819938119,1.8095415167534321,2.308259700345755,2.903040128986026,0.9841956295016159,0.9936822186554208,0.9537082950882749,1.0392048075257274
-0.4663458207419962,0.0,0.33757201993150726,0.7476739861319148,1.8095415167534321,2.4363049819623943,3.2253143367400248,1.0126332261772046,0.9917896211825077,0.9577580093166216,1.0417111610690006
-0.45968373758853914,0.0,0.39530515802660526,0.7476739861319148,1.8095415167534321,2.4364963503649633,3.2256001433178074,1.0126332261772046,0.992788375125184,0.9588314576335022,1.0420414648263434
-0.453021654435082,0.0,0.39530515802660526,0.7476739861319148,1.8095415167534321,2.500521725007606,3.230132988955928,1.0126332261772046,0.9957419905916336,0.9615298178469965,1.0376637775289708
-0.44635957128162496,0.0,0.41400322799790745,0.7826574646385107,1.8095415167534321,2.500614675374568,3.230279327604456,1.0126332261772046,0.9970285524754516,0.9653742917993486,1.0401426542998415
-0.43969748812816783,0.0,0.4140465019106422,0.7827156845024335,1.8095415167534321,2.500614675374568,3.230279327604456,1.0126332261772046,0.9971112609077352,0.9586297314167009,1.0318746356799173
-0.43303540497471077,0.0,0.4140465019106422,0.7827156845024335,1.8095415167534321,2.500614675374568,3.240939031290797,1.0126332261772046,0.9920698523299221,0.9585938906108545,1.0316378865167184
-0.4263733218212537,0.0,0.4140465019106422,0.7827156845024335,1.8095415167534321,2.5646455176858542,3.241026748748965,1.0111338900885651,0.9941874790301237,0.9605439470639581,1.0230068790847884
-0.4197112386677966,0.0,0.4140465019106422,0.7827156845024335,1.8095415167534321,2.5647330003841717,3.241026748748965,1.0473827562262183,0.994091920307008,0.957608816305251,1.0249122405799242
-0.4130491555143395,0.0,0.4140465019106422,0.7827156845024335,1.8095415167534321,2.500699424238563,3.241026748748965,1.0547042081085913,0.9907488394533864,0.9605564995061043,1.0248523778441783
-0.4063870723608824,0.0,0.4140465019106422,0.7827156845024335,1.8543561509327258,2.500614675374568,3.241026748748965,1.0558091298878605,0.9889246564994942,0.9563790371273536,1.0358589517054708
-0.39972498920742533,0.0,0.46061469085652273,0.7827156845024335,1.9470767103664977,2.564650985354499,3.241026748748965,1.0111338900885651,0.9866247956347013,0.9532964390189587,1.033002831462719
-0.39306290605396826,0.0,0.46061469085652273,0.7827156845024335,2.0397972698002707,2.628770677281265,3.241026748748965,1.0111338900885651,0.9913597654879782,0.9504312321385016,1.0319938661640349
-0.38640082290051114,0.0,0.46061469085652273,0.7827156845024335,1.94715688880652,2.6288513253937764,3.241026748748965,1.0473827562262183,0.9925028206242295,0.9529903576766325,1.0292072494336222
-0.3797387397470541,0.0,0.46061469085652273,0.7827156845024335,1.9471174790648142,2.6288513253937764,3.241026748748965,1.0473827562262183,0.9974687334593861,0.9483572937059637,1.0276892071948305
-0.37307665659359696,0.0,0.46061469085652273,0.7827156845024335,1.9471174790648142,2.692893103042353,3.241026748748965,1.0553283887887606,0.9928546647758858,0.9473229278402666,1.0279998888057156
-0.3664145734401399,0.0,0.46061469085652273,0.7827156845024335,2.0397999877134922,2.6929696504033807,3.646006647413377,1.0074425378074465,0.9927946382210877,0.9478722562457866,1.0235014686877122
-0.35975249028668277,0.0,0.5101259800444384,0.7827156845024335,1.9904956684287753,2.75701416188628,3.6461550923425854,1.0074425378074465,0.994911177039972,0.9527767735320406,1.0250643687875716
-0.3530904071332257,0.0,0.5101259800444384,0.831863223618337,1.9904956684287753,2.757087975412985,3.6461550923425854,0.9738213324046365,0.9976031203937938,0.9490977110468891,1.0280195069431661
-0.34642832397976864,0.0,0.5101259800444384,0.9677230157112509,2.1713871324606364,2.757087975412985,3.6461550923425854,0.9738213324046365,0.9953568695682173,0.9519873590589663,1.0216670896787614
-0.3397662408263115,0.0,0.4591674116630705,0.9677230157112509,2.171449820104119,2.757087975412985,3.6461550923425854,0.9738213324046365,0.9920388006158839,0.9484000500675176,1.0251268730275096
-0.33310415767285445,0.0,0.474788431655776,0.9677230157112509,2.0454379930304194,2.8211379545645285,3.6461550923425854,1.009062739020726,0.9882297637775592,0.948785832376158,1.0200729102691386
-0.32644207451939733,0.0,0.5430365643691184,0.9677230157112509,2.045358505997819,2.821206300422589,3.44365704601424,1.0090784675998874,0.9862139632730522,0.9502028734852526,1.0205462664813725
-0.31977999136594026,0.0,0.5430365643691184,0.9677230157112509,2.045358505997819,2.8852590134084553,3.4435909205457755,1.0090784675998874,0.9882855806136082,0.9542925656554001,1.0192182677672572
-0.3131179082124832,0.0,0.5430365643691184,0.9677230157112509,2.045358505997819,2.8853246254321934,3.4435909205457755,1.0411266323411383,0.9877714439479934,0.9568721218285317,1.021137383498749
-0.3064558250590261,0.0,0.5430365643691184,0.8585383590817213,2.045358505997819,2.8853246254321934,3.6460930153721893,1.0411561900864608,0.9876775823118242,0.9527929738791808,1.0246340741600206
-0.299793741905569,0.0,0.5430365643691184,0.8584896601903682,2.045358505997819,2.8853246254321934,3.6461550923425854,1.0411561900864608,0.985846159266023,0.9512168476671539,1.0214807649448912
-0.2931316587521119,0.0,0.5430365643691184,0.8584896601903682,2.169104176356785,2.8853246254321934,3.6461550923425854,1.0085555494233647,0.9821149706538781,0.9535632389347322,1.0222787724705502
-0.2864695755986548,0.0,0.5430365643691184,0.8584896601903682,2.169252547562873,2.8853246254321934,3.6461550923425854,1.0084999852512624,0.9848890810021707,0.9538915322021322,1.0266361948197669
-0.2798074924451977,0.0,0.5430365643691184,0.8584896601903682,2.169252547562873,2.949385539921027,3.848662585166427,1.0084999852512624,0.9898926714704288,0.9544056677984014,1.0308740255120143
-0.27314540929174064,0.0,0.5430365643691184,0.8584896601903682,2.169252547562873,3.013505231847793,3.8487192641393957,0.9764222627646888,0.9920651628160649,0.951445245661585,1.031894365884408
-0.26648332613828357,0.0,0.5430365643691184,0.8584896601903682,2.215741458538223,3.0135612754514023,3.8487192641393957,0.9764222627646888,0.9845684717954533,0.9484477650080013,1.0371012505033346
-0.25982124298482645,0.0,0.4803963291892193,0.8025503983440089,2.2252506192773107,3.077626290691719,4.051230805461305,1.0035425787829968,0.9876744768728014,0.9518397337487476,1.0354015569203217
-0.2531591598313694,0.0,0.48036880372888857,0.8025503983440089,2.3861911801860125,3.1417459826184846,4.051283435936206,1.0035620992372891,0.993122379232542,0.9580129349017844,1.0333485750373357
-0.2464970766779123,0.0,0.48036880372888857,0.8549880450696536,2.3862515903307884,3.1417979254706108,4.051283435936206,1.0035620992372891,0.9928997836077829,0.9545966470575005,1.0347316202334156
-0.2398349935244552,0.0,0.48036880372888857,0.8550192106564344,2.556640901833801,2.911808239719741,4.051283435936206,1.0201176368732467,0.9918371456553476,0.9557287371731497,1.0346602847123798
-0.2331729103709981,0.0,0.474788431655776,0.8025503983440089,2.5566981324972735,2.911808239719741,4.051283435936206,1.0201046286544138,0.9985687071203513,0.9620607456787923,1.036950236485518
-0.226510827217541,0.0,0.4195220059788528,0.8025503983440089,2.5566981324972735,2.911808239719741,4.051283435936206,1.0201046286544138,0.9947007294763809,0.9598783506053604,1.0301485567445359
-0.21984874406408392,0.0,0.41953362647496195,0.8025503983440089,2.5566981324972735,2.911808239719741,4.051283435936206,1.00512819862951,0.9955041633889405,0.960267581937803,1.0331753389376566
-0.21318666091062685,0.0,0.41953362647496195,0.8025503983440089,2.5961348954473165,3.0088229920741707,4.051283435936206,0.9885960649620792,0.9980120176084883,0.9616717596390253,1.0313940968600561
-0.20652457775716976,0.0,0.41953362647496195,0.8025503983440089,2.5961566387530857,3.2254735718333607,3.8487610986194456,1.0356398217238627,0.9945079134785964,0.9567929316431623,1.0284550113861874
-0.19986249460371266,0.0,0.41953362647496195,0.8025503983440089,2.6888561343593946,3.230279327604456,4.051242950955514,1.0411561900864608,0.9941800797890288,0.9517627947799648,1.0305631816572112
-0.19320041145025557,0.0,0.41953362647496195,0.8025503983440089,2.7815766937931676,3.230279327604456,4.051283435936206,1.0356398217238627,0.9948495322036152,0.9506046090939304,1.0299936445660869
-0.18653832829679848,0.0,0.41953362647496195,0.8937383924698367,2.897546704091987,3.299929842303941,4.051283435936206,1.0356398217238627,0.9927119500872561,0.9538845373615188,1.0306899110788774
-0.17987624514334138,0.0,0.4887651512513584,0.8937346860812561,2.8975912168302433,3.30004933834904,4.051283435936206,1.0382975366652292,0.9931553630900845,0.9567090054827811,1.0329701580220785
-0.17321416198988432,0.0,0.488782589992311,0.8937346860812561,2.9670008257030807,3.3970726261352624,4.456341605563292,1.0501236077979283,0.9893165635645491,0.9556643190217108,1.0265308460959677
-0.16655207883642723,0.0,0.488782589992311,0.9069775860054741,3.059739051572791,3.462389550518632,4.456411779529827,1.0446072394353303,0.9886802839573132,0.9520127844626773,1.0209102168431605
-0.15988999568297013,0.0,0.488782589992311,0.8181324540440197,3.0597560385304226,3.462389550518632,4.253879995717571,1.0342448770295645,0.9926206763751224,0.9548289862162327,1.0224995909555958
-0.15322791252951304,0.0,0.46466745169578594,0.9201830837922261,3.0762205784808345,3.3983026646037353,4.253847607733016,1.0342331742295676,0.992764988060724,0.9570386571938712,1.0227398707962894
-0.14656582937605594,0.0,0.4646545362273903,0.9069838074434488,3.15247591848589,3.33418297267697,4.456382090543986,1.0342331742295676,0.9881132032595685,0.9571623131448996,1.0216973727328382
-0.13990374622259885,0.0,0.4646545362273903,0.9069808952809926,3.230279327604456,3.619032401179437,4.658947611840152,1.0342331742295676,0.9850963052344055,0.961010290144978,1.023779464867192
-0.13324166306914179,0.0,0.4646545362273903,0.9069808952809926,3.3982438871658034,3.6190830335068642,5.266587496755681,1.0223722239040622,0.9888127917183511,0.9577840022117724,1.0192675348918456
-0.1265795799156847,0.0,0.4646545362273903,0.9069808952809926,3.3982712255090277,3.6190830335068642,5.266668466717068,1.010704826776775,0.9874698069459321,0.9621355853028319,1.020217343093098
-0.1199174967622276,0.0,0.4646545362273903,0.9076283110008416,3.3982712255090277,3.8000154856133097,5.266668466717068,1.0106969340164031,0.9895584307360457,0.9617024180250301,1.0180632216689365
-0.1132554136087705,0.0,0.40081154790215084,0.9076418917706037,3.3982712255090277,3.9809708428202586,5.266668466717068,1.0105112028996688,0.9900784819328461,0.9584393978132283,1.0185265996849853
-0.10659333045531343,0.0,0.40079228259092503,0.8943978005071991,3.3982712255090277,3.9809913368575507,5.266668466717068,1.0223722239040622,0.984779975547944,0.9567623582248843,1.0186418142635503
-0.09993124730185633,0.0,0.40079228259092503,0.8296850742310885,3.3341734042568416,3.9809913368575507,5.87430025463646,1.0105112028996688,0.9849887508145774,0.9598344792507291,1.019749491145895
-0.09326916414839924,0.0,0.40079228259092503,0.8586594374801263,3.3341529004994235,4.161928611090418,5.874360982107499,1.0105112028996688,0.9894878242627618,0.9533845091171066,1.0234813071564657
-0.08660708099494216,0.0,0.40079228259092503,0.8150032690627211,3.3341529004994235,4.1619454885328935,5.874360982107499,1.0105112028996688,0.9869626527619249,0.9462884513513502,1.0228708022175181
-0.07994499784148507,0.0,0.3993772017569839,0.8592709018694057,3.4994692715714946,4.1619454885328935,5.874360982107499,1.0105112028996688,0.985106129765145,0.9496266431071884,1.0268054749071118
-0.07328291468802797,0.0,0.40079228259092503,0.8542123059798838,3.4994692715714946,4.1619454885328935,5.874360982107499,1.0105112028996688,0.9879372200989928,0.9474425789486143,1.021307336358882
-0.06662083153457089,0.0,0.40079228259092503,0.8713972311865579,3.4994692715714946,4.342887584892183,5.874360982107499,1.0485566289685089,0.9881964617183983,0.944730228932408,1.020490146807615
-0.0599587483811138,0.0,0.40079228259092503,0.9057136872296593,3.4994692715714946,4.342899640208238,6.076913008410101,1.061328450934007,0.989985231423228,0.9476341010471444,1.0173597903006482
-0.05329666522765671,0.0,0.40079228259092503,0.9057182141529133,3.4994692715714946,4.342899640208238,6.085815682739973,1.06133114993272,0.9888005944156533,0.9450306572626359,1.0191440338342488
-0.04663458207419962,0.0,0.40079228259092503,0.9228756876872551,3.579377385496183,4.342899640208238,6.085815682739973,1.0485598135902483,0.9929462086258325,0.9472173398385666,1.0159496865141806
-0.03997249892074253,0.0,0.4494029984201434,1.0163276249182305,3.579377385496183,4.523846558693947,6.128615774597167,1.06133114993272,0.9898696997915186,0.947031668897676,1.0196670786430835
-0.033310415767285446,0.0,0.4494029984201434,1.0177269807652949,3.579377385496183,4.52385379188358,6.128640272303834,1.06133114993272,0.9932302592957668,0.9469281023297897,1.0167653866718793
-0.026648332613828356,0.0,0.4494029984201434,1.0217588070879482,3.7498175687000597,4.52385379188358,6.128640272303834,1.06133114993272,0.9915868255794029,0.9485343630550821,1.018563724974284
-0.019986249460371266,0.0,0.4494029984201434,1.0217588070879482,3.7498239276626677,4.52385379188358,6.128640272303834,1.0819079388275201,0.9923146363969237,0.9477208739740421,1.025522453478891
-0.013324166306914178,0.0,0.601655505632186,1.0217588070879482,3.7498239276626677,4.52385379188358,6.128640272303834,1.0819110770721752,0.994399804456686,0.949369487326537,1.0242631744765371
-0.006662083153457089,0.0,0.6016596189331107,1.0217588070879482,3.7498239276626677,4.704806738027318,6.762015172810519,1.0819110770721752,0.9940523366476766,0.9545963816419787,1.031485378027539
0.0,0.0,0.5751672005336378,1.0242470634591592,3.7686592155385323,4.704807943558923,6.762017425266637,1.0485598135902483,0.9907606629955938,0.9517207901699276,1.0253189761967136
0.006662083153457089,0.0,0.655066087866309,1.0242460946402174,3.7686592155385323,4.885762095234267,6.762017425266637,1.0485598135902483,0.9903925410737237,0.9517207557785488,1.0287529332309953
0.013324166306914178,0.0,0.6550666173503921,1.0217588070879482,3.7686592155385323,4.885762095234267,6.762017425266637,1.0485598135902483,0.9928032991457563,0.9531728905213983,1.0269173919703845
0.019986249460371266,0.0,0.681558506265782,1.0177248979384586,3.7686592155385323,4.885762095234267,6.762017425266637,1.0485598135902483,0.9925853570106395,0.9571743847406501,1.026767326619732
0.026648332613828356,0.0,0.5944152468125969,1.0202131543096695,3.7686592155385323,4.885762095234267,6.762017425266637,1.0485598135902483,0.9919749549493475,0.9599336227473774,1.0292836152166318
0.033310415767285446,0.0,0.5944180545231177,1.020211071482833,3.7686592155385323,4.885762095234267,6.762017425266637,1.0485598135902483,0.9881952520341895,0.9521247535649291,1.0282669460430993
0.03997249892074253,0.0,0.6016612073853596,1.0006732184845024,3.7686592155385323,4.885762095234267,6.762017425266637,1.0485598135902483,0.9892834515208473,0.9581349059712869,1.026524454376626
0.04663458207419962,0.0,0.6203641731254594,1.0006732184845024,3.7686592155385323,4.885762095234267,6.762017425266637,1.0485598135902483,0.9882395055122617,0.9619796242987887,1.0263262306511125
0.05329666522765671,0.0,0.6203641731254594,1.000669885961564,3.7686592155385323,4.885762095234267,6.762017425266637,1.0485598135902483,0.9855176202229136,0.9599656557649114,1.026722554639393
0.0599587483811138,0.0,0.6203641731254594,0.9811332826593355,3.7686592155385323,4.885762095234267,6.762017425266637,1.0359921914449437,0.9900669045448522,0.9626314755842653,1.0294118736675233
0.06662083153457089,0.0,0.6203641731254594,1.01262673229427,3.7686592155385323,4.885762095234267,6.762017425266637,1.0501236077979283,0.9930964289793517,0.9556422791833132,1.0333358110434014
0.07328291468802797,2.9480561797744822e-05,0.6315948136826776,1.0321625024657637,3.7686592155385323,4.885762095234267,6.762017425266637,1.0737081576818057,0.9918400165596214,0.9600991049267343,1.0307820232754614
0.07994499784148507,0.2648990416632747,0.6315948136826776,1.1198511906825261,3.76868504000592,4.885762095234267,6.68461766929474,1.0737081576818057,0.9909239076708902,0.9626816279512622,1.0304728161934487
0.08660708099494216,0.2648990416632747,0.7339998509781174,1.1198511906825261,4.037877136011907,4.885762095234267,6.68461766929474,1.1000989520149809,0.9914115237296184,0.9647363919738859,1.0326794735324774
0.09326916414839924,0.2648990416632747,0.7340035573666979,1.184211187091179,4.172394597996031,4.885762095234267,6.68461766929474,1.1132881106707027,0.9869622585708162,0.963682384517118,1.0259018549674261
0.09993124730185633,0.2648990416632747,0.7411170867215171,1.184211187091179,4.172394597996031,4.885762095234267,6.68461766929474,1.1018637459179415,0.9867888766039283,0.9646434065187663,1.0256859409579326
0.10659333045531343,0.2648990416632747,0.7754016052007778,1.184224664101679,4.172394597996031,4.885762095234267,6.68461766929474,1.060677784577046,0.9908290333320396,0.9645538894109366,1.0282459217798965
0.1132554136087705,0.2648990416632747,0.7840410854433607,1.2346834982570627,4.172394597996031,4.885762095234267,6.68461766929474,1.0209201472982374,0.9910643041840264,0.9665994752915414,1.0309021674738226
0.1199174967622276,0.2648990416632747,0.7840410854433607,1.3858923879440785,4.172394597996031,4.885762095234267,6.68461766929474,1.0209201472982374,0.9952013942795811,0.9616561751763184,1.0296367719601598
0.1265795799156847,0.2648990416632747,0.7840410854433607,1.4407344847228616,4.172394597996031,4.885762095234267,6.68461766929474,1.020933302376097,0.9967871124200168,0.9657146146890432,1.0302443793875704
0.13324166306914179,0.2648990416632747,0.7840410854433607,1.6931847979009416,4.172394597996031,4.885762095234267,6.684590679307611,1.0333078327861025,0.9941561392812328,0.9688774635558707,1.0310963704367586
0.13990374622259885,0.2648990416632747,0.7840410854433607,1.7858590884097443,4.172394597996031,4.885762095234267,6.48205349749793,1.0444979796939737,0.9926684591929649,0.9696008103413969,1.0231323158131036
0.14656582937605594,0.2648990416632747,0.7840410854433607,1.7858590884097443,4.172409546518747,4.885762095234267,6.48205349749793,1.073484249076711,0.990042359088406,0.9683564759905929,1.0281951473888284
0.15322791252951304,0.2648990416632747,0.7840410854433607,1.7858590884097443,4.265114477951498,4.885762095234267,6.128640272303834,1.0922335364994353,0.994151393389328,0.961657598164673,1.032266362666308
0.15988999568297013,0.2648990416632747,0.8297899589707554,1.7964007499775843,4.261163554162122,4.885762095234267,6.128640272303834,1.0922335364994353,0.996932012219246,0.9629034757117862,1.0338332067368663
0.16655207883642723,0.26492992530352477,0.8297899589707554,1.7963926764864024,4.172394597996031,4.885762095234267,6.128640272303834,1.0922335364994353,0.9975614303814471,0.9655112072454106,1.0317466399995985
0.17321416198988432,0.3094702512232557,0.8297899589707554,1.7858590884097443,4.172394597996031,4.885762095234267,6.128640272303834,1.0922335364994353,0.994806997813001,0.9607488183666417,1.0286634928384544
0.17987624514334138,0.37275463753171656,0.8297899589707554,1.7858590884097443,4.172394597996031,4.885762095234267,6.128640272303834,1.073484249076711,1.0005405151068314,0.9606155975027435,1.027047130707693
0.18653832829679848,0.37275463753171656,0.8297899589707554,1.7964097922877078,4.1723755726034835,4.885762095234267,6.128640272303834,1.0922335364994353,0.995446854197372,0.9651122188890219,1.0246940633017858
0.19320041145025557,0.37275463753171656,0.8297899589707554,1.9104403196048156,4.079694422911417,4.885762095234267,6.128640272303834,1.0922256947406677,0.9916415084736525,0.971616762787099,1.0264202614868874
0.19986249460371266,0.37277867697636635,0.8297899589707554,1.9104840583167517,4.172394597996031,4.885762095234267,6.128640272303834,1.0738993925111582,0.9966449889614944,0.9734139078206854,1.0292075861377805
0.20652457775716976,0.4829811286422418,0.9382763263433409,1.8703374450105463,4.172394597996031,4.885762095234267,6.128640272303834,1.0738993925111582,0.99459581290896,0.9738222664347161,1.0322848197725607
0.21318666091062685,0.4829811286422418,0.9382763263433409,1.8703374450105463,4.172394597996031,4.885762095234267,6.128640272303834,1.0537849246840814,0.9949749871750748,0.9714793361200422,1.0342432034006868
0.21984874406408392,0.6031305968142062,0.9382763263433409,2.15400821537362,4.172372175211957,4.885762095234267,6.085815682739973,1.0537849246840814,0.9959409856077008,0.970637665112212,1.0270836666350511
0.226510827217541,0.6031305968142062,0.9382763263433409,2.158295741317747,4.079674718040564,4.885762095234267,6.085815682739973,1.0537849246840814,0.9967866298444921,0.972404582229023,1.0224023534135072
0.2331729103709981,0.6031305968142062,0.9382763263433409,2.158295741317747,4.079650936299879,4.885762095234267,6.085815682739973,1.0431271207746518,1.0000291531194403,0.9719491685416222,1.0274975249597074
0.2398349935244552,0.6031305968142062,0.9383017344605689,2.158295741317747,3.9869303768661064,4.885805494372063,6.085815682739973,1.0431312760380873,1.003819287527805,0.9762406869583928,1.0274630684202148
0.2464970766779123,0.6031305968142062,1.1238419826678028,2.158295741317747,3.8942349581296285,5.06671624690961,6.085732341863581,1.048116824653778,1.0017623759518788,0.9752825228474904,1.0251830537793656
0.2531591598313694,0.6031610467774295,1.1238419826678028,2.158295741317747,3.8942349581296285,5.06671624690961,6.076925153904309,1.0542212935707418,0.9890973512116229,0.9694744412414685,1.025406417363538
0.25982124298482645,0.6886381352687355,1.12385230760742,2.158295741317747,3.894261457783534,5.06671624690961,6.076925153904309,1.0568676650390048,0.9947912338483553,0.9720808913398781,1.0237752196542997
0.26648332613828357,0.6886381352687355,1.1456868295609017,2.2603228964674065,3.986954838085096,5.06671624690961,6.076925153904309,1.0542212935707418,0.9992746635329064,0.9725530005525705,1.0201883756158345
0.27314540929174064,0.6886381352687355,1.1456025068919429,2.2603228964674065,3.986954838085096,5.06671624690961,6.076869824430696,1.0542212935707418,0.9942473043543517,0.9705155445116146,1.023713714911202
0.2798074924451977,0.6051492456965396,1.037200462188316,2.2603228964674065,3.986954838085096,5.06671624690961,5.874417661080468,1.0542212935707418,0.9966564403708607,0.9709272330259936,1.0197059353392677
0.2864695755986548,0.6051492456965396,1.037200462188316,2.2603228964674065,3.986954838085096,5.06671624690961,6.076925153904309,1.0542212935707418,0.9969355053577182,0.9638135862763562,1.0243120229877243
0.2931316587521119,0.6051492456965396,1.0726688728531004,2.2603228964674065,3.986984735130527,5.06671624690961,6.076925153904309,1.0528561131663894,0.9962990712520448,0.9658568355654046,1.0254011097370546
0.299793741905569,0.6051492456965396,1.0726688728531004,2.2603228964674065,4.079674718040564,5.06671624690961,6.076925153904309,1.0528561131663894,1.0019479937730085,0.9646197718911553,1.0262066996292323
0.3064558250590261,0.6051492456965396,1.1622057257539127,2.2603228964674065,4.079674718040564,5.06671624690961,6.076863076933913,1.0542212935707418,1.0020463859855324,0.9623558198394737,1.0281500402964558
0.3131179082124832,0.5313623203157529,1.1622057257539127,2.2603228964674065,4.079674718040564,5.06671624690961,5.874360982107499,1.0528561131663894,1.0018062374391787,0.960674676041142,1.0313990490722253
0.31977999136594026,0.5313623203157529,1.1622057257539127,2.2603228964674065,4.079674718040564,5.06671624690961,5.874360982107499,1.0528561131663894,1.0026655797149733,0.9641567787638194,1.032319205359962
0.32644207451939733,0.5314127082520815,1.2402154582419862,2.2603228964674065,4.079674718040564,5.066775317958275,5.874360982107499,1.064791346704915,1.0009365927050262,0.964088395364593,1.030063501351591
0.33310415767285445,0.6106904915807578,1.2402154582419862,2.260382690106589,4.079674718040564,5.247670398584953,5.87442845707532,1.079498989392071,0.9984971020989597,0.9613229762379587,1.0271191996120885
0.3397662408263115,0.5086265984072289,1.2402154582419862,2.3784482112693808,4.079674718040564,5.241254831495534,6.076925153904309,1.079498989392071,0.9982574860847219,0.9599247412728301,1.0252839273017014
0.34642832397976864,0.5131739259605501,1.2402154582419862,2.409909839480164,4.079710050912438,5.241254831495534,6.076925153904309,1.064791346704915,1.0008320987893058,0.9671616026324847,1.0261985623814776
0.3530904071332257,0.5131739259605501,1.2402154582419862,2.409909839480164,4.090801268250194,5.241254831495534,6.076925153904309,1.064791346704915,0.9995539001879198,0.9669049884242693,1.0294387389964523
0.35975249028668277,0.5131739259605501,1.2402154582419862,2.3784490535825373,4.172394597996031,5.241254831495534,6.076925153904309,1.064791346704915,0.9976725844064174,0.9585375576653122,1.030010198026758
0.3664145734401399,0.6108039172617745,1.2402154582419862,2.409909839480164,4.172431969302821,5.241254831495534,6.076925153904309,1.0484964926483507,0.9964946911701196,0.9525456213078961,1.0322210508768097
0.37307665659359696,0.7032145626434252,1.2402154582419862,2.409909839480164,4.261163554162122,5.241254831495534,6.076849581940349,1.0498986869864835,0.9994745277482423,0.9555881759215925,1.0297705659171341
0.3797387397470541,0.5870111776739749,1.2402154582419862,2.409909839480164,4.17235586773263,5.241254831495534,5.874360982107499,1.025518491805081,1.0002394676354815,0.9566980649766808,1.0300211956276852
0.38640082290051114,0.7519685656456294,1.2402154582419862,2.409979200101615,4.079674718040564,5.06671624690961,5.874439253070171,1.025518491805081,1.001639315370788,0.9532494595826555,1.027715240171576
0.39306290605396826,0.7519685656456294,1.2402154582419862,2.4205785253298044,4.079674718040564,5.06671624690961,6.077004774366339,1.025518491805081,1.0045708082977436,0.9574225821918078,1.0306746997965175
0.39972498920742533,0.7519685656456294,1.2402154582419862,2.420520396193295,4.079674718040564,5.06671624690961,6.128640272303834,1.025518491805081,0.9995904882041873,0.9549071570263498,1.0342301414371429
0.4063870723608824,0.6898753076151228,1.2402154582419862,2.3216953244520733,4.079716166217184,5.06671624690961,6.128640272303834,1.0498986869864835,1.0006072570594158,0.9594675636720975,1.031809763913276
0.4130491555143395,0.6898753076151228,1.2642226750192163,2.3216953244520733,4.172394597996031,5.06671624690961,6.128640272303834,1.045198791469633,0.9957190070713028,0.9552629423364751,1.0264458530865423
0.4197112386677966,0.7701402655944223,1.2641255415946198,2.394570573130644,4.172437405129263,5.06671624690961,6.128640272303834,1.045198791469633,0.9885990683887818,0.9509642146894389,1.027549935483972
0.4263733218212537,0.7701402655944223,1.2420971930992506,2.394570573130644,4.261061810760394,5.06671624690961,6.128640272303834,1.045198791469633,0.994787299336056,0.9541137641785168,1.0297952869412832
0.43303540497471077,0.7701402655944223,1.2420971930992506,2.394633546361863,4.090717011995638,5.06671624690961,6.128640272303834,1.0504502095715833,0.9933207688423941,0.9552945435194672,1.0278332995032118
0.43969748812816783,0.7701402655944223,1.2420971930992506,2.4984440184066674,4.09082193487867,5.06671624690961,6.128640272303834,1.0504502095715833,0.9969277971297974,0.956044486477276,1.0267229122665307
0.44635957128162496,0.7701402655944223,1.375884571255725,2.4984440184066674,4.261163554162122,5.06671624690961,6.128640272303834,1.0504502095715833,0.9917736352036064,0.958145420810721,1.0278733169409935
0.453021654435082,0.7701402655944223,1.374839920123482,2.4984440184066674,4.172394597996031,5.06671624690961,6.128640272303834,1.0504502095715833,0.9967554939524041,0.9549419095313652,1.0289901033672963
0.45968373758853914,0.7701402655944223,1.374839920123482,2.478697357184087,4.172394597996031,5.06671624690961,6.128640272303834,1.0365133771855368,0.9927717264321332,0.9538826968170915,1.0331769328477571
0.4663458207419962,0.7701402655944223,1.374839920123482,2.478697357184087,4.172394597996031,5.06671624690961,6.128640272303834,1.0470266183189965,0.9975927729699823,0.9544581147408829,1.0364089482608547
0.47300790389545333,0.7701402655944223,1.3748587168084265,2.478697357184087,4.172394597996031,5.06671624690961,6.128640272303834,1.045198791469633,0.9944080423339633,0.9540064358987527,1.0368396156139497
0.4796699870489104,0.8018093502364718,1.4013323385229548,2.478697357184087,4.172394597996031,5.06671624690961,6.128640272303834,1.045198791469633,0.998031666507617,0.9607752723027783,1.0346961135026271
0.48633207020236746,0.8018093502364718,1.4013323385229548,2.478697357184087,4.172394597996031,5.06671624690961,6.128640272303834,1.045198791469633,0.9956991993279725,0.9613743044437582,1.0344665393580212
0.4929941533558246,0.8018024879681673,1.3760031658493306,2.478697357184087,4.172394597996031,5.06671624690961,6.128640272303834,1.045198791469633,0.99098876030894,0.9534888740472178,1.0331285979737304
0.49965623650928165,0.7960419122764547,1.5024950122433731,2.4787418796018823,4.172394597996031,5.06671624690961,6.128640272303834,1.045198791469633,0.9984011180037689,0.9550843833898494,1.0331270003857624
0.5063183196627388,0.7960419122764547,1.5024950122433731,2.513783284756187,4.172394597996031,5.06671624690961,6.128640272303834,1.045198791469633,0.9977396822514946,0.9634794224659031,1.033465705695475
0.5129804028161958,0.7960419122764547,1.4846200815027264,2.513783284756187,4.172394597996031,5.06671624690961,6.128640272303834,1.0452416686033956,1.0008346603386769,0.9622315937094528,1.0317376490803905
0.5196424859696529,0.7960419122764547,1.484640731381961,2.513783284756187,4.172394597996031,5.06671624690961,6.128640272303834,1.0464750957338969,0.9943536531060752,0.9621767713598371,1.0295156836280837
0.52630456912311,0.7960419122764547,1.5111124999021994,2.513783284756187,4.172394597996031,5.06671624690961,6.128962825441615,1.0610241910614642,0.9963711494917433,0.9579765332505713,1.0278042198122925
0.5329666522765671,0.7960419122764547,1.5111124999021994,2.513783284756187,4.172394597996031,5.06671624690961,6.27948932570112,1.0610241910614642,0.9983089889652645,0.9600201370726826,1.0295471094724797
0.5396287354300242,0.7960419122764547,1.5112087047879141,2.513783284756187,4.172394597996031,5.066618598849569,6.279598635148991,1.055039287503843,0.9986263887141362,0.9613230061647959,1.0377498883252556
0.5462908185834813,0.7960419122764547,1.5400546728046032,2.513783284756187,4.090717011995638,4.885762095234267,6.451200286635615,1.0674801639869749,1.0038880763663283,0.9561916368265161,1.0368116634288345
0.5529529017369383,0.7960419122764547,1.5400546728046032,2.513783284756187,4.090717011995638,4.885762095234267,6.451200286635615,1.0798582264946281,1.0055506848573112,0.9596765674980255,1.0344746248122765
0.5596149848903954,0.7960419122764547,1.524229365285711,2.5550610939338574,4.090717011995638,4.885762095234267,6.451200286635615,1.079883618859494,1.0073425633809776,0.9581419704034573,1.0310838966675167
0.5662770680438526,0.7960419122764547,1.4429965899628412,2.5550397167962693,4.090717011995638,4.885762095234267,6.451200286635615,1.0734349991584158,1.0037424348140687,0.956757936801168,1.0328054881346453
0.5729391511973096,0.7960419122764547,1.4431196521682885,2.5379660765274754,4.090717011995638,4.885658419516201,6.451200286635615,1.0734349991584158,1.004207426492128,0.9560361840091403,1.0314965831458922
0.5796012343507667,0.7960419122764547,1.6002159803181222,2.56220319939587,4.090717011995638,4.845418991406685,6.451200286635615,1.0980897008025208,1.0047165762231887,0.9544193849220197,1.0319708476990916
0.5862633175042238,0.7960419122764547,1.5447087904849064,2.56220319939587,4.090717011995638,4.845418991406685,6.451200286635615,1.0980897008025208,1.0096102699186882,0.9565593222518347,1.0324166067806722
0.5929254006576808,0.7960419122764547,1.5447087904849064,2.56220319939587,4.090717011995638,4.845418991406685,6.451200286635615,1.0980897008025208,1.0125365972121105,0.9566292480074658,1.0348672850601672
0.599587483811138,0.7960419122764547,1.5447087904849064,2.56220319939587,4.090717011995638,4.845418991406685,6.451200286635615,1.0980897008025208,1.0155407456017826,0.9606630617144547,1.0336780720609247
0.6062495669645951,0.7960419122764547,1.5447087904849064,2.5622260855078762,4.079674718040564,4.845418991406685,6.27948932570112,1.0980897008025208,1.0083528657908098,0.9586460531505185,1.0360938921078824
0.6129116501180522,0.7960419122764547,1.578400712156561,2.579362433400366,4.079674718040564,4.845418991406685,6.27948932570112,1.0734349991584158,1.005143753754754,0.9571936071297511,1.0414427871807574
0.6195737332715092,0.7960419122764547,1.578400712156561,2.579478655137842,4.079674718040564,4.845418991406685,6.27948932570112,1.0734349991584158,1.0040310448348562,0.9483342500914702,1.0366608645372197
0.6262358164249664,0.7960419122764547,1.578400712156561,2.637864769442288,4.079674718040564,4.845418991406685,6.279616178640627,1.0734349991584158,1.00350914815031,0.9546027700171571,1.0362290478340752
0.6328978995784235,0.7960419122764547,1.6175264451062235,2.579338541305414,3.9809913368575507,4.845418991406685,6.48205349749793,1.0544048594668336,1.000796725651133,0.958331424725463,1.0391403369570469
0.6395599827318805,0.7960419122764547,1.6175264451062235,2.56220319939587,3.980875605823429,4.845625587145785,6.48205349749793,1.0734349991584158,1.0005587206211626,0.9583483531800655,1.0397702896814758
0.6462220658853376,0.7960419122764547,1.6175264451062235,2.56220319939587,3.8000371851822075,5.114608935373723,6.48205349749793,1.073475293777157,1.0006359794348176,0.952046224749747,1.0371955775901651
0.6528841490387947,0.7960419122764547,1.6175264451062235,2.56220319939587,3.8000371851822075,5.114608935373723,6.48205349749793,1.091756995261618,1.0000764080086921,0.9509729659505141,1.0375048471500747
0.6595462321922518,0.7960419122764547,1.6175264451062235,2.56220319939587,3.8000371851822075,5.114608935373723,6.48205349749793,1.1271075014802072,1.0082650477043544,0.9535436467818574,1.044390231183955
0.6662083153457089,0.7960419122764547,1.6372584296490604,2.4352196432288244,3.7997960788611214,5.114608935373723,6.48205349749793,1.1271075014802072,0.9993237639173675,0.9579993514567874,1.0344109298807826
0.672870398499166,0.865902922359675,1.6372584296490604,2.435261716330922,3.4381288818315205,5.114608935373723,6.4819171980629315,1.1163078648085503,0.9998667195781894,0.9537322611908494,1.0322268317010117
0.679532481652623,0.865902922359675,1.6372584296490604,2.4548020687214556,3.4381288818315205,5.114608935373723,6.27948932570112,1.077947776922882,0.9985660038110054,0.9477625442213589,1.0343019372453788
0.6861945648060801,0.865902922359675,1.6667590722090146,2.4742995148791582,3.4381288818315205,5.114608935373723,6.27948932570112,1.077947776922882,0.9971535368074929,0.9477267405848142,1.0388141602045613
0.6928566479595373,0.865902922359675,1.6667590722090146,2.4742561920809587,3.4381288818315205,5.114608935373723,6.27948932570112,1.077947776922882,0.9946014312442804,0.9470277730155513,1.03909002155253
0.6995187311129943,0.865902922359675,1.6667590722090146,2.551781472479444,3.4381288818315205,5.114608935373723,6.27948932570112,1.077947776922882,0.9936406701481549,0.9475452394732128,1.0365671273724684
0.7061808142664514,0.865902922359675,1.6667590722090146,2.571321824869978,3.4381288818315205,5.114608935373723,6.27948932570112,1.077947776922882,0.9942416746350413,0.9467932572610583,1.0394924161182038
0.7128428974199085,0.865902922359675,1.6667590722090146,2.5908176047662113,3.4379998899497393,5.114608935373723,6.27948932570112,1.0988132021436432,0.9959541220093175,0.9474856955794279,1.0387285654426401
0.7195049805733655,0.865902922359675,1.6667590722090146,2.5053619652635475,3.2571747301561778,5.114608935373723,6.27948932570112,1.0664440643395319,0.9938351853118088,0.9461172815542287,1.0395568043852452
0.7261670637268227,0.865902922359675,1.6667590722090146,2.5053619652635475,3.2571747301561778,5.114608935373723,6.279342230271268,1.0642367998531872,0.9887146087561975,0.947770284378852,1.0407732199643767
0.7328291468802798,0.865902922359675,1.666955609287668,2.5053619652635475,3.2571747301561778,5.047134282180885,6.076925153904309,1.0851022250739484,0.9909933764284231,0.9450195156989855,1.0398197202852282
0.7394912300337368,0.865902922359675,1.7110473569115063,2.5053619652635475,3.2571747301561778,5.046818471204549,6.076925153904309,1.0851022250739484,0.9950434453913762,0.9428558018908461,1.0440696127153153
0.7461533131871939,0.865902922359675,1.6536206109893148,2.5053619652635475,3.2571747301561778,4.853013732866235,6.07677400997639,1.0851022250739484,0.9936584745555448,0.9464393181032922,1.0454196620468126
0.752815396340651,0.865902922359675,1.6536206109893148,2.5052524887231225,3.2570385050847657,4.853013732866235,5.874360982107499,1.085146416749093,0.9920735439024172,0.9487972665219503,1.0440379007711618
0.7594774794941082,0.865902922359675,1.6536206109893148,2.4306832664482094,3.0762205784808345,4.853013732866235,5.874360982107499,1.1027989410524315,0.9938167072862829,0.9504949462849844,1.041610394715286
0.7661395626475652,0.8652445056441533,1.6536206109893148,2.4306832664482094,3.0762205784808345,4.853013732866235,5.874360982107499,1.1027989410524315,0.9906876737996386,0.946529595284283,1.0389572787641446
0.7728016458010223,0.7960419122764547,1.6536206109893148,2.4306832664482094,3.0762205784808345,4.853013732866235,5.8742044401821545,1.1027989410524315,0.9906776983112028,0.9462553924862396,1.036804424304486
0.7794637289544794,0.7960419122764547,1.7111116594477798,2.492336452522478,3.0762205784808345,4.853013732866235,5.671796810310689,1.094397064412887,0.9848645969893102,0.9470668637074918,1.0403265292736101
0.7861258121079365,0.7960419122764547,1.7111116594477798,2.492336452522478,3.0762205784808345,4.853013732866235,5.671796810310689,1.094397064412887,0.9958984136508144,0.9476341418720136,1.0412301104802246
0.7927878952613936,0.7960419122764547,1.7111116594477798,2.492336452522478,3.0762205784808345,4.852844446802343,5.67147562946386,1.1193630658719282,0.9952933557676386,0.9497181016428006,1.0378835665424537
0.7994499784148507,0.7960419122764547,1.7111116594477798,2.492336452522478,3.0762205784808345,4.755953458208911,5.409613940213309,1.1193630658719282,0.9937780803903908,0.9551386677190096,1.0375143425631557
0.8061120615683077,0.7212583511870947,1.7111116594477798,2.492293752769915,3.0762205784808345,4.755953458208911,5.409613940213309,1.1350740162927122,0.9954447662480894,0.9525749686688498,1.0372165728560954
0.8127741447217648,0.6641875444401485,1.7111116594477798,2.413942150228872,3.0762205784808345,4.755779904429123,5.469232638513878,1.1146895064570943,0.9915265125772477,0.951747181239414,1.0340010681292429
0.819436227875222,0.6641875444401485,1.7111116594477798,2.413942150228872,3.0762205784808345,4.658718207199832,5.469232638513878,1.1013980014438403,0.994609529583075,0.9521137838142679,1.0393359471432309
0.826098311028679,0.6643407272957895,1.7111116594477798,2.413942150228872,3.0762205784808345,4.561832908894261,5.469065300593679,1.1013980014438403,0.9902129101122685,0.9518523228944941,1.0333137834339325
0.8327603941821361,0.6790484511918439,1.7111116594477798,2.413942150228872,3.0762205784808345,4.561832908894261,5.266668466717068,1.1013980014438403,0.99142389959427,0.9516776145636037,1.0386135456984218
0.8394224773355932,0.6790484511918439,1.7113059262969728,2.413942150228872,3.0760686814985503,4.561832908894261,5.266498429798157,1.1013980014438403,0.9948283060294482,0.9539215176885627,1.0427185938463008
0.8460845604890502,0.6641875444401485,1.61238339899063,2.413942150228872,2.8951133242916023,4.561832908894261,5.064104294920258,1.0855842768969692,0.9937981642023355,0.9561247590557757,1.0453807219577445
0.8527466436425074,0.6641875444401485,1.61238339899063,2.487866972308331,2.757087975412985,4.561650819682681,5.064104294920258,1.100730827643594,0.9916731217736072,0.9531022016399244,1.051573194386715
0.8594087267959645,0.6641875444401485,1.61238339899063,2.5291513605380507,2.757087975412985,4.464772634236937,5.064104294920258,1.073742834116508,0.9892575374108138,0.9528177945230354,1.056605096417701
0.8660708099494215,0.6641875444401485,1.61238339899063,2.5291513605380507,2.7569102761820274,4.464587699881425,5.064104294920258,1.0743787560838491,0.9923382939702106,0.953688164717143,1.056967405859889
0.8727328931028786,0.6641875444401485,1.5024950122433731,2.5291513605380507,2.7141543504898378,4.3677123595796115,5.064104294920258,1.0617185030152747,0.9935081172305553,0.9524619290128448,1.0544755970680242
0.8793949762563357,0.6641875444401485,1.5024950122433731,2.5291513605380507,2.6931500834686597,4.3677123595796115,5.064104294920258,1.0402550796327625,0.9889264723430073,0.949503602562443,1.0499367428432167
0.8860570594097928,0.6641875444401485,1.5024950122433731,2.5291513605380507,2.7569061754305437,4.057210455159982,5.064104294920258,1.0402550796327625,0.9932978594303539,0.9521338732523854,1.047679735538727
0.8927191425632499,0.6641875444401485,1.5024950122433731,2.5070043092970025,2.6927864835037782,4.056908626040072,5.064104294920258,1.0402550796327625,0.9945999469758686,0.9505598354698724,1.0448725728563848
0.899381225716707,0.6643543160974974,1.5024950122433731,2.5070043092970025,2.629035859210539,3.5232637087365477,5.064104294920258,1.0402550796327625,0.9969014787037083,0.957215787534018,1.041179670175768
0.906043308870164,0.6790484511918439,1.5024950122433731,2.506939193053692,2.6929696504033807,3.4305431493027765,5.063920763007786,1.0378266469895419,0.9976206463777109,0.9543881409532963,1.036366726263383
0.9127053920236211,0.6790484511918439,1.5024950122433731,2.436284074182271,2.6929696504033807,4.057210455159982,4.861540123123447,1.0378266469895419,1.0004974265017,0.9524487184509483,1.0307139861476122
0.9193674751770783,0.6790484511918439,1.5314371851457769,2.41406543257821,2.6929696504033807,4.057210455159982,4.861540123123447,1.0378266469895419,0.9965588063516617,0.9551776261942965,1.0367904454573749
0.9260295583305354,0.6790484511918439,1.5314371851457769,2.420321262558429,2.6929696504033807,4.057210455159982,4.861540123123447,1.0378266469895419,1.0006349844977962,0.951898971214335,1.0344339447022715
0.9326916414839924,0.6790484511918439,1.5314371851457769,2.420262943407007,2.6929696504033807,3.9794712609503127,4.861540123123447,1.024269571843461,1.0013954638527611,0.9555393981340534,1.0371005071764186
0.9393537246374495,0.6790484511918439,1.5314371851457769,2.400781326733262,2.6929696504033807,3.9794712609503127,4.861540123123447,1.064002902639717,0.999303221774376,0.9536000490613394,1.0356045513278958
0.9460158077909067,0.6790484511918439,1.5314371851457769,2.400781326733262,2.6929696504033807,3.9794712609503127,4.861540123123447,1.09345686481723,1.000970730975667,0.9567929359525288,1.0325256942189296
0.9526778909443637,0.6790484511918439,1.5314371851457769,2.400721757885738,2.6929696504033807,3.9794712609503127,4.861540123123447,1.0676487162430397,1.0007452158072696,0.9604735810308602,1.0353495660815573
0.9593399740978208,0.6790484511918439,1.5314371851457769,2.3567697906352088,2.6927728143321668,3.9796761113133416,4.861540123123447,1.083786866647249,0.9984782622259116,0.9577371761013685,1.0355904414802874
0.9660020572512779,0.6790484511918439,1.5314371851457769,2.2668582218053848,2.6292477313705263,4.057210455159982,4.861540123123447,1.0802785188898527,1.000835276609773,0.9546054950347925,1.0355615759001648
0.9726641404047349,0.6790484511918439,1.5314371851457769,2.2668582218053848,2.757087975412985,4.057210455159982,4.861540123123447,1.0802785188898527,1.0020022217453382,0.9523578003066078,1.029084580933841
0.9793262235581921,0.6790484511918439,1.5314371851457769,2.266919456914378,2.7572889122356825,4.057210455159982,4.861341746718051,1.0802785188898527,0.99651103718762,0.9509787526145851,1.0306986845561767
0.9859883067116492,0.6790484511918439,1.5314371851457769,2.286459809304912,2.821206300422589,4.056877091654415,4.845418991406685,1.0801546503412514,1.0005506728644866,0.9523016172695422,1.0350971290288524
0.9926503898651062,0.6790484511918439,1.5314371851457769,2.305694263832226,2.821206300422589,3.3810087126333186,4.845098337603291,1.0684567698041327,1.0067072108040633,0.9556770120055487,1.0310267593135307
0.9993124730185633,0.6790484511918439,1.5024950122433731,2.2689811331895284,2.821206300422589,3.3810087126333186,4.658975951326637,1.0482944296926722,1.0066820427146657,0.9555576556316128,1.0294678992344406
1.0059745561720204,0.6790484511918439,1.5024950122433731,2.2885214855800626,2.8209998959312466,3.3810087126333186,4.658772176923815,1.0684567698041327,1.002546640554701,0.956416460787555,1.0331939145070828
1.0126366393254775,0.6790484511918439,1.5024950122433731,2.3079985200347672,2.757087975412985,3.3810087126333186,4.576229047439646,1.0684567698041327,1.0017115651568207,0.9587860095087914,1.0302376417001242
1.0192987224789345,0.6790484511918439,1.5024950122433731,2.3079985200347672,2.7572971137386477,3.3810087126333186,4.576229047439646,1.0838011418028968,0.9983058820699898,0.9583558918582181,1.0288045458766377
1.0259608056323917,0.6790484511918439,1.5024950122433731,2.3078688038087063,2.821206300422589,3.3810087126333186,4.576229047439646,1.0851829373149364,0.994975709921975,0.9562181741951059,1.0271459483820937
1.0326228887858488,0.6790484511918439,1.502310916474412,2.0810785558565392,2.821206300422589,3.3810087126333186,4.576229047439646,1.0966059376572985,0.9914369811301689,0.953038245934965,1.029318525559905
1.0392849719393058,0.6790484511918439,1.3689882691137654,2.0810785558565392,2.821206300422589,3.3810087126333186,4.576229047439646,1.0966059376572985,0.9958757033104271,0.9565967347395948,1.0303056090492482
1.045947055092763,0.7859898324705071,1.3690298336142774,2.0810785558565392,2.820991694428279,3.3810087126333186,4.576229047439646,1.1224895557392691,0.9913582835145152,0.9587501265592796,1.0303606441410014
1.05260913824622,0.7905979848537585,1.3954806875132384,2.0810785558565392,2.757087975412985,3.3810087126333186,4.576229047439646,1.1224895557392691,0.9978719234153158,0.9560698074845582,1.0272987265686808
1.059271221399677,0.7905979848537585,1.5024950122433731,2.0811346654487513,2.757087975412985,3.3810087126333186,4.5758868732467635,1.1219773136656654,0.9953251838499361,0.9558431460569468,1.0263335426698683
1.0659333045531343,0.7905979848537585,1.4051428263043078,2.193586618404784,2.757087975412985,3.3810087126333186,4.307039103472608,1.092787616761877,0.9948976239441041,0.9561886844015317,1.0299608703412473
1.0725953877065912,0.7905979848537585,1.4049516042475207,2.1870753629456376,2.75730804907594,3.3810087126333186,4.307039103472608,1.092787616761877,0.992100263299272,0.9527085723301059,1.0337163648335368
1.0792574708600484,0.7905979848537585,1.2606582320378519,2.196128995918277,2.821206300422589,3.3810087126333186,4.307039103472608,1.092787616761877,0.9937838127556993,0.9578498607167564,1.0354575880966816
1.0859195540135054,0.7905979848537585,1.2606582320378519,2.1765886435277433,2.821206300422589,3.3810087126333186,4.307039103472608,1.0866402415049403,0.9934022541731612,0.9582278095343956,1.0363781138819002
1.0925816371669625,0.7905979848537585,1.2606582320378519,2.157184924577683,2.821206300422589,3.3810087126333186,4.307039103472608,1.0866402415049403,0.9932266642264875,0.9577038380377845,1.033055596153717
1.0992437203204197,0.7905979848537585,1.2606582320378519,2.1767252769682175,2.821206300422589,3.3810087126333186,4.307039103472608,1.0852704335123997,0.9950555481795387,0.9568556299550524,1.030392132310977
1.1059058034738767,0.7905979848537585,1.2606582320378519,2.1964681286185135,2.821206300422589,3.3810087126333186,4.307039103472608,1.0528417484976726,0.9968846918967924,0.9562058414260126,1.0313871950243778
1.1125678866273339,0.7905979848537585,1.2606582320378519,2.3254780292808857,2.821206300422589,3.430635558352292,4.307039103472608,1.0528417484976726,0.9933938526925197,0.9539650357594929,1.0302701468170938
1.1192299697807908,0.7905979848537585,1.2606582320378519,2.3254780292808857,2.821206300422589,3.430635558352292,4.307039103472608,1.0528417484976726,0.9905260607625739,0.9561992496737683,1.0339397185211054
1.125892052934248,0.7905979848537585,1.2606582320378519,2.3254780292808857,2.821206300422589,3.4305207265187,4.307039103472608,1.0528417484976726,0.9911139844084464,0.9634699640668976,1.0308654858528572
1.1325541360877052,0.7905979848537585,1.2606582320378519,2.316081893860958,2.821206300422589,3.3810087126333186,4.307039103472608,1.063865483334962,0.9909003140781227,0.9621822438637818,1.0286693551253046
1.1392162192411621,0.7905979848537585,1.2606582320378519,2.196125246829972,2.821206300422589,3.430635558352292,4.307039103472608,1.0629494427234367,0.9933884503240169,0.9678029599816542,1.0267779216637583
1.1458783023946193,0.7905979848537585,1.260703767668985,2.1765848944394373,2.821206300422589,3.430635558352292,4.307039103472608,1.0629494427234367,0.9943613297014419,0.9657131290846382,1.0257494813261652
1.1525403855480763,0.7612536851415117,1.2609919451397005,2.157116607857446,2.821206300422589,3.430635558352292,4.307039103472608,1.062840645065123,1.0001298965631358,0.9657460022417068,1.033697284084108
1.1592024687015334,0.7612536851415117,1.2609919451397005,2.157116607857446,2.821206300422589,3.4305173291271753,4.306664648695488,1.05626337777299,0.9969570719192322,0.965366271499568,1.0332350658489031
1.1658645518549906,0.7612536851415117,1.26070456189511,2.460359481090433,2.821206300422589,3.3810087126333186,4.03784915950557,1.05626337777299,1.0000380242021258,0.9692022198417494,1.0341028665627612
1.1725266350084476,0.7612536851415117,1.2609919451397005,2.460359481090433,2.821206300422589,3.3810087126333186,4.03784915950557,1.056310969136545,0.9975796637167129,0.966827059526822,1.0347249130167822
1.1791887181619047,0.7612536851415117,1.2609919451397005,2.4605414946563595,2.821206300422589,3.3810087126333186,4.03784915950557,1.0571794183845151,0.9977206075759788,0.967536509857171,1.0294962186557801
1.1858508013153617,0.7612536851415117,1.3249546330754942,2.469264923911377,2.821206300422589,3.3810087126333186,4.03784915950557,1.0571794183845151,1.0027465154314168,0.9651062299917671,1.031325977183744
1.1925128844688189,0.7612536851415117,1.3249546330754942,2.469264923911377,2.821206300422589,3.3810087126333186,4.03784915950557,1.0777563213910488,0.9952107904286549,0.9622296724494399,1.0308972505695395
1.199174967622276,0.7212583511870947,1.2606582320378519,2.468904170915413,2.821206300422589,3.3810087126333186,4.0374617924947565,1.0777563213910488,0.9982565998967656,0.9671281764935078,1.0334293228153573
1.205837050775733,0.7212583511870947,1.2606582320378519,2.3591218936941116,2.821206300422589,3.3810087126333186,3.8487192641393957,1.0777563213910488,0.9973251879405444,0.9674346683403983,1.024063925035526
1.2124991339291902,0.7212583511870947,1.2606582320378519,2.336302626541571,2.821206300422589,3.3810087126333186,3.8484736552565226,1.0777563213910488,1.0003881844533171,0.9668208222925443,1.0270675061802184
1.2191612170826474,0.7212583511870947,1.2606582320378519,2.2850384726623374,2.821206300422589,3.3810087126333186,3.7682653924108678,1.077878290046332,0.9993711110503876,0.9646710323105353,1.0283688333856797
1.2258233002361043,0.7212583511870947,1.2606582320378519,2.3043633513788313,2.8209547876649266,3.300311091590687,3.6461550923425854,1.095106077227614,0.9989932566452115,0.9691067676152436,1.0290873330971428
1.2324853833895615,0.7229051402878168,1.2606582320378519,2.2529474104188485,2.75683509573816,3.3810087126333186,3.6461550923425854,1.0895690360971517,1.00042542121714,0.9711617505276086,1.0272137744734748
1.2391474665430184,0.7141572055632459,1.2606582320378519,2.2335620203449498,2.6929696504033807,3.3810087126333186,3.6461550923425854,1.1220253777848765,1.0026845292141635,0.9709174387386612,1.025224751505231
1.2458095496964756,0.66404249347514,1.2606582320378519,2.2530244750117996,2.6929696504033807,3.3810087126333186,3.6464074487222393,1.1055802972712807,0.9965073791982919,0.9724266037404345,1.0261594072000542
1.2524716328499328,0.66404249347514,1.2606582320378519,2.252960945705559,2.693226630829688,3.3810087126333186,3.8487192641393957,1.095106077227614,1.003150269590399,0.9674526573280934,1.023361563206943
1.2591337160033897,0.66404249347514,1.2606582320378519,2.2211505760515595,2.757087975412985,3.3810087126333186,3.8487192641393957,1.095106077227614,1.0036539444117756,0.970235447621871,1.025798835083426
1.265795799156847,0.5374127934893876,1.2606582320378519,2.2530244750117996,2.756828261152355,3.30004933834904,3.8487192641393957,1.095106077227614,1.0047749108472948,0.9716349947484911,1.0259462982098926
1.2724578823103039,0.5374127934893876,1.2606582320378519,2.252800803969726,2.6929696504033807,3.30004933834904,3.8487192641393957,1.0883389820999763,1.0048381326955025,0.9730062763195156,1.0288069834105387
1.279119965463761,0.5374127934893876,1.2606582320378519,2.1820068371731445,2.6929696504033807,3.2997762045316703,3.8487192641393957,1.0880822976095037,1.0050770419359456,0.9710201996246295,1.0279270761598862
1.2857820486172182,0.5371881592657722,1.2606511387467398,2.182072056088594,2.692705835391266,3.202989063691715,3.8487192641393957,1.091008577286771,1.00266014197947,0.9654024616694518,1.0281397952783915
1.2924441317706752,0.5129121110844004,1.173832315250804,2.213798232842919,2.6288513253937764,3.202989063691715,3.8487192641393957,1.1134658965162898,1.005065604334673,0.9675567106371075,1.032319373687276
1.2991062149241324,0.5129121110844004,1.173832315250804,2.162466901347978,2.6288513253937764,3.202989063691715,3.8487192641393957,1.1120153356956024,1.0102155380044247,0.9687725377189496,1.031666382005353
1.3057682980775893,0.513332812112326,1.173832315250804,2.162466901347978,2.6288513253937764,3.202989063691715,3.8487192641393957,1.1120153356956024,1.0052877862747833,0.9670970141171803,1.0328731717111568
1.3124303812310465,0.5449543969752014,1.173832315250804,2.1210361298771856,2.6288513253937764,3.202989063691715,3.8487192641393957,1.1024960402641928,1.0076930242926403,0.9734129726919576,1.0340398273916167
1.3190924643845037,0.42503941524989164,1.173832315250804,2.1210361298771856,2.6283100261979366,3.202989063691715,3.8487192641393957,1.090738326019421,1.0047925484329197,0.9719888832129777,1.0341420480197834
1.3257545475379606,0.42503941524989164,1.173832315250804,2.1209860822256545,2.500614675374568,3.2027059718705853,3.848182163395542,1.090738326019421,1.0019135536972217,0.9687567473066229,1.027606277930753
1.3324166306914178,0.42503941524989164,1.173832315250804,2.0738801215421154,2.500614675374568,3.1059287890343903,3.4994692715714946,1.090738326019421,0.9985160752999629,0.9723650777715872,1.031914545648089
1.3390787138448748,0.42503941524989164,1.173832315250804,2.0224016650414196,2.500614675374568,3.1059287890343903,3.4994692715714946,1.1327771403891105,0.9999395984045778,0.9743690395273987,1.0352904823018687
1.345740796998332,0.42503941524989164,1.173832315250804,1.9709232085407224,2.500614675374568,3.1059287890343903,3.4994692715714946,1.1327771403891105,1.001991722533532,0.97422968145475,1.0396192145370875
1.352402880151789,0.42503941524989164,1.173832315250804,1.9196695497184142,2.5003371911908427,2.7048069701066546,3.4994692715714946,1.1101523930888915,1.002161976920275,0.9730229613692666,1.0372225803883062
1.359064963305246,0.42503941524989164,1.173832315250804,1.9930967674915685,2.4364963503649633,2.7048069701066546,3.4994692715714946,1.1101523930888915,1.003076273845279,0.9755220246718128,1.0385021788593716
1.3657270464587032,0.42503941524989164,1.173832315250804,1.9760960291191916,2.4364963503649633,2.7052687236109967,3.4994692715714946,1.098641109609455,1.0009106060581103,0.9697038607174209,1.0348292007130837
1.3723891296121602,0.42503941524989164,1.173832315250804,1.9760960291191916,2.4364963503649633,3.0384625769521545,3.4999125915949767,1.0987246627270806,0.9981575803646925,0.9653987308836648,1.026064036895034
1.3790512127656174,0.3990252674145103,1.173832315250804,1.976026079297959,2.4364963503649633,3.0384625769521545,3.7686592155385323,1.105024444927341,0.9988582902069687,0.975069395910912,1.0306108515213281
1.3857132959190746,0.3990252674145103,1.173832315250804,1.9416190654780803,2.4364963503649633,3.0384625769521545,3.7686592155385323,1.105024444927341,0.997410357905788,0.974434276850526,1.0336596219252434
1.3923753790725315,0.3990252674145103,1.173832315250804,1.941586070224734,2.4364963503649633,3.0384625769521545,3.7686592155385323,1.0919340068839956,0.9976637077973187,0.9742763199557095,1.0280098464334622
1.3990374622259887,0.3990252674145103,1.173832315250804,1.9200762507235307,2.436783402968818,3.0384625769521545,3.7686592155385323,1.0919340068839956,0.9945758847601366,0.9745371803678919,1.0299382314482717
1.4056995453794456,0.3990252674145103,1.173832315250804,1.9200762507235307,2.500614675374568,3.009168677061778,3.7686592155385323,1.0919340068839956,1.0010052223363322,0.9720346439383054,1.0284856493672936
1.4123616285329028,0.3990252674145103,1.173832315250804,1.9200762507235307,2.500614675374568,3.03874867081572,3.7686592155385323,1.105024444927341,1.000126950013851,0.9714109883940849,1.0320527260144203
1.41902371168636,0.3990252674145103,1.173832315250804,1.92010987746498,2.500614675374568,3.1059287890343903,3.7686592155385323,1.105024444927341,0.9993197453749022,0.9727404978327966,1.0328117506751064
1.425685794839817,0.3990252674145103,1.173832315250804,1.9416528500915546,2.500614675374568,3.1059287890343903,3.7686592155385323,1.1059083478923235,0.9958182538746421,0.9713903189374665,1.0379296548619061
1.4323478779932741,0.4191876019112072,1.173832315250804,1.9441582629308702,2.3862515903307884,3.1059287890343903,3.7686592155385323,1.128067022808641,0.9997694583200893,0.9673025449274978,1.040841838930098
1.439009961146731,0.4191876019112072,1.173832315250804,1.9416190654780803,2.3862515903307884,3.1059287890343903,3.7686592155385323,1.1282191563367976,1.0034332413130949,0.9708903243795417,1.0407870118815885
1.4456720443001883,0.4191876019112072,1.172417979993546,1.9416190654780803,2.3862515903307884,3.1059287890343903,3.7686592155385323,1.1532244730646402,1.005958446068814,0.9721714448556479,1.0373589631338564
1.4523341274536454,0.3990252674145103,1.0357242871676005,1.941454587266516,2.3862515903307884,3.105618668345915,3.7686592155385323,1.1434505661930876,1.000129690960201,0.9699463364496528,1.0375044090529937
1.4589962106071024,0.3990252674145103,1.0359843966734177,1.853600689267048,2.386599743533576,3.008868514377066,3.5565808000857824,1.1569817622869998,1.003909604914132,0.9734845569750018,1.0378469670808492
1.4656582937605596,0.3731012940777481,1.1841672211681824,1.853434702081067,2.4364963503649633,3.008868514377066,3.5565808000857824,1.1498919856515875,1.005950666141111,0.9759519500734313,1.0356784151471254
1.4723203769140165,0.3731012940777481,1.100001493662939,1.7674976267308389,2.4364963503649633,3.008868514377066,3.5565808000857824,1.1498919856515875,1.0074449928350218,0.9763733493790306,1.0411961616576335
1.4789824600674737,0.3731012940777481,1.0998768313158163,1.7653759354310776,2.4364963503649633,3.0085527034007304,3.5565808000857824,1.1498919856515875,1.0078485123846277,0.9730827291770898,1.0433956786680185
1.4856445432209309,0.3731012940777481,1.0157122268947805,1.7653759354310776,2.4364963503649633,2.911808239719741,3.4994692715714946,1.131463210532198,1.0036889271903626,0.9698329044412299,1.0376140600095767
1.4923066263743878,0.3731012940777481,1.0157122268947805,1.7653759354310776,2.3862515903307884,2.911808239719741,3.4994692715714946,1.1442894120083733,1.0040592789752592,0.9716774474235756,1.0388212019592395
1.498968709527845,0.3731012940777481,1.0357642958261124,1.7653759354310776,2.308259700345755,2.911808239719741,3.3810087126333186,1.1442894120083733,1.0016095145339379,0.9742691883206493,1.0377837422528107
1.505630792681302,0.3731012940777481,1.0357642958261124,1.7548252222607574,2.2158050481643037,2.911808239719741,3.3810087126333186,1.1441657769643307,1.0022337883064871,0.9759040444809499,1.0360054573857502
1.5122928758347591,0.3731012940777481,1.0357642958261124,1.7458359996059105,2.2158050481643037,2.9121311635559017,3.3810087126333186,1.1284498073649012,1.0030469874274504,0.973145359148061,1.037202373948463
1.5189549589882163,0.3731012940777481,1.0357642958261124,1.7458359996059105,2.2158050481643037,3.008868514377066,3.3810087126333186,1.1283808852316923,1.0058253841664127,0.9738146400212236,1.0379400485395607
1.5256170421416733,0.3731012940777481,1.0357642958261124,1.7458359996059105,2.2158050481643037,3.008868514377066,3.3810087126333186,1.1316479477137094,1.0081098184724384,0.9751255606195391,1.0370363179261004
1.5322791252951304,0.3731012940777481,1.0357642958261124,1.7459318096403895,2.2158050481643037,3.008868514377066,3.3810087126333186,1.1316479477137094,1.0054030952125732,0.9752985683376214,1.0371124208722307
1.5389412084485876,0.3731012940777481,1.0357642958261124,1.7523140276314957,2.2158050481643037,3.008868514377066,3.3810087126333186,1.1316479477137094,1.0060295960353658,0.9745018142679637,1.0409595941396501
1.5456032916020446,0.3731012940777481,1.0357642958261124,1.7325873830375067,2.2158050481643037,3.008868514377066,3.3810087126333186,1.1316479477137094,1.0047864781894646,0.9700950858828103,1.037702638860567
1.5522653747555017,0.3731012940777481,1.0357642958261124,1.6363862561557692,2.2158050481643037,3.0082055958411553,3.3810087126333186,1.1500767228330988,1.0070881797157838,0.9778191907318445,1.0360425369137864
1.5589274579089587,0.3731012940777481,1.0357642958261124,1.6363862561557692,2.2158050481643037,2.8144150832224955,3.3810087126333186,1.154839409786689,1.0092926361873387,0.9779271344219084,1.0379249981332097
1.5655895410624159,0.3731012940777481,1.0357642958261124,1.6363862561557692,2.2158050481643037,2.7176876904050915,3.3810087126333186,1.150194404059325,1.0136390091924312,0.976468369202843,1.0454182833244008
1.572251624215873,0.3730097333233899,1.0245884477249587,1.6363862561557692,2.2158050481643037,2.7176876904050915,3.3810087126333186,1.1246787233657427,1.0173830480494237,0.9780750346970581,1.041603242383261
1.57891370736933,0.38435311755838686,1.1240639763805373,1.6363862561557692,2.2158050481643037,2.7176876904050915,3.3810087126333186,1.136666079026632,1.0163502101791022,0.9738653176825692,1.0479549087501767
1.5855757905227872,0.38435311755838686,1.1240639763805373,1.6363862561557692,2.216183406439483,2.7180262625328755,3.291369240752758,1.1244742490094162,1.0121959277847208,0.9707488519245777,1.045190629816138
1.5922378736762441,0.37225376404063315,1.1240639763805373,1.6365665785987202,2.372378025355359,2.8147479650624163,3.291369240752758,1.1054522866332976,1.0085005282380686,0.9728074820638681,1.0420644924071494
1.5988999568297013,0.38435311755838686,1.1240639763805373,1.6878639581692572,2.372378025355359,2.8144065477907043,3.291369240752758,1.1054522866332976,1.0059051260718375,0.9731443475494821,1.0446530411873498
1.6055620399831585,0.38435311755838686,1.1240639763805373,1.6988804531578223,2.2158050481643037,2.7176876904050915,3.291369240752758,1.1276109615496153,1.0086995539019807,0.9746186871496263,1.044694257726658
1.6122241231366155,0.38435311755838686,1.1240639763805373,1.7393416601827454,2.2158050481643037,2.7048069701066546,3.241026748748965,1.1274986902904067,1.0043287793464684,0.971845757139526,1.0439799584875988
1.6188862062900726,0.38435311755838686,0.8929040767120461,1.7391199568887417,2.2158050481643037,2.7048069701066546,3.241026748748965,1.1164578825795508,1.004650527813299,0.9723315435031564,1.0434035052270707
1.6255482894435296,0.38435311755838686,0.9512444171673422,1.6672616566996006,2.2158050481643037,2.7048069701066546,3.2256001433178074,1.1054522866332976,1.0061012442937662,0.9833490464409702,1.0469729980454603
1.6322103725969868,0.38435311755838686,0.9512444171673422,1.6672616566996006,2.2158050481643037,2.7048069701066546,3.2256001433178074,1.1164578825795508,1.007987324588492,0.9810354208154162,1.0384564502642328
1.638872455750444,0.38435311755838686,0.9512444171673422,1.6913836582254924,2.2158050481643037,2.620627415747767,3.2256001433178074,1.1164578825795508,1.0085861314995672,0.9805013090212844,1.0330250424119374
1.645534538903901,0.38456774899702917,0.9512444171673422,1.6931972352529414,2.2158050481643037,2.565070628922989,3.2256001433178074,1.1054522866332976,1.0109933905356412,0.9826363285108579,1.0419694095701326
1.652196622057358,0.4191876019112072,0.9513836796091744,1.6931972352529414,2.2158050481643037,2.6202746179003293,3.2256001433178074,1.1054522866332976,1.0100870351712836,0.9863074166807648,1.0407413726878503
1.658858705210815,0.4191876019112072,1.0355336839355007,1.691321790274354,2.2158050481643037,2.6288513253937764,3.0384625769521545,1.1054522866332976,1.0076567595017631,0.9819245130825018,1.0394021979401988
1.6655207883642722,0.4191876019112072,1.0355336839355007,1.57844212221715,2.2158050481643037,2.6288513253937764,3.0384625769521545,1.116528436012226,1.0056344348109825,0.9830450594378061,1.037484588208617
1.6721828715177294,0.4191876019112072,1.035326969436761,1.6585779815388872,2.2158050481643037,2.6288513253937764,3.0384625769521545,1.1054522866332976,1.0035725239030249,0.983254255891583,1.0394428864748133
1.6788449546711863,0.4191876019112072,0.9472340033810756,1.6480640710409082,2.2158050481643037,2.6288513253937764,3.0384625769521545,1.0926393924347628,1.0034352690564985,0.9830998043318111,1.042316456042358
1.6855070378246435,0.4191876019112072,0.9472340033810756,1.647873185777029,2.2158050481643037,2.6288513253937764,3.0384625769521545,1.0926393924347628,1.0061310663535972,0.9829746794274621,1.0389220692247643
1.6921691209781005,0.4191876019112072,0.9473766350755306,1.59681328001823,2.2158050481643037,2.5961566387530857,3.0384625769521545,1.0925987488189601,1.0071127108989177,0.9837169946227735,1.0407067619335961
1.6988312041315576,0.4191876019112072,1.0315232701492343,1.6047674596975474,2.2158050481643037,2.595983371785243,3.0381184546162645,1.0886536535259745,1.0114719363367457,0.9828753774470831,1.038988694420016
1.7054932872850148,0.4191876019112072,1.0315232701492343,1.5522598080247414,2.2158050481643037,2.54041485720413,2.8362438769905935,1.0886536535259745,1.008867601503947,0.9832366005941727,1.0443030520127643
1.7121553704384718,0.4191876019112072,1.0315232701492343,1.518396713906686,2.2158050481643037,2.54041485720413,3.0384625769521545,1.0886536535259745,1.0088976293291143,0.983235238137484,1.0417170130948064
1.718817453591929,0.4191876019112072,1.0315232701492343,1.518396713906686,2.2158050481643037,2.54041485720413,3.0384625769521545,1.102810711690191,1.0062769288692208,0.9834865081141106,1.0381993938170442
1.725479536745386,0.4191876019112072,1.0315232701492343,1.518396713906686,2.2158050481643037,2.54041485720413,2.961089383637418,1.102810711690191,1.0050156715472514,0.9822453839700888,1.0371942864645602
1.732141619898843,0.4191876019112072,1.0315232701492343,1.518396713906686,2.2158050481643037,2.54041485720413,2.961089383637418,1.0886536535259745,1.0047444999255726,0.982472839622014,1.038243235765921
1.7388037030523003,0.5086265984072289,1.0315232701492343,1.518396713906686,2.215390125854129,2.539752264789969,2.961089383637418,1.0886536535259745,1.0058045643890456,0.984393723388644,1.0384042299126972
1.7454657862057572,0.5086265984072289,1.0313761461179463,1.5455064581491504,2.0449419939469933,2.3179969988866835,2.961089383637418,1.0886536535259745,1.0042172547898809,0.9858387325305333,1.0372446576550456
1.7521278693592144,0.5086265984072289,0.9472340033810756,1.5455064581491504,1.8749119638313338,2.3179969988866835,2.961089383637418,1.0880546147446952,1.00796720766006,0.9820335196448152,1.0380681182259361
1.7587899525126713,0.5086265984072289,0.9472340033810756,1.5455064581491504,1.8749119638313338,2.3179969988866835,2.961089383637418,1.0714959531137167,1.0075130148633988,0.9787684117955502,1.038788720632551
1.7654520356661285,0.5086265984072289,0.9474522477721737,1.5455064581491504,1.8749119638313338,2.3181770606375816,2.9605190933159484,1.0852614157263165,1.0076827472409926,0.9775544873624353,1.0301229430558316
1.7721141188195857,0.5086265984072289,1.0968147233305805,1.5455064581491504,1.8749119638313338,2.4107168788421514,2.7048069701066546,1.0540110614423304,1.0062189141216438,0.9783874227412083,1.03056181846277
1.7787762019730426,0.5086265984072289,1.1570415073811406,1.5738726002864587,1.87533642458542,2.4107168788421514,2.7042055643229816,1.0480163376175227,1.0029536191960693,0.9814218100935808,1.0337114235308733
1.7854382851264998,0.5690199264851631,1.2132655390332512,1.5738726002864587,2.028605227579991,2.286373371483717,2.6918994396703804,1.0428878801000554,1.0055334443951893,0.9815151343604986,1.0270203379729548
1.7921003682799568,0.5936860011504626,1.2132655390332512,1.5737605442026554,2.028605227579991,2.286373371483717,2.6918994396703804,1.0827097786817794,1.0065951404242925,0.9797585745679166,1.0279860227636988
1.798762451433414,0.5936860011504626,1.2132655390332512,1.5543326644612918,2.028605227579991,2.286373371483717,2.6918994396703804,1.0827097786817794,1.0029305046560992,0.9819546074697614,1.0303863593194156
1.8054245345868711,0.680622198685694,1.2132655390332512,1.5544455536758301,2.0292156431881634,2.286373371483717,2.6918994396703804,1.0628193271080693,1.0058584764698115,0.9808119789738042,1.0315560235589185
1.812086617740328,0.680622198685694,1.2132655390332512,1.5738726002864587,2.037878828229213,2.410901696941183,2.7048069701066546,1.0627186634897556,1.006197709424265,0.9808988180906756,1.0367266600317386
1.8187487008937853,0.680622198685694,1.2132655390332512,1.5738726002864587,1.941205493146494,2.5034367587976187,2.7048069701066546,1.0485806921617544,1.0031893938230247,0.980663286991604,1.0396069322437964
1.8254107840472422,0.680622198685694,1.2132655390332512,1.5741008781077388,1.941205493146494,2.5034367587976187,2.7048069701066546,1.0483726188509483,1.0028009788182008,0.9793413370158924,1.0402326405034077
1.8320728672006994,0.680622198685694,1.256292876594382,1.576133170675143,1.941205493146494,2.500614675374568,2.7048069701066546,1.0462411146307775,1.0061358422359037,0.9784521323555311,1.042286997241201
1.8387349503541566,0.680622198685694,1.256292876594382,1.576133170675143,1.941205493146494,2.4107168788421514,2.7048069701066546,1.0462411146307775,1.0017832672426106,0.9795621550258176,1.0422582598098247
1.8453970335076135,0.680622198685694,1.256292876594382,1.5455064581491504,1.941205493146494,2.4107168788421514,2.7048069701066546,1.0251788863383031,1.0054122567616421,0.981919632240945,1.0385904495615876
1.8520591166610707,0.680622198685694,1.256292876594382,1.5455064581491504,1.941205493146494,2.372378025355359,2.7048069701066546,1.0251788863383031,1.0038549542372217,0.9797412747383349,1.036649140734993
1.8587211998145277,0.680622198685694,1.253980979428193,1.5001358190861716,1.941205493146494,2.3727593952433343,2.7048069701066546,1.0251788863383031,0.9989960887830596,0.9823161963930714,1.0393931900992306
1.8653832829679848,0.680622198685694,1.2132655390332512,1.5001358190861716,1.941205493146494,2.3179969988866835,2.7048069701066546,1.0342712958228093,0.9999102366702086,0.980873160324056,1.0347884269243774
1.872045366121442,0.6898753076151228,1.2132655390332512,1.4998468596961982,1.941205493146494,2.3179969988866835,2.7048069701066546,1.0462411146307775,1.0027545234388158,0.9817620137108909,1.0361370421878142
1.878707449274899,0.6898753076151228,1.1570415073811406,1.460734163315232,1.941205493146494,2.3179969988866835,2.7048069701066546,1.038911785343947,1.0030242029924994,0.9806391963093626,1.0358018765198456
1.8853695324283561,0.6898753076151228,1.0968147233305805,1.460734163315232,1.941205493146494,2.3086465379023773,2.7048069701066546,1.038911785343947,1.0046646644341084,0.9772089052172763,1.0362512489198452
1.8920316155818133,0.6898753076151228,1.0968147233305805,1.4555009953285654,1.940801482708299,2.3179969988866835,2.7048069701066546,1.03280808166919,1.0055143239943047,0.9760305276725588,1.0407561503331673
1.8986936987352703,0.6898753076151228,1.0968147233305805,1.4441377356687501,1.8441452184891693,2.3179969988866835,2.7048069701066546,1.0302043730819295,1.0045380900327854,0.9785570483159637,1.0385621201831656
1.9053557818887275,0.6898753076151228,1.0968147233305805,1.4439219523269744,1.8441452184891693,2.3179969988866835,2.7048069701066546,1.0251788863383031,0.9990148121703677,0.9820204230098029,1.0445401074933183
1.9120178650421844,0.8018093502364718,1.1570415073811406,1.3971611016038716,1.8437369403350805,2.3178019886130725,2.7048069701066546,1.0344317257830804,0.9987554327297941,0.9800878595975892,1.0476760956769735
1.9186799481956416,0.8018093502364718,1.0968147233305805,1.3971611016038716,1.7470849438318445,2.286373371483717,2.7048069701066546,1.0405500680590212,0.9999302617181947,0.9815618011935254,1.0488573031930888
1.9253420313490988,0.8018093502364718,1.0968147233305805,1.3971611016038716,1.747496067129868,2.286373371483717,2.6918994396703804,1.0559913968661152,1.001847801228414,0.979262339472039,1.0470514940693918
1.9320041145025557,0.8018093502364718,1.0968147233305805,1.3971611016038716,1.8441452184891693,2.285637157690208,2.6918994396703804,1.0559913968661152,0.99922729874857,0.9753848369173035,1.0444246688761845
1.938666197656013,0.8024339624769157,1.156548321830785,1.3971611016038716,1.8441452184891693,2.132359510788913,2.6918994396703804,1.0562254099608643,0.9999888572442317,0.9729665653021564,1.0479005413876472
1.9453282808094698,0.7863620765196979,1.135325412645391,1.3971611016038716,1.7782904000428912,2.045358505997819,2.6918994396703804,1.075295239006005,0.9996938693467148,0.970541907170591,1.0453614676082916
1.951990363962927,0.7863620765196979,1.135325412645391,1.3971611016038716,1.7470849438318445,2.045358505997819,2.6918994396703804,1.0914153942885196,0.9997149789128548,0.9725952386103376,1.0393509799237328
1.9586524471163842,0.7863620765196979,1.135325412645391,1.3788059076133239,1.7466667076739955,2.045358505997819,2.6918994396703804,1.0934949781180767,0.9982677884891449,0.9718233425436655,1.0406096176185753
1.9653145302698412,0.7696163499302355,1.135325412645391,1.3788059076133239,1.65002466917452,2.045358505997819,2.633334233358534,1.0935508866538215,0.9983815661999776,0.9704436377512397,1.0480141756616734
1.9719766134232983,0.7863620765196979,1.135325412645391,1.3973583915703434,1.65002466917452,2.1323561133973885,2.633334233358534,1.1032191265431626,0.9965762807775765,0.9742487950663641,1.0519379381000538
1.9786386965767553,0.8067544927288247,1.120391596747229,1.378665243638533,1.65002466917452,2.045358505997819,2.633334233358534,1.1032191265431626,1.0013897721814247,0.9737218182617763,1.0482717439771856
1.9853007797302125,0.8067544927288247,1.120391596747229,1.33619817206028,1.8095415167534321,2.045358505997819,2.633334233358534,1.1032191265431626,1.0003494536977877,0.9706950255407694,1.0457084627892241
1.9919628628836696,0.8067544927288247,1.120391596747229,1.265397649400099,1.8095415167534321,2.045358505997819,2.633334233358534,1.1139899541722134,0.9992174993380555,0.9758423493826844,1.047062419690067
1.9986249460371266,0.8067544927288247,1.120391596747229,1.265397649400099,1.8095415167534321,2.045358505997819,2.633334233358534,1.1147288605270251,0.9998747753083749,0.971684097454319,1.046134732040243
2.0052870291905838,0.8067544927288247,1.1734388235299766,1.265397649400099,1.8095415167534321,2.132557238975749,2.633740432664818,1.1196282823506722,1.0008479525159388,0.9702962163591509,1.043410841026063
2.0119491123440407,0.7863620765196979,1.1198108453827662,1.265397649400099,1.8095415167534321,2.132557238975749,2.6918994396703804,1.1196282823506722,1.0023612997832456,0.9657257924985495,1.0403281862910478
2.0186111954974977,0.7863620765196979,1.1198108453827662,1.265397649400099,1.809906792829869,2.132351357049252,2.6918994396703804,1.1144975621649063,0.9997040071328523,0.9658716266743375,1.0342831392940723
2.025273278650955,0.7863620765196979,1.1198108453827662,1.265397649400099,1.9904956684287753,2.045358505997819,2.6918994396703804,1.1144975621649063,1.0014590112134003,0.9628887945632465,1.0324345775741004
2.031935361804412,0.7863620765196979,1.0667757239209115,1.265397649400099,1.9904956684287753,2.045358505997819,2.6918994396703804,1.1144975621649063,1.0022875096967945,0.972988696096678,1.033206290797637
2.038597444957869,0.7862734432940257,1.120248717881213,1.2772923470373505,1.9904956684287753,2.045358505997819,2.6918994396703804,1.1165913242738528,1.0090126991681176,0.9726158830751045,1.037389792688655
2.0452595281113264,0.7821340603714537,1.0892749687389964,1.3272209511191357,1.9904956684287753,2.045358505997819,2.6918994396703804,1.1144975621649063,1.0094999592361091,0.9732297197842955,1.0401519002993593
2.0519216112647833,0.7821340603714537,1.1126312881149536,1.3272209511191357,1.9471174790648142,2.045358505997819,2.6918994396703804,1.1118961920632673,1.007614375790617,0.9766057784547918,1.0448739812213734
2.0585836944182403,0.7821340603714537,1.181180976839433,1.358551920967434,1.9471174790648142,2.0448672761363573,2.6918994396703804,1.1118961920632673,1.007922940259027,0.9781145518967617,1.03995187914768
2.0652457775716977,0.7821340603714537,1.1126312881149536,1.358551920967434,1.8749119638313338,2.032331885763304,2.6918994396703804,1.1144975621649063,1.0116693612269854,0.9821804981061644,1.0401168220542418
2.0719078607251546,0.7821340603714537,1.1126312881149536,1.3500177562043507,1.8749119638313338,2.032331885763304,2.6918994396703804,1.1165913242738528,1.0141008819886994,0.9751328457441905,1.035594195001392
2.0785699438786116,0.7821340603714537,1.1126312881149536,1.3500177562043507,1.8749119638313338,2.032331885763304,2.6918994396703804,1.1144975621649063,1.013333347348357,0.9754607808905491,1.0368470362389859
2.085232027032069,0.7821340603714537,1.1126312881149536,1.3757988578565106,1.8749119638313338,2.032331885763304,2.691225851479345,1.1165913242738528,1.0108130479588657,0.9767017565051181,1.0437695327013554
2.091894110185526,0.7821340603714537,1.1126312881149536,1.375561948872884,1.8749119638313338,2.032331885763304,2.579198068005329,1.1196282823506722,1.0083591591927645,0.9766992357507912,1.0471240984429506
2.098556193338983,0.8121984201515209,1.1126312881149536,1.3530778937011743,1.8095415167534321,2.032331885763304,2.4227094957033426,1.1196282823506722,1.00120900744639,0.9747173670924205,1.050128408197723
2.10521827649244,0.8121984201515209,1.1127149466000592,1.3136873636277533,1.8095415167534321,2.032331885763304,2.4227094957033426,1.1165913242738528,1.0058609927802182,0.9789449473700865,1.0502604277212877
2.1118803596458973,0.8121984201515209,1.2015465851784142,1.3086129801721635,1.8095415167534321,2.032331885763304,2.4227094957033426,1.1161162766752453,1.0073012580817275,0.9751368835577776,1.0509348318949308
2.118542442799354,0.7821340603714537,1.0443144428064752,1.3083730532397004,1.8095415167534321,2.028605227579991,2.2579201003224654,1.1146301825544327,1.0102258023716795,0.973962903545112,1.044861316026339
2.125204525952811,0.7821340603714537,1.1198229507036592,1.2839965673585707,1.8095415167534321,2.032331885763304,2.2579201003224654,1.1122725616892821,1.0078640638809282,0.9770850607080175,1.0489220229079586
2.1318666091062686,0.7821340603714537,1.1198229507036592,1.2839965673585707,1.8095415167534321,2.039837359020282,2.2579201003224654,1.1048044634319862,1.0047764653272284,0.9779438275394341,1.0486046397346345
2.1385286922597255,0.7821340603714537,1.1132120394794165,1.2535021546485012,1.8095415167534321,2.039837359020282,2.2579201003224654,1.1048044634319862,1.005467284962776,0.9728314467696757,1.0472818610402712
2.1451907754131825,0.7821340603714537,1.1435271397711535,1.267398282554922,1.8095415167534321,2.039837359020282,2.2579201003224654,1.1048044634319862,1.0023615458173445,0.9696694712411977,1.0497162848338193
2.15185285856664,0.7821340603714537,1.1435271397711535,1.267398282554922,1.8095415167534321,2.039837359020282,2.2579201003224654,1.1048044634319862,1.0045035395419668,0.967686374397182,1.0550823278799757
2.158514941720097,0.7821340603714537,1.1734388235299766,1.2839965673585707,1.8095415167534321,2.039837359020282,2.2579201003224654,1.1048044634319862,1.0092739284286392,0.974355459485617,1.0486799087058603
2.165177024873554,0.7821340603714537,1.1736022957585936,1.2839965673585707,1.7782904000428912,2.039837359020282,2.2579201003224654,1.092880565357905,1.0062361865235814,0.9700045866032646,1.0415403177356173
2.1718391080270107,0.7821340603714537,1.1840655236201814,1.3237888347754976,1.7782904000428912,2.039837359020282,2.256589058260231,1.1048044634319862,1.0063290386019288,0.9718480309548148,1.037671873863204
2.178501191180468,0.793070686959691,1.1840655236201814,1.3236526179003896,1.7782904000428912,2.028605227579991,2.1800230503265463,1.1048044634319862,1.0057558819550463,0.9756817069801809,1.0342608427003044
2.185163274333925,0.793070686959691,1.216080196212888,1.3229320122919952,1.7782904000428912,2.028605227579991,2.179574701497671,1.1048044634319862,1.0109355685174664,0.9742062716022339,1.039857274599023
2.191825357487382,0.793070686959691,1.216080196212888,1.3402110772197526,1.7782904000428912,2.028605227579991,2.115904725316942,1.1122725616892821,1.0118267388195088,0.9761963488555851,1.0308823528199342
2.1984874406408395,0.8129426430476653,1.216080196212888,1.3403176473033542,1.7782904000428912,2.028605227579991,2.115904725316942,1.1122725616892821,1.0099866601504177,0.9771731398562293,1.030225056285952
2.2051495237942964,0.8129426430476653,1.2151220382526646,1.3596427204690107,1.7774501008509818,2.028605227579991,2.115904725316942,1.1148739317909213,1.0074837714215719,0.982538754218695,1.0397605629333733
2.2118116069477534,0.7923272834587869,1.1840655236201814,1.3596427204690107,1.524248914322478,2.028605227579991,2.115904725316942,1.1148739317909213,1.0065452106321968,0.9803261938141778,1.0372725211427478
2.2184736901012108,0.7841780423352274,1.1840655236201814,1.3596427204690107,1.524248914322478,2.028605227579991,2.2592797230424955,1.127210178231879,1.0017605048016667,0.9793508364120214,1.0401125475321442
2.2251357732546677,0.7723729342828555,1.1840655236201814,1.3596427204690107,1.524248914322478,2.028605227579991,2.4227094957033426,1.1273446467196262,0.9996682793487219,0.9754066969632103,1.0413123403469586
2.2317978564081247,0.7723729342828555,1.1734388235299766,1.3541400311844516,1.524248914322478,2.028605227579991,2.4227094957033426,1.138969182986852,0.9989863739590932,0.9718906820176184,1.0411101936054163
2.2384599395615816,0.7723729342828555,1.1590675044874583,1.340938166276662,1.524248914322478,1.9876680752977332,2.4227094957033426,1.138969182986852,1.0014758866178872,0.969709611233238,1.040066131221041
2.245122022715039,0.7723729342828555,1.1655094105768846,1.3961764838629744,1.524248914322478,1.9876680752977332,2.4227094957033426,1.138969182986852,1.0035327934973926,0.9669973446348402,1.0368129602181484
2.251784105868496,0.7723729342828555,1.1655094105768846,1.4182625279445116,1.524248914322478,1.9876680752977332,2.4227094957033426,1.138969182986852,1.0038836343105042,0.9688583421310706,1.0361175682761172
2.258446189021953,0.7723729342828555,1.1655094105768846,1.4182625279445116,1.524248914322478,1.9876680752977332,2.4227094957033426,1.1388820319816513,1.0023476401980242,0.9707371915700329,1.0342567082046865
2.2651082721754103,0.7723729342828555,1.1355977268180615,1.4182625279445116,1.524248914322478,1.9876680752977332,2.4227094957033426,1.1122725616892821,1.0033399303761605,0.9722759310088658,1.0351786535629737
2.2717703553288673,0.7723729342828555,1.1355977268180615,1.4182625279445116,1.3588438452025458,1.8095415167534321,2.4227094957033426,1.0915802107995791,1.002142094687752,0.9705117956556084,1.0407633183301535
2.2784324384823242,0.6898753076151228,1.1355977268180615,1.4178351318776636,1.3588438452025458,1.8095415167534321,2.4227094957033426,1.1035041088736603,1.0013913390077078,0.9688357870728431,1.033482522299181
2.2850945216357816,0.6898753076151228,1.1355977268180615,1.4701872795019095,1.3588438452025458,1.8095415167534321,2.4227094957033426,1.1120313638165196,1.0033810384629835,0.9691832977520732,1.0362016224355537
2.2917566047892386,0.6898753076151228,1.1355977268180615,1.4643058628365984,1.358354480446423,1.8095415167534321,2.2282058897649133,1.1120313638165196,1.0043330128488757,0.9697089094084994,1.038447186985319
2.2984186879426955,0.6898753076151228,1.1355977268180615,1.4643058628365984,1.3524034850533273,1.8095415167534321,2.2282058897649133,1.1120313638165196,1.00237563449191,0.9694054285269369,1.0355496191173836
2.3050807710961525,0.6898753076151228,1.1354884793763609,1.4643058628365984,1.3524034850533273,1.8095415167534321,2.0517864003073374,1.1120313638165196,1.0057562393293358,0.9685589604617648,1.0413974228540925
2.31174285424961,0.6898753076151228,1.1695251994428468,1.4643058628365984,1.3524034850533273,1.8095415167534321,2.0513120800523996,1.1120313638165196,1.0085376174100422,0.9687611374832045,1.0372155661008686
2.318404937403067,0.6898753076151228,1.1695251994428468,1.4643058628365984,1.3817002868022983,1.7616777191538795,1.9876680752977332,1.1129957448358954,1.0095977561351894,0.9682568200338202,1.0370137426469728
2.325067020556524,0.6898753076151228,1.1695251994428468,1.4643058628365984,1.3817002868022983,1.7616777191538795,1.9876680752977332,1.1120240872697837,1.009915043152432,0.9663315429138867,1.0410346699850594
2.331729103709981,0.6909278034217577,1.1695251994428468,1.4642263746402726,1.3817002868022983,1.7616777191538795,1.935360085990684,1.0935220370140597,1.0099343477180618,0.9669362551549485,1.049917194151005
2.338391186863438,0.7542012343340626,1.1695251994428468,1.4018404461457326,1.3817002868022983,1.7616777191538795,1.935360085990684,1.0935220370140597,1.01091054908299,0.9675601558069111,1.0372145661222416
2.345053270016895,0.7542012343340626,1.1695251994428468,1.4018404461457326,1.3588438452025458,1.7616777191538795,1.935360085990684,1.0935220370140597,1.006002031289548,0.9694419156776486,1.0387053124316212
2.3517153531703525,0.7542012343340626,1.1613885228054683,1.4012427007880897,1.3817002868022983,1.7616777191538795,1.935360085990684,1.0935220370140597,1.0036531871579646,0.9694112155366224,1.0397115313005743
2.3583774363238095,0.7034990420204309,1.0784483870576613,1.3743048396647142,1.524248914322478,1.8095415167534321,1.9876680752977332,1.0935220370140597,1.004186349213946,0.9717411427834597,1.0402835757018816
2.3650395194772664,0.7034990420204309,1.1065197988727118,1.3743048396647142,1.524248914322478,1.8095415167534321,1.9876680752977332,1.0748161239296663,1.0006700818019938,0.9720267660657604,1.0395929204381948
2.3717016026307234,0.7034990420204309,1.1065197988727118,1.374110648734151,1.524248914322478,1.704465421664849,1.9881546978071187,1.0748161239296663,1.0106306534225813,0.9624241238433769,1.0385384588951727
2.378363685784181,0.7034990420204309,1.0608333389994864,1.3658789055811276,1.524248914322478,1.704465421664849,2.028605227579991,1.0748161239296663,1.006521439560828,0.9708778484779081,1.0389056406436141
2.3850257689376377,0.7034990420204309,1.03783641478089,1.3658789055811276,1.524248914322478,1.704465421664849,2.028605227579991,1.0748161239296663,1.005620863764888,0.9653148724454941,1.035638342000086
2.3916878520910947,0.7769141790846248,1.0608333389994864,1.3656343090455785,1.524248914322478,1.704465421664849,2.028605227579991,1.0748161239296663,1.0081799919389693,0.9655640464207593,1.0370823706474563
2.398349935244552,0.7769141790846248,1.0608333389994864,1.32478777652457,1.524248914322478,1.704465421664849,2.028605227579991,1.0935220370140597,1.0055454841107996,0.9623236328683167,1.0421775657500871
2.405012018398009,0.8173525615397439,1.0608333389994864,1.32478777652457,1.524248914322478,1.615139663802228,2.028605227579991,1.0748161239296663,1.0065278059628513,0.9645763486927267,1.038339315983499
2.411674101551466,0.8168500255391187,1.0608333389994864,1.32478777652457,1.524248914322478,1.615139663802228,2.028605227579991,1.0748161239296663,1.003492566159868,0.9653787384621972,1.0431711496601601
2.4183361847049234,0.8004518307685333,1.1065197988727118,1.337150939722929,1.4835180792874776,1.615139663802228,2.115904725316942,1.0748161239296663,1.0042888804618229,0.9683296309350605,1.0360363685872351
2.4249982678583804,0.8004518307685333,1.1065197988727118,1.337150939722929,1.4835180792874776,1.615139663802228,2.115904725316942,1.0748161239296663,1.0072932343368728,0.9646143968464245,1.033815474011303
2.4316603510118373,0.8004518307685333,1.1065197988727118,1.32478777652457,1.4835180792874776,1.615139663802228,2.115904725316942,1.0935220370140597,1.0050291723526086,0.9650246605222097,1.0355472615101644
2.4383224341652947,0.8004518307685333,1.1065197988727118,1.32478777652457,1.4832693902277465,1.704465421664849,2.115904725316942,1.1142952759220908,1.0073052717960482,0.9641730103839565,1.0385530342224247
2.4449845173187517,0.8004518307685333,1.1065197988727118,1.32478777652457,1.4247200659613293,1.704465421664849,2.1154030667187795,1.1142952759220908,1.0054064225106514,0.9634848496418851,1.0387006543990864
2.4516466004722086,0.8004518307685333,1.0781534587776114,1.32478777652457,1.3907981993320102,1.704465421664849,2.0517864003073374,1.1310317629432123,1.007740452643652,0.9682325726491969,1.0344853063650565
2.4583086836256656,0.8004518307685333,1.0781534587776114,1.32478777652457,1.3907981993320102,1.704465421664849,2.0517864003073374,1.1310317629432123,1.0055212041857178,0.9645097368685185,1.0406837796463482
2.464970766779123,0.8004518307685333,1.0781534587776114,1.3249347083575884,1.3907981993320102,1.704465421664849,2.0517864003073374,1.1148599484557797,1.0103805618982984,0.9647839680245911,1.0439389752525252
2.47163284993258,0.8004518307685333,1.0781534587776114,1.338367698826155,1.3907981993320102,1.704465421664849,2.0517864003073374,1.1142952759220908,1.0080851422751955,0.9635013806451792,1.0441959317267557
2.478294933086037,0.8004518307685333,1.0784633834108805,1.3896287113252868,1.3383616406137968,1.704465421664849,2.0517864003073374,1.1142952759220908,1.0072785483137663,0.9634661338875132,1.04383133705432
2.4849570162394943,0.8004518307685333,1.1065197988727118,1.3897768344974912,1.2955049625875643,1.615139663802228,2.0517864003073374,1.105275016357246,1.013493591980713,0.9626044765192996,1.0408618123023212
2.4916190993929512,0.8004518307685333,1.1065197988727118,1.4269208296304134,1.3386835280346137,1.615139663802228,2.0517864003073374,1.0872284285977922,1.013536809904714,0.9625962088990858,1.0429646722749073
2.498281182546408,0.8004518307685333,1.1065197988727118,1.4586812973902676,1.3817002868022983,1.615139663802228,2.0517864003073374,1.096660027227695,1.0095166822008386,0.9621832278193426,1.0441999952251801
2.5049432656998656,0.8004518307685333,1.1065197988727118,1.450142480582949,1.3817002868022983,1.615139663802228,2.0512724394547224,1.096660027227695,1.0077119653800821,0.9636029570035688,1.0478996027865457
2.5116053488533225,0.6932254633417418,1.0608333389994864,1.450142480582949,1.3817002868022983,1.615139663802228,2.028605227579991,1.1360110490492326,1.0066325662803468,0.9678553886144898,1.0470319196541675
2.5182674320067795,0.6934499414084061,1.0608333389994864,1.450142480582949,1.3817002868022983,1.615139663802228,2.02775379916712,1.1382136511212038,1.0087405973268124,0.9672722133793187,1.0450863854510324
2.5249295151602364,0.7905979848537585,1.0608333389994864,1.450142480582949,1.3524034850533273,1.524248914322478,2.0517864003073374,1.1274319187458763,1.011730163521165,0.9686400821649955,1.0421685862823198
2.531591598313694,0.7905979848537585,1.0608333389994864,1.450142480582949,1.3524034850533273,1.524248914322478,2.050747543264818,1.1054732137918153,1.011029204850172,0.9658783451519911,1.0393064284981242
2.538253681467151,0.7905979848537585,1.060519561214548,1.450142480582949,1.3524034850533273,1.524248914322478,1.923549750288129,1.1054732137918153,1.0089608832485863,0.9640254551164,1.0393544062383533
2.5449157646206078,0.7905979848537585,1.0481614547653604,1.4498957546924325,1.3524034850533273,1.524248914322478,1.923027587932549,1.1276100313045592,1.0098455536773239,0.9594757353783318,1.0395701630525012
2.551577847774065,0.7905979848537585,1.0481614547653604,1.411580928304858,1.3385221528397266,1.524248914322478,1.8594314252785247,1.115940066569144,1.0076732111682984,0.9567818910658197,1.0382712860842918
2.558239930927522,0.6932254633417418,1.047742526016273,1.411580928304858,1.3385221528397266,1.524248914322478,1.85890652908862,1.1150214318143252,1.0040116395269174,0.9552866975303174,1.0401275299724257
2.564902014080979,0.6932254633417418,1.0380940320362069,1.411580928304858,1.3385221528397266,1.524248914322478,1.7942605740547946,1.080819274493045,1.0019549809087183,0.9562325768605905,1.036579847959079
2.5715640972344365,0.6932254633417418,1.1065197988727118,1.411580928304858,1.2980783193765428,1.524248914322478,1.6665488202254823,1.080819274493045,1.0073382073312893,0.9561444218884096,1.0438221375275698
2.5782261803878934,0.6932254633417418,1.1065197988727118,1.411580928304858,1.2980783193765428,1.524248914322478,1.615139663802228,1.0896324610571653,1.0006097468278312,0.9498967052013153,1.0448248454359264
2.5848882635413504,0.7612536851415117,1.1065197988727118,1.411580928304858,1.2953440188771546,1.524248914322478,1.6143046726900374,1.0896324610571653,0.9981617695627698,0.9577308744705986,1.041521783686229
2.5915503466948073,0.7612536851415117,1.1065197988727118,1.4269208296304134,1.2953440188771546,1.3524034850533273,1.6029581252401075,1.0896324610571653,0.9947120259788632,0.9576578510931848,1.0396169175775902
2.5982124298482647,0.7612536851415117,1.1065197988727118,1.4269208296304134,1.2953440188771546,1.3524034850533273,1.6029581252401075,1.080819274493045,0.9966441051210311,0.9569312145600828,1.0454649024994396
2.6048745130017217,0.7612536851415117,1.1924589443138773,1.4479308278587617,1.2955127293081752,1.3524034850533273,1.6029581252401075,1.080819274493045,0.9945028385322079,0.9548096801065841,1.036756619897656
2.6115365961551786,0.7612536851415117,1.1774546123959388,1.4479308278587617,1.2980783193765428,1.3524034850533273,1.6029581252401075,1.080819274493045,0.9974110541913155,0.9540110323998577,1.0336667601231448
2.618198679308636,0.7612536851415117,1.1774546123959388,1.4479308278587617,1.0759140245611976,1.3524034850533273,1.6029581252401075,1.080819274493045,0.9941367332656754,0.9568008763083968,1.0342695557564032
2.624860762462093,0.7612536851415117,1.1774546123959388,1.447841346860612,0.970602746573247,1.3524034850533273,1.6024195598785924,1.090318970002801,0.996350731379172,0.9599134924903046,1.033584128314544
2.63152284561555,0.7612536851415117,1.1774546123959388,1.380610998205938,0.970602746573247,1.3524034850533273,1.538839800230503,1.0900653422463442,0.9984342500245544,0.9629234394914058,1.0448966142949538
2.6381849287690073,0.7612536851415117,1.1774546123959388,1.3541843754763985,0.970602746573247,1.3524034850533273,1.538839800230503,1.0849447564290782,0.9950984242942509,0.9574147510087451,1.0461002242885127
2.6448470119224643,0.7170343897757193,1.1774546123959388,1.3963821011531203,0.970602746573247,1.3524034850533273,1.538839800230503,1.08179087446412,0.9959208699900071,0.9524082246748478,1.0470006726303949
2.6515090950759213,0.7170343897757193,1.1774546123959388,1.3959438275480194,0.970602746573247,1.363572337331879,1.538839800230503,1.08179087446412,0.9961598023908659,0.9554627427103348,1.036793608855485
2.658171178229378,0.6894687171288193,1.158898499352642,1.340938166276662,0.970602746573247,1.3524034850533273,1.538839800230503,1.063769260674037,0.9961270228529245,0.9582214730254962,1.0354339623644586
2.6648332613828356,0.6894055683185868,1.1065197988727118,1.340938166276662,0.970602746573247,1.3524034850533273,1.538839800230503,1.063769260674037,0.9935106557442288,0.9566025960290253,1.0315300078383407
2.6714953445362926,0.6679259023742697,1.1065197988727118,1.3374348022472493,0.970602746573247,1.3385221528397266,1.538839800230503,1.0186722235582202,0.9952572614485471,0.9558304278539147,1.0344897356027198
2.6781574276897495,0.6679259023742697,1.1065197988727118,1.3374348022472493,0.970602746573247,1.3383486960794477,1.539389300929308,1.0186722235582202,0.9940460233400639,0.9518489695068411,1.0360155196536127
2.684819510843207,0.6679259023742697,1.1065197988727118,1.337526327227592,0.970602746573247,1.2980783193765428,1.6029581252401075,1.0186722235582202,0.9921280678136795,0.9528248993289041,1.0421013895930196
2.691481593996664,0.6009655831090359,1.1065197988727118,1.3261451686608452,0.970602746573247,1.2980783193765428,1.6029581252401075,0.9766522310532104,0.9949524182896377,0.951774869661297,1.0418765896601985
2.698143677150121,0.6009655831090359,1.1065197988727118,1.3261451686608452,0.970602746573247,1.3524034850533273,1.6029581252401075,0.9987264652424497,0.9986939194703237,0.9506271263803284,1.0403000249079564
2.704805760303578,0.6009655831090359,1.1065197988727118,1.3261451686608452,0.970602746573247,1.363572337331879,1.6029581252401075,0.9987264652424497,0.9959513261124517,0.9556016906306687,1.0375664022766702
2.711467843457035,0.6011583448522727,1.1065197988727118,1.3261451686608452,0.970602746573247,1.363572337331879,1.6029581252401075,0.9774387513192702,0.9977242822338354,0.9524889180123064,1.0273211114180483
2.718129926610492,0.6655940273726845,1.1065197988727118,1.3679404606857084,0.970602746573247,1.364220951517891,1.6029581252401075,0.9820708617196061,0.9937570079687084,0.9566963986708669,1.022727159033097
2.7247920097639495,0.6655940273726845,1.1065197988727118,1.4260503921516356,0.970602746573247,1.3907981993320102,1.6029581252401075,0.9752741700532759,0.9980592328185327,0.9613255379845125,1.0298046368889975
2.7314540929174065,0.6650217317812117,1.1065197988727118,1.4260503921516356,0.970602746573247,1.3907981993320102,1.6029581252401075,0.9752741700532759,1.000477422447666,0.956410574777238,1.0253117786338108
2.7381161760708634,0.5906245919026818,1.1065197988727118,1.426618421739041,0.970602746573247,1.3907981993320102,1.6029581252401075,1.0127835394776565,0.9960801004286071,0.9578379774329042,1.0272989039672609
2.7447782592243204,0.5906245919026818,1.1065197988727118,1.4892790995086058,0.970602746573247,1.3907981993320102,1.6029581252401075,1.0127835394776565,0.9938563230392086,0.9540275052892817,1.0266813065369178
2.751440342377778,0.5906245919026818,1.1065197988727118,1.5039839602820424,0.970602746573247,1.3907981993320102,1.6029581252401075,1.0127835394776565,0.9894684548893513,0.9568665801847075,1.0203314850612202
2.7581024255312347,0.5906245919026818,1.1065197988727118,1.4180361532169494,0.970602746573247,1.363572337331879,1.6029581252401075,1.0127835394776565,0.9872734071445453,0.9649176673028423,1.018225657680614
2.7647645086846917,0.5906245919026818,1.1065197988727118,1.4180361532169494,0.970602746573247,1.363572337331879,1.6029581252401075,1.0285515405765484,0.9870002750352872,0.9653045842303435,1.021202646779223
2.771426591838149,0.5906245919026818,1.158898499352642,1.4180361532169494,0.970602746573247,1.363572337331879,1.6029581252401075,1.0285515405765484,0.9861558600871531,0.96346094543714,1.0224570798491168
2.778088674991606,0.5906245919026818,1.158898499352642,1.4180361532169494,0.970602746573247,1.3629094154799972,1.6029581252401075,1.043227284304444,0.9919239784166936,0.9646588506814635,1.0198435207170211
2.784750758145063,0.5906245919026818,1.158898499352642,1.4180361532169494,0.970602746573247,1.3524034850533273,1.6029581252401075,1.043227284304444,0.9894495609637801,0.9629709090122357,1.0193515366060026
2.7914128412985204,0.5906245919026818,1.158898499352642,1.4180361532169494,0.970602746573247,1.363572337331879,1.6029581252401075,1.043227284304444,0.9901665821028711,0.9685510322460836,1.0228356998945132
2.7980749244519774,0.5906245919026818,1.158898499352642,1.5352913773622339,0.970602746573247,1.363572337331879,1.602384020032398,1.043508241797574,0.99309535422701,0.9678178510119215,1.0221214241601597
2.8047370076054343,0.5906245919026818,1.158898499352642,1.5352356491625032,0.970602746573247,1.363572337331879,1.576237959242945,1.0542985633804798,0.991181326370226,0.9668761880519829,1.019630919971498
2.8113990907588913,0.5906245919026818,1.158898499352642,1.5219893075917463,0.970602746573247,1.363572337331879,1.576237959242945,1.043227284304444,0.9921214863811155,0.9639598522712156,1.0254609841049722
2.8180611739123487,0.5906245919026818,1.1586857339597034,1.4919832732345757,0.970602746573247,1.363572337331879,1.576237959242945,1.043227284304444,0.988724064435166,0.9643953668739106,1.022056345382707
2.8247232570658056,0.5906245919026818,1.1245800313436498,1.4919832732345757,0.970602746573247,1.3817002868022983,1.576237959242945,1.0542985633804798,0.9884905717901076,0.966175485573874,1.0273700533194599
2.8313853402192626,0.5906245919026818,1.0605020954802238,1.4919832732345757,0.970602746573247,1.38188366770558,1.576237959242945,1.0545112862798205,0.9880303684133215,0.968973750431197,1.0329707312104441
2.83804742337272,0.5906245919026818,1.0442438599421695,1.4919832732345757,0.970602746573247,1.4747214752208988,1.8230775461712927,1.0748313394086795,0.9886697372752781,0.9724322338282909,1.033909638542567
2.844709506526177,0.5906245919026818,1.0442438599421695,1.4919335951962485,0.970602746573247,1.4753051488487359,1.8230775461712927,1.0748313394086795,0.988906594745457,0.969249318718825,1.0308538635594013
2.851371589679634,0.5906245919026818,1.0442438599421695,1.478972937285993,0.970602746573247,1.4835180792874776,1.8230775461712927,1.0766205659462709,0.9918804677619152,0.9693603852324548,1.031206570232781
2.8580336728330913,0.5906245919026818,1.0442438599421695,1.4788025757823036,0.970602746573247,1.4835180792874776,1.8230775461712927,1.0998426946833266,0.9916493897841168,0.971435001396347,1.0266351003723868
2.8646957559865482,0.5906245919026818,1.0442438599421695,1.4447644448675763,0.970602746573247,1.4835180792874776,1.8095415167534321,1.0998426946833266,0.9936432340258077,0.9689969767747119,1.0284855784619458
2.871357839140005,0.590749431511391,1.0442438599421695,1.4447644448675763,0.970602746573247,1.4835180792874776,1.8095415167534321,1.0998426946833266,0.9986135929098225,0.966611442319209,1.0291293061380637
2.878019922293462,0.6832030638822616,1.0442438599421695,1.6436151797027074,0.970602746573247,1.4835180792874776,1.8095415167534321,1.1004403039653714,0.9948785935130637,0.9640517546305529,1.0243595987941927
2.8846820054469196,0.6832030638822616,1.0605020954802238,1.6284286286505263,1.076759775868152,1.5112346886900137,1.8095415167534321,1.122584449282575,0.989524108518844,0.9638999733548677,1.0290630341937477
2.8913440886003765,0.6832030638822616,1.0605020954802238,1.6282478392811175,1.076759775868152,1.5112346886900137,1.8100647174701916,1.1224479252154533,0.9941804824443128,0.9661016556939206,1.02120755470608
2.8980061717538335,0.6832030638822616,1.0605020954802238,1.4295331692635749,1.076759775868152,1.5112346886900137,1.8230775461712927,1.1210489878110173,0.9909226344624864,0.964192140429817,1.0283738842488062
2.904668254907291,0.6832030638822616,1.0605020954802238,1.379622276461315,1.076759775868152,1.5112346886900137,1.8230775461712927,1.1210489878110173,0.9919714443641298,0.9694646312669489,1.0212429696384413
2.911330338060748,0.6783645565900465,1.0605020954802238,1.3963821011531203,1.076759775868152,1.524248914322478,1.8230775461712927,1.0742342803763103,0.9953051759210768,0.969398720836863,1.0303741454120843
2.9179924212142048,0.6783645565900465,1.0799104335517828,1.3964400796602032,1.076759775868152,1.524248914322478,1.8230775461712927,1.0742342803763103,0.9991321432072102,0.9704520333592803,1.0299685782895633
2.924654504367662,0.6783645565900465,1.0605020954802238,1.4096283103528569,1.076759775868152,1.524248914322478,1.8230775461712927,1.1143046944217283,0.9943811611120027,0.9698847445044991,1.0278652451283332
2.931316587521119,0.6789081086584504,1.0442438599421695,1.4096283103528569,1.076759775868152,1.524248914322478,1.8230775461712927,1.023560956494765,0.9976325996637075,0.9695531724538484,1.027965270639145
2.937978670674576,0.6932254633417418,1.0442438599421695,1.4096283103528569,1.076759775868152,1.524248914322478,1.8230775461712927,1.023560956494765,0.9998053831030784,0.9701562941948396,1.0298747602107452
2.944640753828033,0.6932254633417418,1.0605020954802238,1.4096283103528569,1.076759775868152,1.524248914322478,1.8230775461712927,1.023560956494765,0.9963262674869061,0.9705829375769853,1.0312908656858084
2.9513028369814904,0.6932254633417418,1.0605020954802238,1.4095696699906701,1.076759775868152,1.5979732518629421,1.8230775461712927,1.0695632891208025,0.9931529473597636,0.9702703587927941,1.0472373020307078
2.9579649201349474,0.6932254633417418,1.0605020954802238,1.4479308278587617,1.076759775868152,1.534018879498364,1.8230775461712927,1.1030839233829293,0.9936928291957734,0.9701555063120535,1.0403831374275858
2.9646270032884043,0.6932254633417418,1.060941603553609,1.4479308278587617,1.076759775868152,1.534018879498364,1.8095415167534321,1.1030839233829293,1.0040217342336977,0.9719725069484781,1.028990969030973
2.9712890864418617,0.6932254633417418,1.0980518956769676,1.4477537154330153,1.076759775868152,1.534018879498364,1.8236794228842652,1.1025910160360697,1.0055583781128865,0.9702234324502839,1.034188185400672
2.9779511695953187,0.6932254633417418,1.0374770196235292,1.4137223354403448,1.2902400573271229,1.534018879498364,1.8594314252785247,1.0753662480112554,1.0010276569164673,0.9680984261460146,1.0286960236668339
2.9846132527487756,0.6932254633417418,1.0480628097821243,1.4137223354403448,1.2902400573271229,1.534018879498364,1.8594314252785247,1.0753662480112554,1.0048001847352257,0.9693021001119032,1.032489283974706
2.991275335902233,0.6932254633417418,1.0480628097821243,1.4137223354403448,1.2902400573271229,1.534018879498364,1.8588176794731424,1.0753662480112554,1.0041751333086721,0.970978547285141,1.0337444606447665
2.99793741905569,0.6932254633417418,1.0480628097821243,1.5042653484970399,1.2902400573271229,1.534018879498364,1.7959282129914649,1.0834869445531192,0.9978688433084787,0.9661781369040451,1.0352694670824476
3.004599502209147,0.6932254633417418,1.0480628097821243,1.5042653484970399,1.2902400573271229,1.534018879498364,1.8594314252785247,1.0383603358300943,0.99696007284097,0.9612930005114971,1.0370742674434852
3.011261585362604,0.6932254633417418,1.0480628097821243,1.5042653484970399,1.2902400573271229,1.534018879498364,1.8594314252785247,1.0812745209274415,0.9993437425149458,0.9640305869512339,1.0373464019465755
3.0179236685160613,0.6932254633417418,1.0489709633067057,1.5042653484970399,1.2920896341805004,1.534018879498364,1.8594314252785247,1.0396983475992976,0.9920507917180119,0.9602768721686812,1.0343165042663913
3.0245857516695183,0.5906245919026818,1.0840441941132184,1.5042653484970399,1.4835180792874776,1.6128000716589037,1.8594314252785247,1.0396983475992976,0.9918144136282725,0.9561314549787687,1.0379902150766214
3.031247834822975,0.5906245919026818,1.084187857656495,1.5042653484970399,1.4835180792874776,1.6109423289033173,1.8600533725868724,1.0396983475992976,0.9854562875156898,0.9598373792828969,1.0351373980112148
3.0379099179764326,0.5906245919026818,1.127273802909647,1.5042653484970399,1.270207428602065,1.534018879498364,1.923549750288129,1.0500773226830533,0.9841458503220268,0.9613609622859067,1.0362269733222573
3.0445720011298896,0.5691649774501716,1.1702154531314162,1.5039539818765706,1.270207428602065,1.534018879498364,1.923549750288129,1.078725110575304,0.9858652545191815,0.9560918678977971,1.0354242682367798
3.0512340842833465,0.5691649774501716,1.1702154531314162,1.441372211802587,1.270207428602065,1.534018879498364,1.923549750288129,1.0789651508764244,0.9909612548221303,0.9546674832898425,1.0392332095778598
3.057896167436804,0.5691649774501716,1.0964834798113179,1.441372211802587,1.270207428602065,1.534018879498364,1.923549750288129,1.0913339376176392,0.9968616107842374,0.9556160007254224,1.0408530822391935
3.064558250590261,0.5691649774501716,1.0964834798113179,1.441372211802587,1.270207428602065,1.534018879498364,1.923549750288129,1.119950764624778,0.9911710767579518,0.9579733024882344,1.040838385265506
3.071220333743718,0.5691649774501716,1.0964834798113179,1.5485233622702343,1.270207428602065,1.534018879498364,1.923549750288129,1.119950764624778,0.9984932470479975,0.9561636195405733,1.0441235334595353
3.0778824168971752,0.5691649774501716,1.0359086037578793,1.5501151754091471,1.270207428602065,1.534018879498364,1.923549750288129,1.1125811210315213,0.9942010437033999,0.9510097306046763,1.0453799949992661
3.084544500050632,0.532449933113903,1.0359086037578793,1.4746697340630637,1.270207428602065,1.534018879498364,1.923549750288129,1.1125811210315213,0.9963955566412571,0.9565881286666811,1.0484040617254295
3.091206583204089,0.532449933113903,1.0359086037578793,1.4746697340630637,1.270207428602065,1.534018879498364,1.923549750288129,1.1125811210315213,0.9935893755942533,0.9524633909622888,1.0479045584462066
3.097868666357546,0.532449933113903,1.0354493425126623,1.4746697340630637,1.270207428602065,1.534018879498364,1.923549750288129,1.1125811210315213,0.9998551631334338,0.9525378370724414,1.048198118599181
3.1045307495110035,0.532449933113903,0.9869003160764829,1.4724091636743792,1.270207428602065,1.534018879498364,1.923549750288129,1.119950764624778,1.000640121652935,0.9571122503457031,1.0494281866695805
3.1111928326644605,0.532449933113903,0.9866654190587474,1.4718255555947926,1.270207428602065,1.533276470613876,1.923549750288129,1.119950764624778,0.9962002272389261,0.9638738818067502,1.0497416951573537
3.1178549158179174,0.532449933113903,0.9525818480674907,1.4085951805652832,1.270207428602065,1.3907981993320102,1.923549750288129,1.119950764624778,0.9935174870976761,0.9627803987145369,1.0432369998299558
3.124516998971375,0.5695725164976341,0.9525818480674907,1.3368486947754568,1.270207428602065,1.534018879498364,1.9229086661395216,1.119950764624778,0.9952125215259673,0.9641917213566209,1.0439251937880678
3.1311790821248318,0.5800888809040899,0.9525818480674907,1.2788149947717486,1.270207428602065,1.534018879498364,1.8587889742127552,1.1322036590609736,0.9939544278104728,0.9645397004101384,1.0464236959308861
3.1378411652782887,0.5800888809040899,0.9518756847258494,1.2788149947717486,1.270207428602065,1.534018879498364,1.8095415167534321,1.1322036590609736,0.9912744526886142,0.9676756357420232,1.0436131107721929
3.144503248431746,0.5800888809040899,0.9518756847258494,1.2788149947717486,1.270207428602065,1.534018879498364,1.8095415167534321,1.1383414126629132,0.9951706059313691,0.9665354071486674,1.0484486133601003
3.151165331585203,0.5800888809040899,1.0121773645595433,1.3103247391184618,1.270207428602065,1.534018879498364,1.8095415167534321,1.1498171152932541,0.996611738897156,0.9702394383443378,1.0522016012645758
3.15782741473866,0.5800888809040899,1.0121773645595433,1.3103247391184618,1.2714107573542133,1.534018879498364,1.9229018315537187,1.1795628760059842,0.9967804360000873,0.9691191669330756,1.0493938332231805
3.164489497892117,0.5800888809040899,1.0121773645595433,1.3103247391184618,1.2902400573271229,1.534018879498364,1.8594314252785247,1.1795628760059842,0.9959033410430979,0.9658899677338969,1.0551890792389127
3.1711515810455744,0.5800888809040899,1.0121773645595433,1.3103247391184618,1.2902400573271229,1.534018879498364,1.8594314252785247,1.1679412572453913,0.9959413462180391,0.969021995118751,1.0544320529661846
3.1778136641990313,0.5800888809040899,1.0359086037578793,1.3764143608293042,1.2902400573271229,1.534018879498364,1.8594314252785247,1.161179486445943,1.0013688759287782,0.9678658650671195,1.0488549841156818
3.1844757473524883,0.5800888809040899,1.0359086037578793,1.4370583940259825,1.2902400573271229,1.534018879498364,1.9904956684287753,1.1605404490165374,1.0029019587805996,0.9725557843666952,1.047095506671182
3.1911378305059457,0.5800888809040899,1.035202440416238,1.4370583940259825,1.2902400573271229,1.534018879498364,1.9904956684287753,1.15033613675307,1.0040183682173118,0.9718678184500948,1.0488586236189967
3.1977999136594026,0.5800888809040899,1.035202440416238,1.4370583940259825,1.2902400573271229,1.534018879498364,1.9904956684287753,1.15033613675307,1.0033531825118875,0.9724395717580713,1.0521648372249246
3.2044619968128596,0.5800888809040899,1.035202440416238,1.4370583940259825,1.2902400573271229,1.534018879498364,1.9904956684287753,1.134228860604478,1.0050702249231924,0.968925158508404,1.0529925979018575
3.211124079966317,0.5800888809040899,1.035202440416238,1.4370583940259825,1.2902400573271229,1.534018879498364,1.9904956684287753,1.134228860604478,1.0090614730900174,0.9698826995224168,1.0453341090323511
3.217786163119774,0.5800888809040899,1.035202440416238,1.4370583940259825,1.2902400573271229,1.534018879498364,1.9904956684287753,1.134228860604478,1.013230911580562,0.9726652966942992,1.0446377511693723
3.224448246273231,0.5802766580443811,1.0137739320632915,1.4370583940259825,1.2902400573271229,1.534018879498364,1.9904956684287753,1.1376006089212474,1.0143446481879295,0.9675597668402587,1.0400343738900832
3.231110329426688,0.6861243177178931,1.0137739320632915,1.4370583940259825,1.2902400573271229,1.5347899037145813,1.9904956684287753,1.1376006089212474,1.0108599570810854,0.9706042712729455,1.039846040374592
3.2377724125801453,0.6861243177178931,1.0137739320632915,1.4370583940259825,1.2902400573271229,1.704465421664849,1.9904956684287753,1.1373751385411839,1.0120238476037575,0.971613141348674,1.0423622952301301
3.244434495733602,0.6861243177178931,1.0137739320632915,1.436947791878523,1.2902400573271229,1.704465421664849,1.9904956684287753,1.1346885822352548,1.0147403780284976,0.974938167393441,1.0451355444221055
3.251096578887059,0.6861243177178931,1.0137739320632915,1.3880786120003328,1.2902400573271229,1.704465421664849,1.9910839678522263,1.1346885822352548,1.0138356334606757,0.9730509170707341,1.0421121499050028
3.2577586620405166,0.6861243177178931,1.0140485261522254,1.3880786120003328,1.2902400573271229,1.704465421664849,2.025641717968103,1.104872829684878,1.0072703919013306,0.9731851475138585,1.0393898977143714
3.2644207451939735,0.6858333276314739,1.022815351589223,1.3880786120003328,1.2902400573271229,1.683947224540301,2.025641717968103,1.1240697282772283,1.009131195666852,0.9747367471988007,1.0403122042109059
3.2710828283474305,0.666839394227502,1.022815351589223,1.3880786120003328,1.2902400573271229,1.534018879498364,2.025641717968103,1.097625724043621,1.0049393228838022,0.9761994476526419,1.038733357699505
3.277744911500888,0.666839394227502,1.022815351589223,1.3880786120003328,1.2902400573271229,1.534018879498364,2.025641717968103,1.0974769973351184,1.0032556838442634,0.9740753422300842,1.042268090227164
3.284406994654345,0.666839394227502,1.022815351589223,1.3880786120003328,1.2902400573271229,1.534018879498364,2.025641717968103,1.0885584134068353,1.008302879114074,0.9692667102064005,1.0453961560749863
3.291069077807802,0.666839394227502,1.022815351589223,1.3880786120003328,1.2922570351760396,1.534018879498364,2.025641717968103,1.0885584134068353,1.0131847030632803,0.9650243272157485,1.0458513567156753
3.2977311609612587,0.666839394227502,1.0232277513028505,1.3880786120003328,1.2980783193765428,1.6107790108588824,2.025641717968103,1.0885584134068353,1.0082424309733975,0.9655708362884785,1.041565817578077
3.304393244114716,0.666839394227502,1.0614819903951944,1.3880786120003328,1.2902400573271229,1.534018879498364,2.025641717968103,1.0885584134068353,1.0107697795289634,0.9660601968349491,1.048671347952798
3.311055327268173,0.666839394227502,1.022815351589223,1.3880786120003328,1.2902400573271229,1.534018879498364,2.025641717968103,1.0885584134068353,1.0081334671753974,0.9653572536583863,1.041053646689897
3.31771741042163,0.5144550903069658,1.022815351589223,1.3880786120003328,1.2902400573271229,1.534018879498364,2.025641717968103,1.0885584134068353,1.0121212330482912,0.959895534103629,1.044117592706015
3.3243794935750874,0.5144550903069658,1.0712499128025104,1.3673792615639975,1.2902400573271229,1.534018879498364,2.025641717968103,1.0885584134068353,1.0043133231104369,0.9635841319631433,1.044031302475804
3.3310415767285444,0.5144550903069658,1.0812270333381528,1.3673792615639975,1.2902400573271229,1.5348137498243688,2.025641717968103,1.057754309770849,1.0048355874420443,0.9576193892236573,1.0500790647479534
3.3377036598820014,0.5144550903069658,1.022815351589223,1.3673792615639975,1.3459497198351902,1.6837310508166676,2.025641717968103,1.057754309770849,1.0027982563946232,0.958139017101814,1.0483213181111024
3.3443657430354587,0.5144550903069658,1.0236518148467662,1.3673792615639975,1.3459497198351902,1.534018879498364,2.025641717968103,1.0213027689413265,1.0027658015889855,0.9575565193456569,1.0512997838092653
3.3510278261889157,0.5144550903069658,1.0976102249232866,1.3673792615639975,1.3459497198351902,1.534018879498364,2.025641717968103,1.0213027689413265,1.0069022832065957,0.9560325005018662,1.0459867798056601
3.3576899093423727,0.5144550903069658,0.9385369869982978,1.3673792615639975,1.3459497198351902,1.534018879498364,2.025641717968103,1.0467112807102072,1.0039054548663384,0.9587116986014803,1.0420814868408068
3.3643519924958296,0.5144550903069658,1.0976102249232866,1.3678030572724356,1.3459497198351902,1.534018879498364,2.025641717968103,1.0468639371894612,1.0011132765580752,0.9629555875074132,1.0405119227232993
3.371014075649287,0.5640570661096784,1.0618952232395569,1.473671435162132,1.3459497198351902,1.534018879498364,1.9904956684287753,1.057754309770849,0.9983771286885207,0.9615021955921716,1.0404001209534757
3.377676158802744,0.5640570661096784,1.0621502399162006,1.5223122105352385,1.3459497198351902,1.534018879498364,1.9898844639048276,1.0210675560139748,1.0003943093231196,0.9617851354739145,1.0401100725723647
3.384338241956201,0.6824830165665869,1.1317942039752111,1.5221030253452805,1.3459497198351902,1.534018879498364,1.8095415167534321,0.9829357033587403,0.9984233829812479,0.9693854458192369,1.0398291947382021
3.3910003251096583,0.6818905874483491,1.1051802518732168,1.5046121441421538,1.3459497198351902,1.534018879498364,1.8594314252785247,1.0213027689413265,1.0030106003503145,0.9662168923001103,1.0360959263804759
3.3976624082631153,0.5691649774501716,1.1034589894936055,1.5472965456187986,1.3459497198351902,1.534018879498364,1.8601285530307397,1.0210697127663408,1.0036571513653905,0.9604468444060299,1.0431801084597712
3.4043244914165722,0.5691649774501716,1.1034589894936055,1.5346229250961307,1.3459497198351902,1.534018879498364,1.8230775461712927,0.9829357033587403,1.0004394345900591,0.9586676851648952,1.043871179676088
3.4109865745700296,0.532449933113903,1.1034589894936055,1.473671435162132,1.3459497198351902,1.534018879498364,1.8230775461712927,0.9829357033587403,0.9998010636374746,0.9564675741963623,1.0446667088975077
3.4176486577234866,0.532449933113903,1.1034589894936055,1.473671435162132,1.3459497198351902,1.534018879498364,1.8230775461712927,0.9894991411139051,1.0003456833698978,0.9597404450406831,1.0433557485005105
3.4243107408769435,0.532449933113903,1.1038872186911899,1.473671435162132,1.3459497198351902,1.534018879498364,1.8237711888404944,1.0148919084574728,0.9963731080477194,0.9572604245304179,1.0448065497637642
3.430972824030401,0.532449933113903,1.1421097988156197,1.473671435162132,1.3459497198351902,1.534018879498364,1.9228457879501066,1.0670198318586839,1.00064099259263,0.9570995987803279,1.0452928994322033
3.437634907183858,0.532449933113903,1.1034589894936055,1.473671435162132,1.2980783193765428,1.534018879498364,1.8594314252785247,1.0670198318586839,1.002468026606817,0.9590639234182865,1.0401641929708787
3.444296990337315,0.532449933113903,1.1034589894936055,1.473671435162132,1.2980783193765428,1.534018879498364,1.8601381214508674,1.0577021830522533,0.9942016554190418,0.9529723678165948,1.0443141623585968
3.450959073490772,0.532449933113903,1.1034589894936055,1.473671435162132,1.2980783193765428,1.534018879498364,1.8230775461712927,1.0577021830522533,0.9964487308488718,0.9530463900872141,1.0386447940277206
3.457621156644229,0.532449933113903,1.1034589894936055,1.5046189574161302,1.2980783193765428,1.534018879498364,1.8230775461712927,1.0577021830522533,0.9940614244522479,0.9584281211194285,1.0385168744656927
3.464283239797686,0.532449933113903,1.0773495144132175,1.572389686942154,1.2980783193765428,1.534018879498364,1.8230775461712927,1.0670198318586839,0.9978696374906968,0.9556306765649303,1.0398189297103442
3.470945322951143,0.532449933113903,1.0861388697154806,1.572389686942154,1.2980783193765428,1.534018879498364,1.8230775461712927,1.0577433413216797,0.9949722283510878,0.9503251299810551,1.0388712467852383
3.4776074061046005,0.5691649774501716,1.1546885584399602,1.6368923476452513,1.2980783193765428,1.534018879498364,1.8230775461712927,1.0541050684873352,0.9968892849505288,0.9534501787073733,1.0401006769828705
3.4842694892580575,0.5691649774501716,1.1546885584399602,1.6368923476452513,1.2980783193765428,1.534018879498364,1.8230775461712927,1.0538309613312515,0.9988870448133922,0.9558562529798872,1.0385033818145686
3.4909315724115144,0.5691649774501716,1.1546885584399602,1.636535332089183,1.2980783193765428,1.534018879498364,1.8230775461712927,1.047899153030543,0.999181256387845,0.9565976410308574,1.0387036013198105
3.497593655564972,0.532449933113903,1.1546885584399602,1.572971273801476,1.2980783193765428,1.534018879498364,1.8230775461712927,1.0330250995276262,1.001319109907039,0.9462086883270868,1.039286764567091
3.5042557387184288,0.5327368556686173,1.1546885584399602,1.572971273801476,1.2980783193765428,1.534018879498364,1.8230775461712927,1.047899153030543,0.9981389092547934,0.9475426228696717,1.0368237498512747
3.5109178218718857,0.6515156602060225,1.1546885584399602,1.572971273801476,1.2980783193765428,1.534018879498364,1.8230775461712927,1.0599597876503304,0.999110197898877,0.9521467615597455,1.0393508998069825
3.5175799050253427,0.6611873306596247,1.1425388611439393,1.572971273801476,1.2980783193765428,1.534018879498364,1.8230775461712927,1.0599597876503304,1.002327208465421,0.9540711745174671,1.0336121965173684
3.5242419881788,0.5691649774501716,1.1318253295887062,1.5256757669520307,1.2977188753530502,1.534018879498364,1.8230775461712927,1.0599597876503304,1.0035945192994715,0.9619103491144618,1.032437852695712
3.530904071332257,0.5691649774501716,1.1316850163067245,1.5255920947784722,1.2902400573271229,1.534018879498364,1.8230775461712927,1.0597607866413448,1.0039405236170764,0.9592478868874587,1.0355847485417995
3.537566154485714,0.5691649774501716,0.9525818480674907,1.546862196617339,1.2902400573271229,1.534018879498364,1.8230775461712927,1.0557347675526467,1.0000833927794046,0.9588271744589638,1.036474576085405
3.5442282376391714,0.5691649774501716,0.9525818480674907,1.5042653484970399,1.2902400573271229,1.534018879498364,1.8230775461712927,1.0557347675526467,1.002872507460078,0.9606880863058248,1.0357132405016687
3.5508903207926283,0.5687018253983686,0.9523137536125574,1.5044149994677982,1.2902400573271229,1.5544128226525857,1.8230775461712927,1.0557347675526467,1.0018742147123803,0.9608977387305992,1.0375310746620752
3.5575524039460853,0.532449933113903,0.9482045460097067,1.5346229250961307,1.2902400573271229,1.5544128226525857,1.8230775461712927,1.0557347675526467,1.0010833685896663,0.9609757802083666,1.0348951264579564
3.5642144870995427,0.532449933113903,0.9482045460097067,1.5346229250961307,1.2902400573271229,1.5544128226525857,1.8230775461712927,1.0557347675526467,0.9987274871078766,0.9604707704713857,1.0370596933797929
3.5708765702529996,0.6690260517323636,0.9482045460097067,1.5346229250961307,1.2902400573271229,1.6285873650780889,1.7945804326705108,1.0557347675526467,1.000143374947581,0.9557041709100882,1.0382086572585967
3.5775386534064566,0.6690260517323636,0.9482045460097067,1.5346229250961307,1.2902400573271229,1.6285873650780889,1.8230775461712927,1.0557347675526467,0.9989216955296379,0.9561788946529657,1.0386367172429123
3.5842007365599136,0.6690260517323636,0.9482045460097067,1.572971273801476,1.2902400573271229,1.6285873650780889,1.8230775461712927,1.0433397164054905,1.0013044235884545,0.9585044084905503,1.034336410256108
3.590862819713371,0.6641875444401485,0.9482045460097067,1.572971273801476,1.2902400573271229,1.6285873650780889,1.8223501660181727,1.0432684914672934,1.001999966780757,0.9616457805160963,1.0361718096972936
3.597524902866828,0.6641875444401485,0.9482045460097067,1.572971273801476,1.2902400573271229,1.6205133743744824,1.7782904000428912,1.0330250995276262,0.998352469206732,0.9624478477128566,1.0401498081797613
3.604186986020285,0.6641875444401485,0.9494960337068836,1.5732275000989913,1.2902400573271229,1.6205133743744824,1.7782904000428912,1.0433397164054905,0.999680203682858,0.9597356046473913,1.0391195382025267
3.6108490691737423,0.6641875444401485,1.0097977135405776,1.547304148344445,1.2902400573271229,1.6205133743744824,1.7782904000428912,1.044705886485084,0.9990157990186193,0.9637828945311779,1.0413985377642687
3.617511152327199,0.6641875444401485,1.0106679414369024,1.6444716122715073,1.2902400573271229,1.6205133743744824,1.7782904000428912,1.044705886485084,0.9946708068181,0.960857457448574,1.0382159383447396
3.624173235480656,0.6641875444401485,1.0789845124603223,1.6444716122715073,1.2902400573271229,1.6205133743744824,1.7782904000428912,1.0447777721369924,0.9943502956017292,0.9638517789386845,1.0403749469724133
3.6308353186341136,0.6639761011726697,1.1053329111892332,1.6444716122715073,1.2902400573271229,1.6205133743744824,1.7782904000428912,1.03687027196298,0.9932493168293033,0.9616548691283787,1.0351957990363054
3.6374974017875705,0.6590796330996553,1.1053329111892332,1.6444716122715073,1.292469348633835,1.6205133743744824,1.7782904000428912,1.0703384377115004,0.9982016477030589,0.9633261795970226,1.0350567474423054
3.6441594849410275,0.6590796330996553,1.0103069201153487,1.6467109078816276,1.3459497198351902,1.6128000716589037,1.704465421664849,1.0703384377115004,0.9934149453607716,0.9663549761533712,1.0339531339147232
3.6508215680944844,0.6593785562174919,1.0103069201153487,1.6672616566996006,1.3459497198351902,1.6128000716589037,1.704465421664849,1.0705527477821155,0.9929072657853858,0.9674919685155305,1.039243431072343
3.657483651247942,0.7021734830240239,1.0103069201153487,1.6672616566996006,1.3459497198351902,1.6128000716589037,1.704465421664849,1.09048253515715,0.996908649337024,0.9692248263909784,1.03920569690241
3.664145734401399,0.7021734830240239,1.0103069201153487,1.6672616566996006,1.3459497198351902,1.6128000716589037,1.7035910643062493,1.1044749313931908,0.9948102431278489,0.9641728123624806,1.0389857767564434
3.6708078175548557,0.7021734830240239,1.0101610472504974,1.6672616566996006,1.3459497198351902,1.534018879498364,1.6285873650780889,1.123937499961921,1.0011257231214499,0.9649493068481175,1.037862803250409
3.677469900708313,0.7021734830240239,0.9839606393227698,1.6672616566996006,1.3524034850533273,1.534018879498364,1.6285873650780889,1.1167757329423937,0.9995659663647141,0.9674371405443232,1.0378718060508656
3.68413198386177,0.7014903369016914,1.0103069201153487,1.6672616566996006,1.3524034850533273,1.534018879498364,1.6285873650780889,1.110014182192709,0.9988538957582166,0.9607852612915193,1.0392253344058504
3.690794067015227,0.6656926723559204,1.0103069201153487,1.6672616566996006,1.3524034850533273,1.534018879498364,1.6285873650780889,1.110014182192709,0.9990300590123381,0.9575491545521041,1.0398013411246847
3.6974561501686845,0.6656926723559204,1.0103069201153487,1.6672616566996006,1.3524034850533273,1.534018879498364,1.6285873650780889,1.110014182192709,1.0002723242623046,0.9553274596646293,1.0397943777755791
3.7041182333221414,0.6656926723559204,1.0103069201153487,1.6672616566996006,1.3524034850533273,1.534018879498364,1.6285873650780889,1.0746738484448883,0.9998961229259243,0.9619149657662348,1.037745104060393
3.7107803164755984,0.6656926723559204,1.0103069201153487,1.6678012888501965,1.3524034850533273,1.534018879498364,1.6285873650780889,1.0940014014349955,0.9982562469301326,0.9659435975764227,1.0359294404302366
3.7174423996290553,0.7021734830240239,1.1051851851300925,1.6922195283156247,1.3459497198351902,1.534018879498364,1.6285873650780889,1.0940014014349955,0.9947848997974107,0.9598045587316333,1.0371634273051336
3.7241044827825127,0.7021734830240239,1.0788404927897601,1.6922195283156247,1.3524034850533273,1.534018879498364,1.6285873650780889,1.087595582085032,0.9934214990528127,0.9585352542637778,1.0338529692864389
3.7307665659359697,0.7021734830240239,1.0788404927897601,1.6922195283156247,1.3524034850533273,1.534018879498364,1.6285873650780889,1.094951824155149,0.994578105707856,0.9639331018232085,1.0333168929209546
3.7374286490894266,0.7112359517276144,1.173832315250804,1.6922195283156247,1.3524034850533273,1.5322351904868206,1.6279110618474497,1.0778071602390318,0.9956587189974158,0.9619807238548417,1.0285661859729314
3.744090732242884,0.7112359517276144,1.173832315250804,1.6922195283156247,1.3459497198351902,1.4835180792874776,1.6205133743744824,1.0778071602390318,0.9958778412882594,0.962021136601615,1.0345299133025931
3.750752815396341,0.7028689826024487,1.0523480743902873,1.6922195283156247,1.3459497198351902,1.483900625573348,1.6205133743744824,1.1058491668995059,0.9996276296966107,0.9662967115077975,1.0307266250791196
3.757414898549798,0.7070119903162391,1.0521987598788964,1.6922195283156247,1.3459497198351902,1.5112346886900137,1.6205133743744824,1.0703384377115004,0.9963403141973977,0.9666510050202126,1.032797430612999
3.7640769817032553,0.7070119903162391,1.0585684502404111,1.7391026717968643,1.3459497198351902,1.5112346886900137,1.6205133743744824,1.070334506480457,0.9942858992531365,0.9648245063561355,1.0280844800372024
3.7707390648567123,0.7070119903162391,1.0585684502404111,1.7954652350957625,1.3459497198351902,1.5112346886900137,1.6205133743744824,1.0913426931272512,0.9944325860504021,0.9680213472319273,1.0210853431803402
3.7774011480101692,0.7021734830240239,1.0585684502404111,1.7204025461135033,1.3459497198351902,1.5112346886900137,1.6197482082393944,1.0913426931272512,0.9939266443797883,0.9612377119018635,1.0245007881442034
3.7840632311636266,0.7021734830240239,1.0588974938494498,1.6924561374442524,1.3459497198351902,1.5112346886900137,1.6285873650780889,1.041571505600674,0.994937856053366,0.956849096289958,1.0263164265893308
3.7907253143170836,0.7021734830240239,1.1551852316485385,1.7111017692002237,1.344725209673221,1.5112346886900137,1.6285873650780889,1.0419104066075895,0.993664883545583,0.9518928085885813,1.0304989042845736
3.7973873974705405,0.7018625593430624,1.0812201438087259,1.7111017692002237,1.1931257951653942,1.5109887425373776,1.6285873650780889,1.0503965272413847,0.9938095207526589,0.9547870701118507,1.0340936865280317
3.8040494806239975,0.6783645565900465,1.1049513830070619,1.7111017692002237,1.1931257951653942,1.468056554727442,1.6285873650780889,1.0505613777213758,0.9916145922435233,0.9602285754647154,1.0336641749577515
3.810711563777455,0.6783645565900465,1.0664444804016489,1.7030564627164673,1.1931257951653942,1.468056554727442,1.6278978009997778,1.0679023580250244,0.9940271530645881,0.9609452299551098,1.0361531725167024
3.817373646930912,0.6783645565900465,1.0664444804016489,1.6672616566996006,1.1931257951653942,1.4476332134027456,1.576237959242945,1.042265050135872,0.9922658412484049,0.9615717084763662,1.0363593715381931
3.824035730084369,0.6783645565900465,1.1551852316485385,1.6672616566996006,1.1931257951653942,1.4483251885442598,1.576237959242945,1.0531948731457965,0.9919388658261199,0.9609710445041229,1.0365378446960698
3.830697813237826,0.6783645565900465,1.1551852316485385,1.6672616566996006,1.1931257951653942,1.468056554727442,1.6128000716589037,1.0380978110449552,0.9932088841202548,0.9592145083323371,1.0528233152864013
3.837359896391283,0.6783645565900465,1.1551852316485385,1.6672616566996006,1.1931257951653942,1.468056554727442,1.6128000716589037,1.0380978110449552,0.9960834952447151,0.9587748138880282,1.0540970386832413
3.84402197954474,0.6783645565900465,1.1551852316485385,1.6672616566996006,1.1931257951653942,1.468056554727442,1.6128000716589037,1.0378721597479752,0.9974293395746403,0.9638647090966305,1.0382381741476474
3.8506840626981975,0.6783645565900465,1.1551852316485385,1.6672616566996006,1.1931257951653942,1.468056554727442,1.6128000716589037,1.0408205183625405,0.9954867746177156,0.9618425819108432,1.0403099171992038
3.8573461458516545,0.6783645565900465,1.1049513830070619,1.6672616566996006,1.1931257951653942,1.468056554727442,1.6128000716589037,1.020040903848189,0.9959154679676927,0.9634114397753486,1.0368955364764478
3.8640082290051114,0.6783645565900465,1.1049513830070619,1.6672616566996006,1.1931257951653942,1.468056554727442,1.6128000716589037,1.0109397350844345,0.995821555282327,0.9601141227273419,1.0433150419525432
3.8706703121585684,0.6783645565900465,1.1049513830070619,1.6672616566996006,1.1931257951653942,1.468056554727442,1.6128000716589037,1.0312923316224467,0.996038453335717,0.9607192041420932,1.0415938597131407
3.877332395312026,0.6790835277350638,1.0749037600692635,1.6678255093237404,1.1931257951653942,1.468056554727442,1.6128000716589037,1.0312923316224467,0.9981251015413991,0.9647981445998466,1.035963537499684
3.8839944784654827,0.6832030638822616,1.0749037600692635,1.7111017692002237,1.1931257951653942,1.468056554727442,1.615180432156716,1.0312923316224467,0.9947590017365977,0.9667872498234742,1.0371246261715004
3.8906565616189397,0.6832030638822616,1.0749037600692635,1.6922195283156247,1.1931257951653942,1.468056554727442,1.6285873650780889,1.0312923316224467,0.9913470581197976,0.9609317126383342,1.036777048395109
3.897318644772397,0.7452288368769524,1.0751694777541287,1.6922195283156247,1.1931257951653942,1.468056554727442,1.6285873650780889,1.0312923316224467,0.993204221390128,0.9624852594610608,1.0316338050038634
3.903980727925854,0.7452288368769524,1.1049513830070619,1.6935747708588158,1.1931257951653942,1.468056554727442,1.6285873650780889,1.0312923316224467,0.9953447603144014,0.9707438665562927,1.033493304044742
3.910642811079311,0.7452288368769524,1.1049513830070619,1.7303512870155335,1.2617835705452212,1.4835180792874776,1.6285873650780889,1.0006604964051178,0.9960329260519167,0.9731456273000499,1.0300634529728496
3.9173048942327684,0.7444669190212925,1.1049513830070619,1.7303512870155335,1.2617835705452212,1.4835180792874776,1.6285873650780889,1.0121726266522102,0.9975182908113117,0.9739246180595893,1.030684877228586
3.9239669773862254,0.7444669190212925,1.1049513830070619,1.7303512870155335,1.2617835705452212,1.4839182920092828,1.6285873650780889,1.0130360420123687,0.999975780187355,0.9720502600654677,1.0381566238991105
3.9306290605396823,0.74402177156798,1.0364913223270862,1.7296139663154138,1.2617835705452212,1.5109801128478095,1.6285873650780889,1.0130360420123687,1.0011013888765956,0.9715983016188645,1.0396240127180423
3.9372911436931393,0.7070119903162391,1.066554947568879,1.6717314795400326,1.2617835705452212,1.468056554727442,1.6285873650780889,1.0130360420123687,1.0002862824231105,0.9718226351526065,1.0404182982465342
3.9439532268465967,0.7070119903162391,1.066554947568879,1.6785131907060853,1.2617835705452212,1.4179492025776723,1.5758357080862244,1.0128232039399068,0.9969556839725584,0.9751900014650655,1.044206819610737
3.9506153100000536,0.7070119903162391,1.0663677113465408,1.6785131907060853,1.2626271557207445,1.4179492025776723,1.524248914322478,1.0312923316224467,0.9958072696411218,0.9744047129061225,1.0342247301807073
3.9572773931535106,0.7070119903162391,1.0234693180597798,1.6785131907060853,1.2902400573271229,1.4171475999599616,1.524248914322478,1.0379004070625755,1.0019538072918133,0.9738250771950329,1.0265481545144846
3.963939476306968,0.7070119903162391,1.0234693180597798,1.6785131907060853,1.2153850307808618,1.3588438452025458,1.524248914322478,1.0375460202451525,1.002427818278532,0.9718466383534419,1.0356026428213152
3.970601559460425,0.7070119903162391,1.0234693180597798,1.6785131907060853,1.2153850307808618,1.357995992311122,1.524248914322478,1.039169089098559,1.0019176817536735,0.968016303381794,1.0348640903638693
3.977263642613882,0.7070119903162391,1.0234693180597798,1.6785131907060853,1.2153850307808618,1.3524034850533273,1.524248914322478,1.0378288326285228,0.997715700798751,0.9709967087066383,1.0360202247282182
3.9839257257673393,0.687739947762558,1.0234693180597798,1.6785131907060853,1.2153850307808618,1.468056554727442,1.602140708777703,1.0314378740138155,1.0064503234192315,0.9685002292890053,1.0328190686576844
3.9905878089207962,0.6633434933983796,1.0234693180597798,1.6785131907060853,1.2153850307808618,1.5257695766063128,1.6128000716589037,1.0244347736438564,1.0057315289360715,0.9735007851929935,1.0335861199330691
3.997249892074253,0.6633434933983796,1.0234693180597798,1.6785131907060853,1.2153850307808618,1.538839800230503,1.6285873650780889,1.0118757288373867,1.001965679856971,0.9747956499018734,1.0325215355393345
4.003911975227711,0.6633434933983796,1.0234693180597798,1.5849953722272065,1.2153850307808618,1.5109753665185481,1.6285873650780889,1.010144640706998,1.0022654883401407,0.9708083130918221,1.0307360354646316
4.0105740583811675,0.6633434933983796,1.0234693180597798,1.5502000934008657,1.2153850307808618,1.538839800230503,1.6285873650780889,1.0124505244939086,1.001167342971619,0.9707399204389937,1.0268983487120624
4.0172361415346245,0.6633434933983796,1.0464943939164744,1.5504512823173477,1.2153850307808618,1.538839800230503,1.6285873650780889,1.0124505244939086,0.9932101878908137,0.9696549140162221,1.0225197794557999
4.0238982246880814,0.6633434933983796,1.0464943939164744,1.5697400292260326,1.2153850307808618,1.538839800230503,1.6285873650780889,1.0283152122140136,0.9936377692270013,0.968890951613447,1.0248626183208442
4.030560307841538,0.662887028636935,1.0464943939164744,1.5697400292260326,1.2153850307808618,1.538839800230503,1.6285873650780889,1.0124505244939086,0.9939389714791795,0.9701846584679499,1.0246979801404315
4.037222390994995,0.6715593051328882,1.0464943939164744,1.5697400292260326,1.2153850307808618,1.538839800230503,1.6285873650780889,0.9987459090755106,0.995034580792131,0.9701688056743576,1.0212258696695915
4.043884474148453,0.6715593051328882,1.0464943939164744,1.5697400292260326,1.2153850307808618,1.538839800230503,1.627855607393583,0.9954840530176272,0.9986565082674812,0.9695001899284552,1.029112823808958
4.05054655730191,0.6715593051328882,1.0464943939164744,1.5697400292260326,1.2153850307808618,1.468056554727442,1.6128000716589037,0.9862581033941696,0.999334932754306,0.9666665555167178,1.0189230227515669
4.057208640455367,0.6715593051328882,1.0464943939164744,1.5697400292260326,1.2153850307808618,1.468056554727442,1.6128000716589037,0.9550672201135271,0.9999307072325714,0.9627609840628563,1.0166454645544496
4.063870723608824,0.6715593051328882,1.0464943939164744,1.5697400292260326,1.2153850307808618,1.4683197602592113,1.6128000716589037,0.9550672201135271,0.9979061406246663,0.9642071933987545,1.02059825697931
4.070532806762281,0.6715593051328882,1.0592649231338365,1.5697400292260326,1.2153850307808618,1.5112346886900137,1.6128000716589037,0.9550672201135271,0.9987119706018939,0.9631551455600945,1.0248969022837005
4.077194889915738,0.6715593051328882,1.0592649231338365,1.5697400292260326,1.2153850307808618,1.5112346886900137,1.6128000716589037,0.9550672201135271,0.9986787652257236,0.9614170700342526,1.029831456446964
4.083856973069196,0.6715593051328882,1.0592649231338365,1.5697400292260326,1.2153850307808618,1.4835180792874776,1.6128000716589037,0.9550672201135271,1.0004607683611,0.9624988403805389,1.032287195256709
4.090519056222653,0.6715593051328882,1.0592649231338365,1.5697400292260326,1.2153850307808618,1.4835180792874776,1.645684620376379,0.9597751322256863,1.0012093679540413,0.9653649097166934,1.0315930125050028
4.09718113937611,0.6715593051328882,1.0592649231338365,1.5694838415251418,1.2153850307808618,1.4835180792874776,1.645684620376379,0.9496152069294229,1.0046123934248876,0.965496042446039,1.034799328637349
4.103843222529567,0.7421223841418908,1.0592649231338365,1.544128934462342,1.2153850307808618,1.4830995206514284,1.6670764502497117,0.9496152069294229,1.0033651841330893,0.9653373482205876,1.0359345869063747
4.110505305683024,0.7406391504070109,1.0597730619614196,1.544128934462342,1.2153850307808618,1.4559041198598706,1.6670764502497117,0.9496152069294229,1.0019054448887719,0.9646626211535271,1.039850949558478
4.117167388836481,0.6715593051328882,1.1089793055369137,1.5237923709800842,1.3625898776089556,1.4559041198598706,1.6670764502497117,0.9396341185524674,1.0000182592580902,0.9653802584029041,1.039429243713629
4.1238294719899375,0.6715593051328882,1.2076733952389058,1.5502000934008657,1.2153850307808618,1.4559041198598706,1.6670764502497117,0.9396341185524674,1.003254164243101,0.9668381563279366,1.0404680224670102
4.130491555143395,0.6715593051328882,1.2076733952389058,1.5502000934008657,1.2153850307808618,1.4559041198598706,1.6670764502497117,0.9396341185524674,1.0021368132794666,0.9656597433117291,1.0402811824104252
4.137153638296852,0.6715593051328882,1.2076733952389058,1.5499191605611873,1.2153850307808618,1.4559041198598706,1.6679253058068237,0.9396341185524674,1.0071520740215556,0.9698416172969672,1.03827380934908
4.143815721450309,0.6715593051328882,1.2076733952389058,1.5680004611583387,1.2153850307808618,1.455019280097344,1.731194775259316,0.9396341185524674,1.006817739077888,0.9689489766596366,1.0382863487989757
4.150477804603766,0.6715593051328882,1.207343526655229,1.5677409409345118,1.2153850307808618,1.4476332134027456,1.731194775259316,0.9391347291351582,1.0078914998471458,0.9635121578056202,1.0386742984304618
4.157139887757223,0.6715593051328882,1.1546885584399602,1.5484605253331718,1.3588438452025458,1.4476332134027456,1.7303418189507256,0.9389545772971288,1.0112767507271574,0.9649847465127148,1.0372477164082259
4.16380197091068,0.6717164899680974,1.1546885584399602,1.5484605253331718,1.3588438452025458,1.4476332134027456,1.6670764502497117,0.9552174800392139,1.0080790523090903,0.9646165252268167,1.0412276125507733
4.170464054064138,0.6633434933983796,1.1546885584399602,1.5484605253331718,1.3524034850533273,1.4476332134027456,1.645684620376379,0.9566174980627999,1.0084992822996066,0.9680862086876398,1.0475298051169857
4.177126137217595,0.6633434933983796,1.1545225651799549,1.581473839706499,1.3524034850533273,1.4476332134027456,1.648778024884998,0.9553576101858824,1.0126042638788162,0.9653591875942654,1.0469603158295642
4.183788220371052,0.6633434933983796,1.1584609556693155,1.581473839706499,1.3524034850533273,1.42487842076487,1.6679348742269513,0.9553576101858824,1.0105378989709022,0.9656790297430868,1.0495948939917024
4.190450303524509,0.6887185391373843,1.1582623526611355,1.581473839706499,1.3524034850533273,1.42487842076487,1.731194775259316,0.9553576101858824,1.0105488133920926,0.9677246690960792,1.0488298683334922
4.197112386677966,0.6887185391373843,1.1281961400404872,1.581330760953114,1.3524034850533273,1.42487842076487,1.731194775259316,0.9553576101858824,1.0117886657287483,0.965928413513307,1.0468399948035918
4.203774469831423,0.6887185391373843,1.1281961400404872,1.5697447120049288,1.3524034850533273,1.42487842076487,1.731194775259316,0.9553576101858824,1.0111463601340889,0.9689476106567049,1.0458163507465612
4.21043655298488,0.6887185391373843,1.1281961400404872,1.5689549040685296,1.2617835705452212,1.3907981993320102,1.731194775259316,0.9445653300462176,1.0040618874811988,0.9707415347701719,1.0473925498576535
4.217098636138338,0.6887185391373843,1.119873235366568,1.555010371324745,1.2617835705452212,1.3907981993320102,1.731194775259316,0.9445653300462176,1.0016133066436308,0.9720153559169553,1.0473136232012414
4.2237607192917945,0.6887185391373843,1.1195172176725343,1.555010371324745,1.2617835705452212,1.3907981993320102,1.731194775259316,0.9445653300462176,1.0064928002121278,0.976249177234536,1.0450507185245905
4.2304228024452515,0.6887185391373843,1.0593152077967452,1.555010371324745,1.2617835705452212,1.3907981993320102,1.731194775259316,0.9476350134983533,1.0057035598559358,0.975909187677756,1.0462821104252589
4.237084885598708,0.6887185391373843,1.0593152077967452,1.555010371324745,1.2617835705452212,1.3907981993320102,1.731194775259316,0.9553576101858824,1.0040995508693271,0.975076352744632,1.05197465437331
4.243746968752165,0.6633434933983796,1.0593152077967452,1.555010371324745,1.2617835705452212,1.4246035651521889,1.7782904000428912,0.9564732632942916,1.005466430822191,0.9767784954273314,1.0497122235202312
4.250409051905622,0.6628621305590384,1.1053329111892332,1.5504287398257135,1.2617835705452212,1.3817002868022983,1.7782904000428912,0.9564732632942916,1.005440984857998,0.9792984588617675,1.0507188990730412
4.257071135059079,0.6123479087114433,1.1053329111892332,1.5697447120049288,1.2617835705452212,1.3817002868022983,1.7782904000428912,0.9371545357040887,1.0066690022838696,0.9796739773460014,1.0521247092429937
4.263733218212537,0.6633434933983796,1.1053329111892332,1.5697447120049288,1.2617835705452212,1.3817002868022983,1.7782904000428912,0.9276023530497188,1.0082888612762944,0.9810271658608205,1.049761616517324
4.270395301365994,0.6633434933983796,1.1055026108378172,1.5697447120049288,1.2617835705452212,1.3907981993320102,1.7782904000428912,0.9276023530497188,1.0077121890100584,0.9807474029326488,1.041701353199739
4.277057384519451,0.6887185391373843,1.1318253295887062,1.5697447120049288,1.2617835705452212,1.3907981993320102,1.7799202250616293,0.9276023530497188,1.010291636468574,0.9810823991176036,1.0453342516600448
4.283719467672908,0.687666307943384,1.1319955587213753,1.5697447120049288,1.2617835705452212,1.3907981993320102,2.028605227579991,0.9276873208331338,1.0149893014898743,0.9799321756215893,1.0447354312049224
4.290381550826365,0.6633434933983796,1.1551852316485385,1.5705495162945549,1.2617835705452212,1.3907981993320102,2.028605227579991,0.9371545357040887,1.0113966634516633,0.9791550494247511,1.0440287025345596
4.297043633979822,0.6633434933983796,1.1551852316485385,1.6017049645405406,1.2617835705452212,1.3907981993320102,2.028605227579991,0.9371545357040887,1.0110457772904704,0.9789762772491042,1.0449004228715248
4.30370571713328,0.7386089800489917,1.1551852316485385,1.5223122105352385,1.2617835705452212,1.3907981993320102,2.028605227579991,0.9371545357040887,1.014958107690358,0.9811484002401974,1.0465339061548349
4.310367800286737,0.7393920397015054,1.1551852316485385,1.5223122105352385,1.2617835705452212,1.3903585768684923,2.028605227579991,0.9373841163239258,1.0108175623438012,0.9816780538815664,1.046951561756967
4.317029883440194,0.7393920397015054,1.1551852316485385,1.5223122105352385,1.2617835705452212,1.363572337331879,2.028605227579991,0.9276023530497188,1.0103044256415845,0.9824233827342693,1.0444306386411442
4.323691966593651,0.7397460563136913,1.1551852316485385,1.5220449641016094,1.2980783193765428,1.4179492025776723,2.028605227579991,0.9276023530497188,1.0109944899996575,0.9822284878827645,1.041426544908401
4.330354049747108,0.7706615450408462,1.1551852316485385,1.4370583940259825,1.3385221528397266,1.4179492025776723,2.028605227579991,0.9276023530497188,1.0129448319332184,0.9827911327243801,1.043376905153183
4.3370161329005645,0.7709698691068048,1.1551852316485385,1.4370583940259825,1.3382412564443467,1.4179492025776723,2.028605227579991,0.8983166429178853,1.0092496250396468,0.9825652048735336,1.0449341433696868
4.3436782160540215,0.7821340603714537,1.1551852316485385,1.4370583940259825,1.2980783193765428,1.4179492025776723,2.028605227579991,0.8983166429178853,1.0093559004147208,0.9818027466598999,1.0453590795838137
4.350340299207479,0.7821340603714537,1.1551852316485385,1.4370583940259825,1.2980783193765428,1.4179492025776723,2.028605227579991,0.8581030998385352,1.0116722654079948,0.9852706595992258,1.044188267394678
4.357002382360936,0.7821340603714537,1.1737413446918352,1.4370583940259825,1.2980783193765428,1.4179492025776723,2.028605227579991,0.8578314227183589,1.00683870776508,0.9821724713905347,1.0492842706097383
4.363664465514393,0.7557682140534878,1.1737413446918352,1.4370583940259825,1.2980783193765428,1.4179492025776723,2.028605227579991,0.8549181912912018,1.0110055622448608,0.9807538840300306,1.0492625169726308
4.37032654866785,0.7557682140534878,1.1737413446918352,1.4370583940259825,1.2980783193765428,1.4179492025776723,2.028605227579991,0.8983166429178853,1.0125651694400384,0.9773521196271914,1.0468177413050432
4.376988631821307,0.7557682140534878,1.1737413446918352,1.4370583940259825,1.2980783193765428,1.4179492025776723,2.028605227579991,0.9144555036011626,1.0153745096326585,0.9773616385719707,1.0487746626924082
4.383650714974764,0.7557682140534878,1.1745225647160877,1.4370583940259825,1.2985254161014066,1.4179492025776723,2.028605227579991,0.8959626507704324,1.0182481503247214,0.9838971988072249,1.0480576440039262
4.390312798128221,0.7557682140534878,1.1625338932371676,1.4442610639176379,1.3588438452025458,1.4179492025776723,2.028605227579991,0.879823790087155,1.01873338358256,0.9782378681482019,1.04947923342211
4.396974881281679,0.7557682140534878,1.1625338932371676,1.4442610639176379,1.3588438452025458,1.4170585330024232,2.028605227579991,0.8800022577004909,1.0212032510570923,0.9786857216504443,1.0439187111347605
4.403636964435136,0.7557682140534878,1.1625338932371676,1.4442610639176379,1.252165884914583,1.363572337331879,2.028605227579991,0.9123367920519371,1.0230676816172384,0.981346349910058,1.0483708823965299
4.410299047588593,0.7557682140534878,1.1625338932371676,1.4887642247146244,1.2518802421899389,1.363572337331879,2.028605227579991,0.908815737984862,1.0241953854944144,0.9829575066979247,1.0482974648828274
4.41696113074205,0.7557682140534878,1.1625338932371676,1.4879356761990663,1.2153850307808618,1.363572337331879,2.028605227579991,0.9087392118832529,1.0180348989107832,0.9814505376779126,1.0470160424923933
4.423623213895507,0.7557682140534878,1.1625338932371676,1.5113033190419274,1.2153850307808618,1.363572337331879,2.028605227579991,0.8964403741248614,1.0221264705629234,0.9797142790465385,1.0469303606715497
4.430285297048964,0.7556009693888257,1.1625338932371676,1.5667394990263153,1.2153850307808618,1.363572337331879,2.028605227579991,0.8965171310744375,1.0208778778864311,0.9837285583937936,1.0424051298785404
4.4369473802024215,0.7386089800489917,1.1623575750375434,1.5667394990263153,1.2144862642094596,1.363572337331879,2.028605227579991,0.9152647172583057,1.0213915203061381,0.9832562346001334,1.0438726796092572
4.4436094633558785,0.7386089800489917,1.1551852316485385,1.5667394990263153,1.2053584394210757,1.363572337331879,2.028605227579991,0.8814630218444202,1.0221725789824663,0.9847748573851528,1.0478936829141379
4.450271546509335,0.7386089800489917,1.1551852316485385,1.5667394990263153,1.2053584394210757,1.363572337331879,2.028605227579991,0.874226066916163,1.0237299933943564,0.9852470064239232,1.0470736984404385
4.456933629662792,0.7386089800489917,1.1551852316485385,1.5667394990263153,1.2053584394210757,1.363572337331879,2.028605227579991,0.866660450572341,1.0256798685221198,0.9848691680390863,1.0521340282105651
4.463595712816249,0.7386089800489917,1.1551852316485385,1.5667394990263153,1.2053584394210757,1.363572337331879,2.028605227579991,0.8665831165028419,1.0231743294249993,0.9864001462899383,1.0490024940349025
4.470257795969706,0.7386089800489917,1.1551852316485385,1.5667394990263153,1.1658096169894392,1.363572337331879,2.028605227579991,0.8651287902210645,1.023995463500853,0.9860628744387182,1.0473966939573855
4.476919879123163,0.7386089800489917,1.1551852316485385,1.5667394990263153,1.1658096169894392,1.364640643050024,2.028605227579991,0.8814630218444202,1.0215444766543862,0.9847491488737491,1.045935906579652
4.483581962276621,0.7386089800489917,1.1551852316485385,1.5667394990263153,1.1658096169894392,1.534018879498364,2.028605227579991,0.8814630218444202,1.0245759943858266,0.9850492969157796,1.045916409928551
4.490244045430078,0.7386089800489917,1.1551852316485385,1.5667394990263153,1.1655187964510565,1.4476332134027456,2.028605227579991,0.8812238605804841,1.0214880655565388,0.9873318923196812,1.0408508219407413
4.496906128583535,0.7386089800489917,1.1780484604997925,1.5667394990263153,1.1226314830268673,1.4476332134027456,2.028605227579991,0.8806750461896067,1.0240677738993984,0.9908308618980078,1.0496472142141982
4.503568211736992,0.7387789911667535,1.1776568522608701,1.5667394990263153,1.1226314830268673,1.4476332134027456,2.028605227579991,0.8980076148169258,1.0212221559883239,0.9905023562801589,1.0508808079921235
4.510230294890449,0.7557682140534878,1.173832315250804,1.5667394990263153,1.1226314830268673,1.4476332134027456,2.028605227579991,0.9043497088767984,1.0225074092346622,0.9864024915344383,1.045200354298951
4.516892378043906,0.7569207329662435,1.173832315250804,1.5667394990263153,1.1226314830268673,1.4476332134027456,2.028605227579991,0.8942540951777362,1.0227641287656342,0.9879227440516807,1.041526310047185
4.523554461197364,0.7818800877529004,1.173832315250804,1.5667394990263153,1.1226314830268673,1.4476332134027456,2.028605227579991,0.8942540951777362,1.0209649687962288,0.9905624064487456,1.0430520816940339
4.530216544350821,0.7818800877529004,1.173832315250804,1.5667394990263153,1.1226314830268673,1.4476332134027456,2.028605227579991,0.8823937367505423,1.014375072819372,0.9915598418539063,1.048914471328048
4.536878627504278,0.7820513563493445,1.173832315250804,1.5667394990263153,1.1226314830268673,1.4484541804260473,2.028605227579991,0.8889451488514285,1.0169329355924457,0.9920770096950915,1.0450616750661217
4.543540710657735,0.8154419287296736,1.173832315250804,1.5667394990263153,1.1226314830268673,1.534018879498364,2.028605227579991,0.8889451488514285,1.0148279571497159,0.9890530576688679,1.035334533909922
4.5502027938111915,0.8154419287296736,1.1425011832038057,1.5667394990263153,1.1229261869255538,1.534018879498364,2.028605227579991,0.9043497088767984,1.0116028430346766,0.986727953132361,1.0384317511069654
4.5568648769646485,0.8154419287296736,1.1695251994428468,1.5667394990263153,1.1658096169894392,1.534018879498364,2.028605227579991,0.914861235890391,1.010717701038851,0.9846487211246482,1.0381382177723988
4.563526960118105,0.815958752467836,1.1695251994428468,1.5667394990263153,1.1658096169894392,1.534018879498364,2.028605227579991,0.914861235890391,1.0096857466090348,0.9875185556535402,1.039642074774525
4.570189043271563,0.7863620765196979,1.1695251994428468,1.5667394990263153,1.1658096169894392,1.534018879498364,2.028605227579991,0.914861235890391,1.0178114848050714,0.9809789220952093,1.043889502696754
4.57685112642502,0.7817471529793413,1.1695251994428468,1.5667394990263153,1.1661060468260405,1.5767047608386713,2.028605227579991,0.914861235890391,1.0198485172521972,0.9805982090075566,1.039163128536914
4.583513209578477,0.7588866366002288,1.1695251994428468,1.5667394990263153,1.2092846122730867,1.6029581252401075,2.028605227579991,0.9147703216835639,1.0106784382181746,0.9813537504589134,1.0399491915906458
4.590175292731934,0.7588866366002288,1.1695251994428468,1.5667394990263153,1.252165884914583,1.6029581252401075,2.028605227579991,0.9324404765779898,1.0154199709776233,0.9802343357330814,1.0431024507050495
4.596837375885391,0.6871447874671534,1.1425011832038057,1.5667394990263153,1.2524636092046189,1.6029581252401075,2.028605227579991,0.9324404765779898,1.0071975116671565,0.9835308892385781,1.0420264152416532
4.603499459038848,0.6863184393736581,1.1425011832038057,1.5667394990263153,1.2953440188771546,1.6029581252401075,2.028605227579991,0.9597257995699191,1.007909738681981,0.9796889626295061,1.0354689668633528
4.610161542192305,0.6861243177178931,1.1425011832038057,1.5667394990263153,1.2953440188771546,1.576237959242945,2.0270465279458754,0.9641347266682057,1.0044579170946817,0.9796930085310509,1.0349962745275787
4.616823625345763,0.6861243177178931,1.1425011832038057,1.5667394990263153,1.2953440188771546,1.4179492025776723,1.7782904000428912,0.9597257995699191,1.005649591146398,0.9795848899797881,1.0328503390862562
4.62348570849922,0.6861243177178931,1.1425011832038057,1.5667394990263153,1.2950445686492038,1.4179492025776723,1.7782904000428912,0.9597257995699191,1.0049403222940096,0.9746390020499958,1.0324703364779526
4.630147791652677,0.5906245919026818,1.1425011832038057,1.6368923476452513,1.252165884914583,1.4179492025776723,1.7782904000428912,0.9641347266682057,1.0073547416243906,0.9781980646835664,1.0345008668414755
4.636809874806134,0.5893846178201391,1.1425011832038057,1.6368923476452513,1.252165884914583,1.4835180792874776,1.7782904000428912,1.0067866060567927,1.003973788857361,0.9798351345940953,1.0330045289298213
4.643471957959591,0.6824830165665869,1.1425011832038057,1.6368923476452513,1.252165884914583,1.4835180792874776,1.7782904000428912,0.9893839453033245,1.0067491738808028,0.9789118898052384,1.0354277509468885
4.650134041113048,0.6824830165665869,1.1425011832038057,1.6368923476452513,1.252165884914583,1.4835180792874776,1.7782904000428912,0.9685765336947705,1.0046081901361759,0.9723061156098337,1.0351390164245247
4.6567961242665055,0.6824830165665869,1.1425011832038057,1.6368923476452513,1.252165884914583,1.4835180792874776,1.7782904000428912,0.9814794971604395,1.0030484947230458,0.9713562353330474,1.036191464999948
4.663458207419962,0.650660772721142,1.1417079056827235,1.6368923476452513,1.252467924049403,1.4835180792874776,1.7782904000428912,0.9695448820684675,1.0017309288715852,0.9716240145229506,1.034737334286873
4.670120290573419,0.650660772721142,1.112462183794137,1.635026580709098,1.2953440188771546,1.4839943935794713,1.7782904000428912,0.9775427248181272,1.0026756631171474,0.9723005829202626,1.0370250042662503
4.676782373726876,0.650660772721142,1.0668260085838202,1.5108509176502707,1.2953440188771546,1.534018879498364,1.7782904000428912,0.9769551861619226,1.0061877125694603,0.9773972828140973,1.0372417223531434
4.683444456880333,0.650660772721142,1.0660061602572368,1.5108509176502707,1.2953440188771546,1.534018879498364,1.7765057162607145,0.9671156815264115,0.9996360964865465,0.9777040650970562,1.0391938763390707
4.69010654003379,0.650660772721142,1.0856212477990215,1.5108509176502707,1.2956477839498837,1.524248914322478,1.6039204349215972,0.9671156815264115,1.0009322814284072,0.9771511230335939,1.0392402876119506
4.696768623187247,0.650660772721142,1.0593152077967452,1.4301444172391238,1.3385221528397266,1.524248914322478,1.6670764502497117,0.9671156815264115,0.9978718736764411,0.9744235699845193,1.0404240436591774
4.703430706340705,0.650660772721142,1.0970519158747707,1.4301444172391238,1.3382175247980372,1.524248914322478,1.6670764502497117,0.9671156815264115,0.9951786720097259,0.9719449662647662,1.0394206043736673
4.710092789494162,0.650660772721142,1.0592649231338365,1.4301444172391238,1.2953440188771546,1.524248914322478,1.6661100398167348,0.9595006468129443,0.995308526113375,0.9726049008602138,1.0337032070562073
4.716754872647619,0.5452162118513512,1.0099253919331774,1.2652863270945205,1.2953440188771546,1.524248914322478,1.6029581252401075,0.9563331331476231,0.998715234354443,0.9744514291412422,1.0385760295228685
4.723416955801076,0.5452162118513512,1.0099253919331774,1.411580928304858,1.2956499413722784,1.524248914322478,1.6029581252401075,0.9847767364246711,0.9965934097118214,0.9712570972421636,1.0404095707023544
4.730079038954533,0.5452162118513512,1.0099253919331774,1.411580928304858,1.3385221528397266,1.524248914322478,1.6029581252401075,0.9847767364246711,0.9950525370654251,0.9691003218064156,1.0421370753114154
4.73674112210799,0.5452162118513512,1.0099253919331774,1.411580928304858,1.3382153673756483,1.524248914322478,1.6285873650780889,0.9847767364246711,0.991079566340902,0.9670181430408694,1.0420365421592814
4.743403205261447,0.5452162118513512,1.0099253919331774,1.411580928304858,1.2953440188771546,1.524248914322478,1.6285873650780889,0.9847767364246711,0.9922122763985795,0.9691370283069662,1.0389058015781183
4.750065288414905,0.5445966482248166,1.00922119135717,1.411580928304858,1.2953440188771546,1.524248914322478,1.6285873650780889,0.9847767364246711,0.9931757485875037,0.9685112547612063,1.0385024320135152
4.756727371568362,0.427938867952463,0.9043911598832062,1.411580928304858,1.2953440188771546,1.524248914322478,1.6285873650780889,0.9847767364246711,0.9970326684987179,0.9633461500511791,1.0357827447640517
4.7633894547218185,0.427938867952463,0.9383504919807121,1.411580928304858,1.2953440188771546,1.524248914322478,1.6285873650780889,0.9557276910380881,0.9997147942264708,0.9628226335068704,1.0391490024776906
4.7700515378752755,0.427938867952463,0.9383504919807121,1.385971243037852,1.2953440188771546,1.524248914322478,1.6285873650780889,0.9557276910380881,1.0019525059290002,0.9673245945003656,1.0405129827721673
4.776713621028732,0.427938867952463,0.9383504919807121,1.3847979152523298,1.2953440188771546,1.524248914322478,1.6029581252401075,0.9562222915925778,1.006755358652646,0.9650386423242594,1.0503489114517388
4.783375704182189,0.427938867952463,0.9383504919807121,1.3744130703442108,1.2953440188771546,1.524248914322478,1.6029581252401075,0.9557276910380881,1.007851163520872,0.9672948130082485,1.04640010418473
4.790037787335647,0.49027201847772284,0.865071874617954,1.3744130703442108,1.2953440188771546,1.524248914322478,1.6019753118012,0.9557276910380881,1.012369556042947,0.9680625190237807,1.0486601773143858
4.796699870489104,0.49027201847772284,0.9627418905135461,1.3744130703442108,1.2953440188771546,1.524248914322478,1.576237959242945,0.9557276910380881,1.0128021604872273,0.9667850708995034,1.045294559938109
4.803361953642561,0.49027201847772284,0.9627418905135461,1.3741127267143867,1.2953440188771546,1.524248914322478,1.576237959242945,0.9560096573901224,1.0111711022905876,0.9654887994834207,1.0462459940629247
4.810024036796018,0.49027201847772284,0.9627418905135461,1.3374348022472493,1.2953440188771546,1.524248914322478,1.576237959242945,0.9674648458607156,1.0112996722555199,0.963253466312943,1.0446937766714304
4.816686119949475,0.49027201847772284,0.9623782276788084,1.3374348022472493,1.2956559821549716,1.524248914322478,1.576237959242945,0.9674648458607156,1.012210749428975,0.9640386657659936,1.0409142939029417
4.823348203102932,0.49027201847772284,0.928423422504554,1.3374348022472493,1.3385221528397266,1.4747214752208988,1.576237959242945,0.9674648458607156,1.0141913852053603,0.9669888048988213,1.044646069819731
4.830010286256389,0.49027201847772284,0.928423422504554,1.3374348022472493,1.3385221528397266,1.4179492025776723,1.576237959242945,0.9772749013812436,1.012558613776903,0.9666121215689005,1.044684334907929
4.836672369409847,0.4365171648911651,1.0106218072615993,1.3365275228772626,1.3382088951084692,1.4179492025776723,1.576237959242945,0.9772749013812436,1.0121893265355266,0.9639009618342412,1.046465595820925
4.843334452563304,0.43595672044924083,1.0445751034614321,1.2788149947717486,1.2953440188771546,1.4179492025776723,1.576237959242945,0.9772749013812436,1.0140715906302855,0.9636711506072814,1.0482633340028644
4.849996535716761,0.4281497339272678,1.0445751034614321,1.2797247735339332,1.2953440188771546,1.4179492025776723,1.576237959242945,0.9772749013812436,1.0114350810732389,0.9618114596063572,1.0434773831830326
4.856658618870218,0.49027201847772284,1.0445751034614321,1.3374348022472493,1.2617835705452212,1.4179492025776723,1.576237959242945,0.9772749013812436,1.0057721818142384,0.963754180273011,1.0425561581336205
4.863320702023675,0.49027201847772284,1.044942287236478,1.3374348022472493,1.2617835705452212,1.4179492025776723,1.576237959242945,0.9772749013812436,1.009361952686882,0.9686311162019827,1.039513495217827
4.869982785177132,0.49027201847772284,1.0596464513160078,1.338348330097735,1.2515350546073014,1.4179492025776723,1.576237959242945,0.9772749013812436,1.0072986705607585,0.9679594289072386,1.045625097078072
4.876644868330589,0.43721545450579313,1.0596464513160078,1.3744130703442108,1.1658096169894392,1.4179492025776723,1.576237959242945,0.9757371003622655,1.0112777617247402,0.9777436409093663,1.0441413494853062
4.883306951484046,0.43721545450579313,1.0594523953996078,1.3744130703442108,1.1658096169894392,1.4179492025776723,1.576237959242945,0.9605409155583602,1.013294344944733,0.9729904597417791,1.0443267020164397
4.889969034637503,0.43721545450579313,1.017872309069911,1.3674450248861547,1.1658096169894392,1.4179492025776723,1.576237959242945,0.9711933667954948,1.0144489115922029,0.9728051241353334,1.051092375387021
4.89663111779096,0.4375784190383076,0.9513208199686487,1.367945800523011,1.1658096169894392,1.4179492025776723,1.7782904000428912,0.9553364466728074,1.0129421392448186,0.9729391946899459,1.0505233851068332
4.903293200944417,0.5613859573242207,1.017872309069911,1.4091800383409727,1.1658096169894392,1.4179492025776723,1.7782904000428912,0.9554556725692802,1.012654232444398,0.9787814882986839,1.0431423065602083
4.909955284097874,0.5613859573242207,1.017872309069911,1.4091800383409727,1.1658096169894392,1.4179492025776723,1.7782904000428912,0.97745921009122,1.0116495676579973,0.9809673519629812,1.0412749865902442
4.916617367251331,0.5613859573242207,1.017872309069911,1.4091800383409727,1.1658096169894392,1.4179492025776723,1.7782904000428912,0.9704861415053112,1.0163781124119644,0.9813145252278803,1.047543022256384
4.923279450404789,0.5613859573242207,1.017872309069911,1.4082565129216638,1.1658096169894392,1.4747214752208988,1.7782904000428912,0.9257698349090546,1.0151065682762197,0.977593780424586,1.049715843667338
4.929941533558246,0.5620289826869543,1.017872309069911,1.392757956542194,1.1658096169894392,1.4757329939201977,1.7782904000428912,0.9713357310486168,1.0120111617588305,0.9806157826334602,1.0547896268236177
4.936603616711703,0.6031305968142062,1.017872309069911,1.3804972157715922,1.1658096169894392,1.416949223554569,1.7782904000428912,0.9874807774895695,1.0173700618366484,0.9775850361438052,1.055099160132939
4.94326569986516,0.6031305968142062,1.017872309069911,1.3804972157715922,1.1658096169894392,1.363572337331879,1.7782904000428912,1.011913815899297,1.0174986704511175,0.9719632048119227,1.0593281701091524
4.949927783018617,0.6031305968142062,1.0443144428064752,1.3804972157715922,1.1658096169894392,1.363572337331879,1.7782904000428912,1.0117529164579722,1.0172373947870887,0.972492274746769,1.0578231693429085
4.956589866172074,0.6031305968142062,1.0443144428064752,1.3804972157715922,1.1658096169894392,1.363572337331879,1.7782904000428912,0.9874807774895695,1.0192379826952567,0.9692484489923081,1.0540404454767986
4.963251949325531,0.6031305968142062,1.0443144428064752,1.3804972157715922,1.1658096169894392,1.363572337331879,1.7782904000428912,0.9874807774895695,1.0216889085943763,0.9739314031942157,1.0595065155245087
4.9699140324789886,0.6250866290900552,1.0596464513160078,1.390453297613241,1.0128208589840515,1.363572337331879,1.7782904000428912,0.9874807774895695,1.022537552707456,0.9720328896062589,1.0507793098888638
4.9765761156324455,0.6250866290900552,1.0596464513160078,1.3907644719426158,1.0846262737814365,1.363572337331879,1.6285873650780889,0.9874807774895695,1.023404938344669,0.9681405384442361,1.0532455215279364
4.9832381987859025,0.6250866290900552,1.059844478363029,1.392757956542194,1.0846262737814365,1.363572337331879,1.6285873650780889,0.9874807774895695,1.0202804553073013,0.9653717679431517,1.0602177004296856
4.989900281939359,0.6250866290900552,1.046924282418973,1.392757956542194,1.0846262737814365,1.363572337331879,1.6285873650780889,0.9874807774895695,1.017662323381813,0.9646010772861588,1.0570212226597557
4.996562365092816,0.6250866290900552,1.046924282418973,1.392757956542194,1.0846262737814365,1.363572337331879,1.6285873650780889,0.9874807774895695,1.0191576623224774,0.9676184319030876,1.0604521522017625
5.003224448246273,0.6250866290900552,1.046924282418973,1.392757956542194,1.0846262737814365,1.363572337331879,1.6285873650780889,0.9874807774895695,1.0180874232192414,0.9669154239325546,1.058262397939321
