t_s,male_p50,female_p50,nose_gap_p50,male_p25,male_p75,female_p25,female_p75,nose_gap_p25,nose_gap_p75
-1.9986182885565111,0.40299871320822783,0.44199537058300553,0.5266673832638166,0.33060187957031845,0.4394860359962315,0.34111587900715046,0.6060223363995445,0.30888298324942787,0.638034665009062
-1.9919562275946563,0.4048046619460213,0.4377753289361798,0.5334525105072777,0.3298119844598192,0.4426803521591449,0.34332609870396275,0.6071646594835358,0.30548672063977633,0.6422320828964322
-1.9852941666328012,0.4005351837097916,0.43391066516102067,0.5307309570491355,0.3289854905927472,0.4446591140594315,0.34287604125825405,0.6080779695486359,0.30161945152204284,0.6465760468083119
-1.9786321056709462,0.39489412784327965,0.43555930782390295,0.5228423119882718,0.3281591331062,0.4447757180470161,0.34421492685260363,0.6087750331595091,0.29843849982668724,0.6509386700261629
-1.971970044709091,0.3932386457281327,0.42719180461866996,0.5100867267721788,0.327294463012658,0.44401080212678257,0.3456921708722575,0.6093529106759176,0.29646082208646124,0.655454209948716
-1.965307983747236,0.3952200210623105,0.4277740114256376,0.5075038654999421,0.326388857361381,0.4401827226576732,0.3470096273367782,0.609939274664149,0.2941768446448814,0.6603584113653351
-1.958645922785381,0.3940625944501932,0.4313334916232325,0.5071837148345647,0.3254410538965451,0.4363807462861257,0.34618278063878477,0.6105316335352651,0.29068569755856283,0.6654684400934442
-1.951983861823526,0.39642863635701475,0.430589993518973,0.4942243719020375,0.32442152126402035,0.4357951476513529,0.3467469652797747,0.6112110442255682,0.2903183882775747,0.671202527543474
-1.9453218008616708,0.3993933503137913,0.43007715855972234,0.48221379229765593,0.32332973533235077,0.4347373903165849,0.34791585334581404,0.6119680862234972,0.29522430262406035,0.6765852101642614
-1.938659739899816,0.404204829542368,0.4303725599591567,0.4764369388271261,0.3260339595456243,0.4353675517563862,0.3489635751027679,0.6126491536774757,0.2949521732784427,0.6820117431722864
-1.931997678937961,0.40478461888876066,0.43147015349392004,0.4720529849800408,0.3312284861270358,0.4352922488459664,0.3499067799279393,0.613381931696322,0.2901193683343898,0.6870384245922135
-1.9253356179761059,0.40612770262610876,0.43317902942286274,0.46822663598786735,0.33672076586929695,0.4339260178081102,0.3507680166530594,0.6141946286538114,0.28664325531427703,0.6989771174225216
-1.9186735570142508,0.4058452144590274,0.4278663535189907,0.4663787885230667,0.33502507196344417,0.43310533659387773,0.35161888165763944,0.6150447673170758,0.285109876551154,0.7105768079469625
-1.9120114960523957,0.40321074197781853,0.4211004930739027,0.4650051914836477,0.332656277902383,0.4328129366240997,0.3515989100536178,0.6159341128217979,0.27915449480853693,0.7215269821356071
-1.9053494350905407,0.4037756894042364,0.4143792757182114,0.46431974643875606,0.3300834229376526,0.43304680464170936,0.358478819071297,0.6154739647498652,0.27238800188768497,0.7214035047218873
-1.8986873741286856,0.4041387067021636,0.4154275691988043,0.46248310789153485,0.3271611752092036,0.4335497815057393,0.3642062640938272,0.603432937378961,0.26528407622384065,0.7214944595198302
-1.8920253131668305,0.40557234941492426,0.4182409634713323,0.45582092991817735,0.3242069461170132,0.4342247345997373,0.365872580924926,0.6052806728105115,0.2582527291876291,0.7250617167375148
-1.8853632522049757,0.4015459646458683,0.42055482068853367,0.444436881284027,0.32083739284693186,0.4350943018970196,0.36781307599070057,0.6138748743259491,0.25235015319059273,0.7272050028532437
-1.8787011912431206,0.3949927869747813,0.4226108744577274,0.4333904660804446,0.31717245858385057,0.43663328045527966,0.3803544450740626,0.6203180271467913,0.26609267894461114,0.7340520950506659
-1.8720391302812656,0.39568090332349837,0.4251483775033698,0.42290483375908694,0.31336222679867143,0.4382341573167169,0.3821406086995953,0.6212424394891226,0.25886647920697137,0.7376471888645486
-1.8653770693194105,0.3966860655008659,0.4280279136406482,0.419486235531937,0.31089280789129436,0.43907892542706517,0.37664106428546096,0.6160674538998523,0.26131830246028626,0.7281544797770169
-1.8587150083575554,0.39762122013496354,0.43128096926577625,0.42293314870071763,0.31245212937810585,0.441228049057428,0.3787020717641795,0.6079560622204562,0.2621602425361857,0.724417215640382
-1.8520529473957004,0.40075268448317863,0.43481730557370174,0.41453642413442726,0.3151814930969797,0.4439214739343083,0.37922314898664566,0.6073077688372626,0.26194823306805926,0.7243755259036402
-1.8453908864338453,0.3984310594464293,0.43857559781261624,0.40613995960560406,0.3179223857313461,0.44717657604881755,0.3734693793163153,0.6072038650628455,0.2606206883616432,0.7235539948052395
-1.8387288254719902,0.39662095621311294,0.44254389224034124,0.4169836872417823,0.3205296886007305,0.45097980917663133,0.36544867742623116,0.6069513159479921,0.2582192768820283,0.7271593982582809
-1.8320667645101354,0.40221220273246094,0.44667662387695434,0.4099850296973796,0.32306089330824966,0.4552918173883538,0.3664801296039726,0.6064164748209359,0.2548980046346268,0.7301741432531018
-1.8254047035482803,0.40561247746648366,0.43843399222180035,0.4018684696788245,0.32554492677414854,0.45721375724608115,0.3654636982067406,0.6056484829261157,0.25297640109871433,0.7325947279375394
-1.8187426425864253,0.4001070721898335,0.4331121511805941,0.411136634705718,0.3241301834475593,0.4563900302763557,0.36460235548078906,0.6047991982090625,0.25872058272070436,0.7342711384952565
-1.8120805816245702,0.3944518961264749,0.44322768834510284,0.42104119568580994,0.32168361233947435,0.4556135930726339,0.36402827195117704,0.6039588034179229,0.258509740355074,0.7359314981029941
-1.8054185206627151,0.3888378466045849,0.45388021419288993,0.4065677508111196,0.3194999816397388,0.45495068121368043,0.363806467621353,0.6030109847482757,0.2582438544473254,0.732873832931904
-1.79875645970086,0.38321715281941876,0.46429888285076776,0.39287569076029316,0.3174821047988957,0.454397278749522,0.36251189796617844,0.6092124570393961,0.25899407597429336,0.7170510315644711
-1.792094398739005,0.3773925017676685,0.4609050191732033,0.3924952941613439,0.3218357514808683,0.4566738731698654,0.35887982833109816,0.6155082946324066,0.26101596439801683,0.7002337562195013
-1.78543233777715,0.382049731031058,0.4573680540841874,0.3923495822311578,0.326296734849503,0.45710481083951116,0.3571562979585369,0.6217233574146547,0.25789731110939157,0.6837502138364372
-1.778770276815295,0.3874833679734989,0.4534386156693743,0.3917570083331888,0.3304539473994002,0.4576762562321564,0.35877750902795286,0.6276968124199224,0.24923373151221642,0.6813305596859773
-1.77210821585344,0.392908746608282,0.44921535918248545,0.39071885078377044,0.334303780310666,0.4587317464110078,0.36048541537720824,0.6242653725900494,0.25192964750482777,0.6787194539771657
-1.765446154891585,0.3981586912248978,0.4450339840594917,0.38942499224147636,0.33691731842859757,0.45982931013720973,0.36237649270397726,0.6232425778917141,0.25507733582905684,0.6753726207758641
-1.75878409392973,0.40202152393903673,0.44079705262876734,0.3907357282327549,0.3347591765398487,0.4610312916135641,0.36451226735254577,0.6139757027983613,0.25102140325283756,0.6719070061918585
-1.7521220329678748,0.40129645248448254,0.4412038758650733,0.3980431868804944,0.33274392219960747,0.4603768407669724,0.36680011402249524,0.6044540938344818,0.2571054926240602,0.6848863600665853
-1.7454599720060198,0.40099014763834906,0.43912767210085685,0.405033195562593,0.33081292762313635,0.4565990715778405,0.3692999155259823,0.598955911746185,0.26294866352011054,0.7038679682827976
-1.7387979110441647,0.40090058269211487,0.44180262688594957,0.411422705861559,0.32892673500529085,0.4587128872717589,0.3720213900313887,0.6008846521915828,0.2674273340075961,0.7215403312076413
-1.7321358500823096,0.4009477421854836,0.44382094595651367,0.4115651780862787,0.3271231183978712,0.46128117040948036,0.37343750054009694,0.6032319529966913,0.27053642513842785,0.7342621014303389
-1.7254737891204548,0.4011879665554878,0.4450002893653183,0.40648497241723996,0.32547978334755534,0.458295574209791,0.37325727918403684,0.6057688391689152,0.27182322315098095,0.7326033063884866
-1.7188117281585997,0.40158463921128024,0.4464944675122462,0.4034496381242318,0.32390102025174655,0.4677488907922994,0.373247560453936,0.6085097535136956,0.2709941063661279,0.7311826587437011
-1.7121496671967447,0.4022619082190598,0.4498070055816398,0.40494333556246476,0.32775543324972606,0.47458069251049506,0.37326346997562243,0.6114328546038001,0.2673323527017871,0.730093059582184
-1.7054876062348896,0.4034066012336402,0.45378698507535176,0.40625429632585613,0.3323361041231013,0.47749430211939986,0.3732420204636828,0.6147574348998351,0.25302333680873124,0.7291917041111559
-1.6988255452730345,0.40461415544560486,0.45772110095883267,0.4071491810306791,0.3375920358040906,0.4805879093492768,0.3734222043346001,0.6185646599895221,0.23431593097888498,0.7290080761796021
-1.6921634843111795,0.40568358512362235,0.4671284373362635,0.4141358390905657,0.34176926995384826,0.48368298556113554,0.37738516534663913,0.6225482981124303,0.23696975253945612,0.7293103875137119
-1.6855014233493244,0.4048518051855291,0.4759835573406475,0.4244979695775083,0.3413061113839766,0.486838256249019,0.3965477918922936,0.6246694636951692,0.2451158572956283,0.7187797205393143
-1.6788393623874693,0.4016202195727783,0.48327739364641525,0.435671133548436,0.34162327530636405,0.48705477800920216,0.40594440947752874,0.6249309435352322,0.2525654361787771,0.7143098041294358
-1.6721773014256145,0.3984057924865349,0.4899952526800182,0.4461414464894646,0.34375782267006,0.4873631296924996,0.407907642323024,0.621683628468679,0.2524731473705677,0.710062856904154
-1.6655152404637594,0.3951684440062115,0.49641310545998923,0.44924648515010834,0.3458561609819138,0.48820958730101444,0.40814281803930785,0.6174761353839364,0.25369791378507217,0.7057977950560301
-1.6588531795019044,0.39965622968009995,0.5023816333644312,0.4503091907031985,0.3421777659058286,0.48805474562606477,0.407999950678758,0.6179319032665817,0.25087102204021516,0.7082231569099902
-1.6521911185400493,0.406281719768947,0.5038672069533394,0.45108847435105615,0.3424770254910647,0.48515663168082007,0.40789349019598914,0.6202032667976505,0.24633914193307427,0.7134480644907844
-1.6455290575781942,0.4129491615868868,0.5000045409274986,0.4511473966413396,0.338876993153946,0.4820204937890686,0.4078606767702316,0.618765065814988,0.2424183210280706,0.7186391237649236
-1.6388669966163392,0.41387254708987337,0.4963329843390094,0.4487405669403258,0.3341132304131087,0.47863152238059076,0.4077686072108204,0.6130629161305302,0.23969195202355556,0.7201219945894983
-1.632204935654484,0.41403785394811377,0.49867798868436797,0.4463128128593323,0.3292443582183571,0.47831373220975176,0.40371427613295496,0.6203558957460019,0.23811543499385596,0.717489030315433
-1.625542874692629,0.4145949944678121,0.5028048486632168,0.44313294641402995,0.3224794242176842,0.4807849897236225,0.39657266620527865,0.6219444685363521,0.23789759853064915,0.7146211103952581
-1.6188808137307742,0.4146891910164183,0.5031068575619588,0.4393886436959728,0.3192764448793657,0.4830788641507012,0.39189640778601825,0.6183178392301479,0.2387339044400388,0.7121656803055859
-1.6122187527689191,0.4147515462601798,0.4943496803157577,0.4355060146944617,0.31874321080758833,0.48526358437152367,0.3921529988761276,0.6150225569505583,0.24100325717112955,0.7099242955078564
-1.605556691807064,0.41494760327988905,0.4915289873448091,0.4316354051621688,0.32048389162010193,0.48752160477971757,0.3925445106124103,0.612208744321385,0.24510517866488093,0.7074534041664468
-1.598894630845209,0.41532795241537596,0.49508324753349997,0.42743451042725883,0.3224944848710008,0.48989535258219263,0.3929785122919092,0.6141049033393742,0.2504145260870747,0.7046121689330193
-1.592232569883354,0.41629691964381615,0.49838237447686173,0.42362320505020074,0.3253485178516941,0.49056028370148674,0.3934026201707222,0.607051209515756,0.256820464594145,0.702064865505928
-1.5855705089214989,0.41732761137695207,0.5015778544906926,0.4203516695197404,0.32833565651742214,0.49413647350067663,0.3966505036819851,0.6048917514524488,0.2647023731201046,0.6991580548079569
-1.5789084479596438,0.4189416500369568,0.5047174754302414,0.4175214708023046,0.3312942317487073,0.4985618792727395,0.40299584349278633,0.6061979914285652,0.26488404458524617,0.6963766882170881
-1.5722463869977887,0.42051659421557186,0.5080899032144095,0.41512160002838466,0.3341694546050719,0.5020131041681957,0.40893168561853543,0.6137652754077516,0.2595368945637664,0.693298083820721
-1.565584326035934,0.42197390174055743,0.5116766881982225,0.4129652113469732,0.33699187988985335,0.5056444996539161,0.41349854364217586,0.615053819320945,0.2545066082386121,0.6901615651365516
-1.5589222650740788,0.4247806125858165,0.5154012079676268,0.4111057001551721,0.34171608098025774,0.5093418865766385,0.4195867615727585,0.6164313801005952,0.2574568666164131,0.6872962503051556
-1.5522602041122238,0.42653044789028727,0.5156625074920109,0.4095738735815614,0.34800432883245014,0.5130421425141763,0.4240128945413534,0.6191255044963764,0.2675265485811363,0.6837042847922951
-1.5455981431503687,0.4281305683689175,0.5135497719374266,0.40866516092883814,0.35453767661258573,0.5165415234404843,0.42789725802611644,0.6229895827957038,0.2775000858443969,0.6792722470171844
-1.5389360821885136,0.42721791961064215,0.5116927139544198,0.4084941487708509,0.35924473063000395,0.510611515090569,0.43139347228395514,0.6250426830061343,0.2871519929127773,0.6741102280517461
-1.5322740212266586,0.42132186282718614,0.5099340506400916,0.40895200110008284,0.35893945971578717,0.5055436527552722,0.4345284292107044,0.6266928306318709,0.29649468218491065,0.669219633249661
-1.5256119602648035,0.41520265772441806,0.5083368289671523,0.410043039161945,0.3587875785683187,0.49826911151676173,0.43699161877201853,0.6283724379334349,0.3059863357652612,0.6639118587952951
-1.5189498993029484,0.4161326637278327,0.5067058227012443,0.4112672411483725,0.3600529745011763,0.4994044206125476,0.43787946085261364,0.6152012690730001,0.30438869376577277,0.656169367781752
-1.5122878383410936,0.4161228040740011,0.5049187395399974,0.4226970902207863,0.36333393298836836,0.49999728340356037,0.44180651674603766,0.614378563658866,0.29339975621132725,0.6418647471978643
-1.5056257773792385,0.4073480507889668,0.5052720431646881,0.4198974298943656,0.36643482264045224,0.4980825099286394,0.44331439980826276,0.6140436491883874,0.28297523633847316,0.6252690091592564
-1.4989637164173835,0.4117686421966111,0.5100394546101302,0.4150932452258457,0.3692511060996729,0.4932552030590703,0.4427791562034879,0.6129858495699035,0.2732097137419444,0.6064318069252684
-1.4923016554555284,0.4150940486064503,0.5149330372421108,0.41318906302048997,0.37189431475464796,0.48874075540363343,0.441380026291608,0.6123115518398148,0.2677883341401123,0.5889353405062042
-1.4856395944936733,0.41764193995989646,0.5199103221173988,0.4126618328997094,0.37227263907277347,0.4857931960585897,0.4402615839033437,0.6128971930114532,0.2651031282137264,0.5812648541594364
-1.4789775335318183,0.4242989546121751,0.5249707352651765,0.41227225981154364,0.37030821883598525,0.4832102798446042,0.4356351596551932,0.6132576964197738,0.2642097009902796,0.5855652151532661
-1.4723154725699632,0.4283139588472946,0.5242090928895617,0.4113871968081763,0.36854670147864166,0.4802816026265552,0.43494499681666426,0.613611117834205,0.2780429117376863,0.5828751604147863
-1.4656534116081081,0.42690728606902445,0.5130288283745257,0.405779264961345,0.3684837311318493,0.47673220945230854,0.43697223719045114,0.6138798367923324,0.2911944452983439,0.5791601659830481
-1.4589913506462533,0.4305343932926034,0.5121204848699847,0.3999183199737499,0.36926931383697215,0.47312830961667146,0.43866622608478995,0.6136976829222867,0.29427810118434444,0.5738860591693481
-1.4523292896843982,0.4340634754624357,0.5171959966375101,0.3985025067395431,0.37043480317258876,0.47315424865573086,0.44004559564049617,0.6133195025905663,0.28900465362584765,0.5676126734774242
-1.4456672287225432,0.43756085705675474,0.5238511300840417,0.3998673714296044,0.37203118510253386,0.47463341117541263,0.4411780322069128,0.612699532879371,0.27910312962088274,0.5602484333360365
-1.439005167760688,0.4411538638239548,0.530734678854483,0.40308329975746476,0.3739437423751722,0.4743024304128043,0.4420621199750062,0.6116854557322603,0.2685002646188863,0.5519012518380509
-1.432343106798833,0.44354475593530945,0.5373722463036601,0.3997494296860745,0.3754128623547438,0.4704286026449924,0.44271108833409767,0.6103407606536762,0.2540741281785745,0.5423923317356524
-1.425681045836978,0.4417814583913744,0.5437220918950749,0.39660988045701084,0.37301737744355273,0.4732816059943158,0.4431413320455431,0.6083228036819059,0.2519046417705335,0.532029354087866
-1.419018984875123,0.43972101451814327,0.5499868619958542,0.3945527571592199,0.3763401991111683,0.4762014669576611,0.44355933143389004,0.606174459399049,0.24360736925667267,0.5156103318119409
-1.4123569239132678,0.43756834533712763,0.5560874699846428,0.3980311782375701,0.3812234820809934,0.47913634602246746,0.4458434653202357,0.6041287827765248,0.24862269672369872,0.49846623776797255
-1.405694862951413,0.4353117089078281,0.5605021283678128,0.4015275865745488,0.38279581392201034,0.48068156525821426,0.44491294971625495,0.6024108659694049,0.2520374024939223,0.49472169923857007
-1.399032801989558,0.4353397827444341,0.5595690764062571,0.4033434456832324,0.38197240023913565,0.4821541116047459,0.43925877006748965,0.6006346618834991,0.25316131358140614,0.4853271959514235
-1.3923707410277029,0.4381140154423444,0.5584822402031475,0.3974509522068129,0.381462673913924,0.4840888710896526,0.43399796900219006,0.5994653205293389,0.2605190067350385,0.49116744529262063
-1.3857086800658478,0.4384749938482323,0.5574316604509169,0.38967374932070936,0.3814387105311966,0.48644781380941765,0.42917743829469157,0.6045389515967298,0.25935249785395054,0.4907715616980231
-1.3790466191039927,0.4401043581039791,0.5564912509155288,0.385029707447374,0.38177442303366843,0.4893557129745071,0.42451819069368896,0.610685414574141,0.262337519595544,0.4911395194140156
-1.3723845581421377,0.4391989847910117,0.5538168635840779,0.38361971427582897,0.38518803854439654,0.4925461213076281,0.420256640331118,0.6167427840957509,0.2593253989991256,0.4919374291556431
-1.3657224971802826,0.4384199829209746,0.5501581459851893,0.3674979614993066,0.38928139396587097,0.4930158415724645,0.41646518177643466,0.6190335889526141,0.2509714102914233,0.4947885523385089
-1.3590604362184275,0.4377646707378296,0.5458688702443939,0.35219265457975846,0.38638928545828083,0.4894828013749209,0.4134066216131412,0.6171521737750725,0.24596515434123634,0.49420493362604967
-1.3523983752565727,0.43703298856868966,0.5390692127397738,0.33789263164137223,0.38430997274288775,0.48578742268356817,0.41016225761991143,0.6166534817576508,0.2486565976134951,0.4794420208542163
-1.3457363142947176,0.4361828269713339,0.5417541445747016,0.3315368470191146,0.38374113244491176,0.48843281729821497,0.40795241945017696,0.6201061115194267,0.24622745401819474,0.478604024378859
-1.3390742533328626,0.4353012090560406,0.5445910926282649,0.34323646216519016,0.3831808594169588,0.4919561057435725,0.4063800025207445,0.6233975336256771,0.24109862479323899,0.4786079026286663
-1.3324121923710075,0.43427075730677794,0.5475551301036181,0.32700678675965905,0.38274127139437814,0.4955686350452423,0.4054858173099804,0.6267363748714737,0.2388778939703018,0.4810744990514406
-1.3257501314091524,0.43547720182780136,0.5504395076780112,0.3172448361241935,0.38482707730861143,0.4991959757645696,0.4050724910158433,0.6297699979998528,0.23526545296587878,0.4670541528494215
-1.3190880704472974,0.43851778441603056,0.5512448995957415,0.3191387254587416,0.38658251189797854,0.5057973828295265,0.4049472674111836,0.6326655419085636,0.23047723855234548,0.47794339525469476
-1.3124260094854423,0.44150231125456724,0.542841450217487,0.3206071654369336,0.387656355378019,0.5126331180830735,0.40526391190982686,0.6350274838350366,0.22548456087367338,0.4895328611942911
-1.3057639485235872,0.44424543228471636,0.5425542811571934,0.32290025136097067,0.38869703522915044,0.5181439113597589,0.4059624149599351,0.6359793296057669,0.22105169760456417,0.4907575661058408
-1.2991018875617324,0.44716960184132487,0.5423062358986779,0.31899808059756135,0.38963906088085937,0.5178944595008448,0.40707543059667645,0.6337813676401658,0.21909896963774303,0.4894043390041675
-1.2924398265998773,0.4488808506493832,0.5431557135582945,0.3069906943713861,0.38962514022482886,0.5169070705478782,0.40850301383614307,0.6310864270356535,0.21860639203464016,0.48684910006315907
-1.2857777656380223,0.45090817928278515,0.5479438957574502,0.3063011655267526,0.3911769429802978,0.5156042388419612,0.41050026176452836,0.6285348436631295,0.22232260850517868,0.4949441413819861
-1.2791157046761672,0.4518253531248246,0.548029697185048,0.3036377645108555,0.391932738718595,0.5139007469511753,0.41309711516439773,0.6262056957749611,0.22624406909358016,0.4961992384706158
-1.2724536437143121,0.45026620384348237,0.546448464891664,0.30147839896697143,0.3934594108305574,0.5119400405944177,0.4149198033837667,0.6242139171797665,0.229189410347954,0.49567198775546834
-1.265791582752457,0.4483375891077752,0.5446852585263784,0.2990142552495877,0.3951118114663603,0.5097312149138483,0.4176065423540859,0.622511403143678,0.2287830319120877,0.49184538169782555
-1.259129521790602,0.44610004281898064,0.5438654929003756,0.2962265911368377,0.3962995440435362,0.5075008788596991,0.42034762310868956,0.6211455363795124,0.22475643867036432,0.47504191069758395
-1.252467460828747,0.4463106988693104,0.5475805062246033,0.29612209344715623,0.39626264093800606,0.5055144353208609,0.42311179771602603,0.6201863193241741,0.22964631937483682,0.4684956241250463
-1.245805399866892,0.44814783029793903,0.5508253963962961,0.3031479421447504,0.3960674383884175,0.5035597094264354,0.4259832159586425,0.6197605258408352,0.2302228830985033,0.4668903985092561
-1.239143338905037,0.44874049532550303,0.5535467367143839,0.30954123440730846,0.3939078940397353,0.501881055971678,0.42905598514346066,0.6198374428964196,0.23060948636519474,0.4649639165162219
-1.232481277943182,0.4485927372309358,0.555817844908341,0.31478030619710506,0.3916067469209262,0.4978893809706722,0.4324690336101298,0.6260975328120244,0.23150555587272756,0.45675855045324054
-1.225819216981327,0.4470447897969518,0.5575282818784292,0.3088019686959087,0.3964929402226231,0.49299794156594207,0.43619574058047683,0.6298087516709184,0.23291864630341708,0.447754338720395
-1.2191571560194718,0.4446965098421337,0.5551370947915337,0.2921366771949502,0.40285764730863655,0.487973317295352,0.4400928707844741,0.6265763084036,0.23457708509118627,0.44205994546475746
-1.2124950950576168,0.4431739333106525,0.5522303896795805,0.2850724452216427,0.4060825770192383,0.4847614456912045,0.44418896066111435,0.6230237922449892,0.2362600999185013,0.4366645260259741
-1.2058330340957617,0.4425248931888396,0.5520337283479457,0.28764280107116774,0.40764764477640864,0.4876118716240165,0.44859369493294443,0.6248051220454238,0.23432153530267905,0.4315346514578126
-1.1991709731339066,0.4428467034362917,0.5608225348780387,0.28946461655038325,0.40938114670446996,0.4861557225713497,0.44971486075630485,0.6276534846613862,0.23726295152212412,0.4282731717659501
-1.1925089121720518,0.4438293008256479,0.5622196582076805,0.29054608585205716,0.40784495695125605,0.48600501125236134,0.4502388420873904,0.6303690045932888,0.22695917535951682,0.42802766304336387
-1.1858468512101967,0.44521087138269283,0.56288346579884,0.29103621357152315,0.4086597846606512,0.48784023388808695,0.4512104890918654,0.6329781743639562,0.2126985763505802,0.4277548341217789
-1.1791847902483417,0.44708052720924824,0.5636512602747239,0.2909654013218751,0.4103096476615201,0.48892561074224233,0.4525625633195265,0.6330440585894441,0.20660390749278373,0.4315316838183091
-1.1725227292864866,0.4475769948943563,0.5645071043756883,0.2904934888032723,0.41201125301289165,0.4877433467110159,0.4541031916207812,0.6334923958451963,0.20297701238136454,0.4344230713073736
-1.1658606683246315,0.449771167014542,0.5656221778058331,0.2910826521792382,0.4137078438991724,0.48785089029339834,0.4559964999099655,0.6338244197962564,0.20478991798779594,0.4363757758631232
-1.1591986073627765,0.4495971978808884,0.56699660502959,0.2948295262698053,0.4153714650068675,0.486235567207805,0.4580897144610177,0.6360448048044295,0.20612202238249983,0.4384559820386269
-1.1525365464009214,0.44875631980260966,0.5684511835161509,0.29965280034118696,0.41722078405807705,0.4834353752822536,0.4606140278756822,0.6438805994149732,0.2062391913938144,0.43939099744731497
-1.1458744854390663,0.45031522789612,0.5698719429466825,0.3040316020463903,0.41874382158610696,0.48430733088922906,0.4631700092032743,0.6450410829805803,0.2057394862240955,0.4395748602306066
-1.1392124244772115,0.4506398207866011,0.5716034715220324,0.31364208049227565,0.4179013730676405,0.4818545774439161,0.46482012758881597,0.6461012046082102,0.20189667042090864,0.43918358256014906
-1.1325503635153564,0.4502856397779043,0.5726008188900735,0.32278375516757635,0.41629613394885895,0.4792642570793658,0.4685977191847405,0.6504121616580115,0.19336311246281548,0.4195245048250787
-1.1258883025535014,0.44993470016155623,0.5728886926069405,0.3324311789820938,0.41780281359258814,0.4783288757931987,0.47028641251163095,0.6573256624503623,0.20076287726979986,0.4163255229764575
-1.1192262415916463,0.4495592879123483,0.57471000212385,0.3423216830958298,0.41772905686131573,0.4835130863888853,0.46182926183938505,0.6600075858535558,0.20600165312979304,0.41634673872706884
-1.1125641806297912,0.4488619826503261,0.57542095047518,0.35045920345633613,0.41303751613012774,0.4863939657568188,0.45206904673026993,0.6612344614729403,0.21389064711932676,0.4161407496377852
-1.1059021196679362,0.4489511219731656,0.5758736008138933,0.3503738866487109,0.408482207910068,0.49295990523179956,0.441116596003117,0.6624881483436171,0.2169776140381114,0.4161576708955822
-1.099240058706081,0.4488753411156585,0.576260028532101,0.3449634336611245,0.4062368209715183,0.48906960201704636,0.4287170604189437,0.6637233570000493,0.22280106871669478,0.4166527200280005
-1.092577997744226,0.4496321291816226,0.576591572812753,0.33771850931398834,0.4150033507872469,0.485081884118968,0.4342512300461514,0.6649780328920917,0.2275577863730434,0.40561930670658747
-1.0859159367823712,0.4507403188294932,0.5767979890939515,0.33306399114539315,0.4178365335166213,0.48111256905207067,0.4431892974144237,0.6662096068896239,0.23128730578905568,0.3952490489867057
-1.0792538758205161,0.4511262170883691,0.5767197686313297,0.33864530405706234,0.4111615948125314,0.47715547664407887,0.45211905620332005,0.6672712900232834,0.23427753907212598,0.39150433002988466
-1.072591814858661,0.4512442759441057,0.576718453807547,0.33550350410701774,0.4125071391717785,0.4748489112500719,0.4607979788850816,0.6643356905886678,0.23736081838776574,0.3919533852611277
-1.065929753896806,0.45099143162352334,0.5767439181819557,0.3066876375568412,0.4114185221133772,0.47620678987379467,0.46937650179177276,0.6600899899839434,0.2420665452106576,0.3913040662647521
-1.059267692934951,0.4516425683743329,0.5767883756419688,0.3042385142741195,0.40949182836932374,0.480393232009986,0.47793587872196436,0.6561850567116809,0.237783268018174,0.38744304128974616
-1.0526056319730959,0.45220284388719467,0.5770173475096672,0.30096284340139373,0.4130273337626594,0.4852110029320951,0.4864654499901825,0.653158095909854,0.2376566595942708,0.38320611855884007
-1.0459435710112408,0.45288014359144996,0.5773896119201951,0.29722050752172513,0.40951693159952973,0.4868383602197919,0.49343980835675655,0.6511457208728375,0.24331762278092992,0.3787522044059217
-1.0392815100493857,0.4536064215894737,0.5780037506826131,0.2957193307633119,0.4075791548209646,0.48226195764782626,0.4924064103022654,0.64999357071517,0.23520146773254225,0.38348221854898357
-1.032619449087531,0.45593062344914737,0.5787839844745765,0.3013590723805219,0.4131750790953751,0.48261199078102524,0.4914965467331148,0.6483102880355066,0.23070717671032615,0.3866087215177462
-1.0259573881256758,0.4578854818167768,0.579655339001829,0.29049376053808923,0.41862180115836595,0.48252774074538346,0.490767671133744,0.6461431258962472,0.22013869672405847,0.3836961425444173
-1.0192953271638208,0.4568959606638587,0.5806158225517308,0.285015145863301,0.4199255949119694,0.4825136546540289,0.4829686435344656,0.6480921888104069,0.2185592584185554,0.37517016566137507
-1.0126332662019657,0.45681091751689124,0.5735670776704256,0.27937653293232145,0.4211446154304296,0.4821600803953308,0.4736780948101393,0.6545704666023873,0.2280631946523589,0.36718011682209006
-1.0059712052401106,0.4577734796759148,0.5657362283414421,0.2749842061832547,0.4223445137408784,0.48382346044879476,0.4838245827013538,0.6501265415425255,0.22476961014966676,0.3719631600281616
-0.9993091442782556,0.45594440743774056,0.5702617485785997,0.27525492007030006,0.4215604573721716,0.48669483939100117,0.48814035503190967,0.6457470300796437,0.22163262237811418,0.37567212952136864
-0.9926470833164006,0.45541301457662026,0.5750946430799864,0.2835880635507958,0.42023986893045884,0.4895458602622926,0.48763747171394295,0.6415327117726926,0.2186827555363533,0.3765428207163573
-0.9859850223545455,0.4549102431405026,0.5818628381824642,0.29478245669605047,0.41795033477384846,0.4885526381038041,0.4873554885314123,0.6400962423334725,0.2167668127485007,0.3744392653114484
-0.9793229613926905,0.4550161453476222,0.5880091754609819,0.3066375067133411,0.41552028491016896,0.48678330574167145,0.4872535596987154,0.6440721816822904,0.21661085927227638,0.37261625930057485
-0.9726609004308354,0.45406255841749515,0.5912712207564698,0.309947243316106,0.41304937296687183,0.48499057832687575,0.48736373371588726,0.6484894340608094,0.21445685697608569,0.37751082110497036
-0.9659988394689805,0.4537523563720068,0.5966000291835577,0.30254565149481216,0.4115733362886516,0.4832004798365775,0.4876603972736083,0.6530854830246482,0.21280937818357026,0.3728558935190898
-0.9593367785071254,0.4535718236726871,0.6017816262726208,0.30458309834788905,0.4078143635089623,0.48325689935218763,0.48290777759614234,0.657749981055243,0.2111944878934559,0.37513154857212405
-0.9526747175452703,0.45347485984631647,0.6067006757618559,0.312089277194282,0.40927507254293016,0.48603159983781824,0.47188800253120655,0.6572660553636078,0.20947308022620492,0.3765589271370798
-0.9460126565834153,0.4534302006627531,0.6113904691983973,0.31711310600233783,0.4116167906472607,0.49062677271447064,0.46026052015734226,0.6608385398911156,0.20513636195003035,0.382167689169629
-0.9393505956215603,0.45334783089604397,0.6138928177727614,0.3210994400506435,0.4153581796095656,0.494654503351199,0.4477468642571752,0.6646168161373656,0.20028134887009716,0.39386736646463794
-0.9326885346597052,0.45846002171923717,0.6120845757532908,0.3156481750942783,0.41825641839793265,0.49775273440627693,0.4345487503687425,0.6683945346147703,0.19524898534293025,0.4001995440723386
-0.9260264736978502,0.4574535520302737,0.6160060046222697,0.3119183821855344,0.42128568522690374,0.500757640494582,0.4345406860190617,0.6723991669574001,0.1897647024518891,0.39271948895378317
-0.9193644127359951,0.4566145329853901,0.6121229718177638,0.3096200867612262,0.4242172958994536,0.5031473793983723,0.4429646465287287,0.6749786839516946,0.18692357007316568,0.38086026963447844
-0.9127023517741402,0.45561869633828134,0.6160468130121766,0.30637163734326905,0.4214677098164954,0.5067002731685939,0.45141335121310244,0.6755616303402749,0.1901707244398731,0.3746913552744001
-0.9060402908122851,0.45498530828324435,0.6197907201534408,0.3001196145418075,0.4184106114709084,0.510171628801165,0.45994044420748487,0.6817239831477951,0.18727708642466556,0.3725501581818912
-0.89937822985043,0.4544385569809771,0.6221379930028952,0.2930669160721458,0.41850595193433093,0.5135508571124863,0.46855523989420755,0.6850171263436989,0.1924833696998678,0.36780665324051365
-0.892716168888575,0.4541789662115157,0.6233707877583637,0.28745377096457836,0.4198147348562514,0.5171991552725808,0.4771634442860073,0.6882244243903562,0.19962804757182195,0.3614816774118498
-0.88605410792672,0.45397143234332576,0.6246246938548933,0.295112248222555,0.420905846988866,0.5201123804472362,0.48587453786767454,0.6887993035472976,0.194680979475679,0.3575359453508283
-0.879392046964865,0.4543460833889349,0.6286564451844098,0.29657272674714397,0.422187524194737,0.5229076489396692,0.494627821657814,0.689739268461823,0.1876405214033449,0.3543833185249544
-0.8727299860030099,0.4546391165625491,0.6344070670364855,0.29437720097910774,0.4260960849241066,0.5238410309766129,0.5036931146653179,0.6957980691114567,0.1886694965036992,0.35076152544272216
-0.8660679250411548,0.45481865801069127,0.6401234927292229,0.29250566586097865,0.4270321388539484,0.5241104880376681,0.5130128747278345,0.7025544050099345,0.19061176405555758,0.35045296239452534
-0.8594058640792999,0.4567860030218796,0.6399354569150234,0.2910022486507569,0.426691054690995,0.523956513715115,0.5225372745851096,0.7042590560666168,0.19311013919531203,0.3493579461547292
-0.8527438031174448,0.46582336187940443,0.6486029879123701,0.2898092923463076,0.42632036461120065,0.5231127365444702,0.522428220272226,0.6987668367240617,0.19571812175789627,0.3452651981917633
-0.8460817421555897,0.46751504393896953,0.6523690273095851,0.28902823518192383,0.4261971359276055,0.5227165254888607,0.5222396198572059,0.7050500530015459,0.1985901431158671,0.3400660359484951
-0.8394196811937347,0.4688051030937677,0.6561880579276573,0.28805487197190544,0.42643563212792107,0.5236091949035878,0.5221743681232023,0.7093102197338069,0.19458016886177662,0.33373431899462225
-0.8327576202318797,0.471652388045501,0.6600591368076681,0.28164893948659203,0.42533022074575366,0.5255135275259533,0.5222875268553254,0.710561979906077,0.184709191907694,0.32825455194095937
-0.8260955592700246,0.47017555275741374,0.663817999497702,0.2746553316935764,0.43039244095345086,0.5268871614627767,0.5225922591109793,0.7146590805317519,0.19463307231082577,0.3286833644550094
-0.8194334983081696,0.47056276013444803,0.6674356621538711,0.2713918529868215,0.43633647367087675,0.525011516745426,0.5231863898767712,0.7216264195163454,0.1990969786017801,0.3245050481504146
-0.8127714373463145,0.47284567365833213,0.670352394640163,0.2688044168833469,0.4322008342273169,0.5235786065207235,0.5238839289734677,0.7275536288466242,0.1997776662279983,0.31492930820794146
-0.8061093763844596,0.4726498059349561,0.6662108153482169,0.2660203863907034,0.43346160665377986,0.5221618277644368,0.5247176659467362,0.724657019480854,0.19280502275848033,0.3134857647622997
-0.7994473154226045,0.47603070740163905,0.6620305942525685,0.26394476208342416,0.4354374460537247,0.5202920656874859,0.5256509640496342,0.7269669623615459,0.19175030187721934,0.3069926448129745
-0.7927852544607494,0.4723600518397708,0.6579333386064293,0.2526768754821528,0.4365996371022519,0.5221743190327643,0.5267200631802877,0.7299205528968987,0.19462877382164878,0.3038666872987997
-0.7861231934988944,0.4746626510035171,0.6530542169245741,0.25785423736997176,0.43889961844553893,0.5201227792938388,0.5279421844655237,0.7308483428391099,0.19743183860533625,0.3043444494453403
-0.7794611325370394,0.47662122458565703,0.6469259836592628,0.2607116688004713,0.43851845192535227,0.5218351761867976,0.534330731729058,0.7317586412402156,0.19949187220559433,0.30699366185093047
-0.7727990715751843,0.4780680789517382,0.6471438092877945,0.2592986011158828,0.4412924568442682,0.5236325189038163,0.5310377040536693,0.733553450033271,0.1991298560506872,0.3099688913650676
-0.7661370106133293,0.47777675614033954,0.6444151338293922,0.25992928319659897,0.4458032634395296,0.525475204079527,0.5327618109242791,0.7312484472795904,0.1974694128090081,0.30535188621807985
-0.7594749496514742,0.47801426048214185,0.642185047267385,0.256375550080532,0.4445436536710761,0.5273196001102579,0.5344521267436886,0.7329282142419385,0.1953615723371109,0.30440584590074893
-0.7528128886896193,0.48027535643137964,0.6401739798235772,0.2523356010382369,0.44423856205337525,0.5292941589388614,0.5362210347064925,0.7368860475393545,0.19303426212444652,0.30652664579890776
-0.7461508277277642,0.48272322970828296,0.6385117678887595,0.24798904605684247,0.4421033930886551,0.5312516774528224,0.5381767534269681,0.7361669604122181,0.18574465625069375,0.3050860026917951
-0.7394887667659091,0.48443781075505965,0.6412268959205032,0.2426543645182187,0.4405185537694523,0.5332059900039372,0.5402629626165826,0.7353300472432247,0.17793523780464962,0.30346760713517
-0.7328267058040541,0.48784399096719266,0.6446766133744575,0.23634606339997186,0.43944358948469664,0.535120147960996,0.542534350022356,0.7406074511787742,0.1782911846096744,0.29882754459140426
-0.7261646448421991,0.493377209181418,0.6475367032086585,0.23262087306594859,0.43896533158522133,0.5369657208523707,0.5448669050002385,0.7471319312538011,0.1707630630126014,0.3015860718475917
-0.719502583880344,0.4984086009469433,0.6469656001456184,0.23040977095551843,0.4383952615552423,0.5359123767807897,0.5471265708133276,0.7494383573118395,0.16927627260271919,0.3054968785702031
-0.712840522918489,0.5033958286300534,0.6450249644624437,0.23040069796232615,0.44093693829325215,0.5327976853590675,0.5494125929701253,0.7467722319943099,0.1647196200797793,0.3044446071242239
-0.7061784619566339,0.5011042908965055,0.6479291730675831,0.22928703608880754,0.44438251518633537,0.5296028360936799,0.5516436866962199,0.7432438070800984,0.15836114639629517,0.3044415667874842
-0.699516400994779,0.4971352127361267,0.6508063849104446,0.2274715317402426,0.4397014947236451,0.5349450797232513,0.5539124924328898,0.7395324906822024,0.153530367058143,0.3037896859229341
-0.6928543400329239,0.4956770259332197,0.6542492720388958,0.22755066901397475,0.4350105193994355,0.5384993753226309,0.556114049699998,0.7377275215106841,0.14999798011794077,0.29878243936063165
-0.6861922790710688,0.4907460608619615,0.6583080399202937,0.2293102648573729,0.435923663574219,0.5420333963122795,0.5612476231668568,0.7433083723897306,0.14868947320627385,0.30327667393040547
-0.6795302181092138,0.49306384334558684,0.6611104355348943,0.23044316933349643,0.4369000082720136,0.5455518873662046,0.5664041556155132,0.7475531215897545,0.14414255194936676,0.2921810063096765
-0.6728681571473588,0.48693625841158733,0.6650565440385853,0.21954927820299266,0.43765622017955086,0.5491083189428845,0.5669017322480543,0.7544918343208659,0.13718338167569202,0.2876869402011529
-0.6662060961855037,0.4921525157432461,0.6679278092258243,0.2159095835306426,0.43830985240720993,0.5532531980121808,0.5669845096336301,0.761829029452972,0.12984350445644577,0.2891622213986601
-0.6595440352236487,0.5004196544032046,0.6713967370873312,0.21333030384404633,0.43884593790340953,0.5550082608851056,0.5703878426781911,0.7677952545443312,0.12426314104933082,0.28984584534448044
-0.6528819742617936,0.49692095699812666,0.6753575874899744,0.21091604301396197,0.43925875455798025,0.5567442211041891,0.5735838382054093,0.7734059658117128,0.12846410167895658,0.28444324490768264
-0.6462199132999387,0.4958288046533176,0.6794354956773485,0.20942132433589794,0.4397333887614164,0.5596252424619994,0.5766312624643578,0.77301028437319,0.13415853576340944,0.2899072764991094
-0.6395578523380836,0.5016957453596385,0.6822478068099562,0.20495080915553313,0.4403104749012378,0.5642596302948745,0.5793387922422374,0.7744028897151619,0.1402607821076856,0.2888210635075736
-0.6328957913762285,0.5075197378471824,0.6767527511126472,0.20410679759835187,0.44112983003335465,0.5655579784585667,0.581920639260378,0.7762880575433827,0.14004452165787665,0.28364813347142
-0.6262337304143735,0.5128765282354042,0.6794318732394731,0.2012994055522777,0.4424339420200844,0.5636931369409579,0.5872939745833089,0.7782235221593048,0.14001793491119086,0.27599501584620956
-0.6195716694525185,0.5178638478525237,0.6792905315754163,0.20112337837264782,0.4492712139892849,0.5662377627703895,0.5936412453958088,0.7802117389915275,0.1366755765946021,0.2694696880330086
-0.6129096084906634,0.5177204817590165,0.6796355264699191,0.194113875153474,0.45649325140831276,0.5719982557820931,0.600179830648497,0.7824483086556062,0.1330833393641353,0.26131584331715674
-0.6062475475288084,0.5186933072455282,0.6857116519969984,0.18843731816593728,0.46341117799700676,0.573547345507588,0.6003336457698466,0.784982876127741,0.13255214073009586,0.26174582320094514
-0.5995854865669533,0.5259974463532898,0.6892265300481065,0.19562438180007577,0.46746681006160323,0.575020970603087,0.5994948650393378,0.7879445601596502,0.13951810043588725,0.26161531549946304
-0.5929234256050984,0.5262066934582182,0.6920241979848087,0.19642314029560562,0.4714857643024127,0.5721628145608808,0.6000296233778488,0.791258894308388,0.14518912727135125,0.26062020045891865
-0.5862613646432433,0.5273949247831319,0.6949252055033546,0.1907211879868785,0.4758094460001914,0.5720134070671609,0.6059662195412341,0.7947254290611975,0.14583469219021908,0.2585686195975951
-0.5795993036813882,0.5315556851591018,0.6978530288901004,0.1862964508233307,0.4770110939333731,0.5735660003206133,0.6121192904994571,0.7981936663562338,0.14205450441803957,0.25504438180330297
-0.5729372427195332,0.5359924582405075,0.7003679437658851,0.18666589437106032,0.4781301584829842,0.5751355232502893,0.6113942472382923,0.7960473238139288,0.13749921046862063,0.2588584501134665
-0.5662751817576782,0.5407260949917437,0.7004524180658918,0.18378799374575383,0.4796118707385159,0.5807723439357465,0.615364032644864,0.7936961135106182,0.1392327301268962,0.26384375784264347
-0.5596131207958231,0.5365994874812068,0.7006494770881894,0.18865671619946486,0.48133399036814567,0.5816794147924303,0.61957024551943,0.7919133881697272,0.13939445830808325,0.26883538504269067
-0.5529510598339681,0.535217554493578,0.7017928341501529,0.18386000451060705,0.4788548977875242,0.5817153645926174,0.6236817972629641,0.7900343300878983,0.13760736884423852,0.274412862174493
-0.546288998872113,0.5347140206709949,0.7060819125443153,0.1840816004968666,0.47662481129428014,0.5817726827189431,0.6240350857056974,0.7937393988253001,0.14221085937176517,0.2804925150289498
-0.5396269379102581,0.5416867355780242,0.705654370819839,0.18532078778029967,0.4805189679933403,0.5834535178751026,0.6309924516164266,0.7981716297694691,0.14259510513828147,0.27498643016863633
-0.532964876948403,0.5453826228846427,0.702731176610197,0.18807020678783315,0.4846104098141358,0.5841757520848734,0.635437774371922,0.8020870506701068,0.14106165652972932,0.26931023817143535
-0.5263028159865479,0.5519161014365961,0.7038772333112238,0.19031042085437053,0.49005890561296883,0.5860550643777754,0.6393344259625675,0.8054949631615066,0.13823969495338936,0.26332831772828436
-0.5196407550246929,0.5556313923598366,0.7056222085733748,0.19424967696194406,0.4956010420987787,0.5875366734117728,0.643367200417988,0.8085388098961959,0.13604960085990916,0.2577258118767572
-0.5129786940628379,0.5574971671174705,0.7069698648122247,0.19896808418571255,0.49982825090889693,0.59152452767373,0.6465429802117477,0.8113405799588504,0.13193562148672155,0.2552319639818004
-0.5063166331009828,0.5565943895088277,0.7093360525363767,0.1993826861352417,0.5025908377747681,0.5947271650699724,0.6486278396804137,0.814134801471469,0.13631356595589297,0.2515141955465451
-0.4996545721391278,0.556115474721967,0.7119413416737863,0.1967023993717634,0.5073079235465039,0.5980471291337806,0.6507181749356589,0.8168096068152457,0.1400969723842737,0.2511230200206335
-0.4929925111772728,0.5557392001226072,0.7113247660366714,0.18491880037256242,0.511405864645382,0.6013647178223513,0.6527662003058557,0.8192857220214271,0.14311200675377445,0.2509178565805895
-0.4863304502154177,0.5585790500509485,0.710539195602214,0.19086286675977274,0.5158251703579579,0.6062284048186493,0.6547103347702375,0.8221885229916733,0.14034356144115923,0.25040783173862646
-0.4796683892535627,0.563711561771137,0.7096524562442914,0.1877699029443799,0.5204461508874343,0.6147194290766805,0.6568247365901166,0.8264117112072508,0.13653038875454032,0.24930614255437666
-0.47300632829170763,0.5689064420786124,0.7086356909580156,0.18640841749567535,0.525079375238377,0.6205054822883265,0.6591075714434866,0.8259161563064984,0.13288785806018713,0.24729361839361838
-0.4663442673298526,0.5724717954864423,0.7119503099745688,0.1854016455819269,0.5263758201207457,0.6195332578833367,0.6613774641011263,0.8262347020792911,0.1288146633855681,0.24440357458485076
-0.45968220636799756,0.5686297424495362,0.7193703778742203,0.1801973666319162,0.5264869065022668,0.6175278449147292,0.6633852929973436,0.8255607465901692,0.1281513151955327,0.2400121960002594
-0.45302014540614255,0.5669432485134953,0.7266760420959458,0.17607238404614858,0.5293662087576831,0.6205130898411597,0.6652028001335651,0.8251011599862215,0.12782015467201155,0.23596324238296346
-0.4463580844442875,0.572764248419254,0.7263907211536812,0.17835770025185338,0.5335976598326483,0.6221492153015735,0.6677482571641778,0.8247494158570907,0.12696273894484605,0.23125620785854306
-0.4396960234824325,0.5785796139082114,0.7263647889665071,0.17788790580675745,0.5326774241704847,0.6253747169233159,0.6725220225990237,0.827225891336248,0.1211892870046621,0.2175025204290969
-0.4330339625205774,0.5843588280835337,0.7265141295488545,0.1663118350805868,0.5316666145665871,0.6285850904129286,0.6768624378131274,0.8282479924877408,0.11834868800986006,0.21768365383814714
-0.4263719015587224,0.5901543907316109,0.7305022919292063,0.1585696495979592,0.5348154985441884,0.6318563804544923,0.6808918639295763,0.8258271310823636,0.11618980188192353,0.21493796164809142
-0.41970984059686733,0.5957939814447316,0.7365674126700194,0.15622839976886913,0.5424758217979488,0.6352258391357192,0.6848721511241247,0.8262713215934361,0.11401713887624372,0.21545959963412126
-0.4130477796350123,0.5997074816724913,0.7413992505788042,0.1547609318536989,0.5500496708594296,0.6369646438397472,0.6917362970123458,0.8276087314450795,0.12074492643451865,0.22274645127227427
-0.40638571867315726,0.5935861250302314,0.742553146130041,0.1589215408086494,0.5532315743135208,0.6388523172144215,0.6948140054986142,0.8303380286930702,0.11825558552155582,0.23030602132166456
-0.39972365771130225,0.6004423187194636,0.7444559718145235,0.16368859542316966,0.5560370104518978,0.6409707736841939,0.6971529472828664,0.8371371486292475,0.12118229628138832,0.2374772120437833
-0.3930615967494472,0.6060851921736584,0.7472632012864744,0.16244373241505403,0.555011184073911,0.6417033425985239,0.7015152546462834,0.8434499333216134,0.12057280430568434,0.23339503436046344
-0.3863995357875922,0.6092424059102693,0.7481004133736145,0.16230821671409568,0.556335110094858,0.6421087432089231,0.7062008837501388,0.8494408300639366,0.11846426259612176,0.2253444534201756
-0.3797374748257371,0.61402821996039,0.7511537231612474,0.16055015813809276,0.5612553759316189,0.6461565191950611,0.7108390060803708,0.8549247840812816,0.11686759533534678,0.21650022356781368
-0.3730754138638821,0.6190538151590117,0.7538423379151524,0.15668474930847617,0.5664311856261969,0.653769428390403,0.7154735586314298,0.8599968624660271,0.11778306898341952,0.20784539198685167
-0.36641335290202703,0.6225857473071335,0.7583001416166171,0.1532673020532438,0.5716792144370143,0.6614392886025449,0.7186750118107145,0.8645694959730547,0.11648957644821276,0.19943471687767328
-0.359751291940172,0.6256362251787448,0.7642631823490089,0.15608095092938037,0.5770404674741674,0.6666819658125502,0.7220283022202244,0.8688286255747084,0.11425311660647426,0.19952627083462549
-0.35308923097831696,0.6305693182615573,0.7675054566006753,0.15303826095504192,0.5823953701037792,0.6699074295860135,0.7254774176264928,0.8704550240544352,0.11457655960543806,0.199156236081366
-0.34642717001646195,0.6356404021622083,0.7750069086651667,0.15182909680684914,0.5877177281410108,0.6732545376136545,0.7291942426432781,0.8748002330836459,0.11395829056441208,0.1987028142800652
-0.3397651090546069,0.6407289191023472,0.7823845349834467,0.15380894107142945,0.5929695584777377,0.6766968957694351,0.7335379615107401,0.8732282341586775,0.11845896236131166,0.1991057270631474
-0.3331030480927519,0.6458948812581496,0.7849789715578623,0.15679750107309878,0.5983390902067359,0.6801222713952788,0.7358063228603576,0.876963762595503,0.11221746571438837,0.2000510448826993
-0.3264409871308968,0.6500949060007819,0.7878405214071387,0.14821835508845765,0.6035523637231188,0.683546260417609,0.7380704202295733,0.8804701242543367,0.11626973288691564,0.20119077780721836
-0.3197789261690418,0.6548979598017758,0.7941937133171589,0.14398540253605707,0.6086893004446143,0.6859292855916479,0.7449571569560994,0.8809976141793407,0.11865400226987552,0.2035506321452429
-0.31311686520718673,0.6617501588106695,0.8007743281620394,0.144277931284944,0.6137438024636517,0.6878746927464832,0.7523701434529917,0.8814524469813302,0.1100792650170718,0.19506048871249154
-0.3064548042453317,0.6671746779695087,0.8077924161187114,0.14595055089703524,0.6236771024076708,0.6898925851341328,0.7598440809871537,0.8819251356217906,0.11230232690491625,0.1976971011766504
-0.29979274328347666,0.6724813489619724,0.8118747187317616,0.138793809012511,0.6386673434790127,0.6919536824610704,0.7669517320073383,0.8823228819892768,0.1045105300324356,0.20065218502131918
-0.29313068232162165,0.6777848498870013,0.8162985042118792,0.138794333014089,0.6478853600355965,0.6954200860232989,0.7749773742520772,0.8820910618540025,0.10407064895661709,0.19651855035595223
-0.2864686213597666,0.683196515201296,0.8204029612585496,0.13884907664180485,0.654792449373728,0.6996134923854055,0.7825747566820378,0.8828847370765476,0.10453982781466668,0.1874135856243977
-0.2798065603979116,0.6879884785169411,0.8265470164881293,0.13737546455645086,0.6599707859317593,0.7037530044074537,0.7901995872198415,0.8843117585398965,0.10532566022245954,0.18133043799143722
-0.2731444994360565,0.6931926329680455,0.8330000379712686,0.1366477061729738,0.662256315238317,0.7102847368429869,0.7977898153619789,0.8891139154728427,0.10410073129330495,0.17908247621048365
-0.2664824384742015,0.6960265064751269,0.8380370502243304,0.13107952530440797,0.664848310338488,0.7119052134389519,0.8054691207196351,0.8920527687073969,0.10058274133052504,0.17829279770268353
-0.25982037751234643,0.6989711773141503,0.8464943101825919,0.13400113953921128,0.6710071784556072,0.7162134662984513,0.8048233368559078,0.8958310515215543,0.10092178982460205,0.17209600930119298
-0.2531583165504914,0.701981664988491,0.8514615241032674,0.1338175867156719,0.6775989097507431,0.7204535734244079,0.8042893503477324,0.8993378695938428,0.10456411275703285,0.16697510164024337
-0.2464962555886364,0.7045222606033946,0.857430537678371,0.12871609320044888,0.6858540144786648,0.7246937313662148,0.8043096744482211,0.9024430230876201,0.10369004366513256,0.16825015640211455
-0.23983419462678135,0.7060251643420661,0.863758369857338,0.12870468074183353,0.6913354456240879,0.7289075877250374,0.8075222367611138,0.9059601894083396,0.10179139736049587,0.16870707077328806
-0.2331721336649263,0.709141679598876,0.8702203836084573,0.12964921907743604,0.6963136458805956,0.736455303752648,0.8136158279896637,0.9075322824320915,0.09962305917481619,0.168565180052212
-0.22651007270307127,0.7129001851484615,0.8753622054643782,0.1311771124048779,0.6941559610057709,0.7442906662590054,0.8201240215497297,0.9078378999690383,0.10298224353323635,0.16819518735412203
-0.21984801174121624,0.7191211272122193,0.8836128339275983,0.12827225304629292,0.6995185177571849,0.7461179433498577,0.8296576665055301,0.9081873290846524,0.10026650954817803,0.16773749238982844
-0.2131859507793612,0.7231565873509063,0.8859736814256512,0.12198298463304245,0.7068117948823486,0.7479496076567924,0.8398051038413689,0.9091095708275655,0.09851763245343277,0.16963488674650368
-0.20652388981750616,0.7270462903374592,0.8908576133731552,0.12691174993953191,0.7095835013392796,0.7544621904117109,0.8498437708422767,0.9126663779673788,0.09858811426241662,0.16623123148420646
-0.19986182885565112,0.735096702700793,0.894344110829058,0.1268771939397171,0.7179081425370065,0.7611338897415449,0.8598836289594148,0.9162733935652771,0.09996387078389374,0.16703813331387024
-0.1931997678937961,0.7402444257115196,0.899355511929095,0.12287948515754625,0.7191511555891567,0.7680283420124472,0.8639567713412765,0.9195880171663378,0.1012637642891393,0.16746792874547328
-0.18653770693194105,0.7468199132404633,0.9050249610323097,0.12121141491882406,0.7220004625482412,0.7750674949781162,0.8663418512672626,0.9229440452498925,0.10129954215039164,0.1668966600982608
-0.179875645970086,0.751554192248365,0.9094694340976803,0.12360092411802015,0.7300548918601087,0.781094425110847,0.8684273249143099,0.926173493430533,0.10195805552240453,0.16538550362856555
-0.17321358500823097,0.7582538887630692,0.9137015963671771,0.12382461714939699,0.7314836730379436,0.7863143160578345,0.8735136549618389,0.9318592257154534,0.10262700862140468,0.16365284404816358
-0.16655152404637594,0.7646533361567011,0.9179029631938496,0.12598504276421638,0.7312556318835425,0.7922645373637254,0.8763601870189306,0.9381442967497776,0.10366800662219443,0.16316750663227736
-0.1598894630845209,0.7730854486061968,0.921869137322898,0.12682984556556068,0.7362150874504398,0.8009359912038666,0.8790688574902495,0.9486225230871109,0.10337565436431935,0.16266399406265347
-0.15322740212266586,0.7815539808352574,0.9261913831442979,0.1286363931294933,0.7416510819913068,0.8096313030670262,0.881773073626378,0.9593941275585771,0.10302624838752697,0.16266978009545752
-0.14656534116081082,0.7874876131617061,0.9304667291355225,0.12982743060267685,0.7482291806544881,0.8173786784922452,0.8847935392393005,0.970110986684056,0.1042156468244444,0.16184256024281876
-0.1399032801989558,0.7926054591871191,0.9353460784049837,0.1305271478697635,0.7551299122323728,0.823724947060062,0.8913540627053981,0.9807138333393867,0.10449318174883579,0.16045409352501938
-0.13324121923710075,0.799545583213915,0.9397023175157897,0.1288599781537207,0.7683429283413655,0.8300423944771091,0.8943809981705569,0.9913665160390519,0.10243062624008016,0.15893155419196933
-0.1265791582752457,0.8054158943274381,0.9431601927852774,0.12399531751041916,0.7737351800353871,0.8364508674653088,0.8996824855048264,0.9999019247552002,0.1005262758473653,0.15629754169243792
-0.11991709731339067,0.8102847367113606,0.9468576653452261,0.12667079623224384,0.7792812140645248,0.8384677448894428,0.9076591275992114,1.001807838733079,0.10000583152662057,0.15417323964208526
-0.11325503635153564,0.8186178575408204,0.9521915266858305,0.13198781924314915,0.78550923260493,0.843211151116828,0.9081486893848916,1.0046132917151018,0.10029957667516023,0.15666972488235306
-0.1065929753896806,0.8256960637662263,0.9587925822846576,0.13192250896017343,0.7937630470597016,0.8498245420832596,0.9131567661828023,1.0131371392957116,0.09699197632793415,0.15980126813164322
-0.09993091442782556,0.8317921304377724,0.9619165786037863,0.13059086808729342,0.8016149734203877,0.8562435589578395,0.9199685243168628,1.0218686437179414,0.09910379930522446,0.16468345280021637
-0.09326885346597052,0.8383307038256785,0.9699619631383577,0.12903912762595365,0.8106549944567925,0.8624882500531065,0.9267814504761279,1.0307581451690089,0.10451458266730014,0.16982109479550422
-0.08660679250411549,0.8462501717523541,0.9734002391684053,0.13092324297717423,0.8186701916266382,0.868802794957531,0.933584170032012,1.0381022151150356,0.1064270157781544,0.17499722336648715
-0.07994473154226045,0.8542606424312348,0.9744760224838785,0.1326365299610269,0.8267078217855849,0.8749874273418985,0.9404682355923927,1.0471815904541066,0.10501038919528818,0.17882852868206361
-0.07328267058040541,0.8600973234100816,0.9775034513336074,0.13601394129421687,0.8321902260564928,0.8808001042348713,0.9473277857759522,1.0462132698095425,0.10483213381923019,0.18602818637957821
-0.06662060961855037,0.8667030575283587,0.9826994778255824,0.1293186669908324,0.843120916506151,0.8858580892332656,0.950822678078671,1.0519960926982792,0.10774944110500016,0.19165652293616317
-0.05995854865669534,0.8717130953086872,0.9876832683855935,0.12738469579906317,0.8529152560972705,0.8918008232372806,0.961572266194804,1.0615040435010348,0.10566498398397078,0.19095046914388655
-0.0532964876948403,0.8788749074339228,0.9995558111611648,0.13476641740875767,0.8589629924732506,0.8970996911525831,0.967493138758016,1.07043004670567,0.10526505320291842,0.18723862649603049
-0.04663442673298526,0.8856753385346808,1.0048798353410595,0.13926329362546339,0.866332217133897,0.9025366399401078,0.9702360637681937,1.0801458566579059,0.106185910715681,0.18931167934934054
-0.039972365771130225,0.8923971626893452,1.013385787818927,0.1428754840933021,0.8729867115090106,0.9121967277884189,0.9734863563693558,1.0859498109630084,0.10549145600083942,0.1957123948557301
-0.03331030480927519,0.8975207934028172,1.0205830289964262,0.14353216284676418,0.8783646381059537,0.9186462301368415,0.977397316090384,1.0979833910662904,0.10629676705778392,0.19065453675979724
-0.02664824384742015,0.9037260770618694,1.0254599249820397,0.1403542450986271,0.8870342012171906,0.9263900137168798,0.9822112253668783,1.1008321823549412,0.10815887535421537,0.18278486648517264
-0.019986182885565112,0.9097396963124948,1.0287659581553605,0.14123095503515978,0.8939044904249792,0.9347478343814796,0.9861012402769904,1.1075852927854324,0.10695874299422994,0.17998720895062004
-0.013324121923710075,0.9131852998977319,1.035991678767168,0.1401484688884638,0.8984079785155197,0.9405973927664613,0.9882814800935897,1.1141625252263172,0.10664618745399983,0.1832296973937561
-0.0066620609618550375,0.9221017918686435,1.0340394409985552,0.13864689590365947,0.9056030229576351,0.9480826699769658,0.9903141981225052,1.1205105142185146,0.10703298255385137,0.18711711397087546
0.0,0.9265281660021656,1.0364394849036798,0.14493980347274932,0.9104320419353745,0.9529119977867002,0.9971874789483073,1.1288494369282702,0.11000687651172433,0.19226304145160447
0.0066620609618550375,0.933166506489381,1.0447760277496796,0.14388615127511242,0.9199076868955042,0.9582387779515406,1.0009006798706466,1.1408185965001612,0.11533323951275641,0.19788321895748653
0.013324121923710075,0.9403006179917481,1.0506157934815512,0.14801180716514659,0.9264963799416868,0.9662267239652521,1.0031847674204235,1.1393238503950744,0.11379920389508148,0.20374440136087654
0.019986182885565112,0.949066699850168,1.0559859804742904,0.1489323868687144,0.9315584105018803,0.9693605322309695,1.0052628095889344,1.141365290206459,0.11011163270878982,0.20339281767095355
0.02664824384742015,0.9553927880383132,1.060695765811794,0.14992618055635093,0.9376664510699122,0.9740410016700903,1.0085952216945746,1.1450877269978181,0.10972837296240386,0.19965222693810447
0.03331030480927519,0.9624336252416054,1.0651801631551108,0.15065303286353623,0.9441767523791461,0.9798468783707545,1.0116331493683355,1.1485167799011882,0.11217680383809099,0.19588377310697705
0.039972365771130225,0.9690534353184813,1.0713654705212443,0.1515963796281084,0.9487381775092328,0.9855213760617418,1.0140661352806293,1.151687246641883,0.1121385304712567,0.19190083557268095
0.04663442673298526,0.9755959230187862,1.0815974428738109,0.15207887848183885,0.9528819240647877,0.9910182347025888,1.0177741106237106,1.154606166577101,0.1094916054820869,0.19475319663116775
0.0532964876948403,0.980498382181035,1.0886345597523657,0.1531533817508093,0.9564145480108199,0.996503609776368,1.0212607895645232,1.157063526923162,0.11228925194073155,0.20260257970196666
0.05995854865669534,0.9842465951377619,1.0914243887785369,0.15143546110821177,0.961405429747813,1.0006380953386265,1.022394922933833,1.1610724541126296,0.11099021264922884,0.21005571142795085
0.06662060961855037,0.9907106621872709,1.094605380707717,0.14980087964703118,0.964474635123633,1.0045554515912751,1.0223756593773907,1.1677971447841011,0.10947241509156914,0.21619449969329574
0.07328267058040541,0.994402168628387,1.0884022158474507,0.15028333199665903,0.9672332806870176,1.0090258817083124,1.0257742331053525,1.1689867766810287,0.11004696288627411,0.21326773866711735
0.07994473154226045,0.9982487977147719,1.093067449890442,0.1508884824655241,0.9696635626279446,1.0173894899879539,1.029161553139614,1.170329979314862,0.10992558822181175,0.2108517001836706
0.08660679250411549,1.0036609203019509,1.1003070891626505,0.14873931081921923,0.9708103149796038,1.0223499808603957,1.0324738612637288,1.17114643474801,0.1136533122268338,0.21141591419142858
0.09326885346597052,1.0061399144261558,1.1075599004427792,0.149524649511138,0.975010469494256,1.0269489176108315,1.0356760576038662,1.1737312923455423,0.11221189247941302,0.20877460994062044
0.09993091442782556,1.0092684724204917,1.1145229908252166,0.1525180872887751,0.9779375851734746,1.0330616434026028,1.0388769249920122,1.1755802385603034,0.11055657074026479,0.2093998830372618
0.1065929753896806,1.0136727027919485,1.121144461331681,0.14888242993449782,0.9813287544650829,1.0415836706067902,1.0420874788965044,1.1771445721180094,0.1122722113189631,0.21132268343722296
0.11325503635153564,1.0162682647308818,1.1271166300090356,0.14541912807586202,0.9845079991203923,1.0498521615988845,1.0432225098222014,1.182406803322476,0.11603254522366485,0.21168425786414355
0.11991709731339067,1.0187799050843351,1.1325740462584257,0.14531825272034007,0.9883813411768968,1.0517903841071539,1.046398971830173,1.1856740687575902,0.12038016621069975,0.20946365238207634
0.1265791582752457,1.0212182708493134,1.1373883738109969,0.14586038714996494,0.9925954072905134,1.0501036213781059,1.0481250973082439,1.1897579455968432,0.11733628350053521,0.2083040927574991
0.13324121923710075,1.023640625538658,1.1397541122816481,0.14562389298252507,0.9969348229473218,1.0480519159373722,1.043880564541782,1.196790372931351,0.11437591727339047,0.21160310542112404
0.1399032801989558,1.0256026959363203,1.13941227313275,0.14546720808417776,0.9994809074206151,1.0508198093145156,1.0482273643884874,1.2043670737315606,0.11532590480497304,0.21596871721263458
0.14656534116081082,1.0260451969363453,1.1394029731974864,0.14599141991726247,0.9990643802158323,1.0569688001322748,1.0437983037822207,1.211789212122447,0.11761192509403352,0.2150799831256337
0.15322740212266586,1.025955585259101,1.1397183273709341,0.1471212203285381,0.9968369787676283,1.0630039948436016,1.0382632454940466,1.2191016342822858,0.1210183423559106,0.21793901770418106
0.1598894630845209,1.0251900594462178,1.1404502103118117,0.14935163916597327,0.9962439429472031,1.0681783724229756,1.0328154780059422,1.225393125780559,0.12482931690215311,0.22267110923603667
0.16655152404637594,1.0264859946742149,1.141331461408155,0.152651652172289,0.9982705192768683,1.067691731490978,1.0294718446778914,1.2287452484406647,0.12380320215959023,0.2205407838804962
0.17321358500823097,1.0269713981883652,1.1424129971432373,0.15079296487635388,0.9999012768268698,1.0675313424762511,1.028320445541835,1.229491221738196,0.11935668947028018,0.21238997694178494
0.179875645970086,1.0304268671852417,1.143776742472566,0.15401164672272116,1.0045080681619214,1.072377441194685,1.0287569146641455,1.2295766024977088,0.1140438192510388,0.20618460599860836
0.18653770693194105,1.0357048062268004,1.1465483083515668,0.15888122173708477,1.0075379717358453,1.076031596690571,1.0308716028913292,1.2295503671100787,0.11398863708479116,0.205420886019379
0.1931997678937961,1.0387027822741817,1.1431983074885148,0.15898694040224062,1.0105860462559664,1.0713568676616636,1.0306788746373607,1.2294652627371159,0.11315191077899592,0.2091088630146018
0.19986182885565112,1.0417793112943996,1.1442811852808634,0.16377665836785282,1.0062734497157941,1.0731179406345566,1.0332099855898915,1.2277542800908916,0.11033169919039021,0.21081015654046562
0.20652388981750616,1.0450697322839635,1.1456760762039067,0.15905934734516525,1.0012117448835123,1.0726576160133734,1.0338235328824608,1.2290543114843013,0.11022218863661846,0.20568787002251254
0.2131859507793612,1.0408533681518082,1.1463462831271503,0.16112681493715478,1.0029731492870824,1.0752675388364834,1.0323171114299166,1.2287321495366206,0.11823114301563012,0.2144384136414955
0.21984801174121624,1.042957103688466,1.14367072929349,0.1607521861483254,1.0045651658998611,1.0799520315990168,1.033939213551712,1.2320049981470038,0.11749020347253114,0.22289578042312572
0.22651007270307127,1.0454373832028063,1.1408225323831904,0.1642587010024757,1.0059716097721312,1.081044857084015,1.0382301035948178,1.2359356648367428,0.11600696405206647,0.22215144821764551
0.2331721336649263,1.0482253915809316,1.138554406331309,0.16492012231291286,1.0064592822772331,1.0787721837090123,1.0454567722928287,1.239841733533326,0.11739912791400832,0.21682598463035516
0.23983419462678135,1.04832700045807,1.1418257960726748,0.1622589640692806,0.9972753479817547,1.0822991509801527,1.0516387416022224,1.2436120973107108,0.11766914875199935,0.2150947072435
0.2464962555886364,1.0442934366595453,1.1400529163879096,0.16034908271374035,0.9865096757152263,1.0875900961956868,1.053978050752908,1.2473194308894322,0.11879558960832019,0.21521897501593254
0.2531583165504914,1.04525728149219,1.1378514983736214,0.1612008358114691,0.9760804150154941,1.0923465946146822,1.0494554654880983,1.2510836612702103,0.12434072261988405,0.22141821167039774
0.25982037751234643,1.0457069412221094,1.1394497426650443,0.16306398567762595,0.967343043082169,1.0875648645232838,1.0448631898510765,1.2548573162369914,0.1171001360919968,0.22535330286360417
0.2664824384742015,1.0454570858717516,1.1418357817377591,0.16413222172104106,0.9717745260892653,1.0913183055409248,1.0405153225389077,1.2559603969657571,0.11868442733906955,0.24325518671484161
0.2731444994360565,1.0443850782106443,1.141583794470606,0.16435289105142717,0.9690522984838605,1.0905144941694271,1.0359809461963574,1.2559752711595182,0.12026677079226732,0.25412206821408684
0.2798065603979116,1.044929100091492,1.1409463572429863,0.1646060771241514,0.9666210700603488,1.0883171128363711,1.031454073097695,1.2556475621414283,0.12141579899746636,0.2632098993743937
0.2864686213597666,1.0420632215230154,1.1401520530952225,0.1637556454430125,0.9662163782848392,1.0857179137596646,1.0268972494322086,1.253984716058403,0.12211952895826717,0.27175490445363487
0.29313068232162165,1.0408749894519451,1.139130975418814,0.16620552598860266,0.9657268494446628,1.085170805311216,1.021906740238052,1.2516107264764031,0.1194618280643072,0.28159377365037414
0.29979274328347666,1.046290557166564,1.137912021156854,0.1661627735705572,0.9651184980823936,1.0847781038481423,1.016338539157692,1.2491694268751892,0.12145947743897904,0.2913759019190194
0.3064548042453317,1.0517274369036003,1.135033124350543,0.16736870118218192,0.96441202566754,1.0840554884006226,1.0097450872048315,1.246734701763864,0.12624067961551028,0.30100709099292133
0.31311686520718673,1.0571187776976285,1.1351652629152018,0.16748838780903116,0.9637230508911379,1.084177101932693,1.0093042891434139,1.2443531594993427,0.12574419510384,0.3098705657058452
0.3197789261690418,1.0544352345589278,1.1400471914605241,0.16954619612808844,0.9630107025628959,1.0841056591981135,1.010106771372412,1.2443447013064974,0.1337108852026314,0.3179790100763129
0.3264409871308968,1.0509095143419154,1.14502518211171,0.1682950848442992,0.9616045897211043,1.08395658420244,1.0109832209941778,1.2453615578467707,0.13668147783341913,0.3234866090595355
0.3331030480927519,1.0485082342154461,1.1442243624579511,0.16453023281120618,0.952562774010092,1.083686139816432,1.0119454182614385,1.2475567230757942,0.1370481524726537,0.31481733026593967
0.3397651090546069,1.0443066466055757,1.1454377499915913,0.17458759609409386,0.9517579391925853,1.0831484072719764,1.0130396440642466,1.2382236536509867,0.1374122752079943,0.3093259938664705
0.34642717001646195,1.0347623232910812,1.1470234214932937,0.16781102785064458,0.9501735169573253,1.0823463094047376,1.010449899514209,1.2396463316606736,0.14143803916742675,0.3066555013353427
0.35308923097831696,1.0281815750499201,1.1490935996445346,0.17043987023947907,0.9485592242452295,1.0863879566928756,1.003771818863116,1.236989317200475,0.14254513626577367,0.309810701216539
0.359751291940172,1.0288692165352369,1.1499320410000442,0.1739976934063303,0.9468163967843078,1.088308978824041,0.9968904638485079,1.2327424439502779,0.14455241251600898,0.31477412021279444
0.36641335290202703,1.030274856414098,1.1500291194550691,0.17937049738356126,0.9450092476484281,1.0857854032872274,0.989899848671581,1.237139919365573,0.1427421210073579,0.32150560317752896
0.3730754138638821,1.0326622898686153,1.1441837960663617,0.1869117916555088,0.9444606747526058,1.0856102601951538,0.9882104546873053,1.2356525696488894,0.14485815613268735,0.31719536508893525
0.3797374748257371,1.0307507937521427,1.1409116812437812,0.1897792360626986,0.9459106336193438,1.0866860519729624,0.99091101472029,1.2337647563873926,0.14967690590504945,0.3007782289839202
0.3863995357875922,1.0283872460926728,1.140648563145311,0.1880604675520885,0.9424973743849422,1.0877741833605759,0.9933713350756161,1.2377716501518865,0.1552511223160921,0.2917534787706776
0.3930615967494472,1.0294795999281563,1.1446580243335844,0.1882830163554536,0.927685797609841,1.0914122305811709,0.9955055179477389,1.2385264938190659,0.15297655473266616,0.2960682174535996
0.39972365771130225,1.0322707444761499,1.14904190655346,0.19021567528186645,0.916180408080101,1.089788532825283,0.9974125135490718,1.2372821499534392,0.14686408283528246,0.3005149722910861
0.40638571867315726,1.037199674136836,1.149283888687433,0.1988930506899121,0.9102699566792989,1.0907167129279087,0.9988835351134794,1.2360613246313223,0.15352832282320594,0.30510644599048226
0.4130477796350123,1.0417566054619039,1.1482062266883146,0.20274688535508525,0.9037904537049792,1.091624878237835,0.9999106196051853,1.2346625786495145,0.15101410947556856,0.30893109471262586
0.41970984059686733,1.0390054079247575,1.147264769700398,0.20593432946911355,0.8977768295950604,1.0916119480277144,0.9849741454066954,1.2331636414531126,0.14764521486150944,0.3125607584009521
0.4263719015587224,1.0325011739740904,1.1463885987502127,0.21327893556320898,0.8956903036385088,1.091486618616665,0.9636603730098372,1.2318257844881157,0.15035003915509876,0.316010554092107
0.4330339625205774,1.0260819205020189,1.1457422704013516,0.2166578110782572,0.8930838354036568,1.0889028797690827,0.9613246457269523,1.230467477416529,0.15250409771144338,0.31912721240093866
0.4396960234824325,1.0249460418766234,1.145220436466924,0.21909553301504336,0.8898894893280722,1.087126194164682,0.9588674279940047,1.2293220298608991,0.1495632034059729,0.3124909559432574
0.4463580844442875,1.0232059679845453,1.1416589691319183,0.21486525118706748,0.8862085384307178,1.0895126356727927,0.9593176418921637,1.2279515083257777,0.15576647977253263,0.29753354592224457
0.45302014540614255,1.0202225289319822,1.137173006644158,0.21251376193001037,0.8852693916304865,1.0924988476367574,0.9619064655323857,1.2266378481992348,0.15718722903484547,0.289781966776528
0.45968220636799756,1.0173451228698362,1.127086788432352,0.21257764544688557,0.8879348800748943,1.094569596680604,0.9643183756734276,1.2254706271957663,0.1584996295891495,0.2923481860119941
0.4663442673298526,1.0135070570328168,1.1176339438555007,0.2118111713049843,0.8902455373848662,1.0943759587475528,0.9664844152192433,1.2248754390635057,0.15995317014201707,0.29438097047741774
0.47300632829170763,1.009759213582073,1.1166570222154617,0.20862790440299617,0.8920449155192607,1.094064399252376,0.9687073985145391,1.2255516034353633,0.16136959969516612,0.29560344397538213
0.4796683892535627,0.9996851619263519,1.115329072101893,0.20681142095318036,0.8936328448838138,1.0910824191588564,0.9704558026255153,1.2261415954356318,0.1597763307630596,0.2962763629083003
0.4863304502154177,0.9907082267477281,1.1138709190925655,0.20584410099320274,0.8950853070882958,1.0867613620665237,0.9719518072629647,1.225225442620928,0.16575429718825674,0.29637358171355066
0.4929925111772728,0.992901686403426,1.112724080183564,0.20379588893311118,0.8951704785115526,1.0823237647076747,0.9732509521145538,1.2264681316531338,0.17079204207415258,0.29512272309195303
0.4996545721391278,0.991253467438887,1.113013271416518,0.20992150707198348,0.891053564069443,1.0776343945953575,0.9745743880015393,1.2245240763843763,0.17386026131731447,0.2938265182519682
0.5063166331009828,0.9851482250480719,1.1144760626148327,0.20982856434850614,0.886768510702745,1.0727599139569362,0.9758575168118518,1.2198460606415504,0.17949319858492746,0.28528335499665586
0.5129786940628379,0.9786709263079395,1.1172812811632478,0.2135728346385484,0.8823798267873676,1.0677043426775923,0.9770194445276287,1.2149083720017888,0.1840253655123932,0.2926751224824675
0.5196407550246929,0.9749005045896552,1.1186513962805702,0.21629400222083134,0.8779888764313086,1.0624814038043353,0.9779059719354127,1.20759329329547,0.18310313560052913,0.3002591628608558
0.5263028159865479,0.9735364870007253,1.1216206569086167,0.21700115815487808,0.8735172954182562,1.0571972277083836,0.9788213679101312,1.1988901979792428,0.18707253821668626,0.3062605802038247
0.532964876948403,0.9719927636368956,1.1235619873910838,0.22150716284993038,0.8689584505285946,1.0578189438475485,0.9797904837411344,1.1896107022867783,0.18820233542668052,0.31098613944432346
0.5396269379102581,0.9649451214815714,1.120557091663816,0.2218552086688657,0.8620871524880018,1.0637268802612339,0.9702669788452514,1.1820061708096483,0.18990929973320564,0.31454781939102494
0.546288998872113,0.958131899169903,1.1140092397856698,0.2237691423431192,0.8454365150252543,1.0646672582893102,0.9429540790426456,1.180956796000871,0.19079970504814844,0.31638919183286396
0.5529510598339681,0.9536721683324132,1.1088017310248477,0.22131136609446003,0.8290583258283113,1.0641498932116504,0.9385892342677338,1.1803646469697442,0.19074833557270743,0.31742970141914106
0.5596131207958231,0.9583661929715542,1.1078377343790093,0.2198828178568553,0.8138607190962317,1.0565811750366996,0.9404704914149391,1.180326150308008,0.19424085763087254,0.3184561624044573
0.5662751817576782,0.9574485252676578,1.1045615024755024,0.22265699866868158,0.8104848885585078,1.0486257384747832,0.9405527081445831,1.178978908201627,0.19311896962642544,0.31826425026977095
0.5729372427195332,0.9564433927205371,1.0994100801303643,0.2247601476760116,0.8070038393048419,1.0417772515594421,0.9343469958178753,1.1713576802792147,0.19061288654343092,0.3178427130274891
0.5795993036813882,0.9544999016371281,1.0939025314701918,0.23054042566294528,0.803266878906465,1.0421650971612135,0.9360442211123976,1.1638957738168085,0.19027033838017018,0.31752001107521843
0.5862613646432433,0.9521011653887649,1.0880204002272778,0.23573840345162603,0.7994489465766546,1.04264366072013,0.9356820973328263,1.1571720456355012,0.19080554172640884,0.31631335629647034
0.5929234256050984,0.945613982189679,1.0884784645380694,0.24207942696095924,0.7956131083870005,1.043217605130552,0.9323310098734893,1.1564919875230815,0.18872999111868752,0.3137234889554149
0.5995854865669533,0.9383267673511724,1.084475545893424,0.24163951962210262,0.7916073375628091,1.0427967685496748,0.9242547603735264,1.1575306889647847,0.19158937290143227,0.31105642393614286
0.6062475475288084,0.9311175950065589,1.0778294819818506,0.24020792181926498,0.794257819106995,1.038195801048697,0.9218002283370826,1.15872587440079,0.1950400776331191,0.30871516568052115
0.6129096084906634,0.9241715316497571,1.0732971105732312,0.24252140445924109,0.7991089780730103,1.0401663318804644,0.9131126168619027,1.1600587607200203,0.19695490818928119,0.3060358363188877
0.6195716694525185,0.9174488343446835,1.0731595663208195,0.24257702741260054,0.8035012066676899,1.0405569761967526,0.9082509574775779,1.161579447894466,0.1955444674570004,0.3030108087800995
0.6262337304143735,0.9110678810074582,1.0728576715292069,0.244834611470955,0.7861442022488606,1.0368071041296998,0.9061718432817497,1.1633517817151453,0.19432805271205555,0.3074740273138768
0.6328957913762285,0.9048960854054019,1.0708475860995448,0.24627619783474602,0.7749140407392441,1.036982060224225,0.8978878138849342,1.1652723067322144,0.19413914506228397,0.3130264611699868
0.6395578523380836,0.8988399602629167,1.061340282230487,0.2468573296411889,0.7724726181671558,1.0389085784971206,0.8884391607495171,1.1672462932483139,0.19219830759480322,0.31766437628334426
0.6462199132999387,0.8926801342131878,1.0513072069947924,0.2484924214801112,0.7705400544205013,1.0361595204145797,0.884282265270585,1.1632145357608097,0.19152405397123856,0.3242400392582364
0.6528819742617936,0.8865097756570846,1.0413810292064798,0.2506656394307179,0.7688888710762241,1.0297201167720649,0.8802511741866202,1.1658733376336827,0.19389658314064365,0.3276145718837556
0.6595440352236487,0.884204505318926,1.031127665314435,0.2521956041370857,0.7676499989438966,1.023089462815823,0.8807356701776077,1.15222597893186,0.19553379836986537,0.32978886156519466
0.6662060961855037,0.8887731212276635,1.030692534024657,0.2516927116271308,0.765625997556847,1.0164286742151383,0.8838968973647678,1.1370799012032844,0.19345244175626847,0.3337536084141214
0.6728681571473588,0.8898461858457797,1.0335241697332251,0.2535570112824555,0.766268142231875,1.0098315278136527,0.8868964143538388,1.1393019472746253,0.19155998478765418,0.34072035254540783
0.6795302181092138,0.8885432519964315,1.038694155725096,0.26069162838924004,0.7579844957017695,1.0034599347001567,0.8842716188658181,1.1420799884641593,0.1895710792217643,0.3481630098433258
0.6861922790710688,0.8870820231146956,1.046644723823018,0.25932180015503925,0.7464459603353166,0.9973107860736252,0.879800871331501,1.144294874672088,0.18764250116673936,0.3567466760925231
0.6928543400329239,0.8856755179591778,1.0488304884777764,0.2582825448862302,0.7439201615876359,0.9915312048341778,0.8754153815837449,1.1458610761549728,0.18938059475742344,0.36600384476719766
0.699516400994779,0.8843289890866622,1.0454991468961385,0.25609711041447786,0.7433578372649233,0.9794062736349326,0.8735270005516784,1.1469873559711627,0.2032578995336772,0.3736553418306092
0.7061784619566339,0.8828793212266298,1.0405531065586768,0.2577016985426687,0.7350428467564556,0.9685472290503936,0.8735166701081232,1.145011100145992,0.21080527940851754,0.37646395821567086
0.712840522918489,0.8813289072850516,1.0336005975232176,0.2627580194740234,0.7233259513474889,0.9692631645762927,0.8736533976973178,1.137884273337068,0.20728403151431152,0.3788756133585123
0.719502583880344,0.8797145194491822,1.0251020621191231,0.26657366995852416,0.7120469984822141,0.963726123739868,0.8738747644267227,1.1272075753275763,0.20304427050561893,0.38006910933325716
0.7261646448421991,0.8780861712981262,1.0168033731909434,0.2676574694032541,0.7009633211799441,0.9507419355496988,0.8741821965244148,1.116785920701787,0.20708889172350453,0.37828406497770883
0.7328267058040541,0.876465861003735,1.003832965373893,0.2717855899892874,0.6902142201698648,0.9386186528649297,0.8744624512773858,1.1124334093045687,0.2132520068531825,0.37261208329070294
0.7394887667659091,0.8750339232759913,1.0019692246058747,0.274881132795572,0.6886657668008626,0.9321939289563954,0.8746436249051476,1.1036558958799851,0.2157092174712045,0.3692276835383638
0.7461508277277642,0.8717255118537854,1.0075639914583538,0.27221192625666185,0.6871471704514749,0.9285305981087396,0.8747889751024907,1.0938028265003596,0.21632506682832225,0.36730876288939557
0.7528128886896193,0.8567898828854971,1.0139198389962916,0.2697912510398096,0.685198667016032,0.9246118652858661,0.8697964511615758,1.087155543459392,0.22103401586457444,0.36919491589362363
0.7594749496514742,0.8475272679289705,1.020801098546438,0.2725721273486575,0.675496631739038,0.9204662425313073,0.8576670789261512,1.085408723821649,0.2226602721158454,0.3726972510374906
0.7661370106133293,0.8399628139085032,1.0283909554868433,0.2732897856023252,0.664481270745351,0.9161344493909994,0.8509090517316198,1.083630533185906,0.22569463024685274,0.3775966901857381
0.7727990715751843,0.8322786151964073,1.0359841156535363,0.27525260261190865,0.6539016526603613,0.9115674402077557,0.8353403737229608,1.0817505367705536,0.22909704584992693,0.37668287454340704
0.7794611325370394,0.8246755123452516,1.0332166242213865,0.2769147678356541,0.6436235471745217,0.9084163359475705,0.8326372322617231,1.0805392580755517,0.23030500864528844,0.3792683657110153
0.7861231934988944,0.8171506504308648,1.030346312658409,0.2724617323404159,0.6337595854257797,0.9095874041021736,0.8336785048218467,1.0806476147941178,0.23264259181173738,0.38828732200621824
0.7927852544607494,0.8096887849410197,1.0273250791757116,0.2715032043500508,0.6339156933771275,0.9028541471858298,0.8350093916483713,1.077527045306259,0.23215324511985244,0.3869232746846307
0.7994473154226045,0.8024677829821045,1.0198165634951808,0.2765658627889979,0.63452501933535,0.8961509464806204,0.8365073230130597,1.0745288226015541,0.23072620639880512,0.38544363733508946
0.8061093763844596,0.7956330956423745,1.0100336283798725,0.28697710686786215,0.6350912534281925,0.8949652950985595,0.8382475923906935,1.0733240110630784,0.23292346962611513,0.38449696735910355
0.8127714373463145,0.7938510102710934,1.0002903730690724,0.2918822967902586,0.6356791713924004,0.8948446679380853,0.8381615354134508,1.0731714158238936,0.23437149605195573,0.38326285324100634
0.8194334983081696,0.7994837201618182,0.9905669801467772,0.29269180069656603,0.6362528114186029,0.8961205822678584,0.8153994483213117,1.0729588298767583,0.237469641168137,0.3823768868027528
0.8260955592700246,0.7959118253855051,0.980713722900836,0.29318467767435064,0.6369223889210299,0.8946286599114887,0.7930377191506924,1.072883365896865,0.23448878465107936,0.3815329981072423
0.8327576202318797,0.7838104874653167,0.9746994601574995,0.29276889240332876,0.6375956884775446,0.8946248777663613,0.7966167656524185,1.0729095868626675,0.23882538561372524,0.38368938241560147
0.8394196811937347,0.7720917504850741,0.9666089338280686,0.2890121327043499,0.6382181416284511,0.8947701576169587,0.808547051800478,1.0728493335348481,0.23937026149916243,0.39395215292463137
0.8460817421555897,0.7681868638298358,0.9680799871316486,0.2926432898202453,0.6386324613023646,0.8893032362163387,0.8122076100738128,1.0727912337159355,0.24202004469867075,0.40314366699091847
0.8527438031174448,0.7660236811134603,0.9654134089799543,0.29308621132554025,0.6309503834546593,0.8822743480916756,0.7893156897268613,1.0727830270930412,0.24450290483521053,0.39692719800982196
0.8594058640792999,0.7643699812794683,0.9644687383338406,0.2936622831247508,0.6179271132018311,0.8814082784994574,0.7668767045781582,1.0727660663779204,0.24589193468716442,0.40668252783252545
0.8660679250411548,0.7623280301769634,0.9642191017350815,0.29379591473593814,0.6048751275367397,0.8883100408480609,0.7669975599951454,1.0728103696519309,0.24934189695965786,0.4237199761056801
0.8727299860030099,0.7562991121395918,0.9645536986260171,0.2945795591437966,0.597094855469411,0.8924994030816911,0.7666848232937381,1.0726815875339715,0.2519080311978789,0.42890721816939925
0.879392046964865,0.7502393275399681,0.9657899095010503,0.30514115079243825,0.5972597907475478,0.8927830803536382,0.7555435638675263,1.0674188221641123,0.2514249920601175,0.43074506357589365
0.88605410792672,0.7444075448348901,0.9663420960977905,0.3059362085201327,0.5984114762954001,0.8828684258194469,0.7405965725374468,1.048190371306345,0.25147452481053895,0.4321329111327228
0.892716168888575,0.7387569603703579,0.9621526834437232,0.31445035489555934,0.5903002605030402,0.8663456118488155,0.7259158495141032,1.037906897287022,0.250983119522534,0.4329756999293661
0.89937822985043,0.7333461519035779,0.9582223881590435,0.3170053130246063,0.5821662516893793,0.8562313961072114,0.7183765868839229,1.0359805846358852,0.2508112841336224,0.43367977586223977
0.9060402908122851,0.7281695461160239,0.9627751815603315,0.3125147587901745,0.5743832920606317,0.8536358168315021,0.7242299330364647,1.0343305520658759,0.24912729637048264,0.4339193850500679
0.9127023517741402,0.7234685303511379,0.9624681062723717,0.30254431326945214,0.5669612637804939,0.8503359212911173,0.7307526356891875,1.032799169230881,0.24900939849360276,0.433542729463115
0.9193644127359951,0.7192477219945166,0.9579039947755796,0.30800582578602026,0.5591495181585594,0.847443858977309,0.7374618589468003,1.0247721710264395,0.254828734500509,0.4329457318307081
0.9260264736978502,0.7154529084234694,0.9525348062289727,0.3134106546582837,0.5451822775594389,0.8508895077687143,0.7281150743355206,1.021041631753386,0.26480257581732664,0.4321359115471215
0.9326885346597052,0.7118746715689781,0.9469996007337935,0.3176431546624656,0.5314177298183248,0.8547240477314539,0.7052152745351198,1.01512821014561,0.2701367413211639,0.4372530189079285
0.9393505956215603,0.7048255830705759,0.9412569139890843,0.315279297956213,0.5178140268909245,0.8591246719735957,0.6960144835663642,1.0091459851729994,0.2717925130597239,0.44280192687335107
0.9460126565834153,0.696205763737101,0.9353675577156234,0.31988142357693256,0.5057932032734677,0.8607067005281284,0.6924290732347933,1.0030515821349901,0.27507425047598916,0.4478273043948023
0.9526747175452703,0.6883592403562501,0.9293923287037028,0.32593712381604717,0.4988868320096848,0.8642731311480408,0.6879041778355082,0.9973680070910825,0.27459350256517234,0.46150597486873035
0.9593367785071254,0.6810774427503842,0.9243266451920708,0.3326431349790472,0.49198917098477357,0.8546580420529627,0.6833582165643015,0.9951723808127304,0.2738734358010439,0.4755047050632751
0.9659988394689805,0.6756621405995434,0.9170851667742687,0.3379620704929342,0.4853559569943463,0.8452628798236277,0.6787313422335663,0.995211882701034,0.27137189713479876,0.48851733222435495
0.9726609004308354,0.6749177225445346,0.9107334188723553,0.3444785223332511,0.4808995757846196,0.8466818287407475,0.6739580448739291,0.993034999472395,0.27116566329498565,0.5008082186119667
0.9793229613926905,0.679386058826201,0.9013860288562414,0.346226854888587,0.4774985647565218,0.8506486092928986,0.66903297511607,0.9936320236025051,0.27346296954515353,0.5121144266990271
0.9859850223545455,0.6864375866876491,0.8977942523423769,0.34542521347867666,0.4739632784884197,0.8544781554882007,0.6640661520507495,0.9910601198385826,0.276604577805189,0.5225899826793005
0.9926470833164006,0.6927348827115131,0.8913138103154536,0.3442420777022404,0.47058670521255425,0.8525735455700392,0.6589967678467676,0.9846924777997107,0.2787711600404686,0.5324533708431327
0.9993091442782556,0.691875740110398,0.8846120986242987,0.34246440164934366,0.4662266682700496,0.8503637107796889,0.6540057620608324,0.9849131679867278,0.2772022289713143,0.541162688127652
1.0059712052401106,0.6904225961258315,0.8777998751368229,0.3400969988633959,0.46143234539924616,0.8454902555665923,0.6488584626904154,0.9853671985052067,0.27753875072692524,0.5494405514817002
1.0126332662019657,0.6873087960565516,0.874349824357971,0.3374903156693175,0.45636599447094434,0.835604642985773,0.64488835368626,0.9735627658299227,0.28055331198716676,0.5574398293903936
1.0192953271638208,0.6833628213669518,0.8696103695564287,0.34016822130374436,0.45167676461524203,0.8259377438636598,0.6416522543148272,0.9723073177402738,0.2843979541446841,0.564845036835485
1.0259573881256758,0.6796419155629038,0.8702791365825899,0.3429920719993028,0.44721160092408274,0.8219049482888038,0.6402249854063763,0.973169409246508,0.27996401850717745,0.5660291242660402
1.032619449087531,0.6757752362561508,0.8708054002037534,0.3455064406995346,0.4430267333981745,0.8203663269891923,0.6434581375622271,0.9702002812325781,0.278744944441822,0.5658082196600065
1.0392815100493857,0.6716017192519079,0.8711866521348387,0.34768116272110833,0.4387892831408043,0.818201073571937,0.6459601913862282,0.9631389911173177,0.2805758229554205,0.5644231593629128
1.0459435710112408,0.6644134408226818,0.8666636475690913,0.3498899649703548,0.4347648465453093,0.815300093806831,0.6482023501353217,0.9552907804939481,0.2894959386972607,0.5615251046337928
1.0526056319730959,0.6519522844287728,0.8541368821228168,0.35456323880978907,0.433470936263131,0.8115494028864282,0.6504281213860287,0.9472492696898335,0.2974107762705564,0.5581534891806189
1.059267692934951,0.6395272061527242,0.8393164671323207,0.356898116599999,0.4333051832970753,0.8068984298698445,0.6530275686993184,0.9409010003272048,0.29398592845531507,0.5545327328414791
1.065929753896806,0.6379554564771772,0.8382960341905813,0.35407462209733576,0.4333556994576656,0.8013946142401059,0.6556912386215022,0.9421334394028046,0.28369230290187025,0.5533741869933098
1.072591814858661,0.6435538430613682,0.832502093845485,0.3505198300766188,0.4336621130275734,0.8049957539408218,0.6585810636222844,0.9453758122834444,0.28947038945606607,0.5605042277271367
1.0792538758205161,0.6349778570519186,0.82651778038107,0.3550020750669146,0.4400349198864311,0.7928077968745564,0.6617531289558605,0.9421412601536672,0.2979627277191629,0.5583695430837279
1.0859159367823712,0.6285120023852262,0.8241685225759358,0.3551907084556906,0.4494981793768157,0.7761842189671844,0.6653307063926917,0.9414483007360617,0.299327252859869,0.5574028807778663
1.092577997744226,0.6297430297218948,0.8204501901806306,0.35018915515999,0.45954973963353013,0.7725219897738067,0.6688016268856701,0.9366714914063705,0.30326610918596053,0.5580661202267694
1.099240058706081,0.6307081413589402,0.8211694482637739,0.35550303677191125,0.4701601756589022,0.7710670786057019,0.6722588721834599,0.9319454854571471,0.3051379249619008,0.5631588848727062
1.1059021196679362,0.6351562280563273,0.8219228571415433,0.36021080143058515,0.47157873314018695,0.7700348437470727,0.675687809162518,0.9286750127221131,0.30854200813166355,0.5689203961136702
1.1125641806297912,0.6321039087758336,0.8226790850710597,0.36548072607306886,0.4652872517508114,0.7721165352673094,0.6716675495737618,0.9274907598326129,0.3053704248162137,0.5749521030824817
1.1192262415916463,0.630409218844458,0.8175013384874034,0.3703352372866799,0.458999563854291,0.7714120536892416,0.6650570932158142,0.9233712695311491,0.29949681369726355,0.5818172055358017
1.1258883025535014,0.6272687883707991,0.8083319375174938,0.37474905859146795,0.4526989584883594,0.7682147550534683,0.6585107854425647,0.9190613230730145,0.30232981871004566,0.5889715425314821
1.1325503635153564,0.6192039776751425,0.7994176088506139,0.3785691875811716,0.44660598638361587,0.7685758178806353,0.647436837531612,0.9126479989419924,0.3059994347242955,0.5959740327109704
1.1392124244772115,0.6087309660206035,0.7974668514319513,0.3785907966893572,0.44074240629545536,0.7694960176537433,0.6367226091614572,0.9086250386722208,0.31400385166029365,0.5961772025708445
1.1458744854390663,0.6021902648082486,0.79554310073732,0.3744390039635637,0.43525847983627,0.7710010193637746,0.626169585847065,0.9057059025465591,0.321092006024444,0.5964382694022551
1.1525365464009214,0.5940327437296383,0.7923165519933265,0.37512831932976515,0.43483848907971095,0.7732416899698102,0.6160200095490632,0.9015956074289484,0.3245136957815049,0.5969372207856208
1.1591986073627765,0.588493949217343,0.7909318579001424,0.36765696131204645,0.4334537559519665,0.7764048258943793,0.6297414311217148,0.89738115219013,0.32718591619910564,0.5962533026901455
1.1658606683246315,0.5920359660586246,0.7894765830757219,0.36140691376580353,0.43194782610717786,0.7773114231001768,0.6267665915576947,0.8954825195737499,0.32589772798590727,0.6011132160934355
1.1725227292864866,0.6041833510249879,0.7849930277856687,0.3655889873517086,0.4323312397146096,0.7750892753658956,0.6222565892746275,0.8916694115663986,0.32744557840040306,0.606560752854225
1.1791847902483417,0.6054159835752655,0.785978032023012,0.3603319702087077,0.43311328369105895,0.7727900736262585,0.6178566347575823,0.8871244140337737,0.3281186055696034,0.6082730171255869
1.1858468512101967,0.5974911689860415,0.7839125318136417,0.35974724715669815,0.4319406111416118,0.7703987830802775,0.6135670038212918,0.8820955445472788,0.3318069445404802,0.6026077745319555
1.1925089121720518,0.5903458795054757,0.7758106447216704,0.3665495571267366,0.4281028034518442,0.7635321061069756,0.6070849960853718,0.8786930182338795,0.3280669165695129,0.5938509141437133
1.1991709731339066,0.5808538280879206,0.7669091906049892,0.3744027543637855,0.430624066483785,0.7515313839508987,0.5994878771770383,0.8750669586576383,0.32157493513393026,0.592226587744502
1.2058330340957617,0.5711917257757448,0.7582028784054571,0.376595906161741,0.4330035249841639,0.7397184304026942,0.5916019021304554,0.8711869969329307,0.325553485149334,0.5920532320698841
1.2124950950576168,0.5614692425607719,0.752719107162404,0.37879581121316813,0.4267718197381971,0.7281692192207452,0.5844496454198483,0.8671405003628584,0.3286119076446287,0.590852491597729
1.2191571560194718,0.5575018671358906,0.7493969798224573,0.3810970804338035,0.41878791434850143,0.7168813274358167,0.5850751988204412,0.8630219668681568,0.32820726118593174,0.5882893732255096
1.225819216981327,0.5541359586096214,0.7463202040078267,0.3831466627470604,0.41290458340864566,0.7058838272398862,0.5773460054564006,0.859011582728565,0.3221216550919979,0.5838235036953755
1.232481277943182,0.5498237268594607,0.7498095718925404,0.38475228633931446,0.4173793529412896,0.7057378488270226,0.5675542404283687,0.8509863338347502,0.3144249938897491,0.5776313972668883
1.239143338905037,0.5449142067130772,0.7539704760989063,0.3859763412131527,0.42183770925487674,0.716416446308034,0.558151427277555,0.8416694658673264,0.30526434744855424,0.5696127254431873
1.245805399866892,0.5480866034301264,0.7440579486500888,0.38692320894993537,0.4262449430578148,0.7270893586227234,0.5491659770869514,0.8357192505308781,0.3025033043001656,0.5618186146145615
1.252467460828747,0.5533623035119254,0.7350933953554326,0.38312144237692264,0.43069242954119735,0.718719040028768,0.540517468788462,0.8327360335585893,0.30529781815079066,0.5540989980391496
1.259129521790602,0.5551554017532986,0.732710720129845,0.3739669843397966,0.4351344312934513,0.7099004419012088,0.5328429187309964,0.8257144253645137,0.3077631135812367,0.5591915898377576
1.265791582752457,0.5501348900413375,0.7305129068827264,0.37060574489647574,0.43340269761147043,0.7013186761210913,0.5253052734246328,0.8213916927629257,0.311085384321876,0.5658273357987521
1.2724536437143121,0.5456198709072341,0.728083844369198,0.3703717708101133,0.4239708557019693,0.7039337180454958,0.5176783796818246,0.8225376529809163,0.31518547896999527,0.572508023607634
1.2791157046761672,0.54584631775809,0.7262916349237348,0.3693306526042733,0.43253840651471925,0.7078447323024465,0.5098816995725572,0.8215439355398864,0.3196410993042916,0.579031055502378
1.2857777656380223,0.549238140307271,0.7242028826359376,0.3680966256816867,0.4436964861266476,0.7117403693712534,0.501673683088508,0.8213699361069905,0.32277989503791793,0.586391007516881
1.2924398265998773,0.5524013275748538,0.7221561799107089,0.37212174078515114,0.4426908616961725,0.7154935034017499,0.49484487669368266,0.8210257383462058,0.3212916497656522,0.5946705080560789
1.2991018875617324,0.5551584963877758,0.7201224219093191,0.3801620614616926,0.44157800524568097,0.7146179003789093,0.49134465301105085,0.8206071492252126,0.3258855314647525,0.6037751773204066
1.3057639485235872,0.5523141895019649,0.7180638695361706,0.38728540994851046,0.4386388271778522,0.7053204709626035,0.4933199739072375,0.8200909281099175,0.32433382147323253,0.6136118091846195
1.3124260094854423,0.549393791614434,0.7143629028952473,0.393992971187961,0.4358095092828175,0.6958705159726964,0.4954755962966487,0.812142080821493,0.32521385294028,0.6234168231298821
1.3190880704472974,0.5464940872185853,0.7142249365910158,0.3988661241943143,0.4358665060390375,0.6864347553676792,0.4975363153584155,0.8030879436897317,0.3285850918963541,0.6331752848680219
1.3257501314091524,0.5435377588788036,0.7072067645032434,0.40326102090793536,0.4375204548777218,0.6771645347968266,0.49935104880133035,0.8030954251337823,0.33418956100275343,0.6431345728684131
1.3324121923710075,0.5405089717179066,0.6961373886819783,0.4068849997049657,0.4327734539489985,0.6678962844142137,0.5009386887555937,0.8071942334769365,0.3382729598038276,0.6530885159442089
1.3390742533328626,0.5377392130547776,0.6775412575988381,0.41002006086115633,0.42760716614388633,0.6587896053030634,0.5021997782859197,0.804845216021518,0.34171009191285145,0.6626028923463333
1.3457363142947176,0.5368141071902504,0.6688438093002774,0.40653476523170523,0.42261772273971154,0.649860214506456,0.5031855354789699,0.8091353352902292,0.34530838075252773,0.6711746252228195
1.3523983752565727,0.5402943914691358,0.6602287662823988,0.40689643298505257,0.41739755672611584,0.6425878626374296,0.5035590527870132,0.8047157647222172,0.34740106864766646,0.6788432844782072
1.3590604362184275,0.5440654003299027,0.6518368128812936,0.40544872035209834,0.41246510327587227,0.6469135039076661,0.5035990760532182,0.800162584479581,0.347255590917612,0.6862561208785218
1.3657224971802826,0.5440623144904841,0.6608261654745928,0.4042087199182411,0.4079990926541687,0.6520991381154422,0.5034036723204631,0.7955066149489095,0.3406750174608299,0.6943543833170931
1.3723845581421377,0.5514296656523103,0.6631655767510205,0.4049424515637292,0.41595900785217704,0.6573843204953277,0.5032550516657789,0.7906032168757067,0.3369503962431508,0.7031391094789499
1.3790466191039927,0.5503972708536293,0.6621363659332707,0.41282368450091605,0.42062741676591264,0.6626970578183466,0.5033559127126734,0.7856224604331454,0.3346787461290564,0.711940304059154
1.3857086800658478,0.555975300882148,0.6615061756705796,0.4109465139595922,0.4175366296215621,0.6644622198979093,0.5002514057231047,0.7805335795627049,0.3362148374266434,0.7141529103538566
1.3923707410277029,0.5525273980659838,0.6612433424025125,0.4136482504293615,0.41609360443792165,0.6584780872946087,0.4913253564626321,0.7755241486140407,0.33611221721548157,0.7077688090875041
1.399032801989558,0.5471499305427101,0.65308839715164,0.4165012574943491,0.4178762371363361,0.6474656162590295,0.4829042415512558,0.7645983803718737,0.3419214986537752,0.6956653321830053
1.405694862951413,0.5405173924414496,0.6433105004311064,0.4193994862803945,0.41983188357092577,0.6381664523175982,0.47502767231337356,0.7530114530288069,0.3391385041087225,0.682655999265074
1.4123569239132678,0.5340065989648223,0.6449652273485854,0.4227212714152542,0.418507114517193,0.6300960933619467,0.4676727985029898,0.7501355385649299,0.3390773676269229,0.6691339654133349
1.419018984875123,0.5276015415893174,0.6491290305101154,0.4260853039642894,0.410530901320601,0.6224511355374042,0.4608531967895406,0.7516154397539426,0.3447596550187316,0.6769157849890916
1.425681045836978,0.5328159277243399,0.6537554835429716,0.43329522448752716,0.41230079266702896,0.6125657214442097,0.45440628115400916,0.746441793822547,0.3479156348141785,0.6892635494919205
1.432343106798833,0.5319648111239588,0.6588084776162703,0.4307648769567005,0.41388542073664614,0.6040570640173477,0.4492935302937582,0.7388712570829618,0.34905810220340744,0.7002841411932426
1.439005167760688,0.5278081115275036,0.6640860780366589,0.4344171169589502,0.4150853344454343,0.5973929460026318,0.4481155726466287,0.7310551493451932,0.3502756729974646,0.7080267278029493
1.4456672287225432,0.523723390301673,0.6657962579631509,0.4409103804791009,0.41609659738377885,0.6001319915547318,0.4469892344362103,0.7255244978907446,0.35492097568030484,0.6252384010963769
1.4523292896843982,0.5222311475029383,0.658883300564881,0.4459808509579411,0.4169847263555304,0.6030142033531564,0.4459485364694897,0.7254247159519933,0.35102987937979324,0.5633065428579667
1.4589913506462533,0.51892451756665,0.6520942678488545,0.4487906040119094,0.41780152735107556,0.605979245525351,0.4450479045409154,0.7252913510413458,0.35176680492657164,0.558676273554317
1.4656534116081081,0.5105995512479837,0.6452802655079029,0.43817120748127103,0.4183256772910486,0.6093865484943259,0.4443094990359623,0.7250808753210247,0.3532947422293868,0.5568829508446946
1.4723154725699632,0.5128949667971426,0.638308018985909,0.43819080872804494,0.4172830154123649,0.6135063624825566,0.44377051944946017,0.7229454374011068,0.3356831465840039,0.5655034223117363
1.4789775335318183,0.5147739763963111,0.6411536871870525,0.43802690223330804,0.41461776282046575,0.6125816791603627,0.44339235253635,0.7144419902558059,0.33631060155474746,0.5748066487474895
1.4856395944936733,0.512416192162639,0.6445692381687438,0.43751216704051704,0.41191185318349716,0.6061405643116058,0.4431610307225041,0.7086674931362017,0.36272793565981043,0.5846827773523323
1.4923016554555284,0.5096576002062533,0.6423150836195669,0.44686502437609993,0.4091683863595375,0.5998108326165863,0.4430449314910526,0.7121150222685081,0.36671103022102575,0.5945216171282931
1.4989637164173835,0.5063413135063285,0.6354448228431574,0.45496448186107935,0.40809381256002664,0.5936795849707166,0.4429681613210866,0.7172504795569935,0.3689963699306535,0.6067741130228741
1.5056257773792385,0.5090975916513699,0.6286731659261425,0.46338876361972103,0.4087187042424483,0.5877985885575666,0.4429005794574516,0.7221135297679493,0.37468166643654494,0.7223461556566119
1.5122878383410936,0.5088879456573336,0.621935825348309,0.463069902177775,0.4090315410139452,0.5842232939948625,0.44285001722677564,0.7165936590831822,0.37429274716869776,0.8005810996826725
1.5189498993029484,0.5042449600462273,0.6152494101571103,0.4617350249240741,0.4111961030141272,0.5831113383315556,0.44286380267214076,0.710649555037288,0.37344137188274706,0.8193106307499121
1.5256119602648035,0.5000017321177612,0.6074495089515567,0.459966794761089,0.41345049535391293,0.5853111320014671,0.44294402390484094,0.7113282320286621,0.3720136849894325,0.8221715485752764
1.5322740212266586,0.4943956685636488,0.6001579053866104,0.45438911329882586,0.4152678839788504,0.5879586288493514,0.44308647269354723,0.712007849890847,0.3705367335754692,0.814342242682145
1.5389360821885136,0.47933272568917556,0.5934820596976097,0.44894688152647966,0.4190603243981944,0.5908886374307415,0.4441701886844074,0.712687873287674,0.37062984679660765,0.8114608048728702
1.5455981431503687,0.4771847889119376,0.587650341699985,0.4501094524830629,0.4183854065239709,0.5922410075547226,0.441890879806366,0.7080030408477656,0.36731665159828947,0.8099658514842824
1.5522602041122238,0.4748257935568488,0.5848827795440419,0.4455836140406547,0.421003380130351,0.5926597936142367,0.4426280283821133,0.699894263639228,0.36519922508520386,0.8075081777016353
1.5589222650740788,0.4724629173939742,0.587175437777953,0.4452176779274657,0.41063203260047376,0.5929234991696463,0.4435390841510556,0.6933172952927759,0.36915298500181937,0.8039974143773481
1.565584326035934,0.47025843935032846,0.5860638306713819,0.447191034903124,0.408885464791624,0.590595207146205,0.4439096371041698,0.6855749234243305,0.3694097601390299,0.8008788935866897
1.5722463869977887,0.46783682768467094,0.5800839823974432,0.4481571841247322,0.4087994243941611,0.5905506289550252,0.443938473628743,0.6778513762911204,0.3665203922193925,0.798063921797381
1.5789084479596438,0.4653288850791571,0.574182899662603,0.4367740038734222,0.4087315955963901,0.5916448254628008,0.44353329260661506,0.6698124172685126,0.36583287306317347,0.7959505452057841
1.5855705089214989,0.46342631132262374,0.5684300029143333,0.43041273099020716,0.40865352192728144,0.5923072548263993,0.4429447943044118,0.6617649831732373,0.3644975784383912,0.7956713674102298
1.592232569883354,0.4621536545115268,0.5647131821852079,0.43347490507150854,0.40866409157640715,0.5952706613049837,0.44253965654500266,0.6537073653788213,0.3611337670577109,0.7964898107855085
1.598894630845209,0.46145693963031686,0.562498997991035,0.4368976852772581,0.40934197432414754,0.5914178994929427,0.44114674434072654,0.6458318539106572,0.3554480915364048,0.7983923218820724
1.605556691807064,0.46122308802061174,0.5614297543147643,0.4402556624735689,0.41057948425183244,0.5907860608795998,0.43682836269077324,0.6393854888390861,0.35232753290858765,0.8009850087885989
1.6122187527689191,0.4613438033970067,0.5618301108985654,0.4414300172830845,0.4095187307621618,0.5930715532992246,0.43258923922229026,0.6382495750403531,0.3566103641768851,0.8038361965963132
1.6188808137307742,0.46147408532273104,0.5592898187207259,0.43884730247831877,0.40813825409361887,0.5952938033570144,0.4268885034036743,0.6371646444637175,0.3469289907804426,0.8063222814881326
1.625542874692629,0.4675811649783101,0.5519652830067421,0.4350582911675069,0.40676619885700377,0.5895046370649071,0.42567782298228796,0.6359492971145752,0.3463213993789996,0.8092103328322021
1.632204935654484,0.47671742219392044,0.5456312205193192,0.4297692607969375,0.4054215241349014,0.5830644638592911,0.42283574017969006,0.6346424883336462,0.35052815450731256,0.8127388424364217
1.6388669966163392,0.4857505923850843,0.5398688827847763,0.4301929662527145,0.4034973008105458,0.5785528986956752,0.42054889952560953,0.6307653102420062,0.3450928722317422,0.8163253363894437
1.6455290575781942,0.48722949992746656,0.5345919484147279,0.4296384678251701,0.4012971308841826,0.5719063954011414,0.4190446357236983,0.6278562552066262,0.33861030010852855,0.8209565345501696
1.6521911185400493,0.48689072776356707,0.5312889696289691,0.42786564402244387,0.3985178201084202,0.5651135332417371,0.4184072839171789,0.62949403154545,0.33297634641889706,0.8246750063615109
1.6588531795019044,0.4881930129447505,0.5345403463889796,0.4284839388962464,0.39517423346311953,0.5645380989354589,0.4183531323849469,0.625707347303335,0.3275232491076848,0.8278857515726686
1.6655152404637594,0.48475415523557586,0.5371069335302969,0.42887926632457485,0.391273727354193,0.5591753907317782,0.4186802647815845,0.6245649141586848,0.32518451668049964,0.8300173809103578
1.6721773014256145,0.47840175757863035,0.5340081400780837,0.4296941216985766,0.39044150127230925,0.5537998508834527,0.4192298922697252,0.62561261268166,0.3371094842420223,0.8319404984543239
1.6788393623874693,0.47261518165180144,0.5306839835320665,0.4307175100270294,0.3894197361443056,0.548168910469215,0.41969880225536843,0.6273364452674394,0.34471989147047893,0.8337824322995393
1.6855014233493244,0.4674240427203184,0.5290717932253683,0.4515443862710233,0.38565565252329037,0.54723161906306,0.42336708658567296,0.6287227488475586,0.34633222920972806,0.8349290365689936
1.6921634843111795,0.4627722180028594,0.524183036993952,0.47211840271898675,0.3848084699151785,0.5551070942848255,0.42043132228413627,0.6295907970450434,0.34643350547320473,0.8361345894899538
1.6988255452730345,0.45868949205551157,0.5229285637045024,0.46641118988878755,0.3884364105996779,0.5635266858377399,0.4208069882943072,0.6298297837936047,0.34681016249104035,0.8381794806279224
1.7054876062348896,0.4551866988727683,0.5215269792925298,0.46150152102327796,0.38806873225560584,0.5612760763675604,0.42125493338715336,0.6297706426771017,0.34737548544372704,0.8406515157480058
1.7121496671967447,0.4524504804549286,0.520053868314091,0.46779964424602294,0.3875593446549863,0.5581615702266444,0.41975507200721063,0.6294077456107379,0.35153236398422266,0.8423559637932306
1.7188117281585997,0.45060269563099664,0.5184816306792732,0.4740719590982941,0.38719352646355265,0.5511893729016901,0.4143288562772289,0.6289312562508527,0.36068811158108877,0.842021476603128
1.7254737891204548,0.44950225742717914,0.5169034505383536,0.4736266742617934,0.3881682636899245,0.5464067826706807,0.4092656044630436,0.6244196533554613,0.35957276897663454,0.8424211479914319
1.7321358500823096,0.45189546207182946,0.515250179909045,0.46782590512140826,0.3905204885588032,0.5432609737339896,0.4044968193576969,0.6204989201976895,0.3583377880575135,0.8430049741250791
1.7387979110441647,0.45722798018655725,0.5135496342996726,0.4664881872471599,0.3921409957383788,0.5358836472129549,0.40003781016734946,0.6259347432983287,0.3589602635039666,0.8427149566330829
1.7454599720060198,0.45474571170476963,0.5083885542981128,0.47377448423865415,0.3878023979944537,0.5320986261428109,0.397525115740475,0.6243627744645046,0.36722102152225744,0.8412910136477424
1.7521220329678748,0.4520931302820016,0.5011194557918647,0.48044497641173456,0.3865925266741555,0.531994784621995,0.3984024791138427,0.6225309860999253,0.3749788526279693,0.8388737693152464
1.75878409392973,0.4538431564263401,0.4964789462166386,0.48243374507755427,0.3867427664062913,0.5316851197746966,0.39936635596773656,0.6205183106527988,0.3809824607135195,0.836125765257849
1.765446154891585,0.45583547555927784,0.49372863216224877,0.47812248841983657,0.3861828043247489,0.5312706977154071,0.4004935915007241,0.6183909474247659,0.386335901362582,0.8332168965017347
1.77210821585344,0.456151902642134,0.49468060233538536,0.4730974581854836,0.38753577880208484,0.5306578105540051,0.40152056201796377,0.616284773875772,0.3824992693625657,0.830329483708668
1.778770276815295,0.45560131454350555,0.5010393065202755,0.46808861760632087,0.3882466279333618,0.5300001746798367,0.4022317300527504,0.6142681282887728,0.37522256043691943,0.8263691511961515
1.78543233777715,0.4502204883643119,0.5075180632778029,0.4953373596686692,0.3891064052063279,0.5284778655037793,0.40266459639283975,0.61221776697171,0.3894889594401023,0.8226786327416972
1.792094398739005,0.4447185199014306,0.5141103188603415,0.5048209868112233,0.38878765135216264,0.5245671966609302,0.40271842107607153,0.6099455937292865,0.3959933029368502,0.819855870812777
1.79875645970086,0.4408006972867462,0.5102492663880663,0.5081943565758146,0.38832433337861894,0.5219319112612476,0.40254328686923424,0.607750217465139,0.3932708687067211,0.8211543915388256
1.8054185206627151,0.44490377176958634,0.5047313921224326,0.5080182101507552,0.38824496479727105,0.5297351627523429,0.402056369819949,0.605322061673557,0.39017453499762134,0.8264018603403928
1.8120805816245702,0.4419049498202204,0.4991209096558317,0.49390819211788084,0.3885766395565914,0.5280238318222874,0.4013409630374939,0.6027682179946143,0.3862843883288119,0.830148688793426
1.8187426425864253,0.4378297898215071,0.49352328934752654,0.486123524231462,0.389305803932077,0.5240400546065319,0.40029194154136694,0.594367926387915,0.3815528453228014,0.8318833348052069
1.8254047035482803,0.4383660418571199,0.4877641546109676,0.49683908870684174,0.39048353132322094,0.5198275104408614,0.3991870722875195,0.5938025024643735,0.37586176685819794,0.8319069258188126
1.8320667645101354,0.43902910358110153,0.4819897060584544,0.5019961175079029,0.3920011094842481,0.5152662963287029,0.39804425229700524,0.5955590691064084,0.3682111145445946,0.8119900205572111
1.8387288254719902,0.43980730979058197,0.4760792565285495,0.5121433333733327,0.3939505069647639,0.5107915515858883,0.396955488986865,0.594811993621488,0.35801750447815167,0.8123485266962309
1.8453908864338453,0.4407182495576436,0.471320247350822,0.509387808414851,0.39504437549028726,0.5074353760058512,0.39418823673945447,0.5935024809362026,0.3559224489812188,0.8138916116612328
1.8520529473957004,0.4434558464034266,0.47192094005243634,0.5107122529733463,0.39236196626300146,0.507719756856851,0.3957414540315917,0.5922049791593123,0.35214770233163517,0.8168757294080429
1.8587150083575554,0.4466610423010831,0.47132343333695265,0.5147640331845315,0.39309909740180976,0.5079624646525956,0.3956991290106511,0.5910715138523145,0.35933515427468904,0.8176220683792205
1.8653770693194105,0.4495030763899406,0.4637811861106399,0.5202008695134784,0.3921439930538561,0.5079842412993605,0.3957821063385356,0.5899950716510243,0.3541753967051549,0.8146285323638756
1.8720391302812656,0.44796085941320085,0.46422827940049977,0.5267915371307618,0.39106718023671205,0.5079497631341299,0.39577828483451644,0.5922639318545553,0.3461091596231863,0.8158629122727474
1.8787011912431206,0.4467877791671147,0.4645959319747505,0.5255440500880387,0.3894156299826568,0.5098998883518168,0.3960352096359535,0.599440575834611,0.33546758718117403,0.8101189043605086
1.8853632522049757,0.4478659521321622,0.4630178993982632,0.5181212943143769,0.3921236718291019,0.516037283580753,0.3977301725827469,0.6062974075635565,0.3360334422044599,0.8132006408852417
1.8920253131668305,0.4490973627563753,0.46007745121047194,0.5158769481438598,0.3946112380521458,0.5221597483540403,0.3959733481556786,0.606293951802175,0.3372872673559546,0.8162759164724137
1.8986873741286856,0.44672455627530816,0.4593570949630403,0.5205620132009549,0.39450091562274653,0.5215052183654478,0.39402855614668353,0.6058122825173603,0.33778761685902847,0.8189552556153805
1.9053494350905407,0.4451598131990286,0.4636914397818177,0.5261662267634732,0.3933131927498566,0.5196930219714233,0.3918721444383471,0.6045501499016109,0.33744001995435297,0.8223174827570121
1.9120114960523957,0.44529929298461446,0.4629950952252687,0.5324421794353991,0.3951490289924064,0.5178898379700814,0.3900990424990046,0.6024511260483536,0.33557653068723664,0.8268661504705568
1.9186735570142508,0.44566800014556945,0.46222184099779956,0.538971508730335,0.39039917743777064,0.5202308386591231,0.38703064223730504,0.6064487095771822,0.3323390908771994,0.8325355336557217
1.9253356179761059,0.44611092273666825,0.45649785982456853,0.5459751108545531,0.38838456909279784,0.522440637584497,0.387473951174284,0.6063420751128227,0.3283724002928723,0.8396710547793438
1.931997678937961,0.4451102019798754,0.4565269711450694,0.5264737030624979,0.3860837224765253,0.5242437077014322,0.38659890237418665,0.5938621748717549,0.3241704991926066,0.847990013493969
1.938659739899816,0.4472797567694851,0.4573188072791099,0.5110974916530321,0.3930590057816677,0.5199164487058394,0.3856419582300965,0.5928220943696296,0.33012129613107566,0.8571624335532643
1.9453218008616708,0.44963648675042994,0.45790076539830454,0.5020137748883379,0.4030376187475141,0.5177451446631713,0.38428996035455903,0.5940325119382427,0.3370767138974436,0.8672105980995708
1.951983861823526,0.4497773317549896,0.45503226393822793,0.5005296271045376,0.41145432640249185,0.5166729554771488,0.382953211833428,0.5953759714627868,0.34563512629003873,0.8787872514929527
1.958645922785381,0.447921140874141,0.44966640476496683,0.5028465050906115,0.41066195472144096,0.516066611411282,0.3811565478496684,0.5937559247309245,0.3504341981518194,0.8918137451931931
1.965307983747236,0.4486506943680188,0.4445375048231178,0.5102362565627712,0.40306756313365166,0.5103677190176937,0.3784110546682216,0.5866904488563194,0.35035478206065496,0.9058425144848267
1.971970044709091,0.44801367666424147,0.44078001192577054,0.5241659874955056,0.40179627636629445,0.5075456771662483,0.3763167277448467,0.5844709113238113,0.3506308729860893,0.9084299745007918
1.9786321056709462,0.45218756384319847,0.4407383449119896,0.5424450143603201,0.40637043786648236,0.5079882383130254,0.3751907557413831,0.5853860787208389,0.3530470484294634,0.9087178579562972
1.9852941666328012,0.45232289919662344,0.4392865074164324,0.5631488961499774,0.4032163504344673,0.5105055254635539,0.37943285817354283,0.5865544702972145,0.3569101727286984,0.9074121885607698
1.9919562275946563,0.45624049920326043,0.4388170724483219,0.5707370655586115,0.40645298921208567,0.5139379040491026,0.3806521485949961,0.5879676694583836,0.3620679599522843,0.9042531380401154
1.9986182885565111,0.45987556266742224,0.43462577891553866,0.5688024528742348,0.4094831588104342,0.5166001618437299,0.38221099651766444,0.5893365162730096,0.36633689811796666,0.8998128976439492
