dataset,session_name,cell,idf1,accuracy,grouping_accuracy,frames_perfectly_grouped,switches,sw_per_100k,coverage,n_gt_dets,identities,animals,frames,runtimeSeconds,fps
bedding,2024_05_05_F1_F2,C1_sigma0,1.0,1.0,,,0,0.0,1.0,1080000,2,2,90000,87.146,1032.7
bedding,2024_05_05_F1_F2,C1_sigma1,1.0,1.0,,,0,0.0,1.0,1080000,2,2,90000,85.947,1047.2
bedding,2024_05_05_F1_F2,C1_sigma10,0.792337,0.792337,,,4,0.37,1.0,1080000,2,2,90000,87.906,1023.8
bedding,2024_05_05_F1_F2,C1_sigma2,1.0,1.0,,,0,0.0,1.0,1080000,2,2,90000,84.746,1062.0
bedding,2024_05_05_F1_F2,C1_sigma20,0.735439,0.735439,,,22,2.037,1.0,1080000,2,2,90000,90.077,999.1
bedding,2024_05_05_F1_F2,C1_sigma3,0.999998,0.999998,,,0,0.0,1.0,1080000,2,2,90000,83.622,1076.3
bedding,2024_05_05_F1_F2,C1_sigma5,0.999994,0.999994,,,0,0.0,1.0,1080000,2,2,90000,88.772,1013.8
bedding,2024_05_05_F1_F2,C2_drop0.1,0.792555,0.792558,,,2,0.206,0.999992,972139,2,2,90000,81.491,1104.4
bedding,2024_05_05_F1_F2,C2_drop0.25,0.700617,0.700962,,,28,3.452,0.999016,811016,2,2,90000,78.367,1148.4
bedding,2024_05_05_F1_F2,C2_drop0.5,0.779274,0.791796,,,71,13.149,0.968862,539954,2,2,90000,65.546,1372.7
bedding,2024_05_05_F1_F2,C2b_nodedrop0.25,0.83198,0.83198,,,2,0.185,1.0,1080000,2,2,90000,80.846,1113.2
bedding,2024_05_05_F1_F2,C2b_nodedrop0.5,0.775377,0.775377,,,12,1.111,1.0,1079999,2,2,90000,67.866,1326.1
bedding,2024_05_05_F1_F2,C3_occl0.25,0.78464,0.784713,,,10,0.983,0.999814,1017154,2,2,90000,83.378,1079.4
bedding,2024_05_05_F1_F2,C3_occl0.5,0.668908,0.670335,,,92,9.644,0.995751,953956,2,2,90000,78.826,1141.7
bedding,2024_05_05_F1_F2,C4_com_sigma0,0.999996,0.999996,,,0,0.0,1.0,1080000,2,2,90000,23.571,3818.3
bedding,2024_05_05_F1_F2,C4_com_sigma3,0.999576,0.999576,,,2,0.185,1.0,1080000,2,2,90000,24.744,3637.2
bedding,2024_05_05_F1_F2,C4u_comused_sigma0,0.999996,0.999996,0.999996,0.999978,0,0.0,1.0,1080000,2,2,90000,18.092,4974.6
bedding,2024_05_05_F1_F2,C4u_comused_sigma3,0.99955,0.99955,0.99955,0.997356,2,0.185,1.0,1080000,2,2,90000,19.191,4689.7
bedding,2024_05_05_F1_F2,C7_cams2,0.782811,0.782811,0.990478,0.980956,2,0.556,1.0,360000,2,2,90000,41.746,2155.9
bedding,2024_05_05_F1_F2,C7_cams3,1.0,1.0,1.0,1.0,0,0.0,1.0,540000,2,2,90000,57.894,1554.6
bedding,2024_05_05_F1_F2,C7_cams4,0.999994,0.999994,0.999994,0.999978,0,0.0,1.0,720000,2,2,90000,64.742,1390.1
bedding,2024_05_05_F1_F2,C7_cams5,1.0,1.0,1.0,1.0,0,0.0,1.0,900000,2,2,90000,64.912,1386.5
bedding,2024_05_05_F1_F2,C7b_cams2_sigma10,0.866972,0.866972,0.998172,0.996344,14,3.889,1.0,360000,2,2,90000,40.914,2199.7
bedding,2024_05_05_F1_F2,C7b_cams3_sigma10,0.868944,0.868944,0.999778,0.999333,2,0.37,1.0,540000,2,2,90000,58,1551.7
bedding,2024_05_05_F1_F2,C7b_cams4_sigma10,0.999958,0.999958,0.999958,0.999856,2,0.278,1.0,720000,2,2,90000,64.539,1394.5
bedding,2024_05_05_F1_F2,C7b_cams5_sigma10,0.792336,0.792336,0.999969,0.999878,6,0.667,1.0,900000,2,2,90000,72.288,1245.0
bedding,2024_05_05_F1_F2,C7c_cams2_sigma0,1.0,1.0,1.0,1.0,0,0.0,1.0,360000,2,2,90000,46.901,1918.9
bedding,2024_05_05_F1_F2,C7c_cams3_sigma0,1.0,1.0,1.0,1.0,0,0.0,1.0,540000,2,2,90000,63.156,1425.0
bedding,2024_05_05_F1_F2,C7c_cams4_sigma0,1.0,1.0,1.0,1.0,0,0.0,1.0,720000,2,2,90000,75.169,1197.3
bedding,2024_05_05_F1_F2,C7c_cams5_sigma0,1.0,1.0,1.0,1.0,0,0.0,1.0,900000,2,2,90000,81.722,1101.3
bedding,2024_05_05_F1_F2,C7d_cams2_drop25,0.85326,0.996153,0.996173,0.992373,447,165.56,0.749101,269993,2,2,90000,44.842,1999.4
bedding,2024_05_05_F1_F2,C7d_cams3_drop25,0.804872,0.831886,0.9998,0.999328,44,10.877,0.937096,404536,2,2,90000,59.615,1509.5
bedding,2024_05_05_F1_F2,C7d_cams4_drop25,0.619563,0.624388,0.999797,0.999321,50,9.265,0.984665,539678,2,2,90000,63.16,1424.9
bedding,2024_05_05_F1_F2,C7d_cams5_drop25,0.734067,0.735546,0.999946,0.999711,12,1.778,0.995987,675016,2,2,90000,71.03,1267.1
bedding,2024_05_05_F1_F2,C7d_cams6_drop25,0.58626,0.586555,0.999897,0.999489,22,2.717,0.998995,809656,2,2,90000,81.57,1103.3
bedding,2024_05_05_F1_F2,C7e_cams2_s3drop25,0.52417,0.61132,0.981175,0.962041,2348,869.247,0.750454,270119,2,2,90000,41.842,2143.3
bedding,2024_05_05_F1_F2,C7e_cams3_s3drop25,0.767652,0.793033,0.999755,0.999203,58,14.311,0.937975,405290,2,2,90000,60.299,1492.1
bedding,2024_05_05_F1_F2,C7e_cams4_s3drop25,0.804014,0.810491,0.999833,0.999443,32,5.924,0.984143,540139,2,2,90000,69.062,1303.2
bedding,2024_05_05_F1_F2,C7e_cams5_s3drop25,0.774049,0.775612,0.999902,0.999544,14,2.075,0.995978,674817,2,2,90000,73.067,1231.7
bedding,2024_05_05_F1_F2,C7f_cams2_s3drop10,0.75022,0.791786,0.999983,0.999942,8,2.468,0.900245,324103,2,2,90000,45.337,1985.0
bedding,2024_05_05_F1_F2,C7f_cams3_s3drop10,0.827904,0.832053,0.99983,0.999455,24,4.936,0.990077,486228,2,2,90000,60.154,1496.2
bedding,2024_05_05_F1_F2,C7f_cams4_s3drop10,0.943002,0.943479,0.99996,0.999822,6,0.926,0.998988,648066,2,2,90000,68.677,1310.5
bedding,2024_05_05_F1_F2,C7f_cams5_s3drop10,0.736219,0.736254,0.999947,0.999744,6,0.74,0.999904,810388,2,2,90000,77.623,1159.5
bedding,2024_05_05_F1_F2,C8_drop50_sigma0,0.983098,0.99897,0.999622,0.998572,74,13.701,0.96872,540123,2,2,90000,69.605,1292.8
bedding,2024_05_05_F5_F3,C1_sigma0,1.0,1.0,,,0,0.0,1.0,1080000,2,2,90000,83.068,1083.4
bedding,2024_05_05_F5_F3,C1_sigma1,1.0,1.0,,,0,0.0,1.0,1080000,2,2,90000,83.786,1074.2
bedding,2024_05_05_F5_F3,C1_sigma10,0.999644,0.999644,,,18,1.667,1.0,1080000,2,2,90000,86.118,1045.1
bedding,2024_05_05_F5_F3,C1_sigma2,0.999998,0.999998,,,0,0.0,1.0,1080000,2,2,90000,83.481,1078.1
bedding,2024_05_05_F5_F3,C1_sigma20,0.857748,0.857748,,,56,5.185,1.0,1080000,2,2,90000,85.472,1053.0
bedding,2024_05_05_F5_F3,C1_sigma3,1.0,1.0,,,0,0.0,1.0,1080000,2,2,90000,83.248,1081.1
bedding,2024_05_05_F5_F3,C1_sigma5,0.999994,0.999994,,,0,0.0,1.0,1080000,2,2,90000,85.552,1052.0
bedding,2024_05_05_F5_F3,C2_drop0.1,0.999976,0.999981,,,2,0.206,0.99999,972159,2,2,90000,79.344,1134.3
bedding,2024_05_05_F5_F3,C2_drop0.25,0.999472,0.999962,,,2,0.247,0.99902,810578,2,2,90000,76.06,1183.3
bedding,2024_05_05_F5_F3,C2_drop0.5,0.736425,0.748146,,,52,9.613,0.96915,540932,2,2,90000,61.221,1469.6
bedding,2024_05_05_F5_F3,C2b_nodedrop0.25,0.999994,0.999994,,,0,0.0,1.0,1080000,2,2,90000,81.981,1097.8
bedding,2024_05_05_F5_F3,C2b_nodedrop0.5,0.857757,0.857757,,,56,5.185,1.0,1080000,2,2,90000,72.468,1241.9
bedding,2024_05_05_F5_F3,C3_occl0.25,0.999907,0.999955,,,8,0.76,0.999904,1051951,2,2,90000,75.613,1190.3
bedding,2024_05_05_F5_F3,C3_occl0.5,0.889536,0.890277,,,48,4.686,0.998336,1024375,2,2,90000,84.773,1061.6
bedding,2024_05_05_F5_F3,C4_com_sigma0,0.999998,0.999998,,,0,0.0,1.0,1080000,2,2,90000,23.755,3788.7
bedding,2024_05_05_F5_F3,C4_com_sigma3,0.999943,0.999943,,,0,0.0,1.0,1080000,2,2,90000,24.59,3660.0
bedding,2024_05_05_F5_F3,C4u_comused_sigma0,0.999998,0.999998,0.999998,0.999989,0,0.0,1.0,1080000,2,2,90000,18.174,4952.1
bedding,2024_05_05_F5_F3,C4u_comused_sigma3,0.999946,0.999946,0.999946,0.999678,0,0.0,1.0,1080000,2,2,90000,18.651,4825.5
bedding,2024_05_05_F5_F3,C7_cams2,1.0,1.0,1.0,1.0,0,0.0,1.0,360000,2,2,90000,42.188,2133.3
bedding,2024_05_05_F5_F3,C7_cams3,0.878622,0.878622,0.998081,0.994244,2,0.37,1.0,540000,2,2,90000,53.147,1693.4
bedding,2024_05_05_F5_F3,C7_cams4,1.0,1.0,1.0,1.0,0,0.0,1.0,720000,2,2,90000,59.686,1507.9
bedding,2024_05_05_F5_F3,C7_cams5,0.999998,0.999998,0.999998,0.999989,0,0.0,1.0,900000,2,2,90000,71.117,1265.5
bedding,2024_05_05_F5_F3,C7b_cams2_sigma10,0.638128,0.638128,0.999817,0.999633,24,6.667,1.0,360000,2,2,90000,41.603,2163.3
bedding,2024_05_05_F5_F3,C7b_cams3_sigma10,0.728993,0.728993,0.997615,0.992844,22,4.074,1.0,540000,2,2,90000,58.291,1544.0
bedding,2024_05_05_F5_F3,C7b_cams4_sigma10,0.857992,0.857992,0.999819,0.999433,22,3.056,1.0,720000,2,2,90000,64.489,1395.6
bedding,2024_05_05_F5_F3,C7b_cams5_sigma10,0.999833,0.999833,0.999844,0.999467,12,1.333,1.0,900000,2,2,90000,73.227,1229.1
bedding,2024_05_05_F5_F3,C7c_cams2_sigma0,1.0,1.0,1.0,1.0,0,0.0,1.0,360000,2,2,90000,46.846,1921.2
bedding,2024_05_05_F5_F3,C7c_cams3_sigma0,1.0,1.0,1.0,1.0,0,0.0,1.0,540000,2,2,90000,68.712,1309.8
bedding,2024_05_05_F5_F3,C7c_cams4_sigma0,1.0,1.0,1.0,1.0,0,0.0,1.0,720000,2,2,90000,75.575,1190.9
bedding,2024_05_05_F5_F3,C7c_cams5_sigma0,1.0,1.0,1.0,1.0,0,0.0,1.0,900000,2,2,90000,83.841,1073.5
bedding,2024_05_05_F5_F3,C7d_cams2_drop25,0.855629,0.99878,0.9988,0.997526,153,56.619,0.749283,270229,2,2,90000,43.351,2068.6
bedding,2024_05_05_F5_F3,C7d_cams3_drop25,0.846525,0.874649,0.999947,0.999772,15,3.702,0.937695,405151,2,2,90000,58.64,1534.5
bedding,2024_05_05_F5_F3,C7d_cams4_drop25,0.867916,0.874821,0.999945,0.999788,10,1.853,0.984337,539677,2,2,90000,65.945,1364.8
bedding,2024_05_05_F5_F3,C7d_cams5_drop25,0.621841,0.623074,0.999946,0.999711,10,1.482,0.99605,674709,2,2,90000,76.378,1178.3
bedding,2024_05_05_F5_F3,C7d_cams6_drop25,0.999471,0.999953,0.999956,0.999756,8,0.988,0.999037,810113,2,2,90000,75.139,1197.8
bedding,2024_05_05_F5_F3,C7e_cams2_s3drop25,0.85712,0.999946,0.999946,0.999849,14,5.183,0.750036,270139,2,2,90000,41.951,2137.2
bedding,2024_05_05_F5_F3,C7e_cams3_s3drop25,0.967519,0.999826,0.999863,0.999533,26,6.428,0.937398,404474,2,2,90000,60.394,1489.8
bedding,2024_05_05_F5_F3,C7e_cams4_s3drop25,0.617687,0.622649,0.999923,0.999655,12,2.221,0.984187,540193,2,2,90000,69.079,1302.8
bedding,2024_05_05_F5_F3,C7e_cams5_s3drop25,0.873338,0.874975,0.999944,0.9997,6,0.888,0.996264,675404,2,2,90000,67.14,1340.5
bedding,2024_05_05_F5_F3,C7f_cams2_s3drop10,0.828805,0.874559,0.999979,0.999942,10,3.085,0.900569,324144,2,2,90000,47.145,1908.9
bedding,2024_05_05_F5_F3,C7f_cams3_s3drop10,0.994924,0.99999,0.99999,0.999956,6,1.235,0.989921,485948,2,2,90000,61.539,1462.5
bedding,2024_05_05_F5_F3,C7f_cams4_s3drop10,0.99951,0.999986,0.999986,0.9999,0,0.0,0.999049,647766,2,2,90000,68.009,1323.4
bedding,2024_05_05_F5_F3,C7f_cams5_s3drop10,0.999924,0.999972,0.999972,0.999856,0,0.0,0.999904,810588,2,2,90000,75.172,1197.3
bedding,2024_05_05_F5_F3,C8_drop50_sigma0,0.6523,0.662746,0.999753,0.999011,36,6.666,0.968965,540070,2,2,90000,66.108,1361.2
bedding,2024_05_07_F1_F3,C1_sigma0,1.0,1.0,,,0,0.0,1.0,1080000,2,2,90000,85.419,1053.6
bedding,2024_05_07_F1_F3,C1_sigma1,1.0,1.0,,,0,0.0,1.0,1080000,2,2,90000,87.415,1029.6
bedding,2024_05_07_F1_F3,C1_sigma10,1.0,1.0,,,0,0.0,1.0,1080000,2,2,90000,87.046,1033.9
bedding,2024_05_07_F1_F3,C1_sigma2,1.0,1.0,,,0,0.0,1.0,1080000,2,2,90000,86.363,1042.1
bedding,2024_05_07_F1_F3,C1_sigma20,0.999994,0.999994,,,0,0.0,1.0,1080000,2,2,90000,86.585,1039.4
bedding,2024_05_07_F1_F3,C1_sigma3,0.999998,0.999998,,,0,0.0,1.0,1080000,2,2,90000,88.86,1012.8
bedding,2024_05_07_F1_F3,C1_sigma5,0.999998,0.999998,,,0,0.0,1.0,1080000,2,2,90000,86.457,1041.0
bedding,2024_05_07_F1_F3,C2_drop0.1,0.999988,0.999991,,,0,0.0,0.999994,972200,2,2,90000,82.19,1095.0
bedding,2024_05_07_F1_F3,C2_drop0.25,0.999452,0.999972,,,2,0.247,0.998962,809208,2,2,90000,75.755,1188.0
bedding,2024_05_07_F1_F3,C2_drop0.5,0.577655,0.586909,,,28,5.181,0.968956,540466,2,2,90000,66.24,1358.3
bedding,2024_05_07_F1_F3,C2b_nodedrop0.25,0.999998,0.999998,,,0,0.0,1.0,1080000,2,2,90000,81.824,1099.9
bedding,2024_05_07_F1_F3,C2b_nodedrop0.5,0.999969,0.999969,,,2,0.185,1.0,1080000,2,2,90000,68.628,1311.4
bedding,2024_05_07_F1_F3,C3_occl0.25,0.90654,0.906602,,,14,1.36,0.999862,1029546,2,2,90000,85.947,1047.2
bedding,2024_05_07_F1_F3,C3_occl0.5,0.506645,0.507451,,,26,2.656,0.996827,978977,2,2,90000,79.664,1129.7
bedding,2024_05_07_F1_F3,C4_com_sigma0,0.999994,0.999994,,,0,0.0,1.0,1080000,2,2,90000,23.001,3912.9
bedding,2024_05_07_F1_F3,C4_com_sigma3,0.999944,0.999944,,,0,0.0,1.0,1080000,2,2,90000,22.325,4031.4
bedding,2024_05_07_F1_F3,C4u_comused_sigma0,0.999994,0.999994,0.999994,0.999967,0,0.0,1.0,1080000,2,2,90000,18.233,4936.1
bedding,2024_05_07_F1_F3,C4u_comused_sigma3,0.999941,0.999941,0.999941,0.999644,0,0.0,1.0,1080000,2,2,90000,18.829,4779.9
bedding,2024_05_07_F1_F3,C6_handlabels,0.51952,0.524242,0.878788,0.666667,22,6547.619,0.982143,336,2,2,39501,0.134,335.8
bedding,2024_05_07_F1_F3,C7_cams2,1.0,1.0,1.0,1.0,0,0.0,1.0,360000,2,2,90000,42.911,2097.4
bedding,2024_05_07_F1_F3,C7_cams3,1.0,1.0,1.0,1.0,0,0.0,1.0,540000,2,2,90000,54.319,1656.9
bedding,2024_05_07_F1_F3,C7_cams4,1.0,1.0,1.0,1.0,0,0.0,1.0,720000,2,2,90000,64.239,1401.0
bedding,2024_05_07_F1_F3,C7_cams5,1.0,1.0,1.0,1.0,0,0.0,1.0,900000,2,2,90000,70.864,1270.0
bedding,2024_05_07_F1_F3,C7b_cams2_sigma10,0.999989,0.999989,0.999989,0.999978,2,0.556,1.0,360000,2,2,90000,42.024,2141.6
bedding,2024_05_07_F1_F3,C7b_cams3_sigma10,1.0,1.0,1.0,1.0,0,0.0,1.0,540000,2,2,90000,57.763,1558.1
bedding,2024_05_07_F1_F3,C7b_cams4_sigma10,0.999997,0.999997,0.999997,0.999989,0,0.0,1.0,720000,2,2,90000,64.399,1397.5
bedding,2024_05_07_F1_F3,C7b_cams5_sigma10,0.999998,0.999998,0.999998,0.999989,0,0.0,1.0,900000,2,2,90000,72.22,1246.2
bedding,2024_05_07_F1_F3,C7c_cams2_sigma0,1.0,1.0,1.0,1.0,0,0.0,1.0,360000,2,2,90000,47.395,1898.9
bedding,2024_05_07_F1_F3,C7c_cams3_sigma0,1.0,1.0,1.0,1.0,0,0.0,1.0,540000,2,2,90000,64.287,1400.0
bedding,2024_05_07_F1_F3,C7c_cams4_sigma0,1.0,1.0,1.0,1.0,0,0.0,1.0,720000,2,2,90000,75.487,1192.3
bedding,2024_05_07_F1_F3,C7c_cams5_sigma0,1.0,1.0,1.0,1.0,0,0.0,1.0,900000,2,2,90000,85.099,1057.6
bedding,2024_05_07_F1_F3,C7d_cams2_drop25,0.507352,0.592134,0.999243,0.998306,124,46.007,0.749504,269525,2,2,90000,40.631,2205.6
bedding,2024_05_07_F1_F3,C7d_cams3_drop25,0.562216,0.580929,0.999881,0.99959,30,7.408,0.937588,404954,2,2,90000,55.322,1626.5
bedding,2024_05_07_F1_F3,C7d_cams4_drop25,0.902417,0.909553,0.999938,0.999766,16,2.962,0.984429,540229,2,2,90000,69.066,1303.1
bedding,2024_05_07_F1_F3,C7d_cams5_drop25,0.907613,0.909379,0.999963,0.999811,6,0.89,0.996122,674348,2,2,90000,72.472,1241.9
bedding,2024_05_07_F1_F3,C7d_cams6_drop25,0.909245,0.909678,0.999958,0.9997,4,0.494,0.999047,810246,2,2,90000,75.368,1194.1
bedding,2024_05_07_F1_F3,C7e_cams2_s3drop25,0.498892,0.581436,0.999961,0.99989,12,4.442,0.751368,270134,2,2,90000,43.885,2042.8
bedding,2024_05_07_F1_F3,C7e_cams3_s3drop25,0.927159,0.958231,0.999905,0.999681,21,5.186,0.937184,404928,2,2,90000,62.976,1428.9
bedding,2024_05_07_F1_F3,C7e_cams4_s3drop25,0.902044,0.909174,0.999962,0.999822,12,2.223,0.984438,539912,2,2,90000,67.033,1342.6
bedding,2024_05_07_F1_F3,C7e_cams5_s3drop25,0.998009,0.999972,0.999973,0.999833,3,0.444,0.996081,675228,2,2,90000,75.657,1189.6
bedding,2024_05_07_F1_F3,C7f_cams2_s3drop10,0.861279,0.909346,0.999979,0.999942,6,1.852,0.89959,324041,2,2,90000,45.812,1964.4
bedding,2024_05_07_F1_F3,C7f_cams3_s3drop10,0.994942,0.999996,0.999996,0.999978,0,0.0,0.989943,486032,2,2,90000,60.98,1475.9
bedding,2024_05_07_F1_F3,C7f_cams4_s3drop10,0.999484,0.999994,0.999994,0.999956,0,0.0,0.99898,648061,2,2,90000,68.63,1311.4
bedding,2024_05_07_F1_F3,C7f_cams5_s3drop10,0.909372,0.909416,0.99999,0.999933,2,0.247,0.999902,809748,2,2,90000,76.63,1174.5
bedding,2024_05_07_F1_F3,C8_drop50_sigma0,0.655348,0.665809,0.999853,0.99946,31,5.737,0.969063,540385,2,2,90000,69.554,1293.6
bedding,2024_05_07_F5_F3,C1_sigma0,1.0,1.0,,,0,0.0,1.0,1080000,2,2,90000,84.805,1061.3
bedding,2024_05_07_F5_F3,C1_sigma1,1.0,1.0,,,0,0.0,1.0,1080000,2,2,90000,86.283,1043.1
bedding,2024_05_07_F5_F3,C1_sigma10,0.847965,0.847965,,,2,0.185,1.0,1080000,2,2,90000,80.785,1114.1
bedding,2024_05_07_F5_F3,C1_sigma2,1.0,1.0,,,0,0.0,1.0,1080000,2,2,90000,83.292,1080.5
bedding,2024_05_07_F5_F3,C1_sigma20,0.999659,0.999659,,,20,1.852,1.0,1080000,2,2,90000,84.824,1061.0
bedding,2024_05_07_F5_F3,C1_sigma3,1.0,1.0,,,0,0.0,1.0,1080000,2,2,90000,80.546,1117.4
bedding,2024_05_07_F5_F3,C1_sigma5,0.999996,0.999996,,,0,0.0,1.0,1080000,2,2,90000,80.29,1120.9
bedding,2024_05_07_F5_F3,C2_drop0.1,0.999984,0.999991,,,0,0.0,0.999986,971640,2,2,90000,75.604,1190.4
bedding,2024_05_07_F5_F3,C2_drop0.25,0.999499,0.999976,,,2,0.247,0.999046,809147,2,2,90000,74.353,1210.4
bedding,2024_05_07_F5_F3,C2_drop0.5,0.540967,0.549641,,,41,7.591,0.968929,540088,2,2,90000,59.6,1509.7
bedding,2024_05_07_F5_F3,C2b_nodedrop0.25,0.999991,0.999991,,,2,0.185,1.0,1080000,2,2,90000,80.854,1113.1
bedding,2024_05_07_F5_F3,C2b_nodedrop0.5,0.848202,0.848202,,,14,1.296,1.0,1080000,2,2,90000,71.423,1260.1
bedding,2024_05_07_F5_F3,C3_occl0.25,0.999955,0.999989,,,0,0.0,0.999933,1057877,2,2,90000,84.045,1070.9
bedding,2024_05_07_F5_F3,C3_occl0.5,0.843526,0.844099,,,36,3.474,0.998643,1036304,2,2,90000,82.041,1097.0
bedding,2024_05_07_F5_F3,C4_com_sigma0,0.999994,0.999994,,,0,0.0,1.0,1080000,2,2,90000,23.478,3833.4
bedding,2024_05_07_F5_F3,C4_com_sigma3,0.999854,0.999854,,,0,0.0,1.0,1080000,2,2,90000,22.222,4050.0
bedding,2024_05_07_F5_F3,C4u_comused_sigma0,0.999994,0.999994,0.999994,0.999967,0,0.0,1.0,1080000,2,2,90000,18.995,4738.1
bedding,2024_05_07_F5_F3,C4u_comused_sigma3,0.999872,0.999872,0.999872,0.999233,0,0.0,1.0,1080000,2,2,90000,18.99,4739.3
bedding,2024_05_07_F5_F3,C6_handlabels,0.618067,0.623003,0.86262,0.6,14,4402.516,0.984277,318,2,2,19501,0.062,564.5
bedding,2024_05_07_F5_F3,C7_cams2,1.0,1.0,1.0,1.0,0,0.0,1.0,360000,2,2,90000,42.266,2129.4
bedding,2024_05_07_F5_F3,C7_cams3,1.0,1.0,1.0,1.0,0,0.0,1.0,540000,2,2,90000,58.059,1550.1
bedding,2024_05_07_F5_F3,C7_cams4,1.0,1.0,1.0,1.0,0,0.0,1.0,720000,2,2,90000,64.626,1392.6
bedding,2024_05_07_F5_F3,C7_cams5,1.0,1.0,1.0,1.0,0,0.0,1.0,900000,2,2,90000,64.535,1394.6
bedding,2024_05_07_F5_F3,C7b_cams2_sigma10,0.850322,0.850322,0.997767,0.995533,14,3.889,1.0,360000,2,2,90000,41.466,2170.5
bedding,2024_05_07_F5_F3,C7b_cams3_sigma10,0.847996,0.847996,0.999941,0.999822,18,3.333,1.0,540000,2,2,90000,58.876,1528.6
bedding,2024_05_07_F5_F3,C7b_cams4_sigma10,0.999906,0.999906,0.999928,0.999744,6,0.833,1.0,720000,2,2,90000,64.445,1396.5
bedding,2024_05_07_F5_F3,C7b_cams5_sigma10,0.847927,0.847927,0.999942,0.999789,2,0.222,1.0,900000,2,2,90000,72.412,1242.9
bedding,2024_05_07_F5_F3,C7c_cams2_sigma0,1.0,1.0,1.0,1.0,0,0.0,1.0,360000,2,2,90000,49.255,1827.2
bedding,2024_05_07_F5_F3,C7c_cams3_sigma0,1.0,1.0,1.0,1.0,0,0.0,1.0,540000,2,2,90000,61.41,1465.6
bedding,2024_05_07_F5_F3,C7c_cams4_sigma0,1.0,1.0,1.0,1.0,0,0.0,1.0,720000,2,2,90000,74.046,1215.5
bedding,2024_05_07_F5_F3,C7c_cams5_sigma0,1.0,1.0,1.0,1.0,0,0.0,1.0,900000,2,2,90000,73.457,1225.2
bedding,2024_05_07_F5_F3,C7d_cams2_drop25,0.725142,0.846537,0.999397,0.998721,89,32.982,0.749165,269847,2,2,90000,44.394,2019.4
bedding,2024_05_07_F5_F3,C7d_cams3_drop25,0.967895,0.999953,0.999963,0.999841,12,2.961,0.937874,405256,2,2,90000,57.203,1573.0
bedding,2024_05_07_F5_F3,C7d_cams4_drop25,0.992204,0.999985,0.999985,0.999922,4,0.74,0.984558,540292,2,2,90000,62.353,1443.4
bedding,2024_05_07_F5_F3,C7d_cams5_drop25,0.998065,0.999975,0.999976,0.999867,4,0.593,0.996187,674849,2,2,90000,69.111,1302.3
bedding,2024_05_07_F5_F3,C7d_cams6_drop25,0.999498,0.999977,0.999977,0.999844,0,0.0,0.999043,810935,2,2,90000,80.952,1111.8
bedding,2024_05_07_F5_F3,C7e_cams2_s3drop25,0.472273,0.551576,0.999485,0.998914,76,28.169,0.748595,269804,2,2,90000,41.074,2183.0
bedding,2024_05_07_F5_F3,C7e_cams3_s3drop25,0.967401,0.999966,0.999971,0.999875,6,1.484,0.936922,404372,2,2,90000,56.35,1596.7
bedding,2024_05_07_F5_F3,C7e_cams4_s3drop25,0.99209,0.999964,0.999968,0.999844,12,2.221,0.984375,540404,2,2,90000,63.003,1428.5
bedding,2024_05_07_F5_F3,C7e_cams5_s3drop25,0.997973,0.999961,0.999966,0.999789,4,0.592,0.996031,675262,2,2,90000,75.403,1193.6
bedding,2024_05_07_F5_F3,C7f_cams2_s3drop10,0.947367,0.999997,0.999997,0.999988,2,0.617,0.900003,324001,2,2,90000,43.49,2069.3
bedding,2024_05_07_F5_F3,C7f_cams3_s3drop10,0.994957,0.999985,0.999985,0.999922,0,0.0,0.989992,485928,2,2,90000,62.906,1430.7
bedding,2024_05_07_F5_F3,C7f_cams4_s3drop10,0.999503,0.999998,0.999998,0.999989,0,0.0,0.999009,647977,2,2,90000,69.413,1296.6
bedding,2024_05_07_F5_F3,C7f_cams5_s3drop10,0.999941,0.999995,0.999995,0.999967,0,0.0,0.999891,810043,2,2,90000,75.12,1198.1
bedding,2024_05_07_F5_F3,C8_drop50_sigma0,0.690267,0.701376,0.999853,0.999393,31,5.74,0.968817,540067,2,2,90000,69.132,1301.6
bedding,2024_05_07_F6_F2,C1_sigma0,0.969743,0.969743,,,2,0.185,1.0,1080000,2,2,90000,81.886,1099.1
bedding,2024_05_07_F6_F2,C1_sigma1,0.969743,0.969743,,,2,0.185,1.0,1080000,2,2,90000,85.547,1052.1
bedding,2024_05_07_F6_F2,C1_sigma10,0.969737,0.969737,,,2,0.185,1.0,1080000,2,2,90000,73.16,1230.2
bedding,2024_05_07_F6_F2,C1_sigma2,0.969743,0.969743,,,2,0.185,1.0,1080000,2,2,90000,83.783,1074.2
bedding,2024_05_07_F6_F2,C1_sigma20,0.733487,0.733487,,,6,0.556,1.0,1080000,2,2,90000,86.279,1043.1
bedding,2024_05_07_F6_F2,C1_sigma3,0.969741,0.969741,,,2,0.185,1.0,1080000,2,2,90000,81.792,1100.4
bedding,2024_05_07_F6_F2,C1_sigma5,0.969743,0.969743,,,2,0.185,1.0,1080000,2,2,90000,81.351,1106.3
bedding,2024_05_07_F6_F2,C2_drop0.1,0.515269,0.515271,,,4,0.411,0.99999,972280,2,2,90000,81.125,1109.4
bedding,2024_05_07_F6_F2,C2_drop0.25,0.567971,0.568234,,,14,1.729,0.999074,809705,2,2,90000,77.405,1162.7
bedding,2024_05_07_F6_F2,C2_drop0.5,0.95379,0.969201,,,40,7.4,0.968696,540570,2,2,90000,68.062,1321.9
bedding,2024_05_07_F6_F2,C2b_nodedrop0.25,0.969737,0.969737,,,2,0.185,1.0,1080000,2,2,90000,85.056,1058.1
bedding,2024_05_07_F6_F2,C2b_nodedrop0.5,0.515407,0.515407,,,4,0.37,1.0,1080000,2,2,90000,69.78,1289.8
bedding,2024_05_07_F6_F2,C3_occl0.25,0.651458,0.651473,,,6,0.565,0.999954,1062231,2,2,90000,85.849,1048.4
bedding,2024_05_07_F6_F2,C3_occl0.5,0.652973,0.653321,,,36,3.446,0.998936,1044798,2,2,90000,83.005,1084.3
bedding,2024_05_07_F6_F2,C4_com_sigma0,0.999983,0.999983,,,0,0.0,1.0,1080000,2,2,90000,22.774,3951.9
bedding,2024_05_07_F6_F2,C4_com_sigma3,0.999928,0.999928,,,0,0.0,1.0,1080000,2,2,90000,22.76,3954.3
bedding,2024_05_07_F6_F2,C4u_comused_sigma0,0.999983,0.999983,0.999983,0.9999,0,0.0,1.0,1080000,2,2,90000,18.191,4947.5
bedding,2024_05_07_F6_F2,C4u_comused_sigma3,0.999948,0.999948,0.999948,0.999689,0,0.0,1.0,1080000,2,2,90000,18.681,4817.7
bedding,2024_05_07_F6_F2,C6_handlabels,0.492806,0.5,0.890511,0.692308,19,6737.589,0.971631,282,2,2,38001,0.052,750
bedding,2024_05_07_F6_F2,C7_cams2,0.969744,0.969744,1.0,1.0,2,0.556,1.0,360000,2,2,90000,41.899,2148.0
bedding,2024_05_07_F6_F2,C7_cams3,0.969744,0.969744,1.0,1.0,2,0.37,1.0,540000,2,2,90000,57.257,1571.9
bedding,2024_05_07_F6_F2,C7_cams4,0.969697,0.969697,0.999953,0.999811,2,0.278,1.0,720000,2,2,90000,65.729,1369.3
bedding,2024_05_07_F6_F2,C7_cams5,0.886082,0.886082,0.999964,0.999911,4,0.444,1.0,900000,2,2,90000,70.924,1269.0
bedding,2024_05_07_F6_F2,C7b_cams2_sigma10,0.649867,0.649867,1.0,1.0,4,1.111,1.0,360000,2,2,90000,41.591,2163.9
bedding,2024_05_07_F6_F2,C7b_cams3_sigma10,0.733526,0.733526,0.999944,0.999833,6,1.111,1.0,540000,2,2,90000,53.968,1667.7
bedding,2024_05_07_F6_F2,C7b_cams4_sigma10,0.9697,0.9697,0.999956,0.999822,2,0.278,1.0,720000,2,2,90000,61.871,1454.6
bedding,2024_05_07_F6_F2,C7b_cams5_sigma10,0.96974,0.96974,0.999996,0.999978,2,0.222,1.0,900000,2,2,90000,72.294,1244.9
bedding,2024_05_07_F6_F2,C7c_cams2_sigma0,0.969744,0.969744,1.0,1.0,2,0.556,1.0,360000,2,2,90000,50.41,1785.4
bedding,2024_05_07_F6_F2,C7c_cams3_sigma0,0.969744,0.969744,1.0,1.0,2,0.37,1.0,540000,2,2,90000,67.717,1329.1
bedding,2024_05_07_F6_F2,C7c_cams4_sigma0,0.969742,0.969742,0.999997,0.999989,2,0.278,1.0,720000,2,2,90000,74.719,1204.5
bedding,2024_05_07_F6_F2,C7c_cams5_sigma0,0.969742,0.969742,0.999998,0.999989,2,0.222,1.0,900000,2,2,90000,83.974,1071.8
bedding,2024_05_07_F6_F2,C7d_cams2_drop25,0.689971,0.80533,0.99996,0.99989,15,5.554,0.749407,270059,2,2,90000,43.072,2081.7
bedding,2024_05_07_F6_F2,C7d_cams3_drop25,0.697836,0.72123,0.99991,0.999692,30,7.409,0.937166,404893,2,2,90000,58.141,1547.8
bedding,2024_05_07_F6_F2,C7d_cams4_drop25,0.797607,0.803794,0.99991,0.999644,20,3.697,0.984723,540940,2,2,90000,67.996,1323.6
bedding,2024_05_07_F6_F2,C7d_cams5_drop25,0.967787,0.969667,0.999936,0.999711,6,0.889,0.996131,674937,2,2,90000,74.367,1210.2
bedding,2024_05_07_F6_F2,C7d_cams6_drop25,0.515555,0.515797,0.999946,0.999656,10,1.234,0.999061,810420,2,2,90000,81.841,1099.7
bedding,2024_05_07_F6_F2,C7e_cams2_s3drop25,0.801598,0.936047,0.999584,0.999106,65,24.077,0.748809,269962,2,2,90000,40.649,2205.5
bedding,2024_05_07_F6_F2,C7e_cams3_s3drop25,0.550927,0.569374,0.999868,0.999567,26,6.419,0.937237,405063,2,2,90000,62.02,1450.7
bedding,2024_05_07_F6_F2,C7e_cams4_s3drop25,0.645204,0.650331,0.999913,0.99971,17,3.15,0.984355,539738,2,2,90000,64.131,1403.3
bedding,2024_05_07_F6_F2,C7e_cams5_s3drop25,0.802343,0.803943,0.999939,0.999722,16,2.372,0.996029,674446,2,2,90000,73.101,1231.2
bedding,2024_05_07_F6_F2,C7f_cams2_s3drop10,0.918283,0.969946,0.999986,0.999954,8,2.472,0.898861,323603,2,2,90000,45.675,1970.1
bedding,2024_05_07_F6_F2,C7f_cams3_s3drop10,0.512928,0.515507,0.999979,0.999911,4,0.823,0.990044,485945,2,2,90000,62.503,1439.9
bedding,2024_05_07_F6_F2,C7f_cams4_s3drop10,0.515237,0.515479,0.999989,0.999933,6,0.925,0.999061,648701,2,2,90000,63.797,1410.7
bedding,2024_05_07_F6_F2,C7f_cams5_s3drop10,0.969676,0.969733,0.999994,0.999967,2,0.247,0.999883,810378,2,2,90000,74.305,1211.2
bedding,2024_05_07_F6_F2,C8_drop50_sigma0,0.828549,0.841761,0.999838,0.999337,37,6.837,0.969094,541198,2,2,90000,65.207,1379.8
bedding,2024_05_07_F6_F3,C1_sigma0,1.0,1.0,,,0,0.0,1.0,1080000,2,2,90000,89.788,1002.4
bedding,2024_05_07_F6_F3,C1_sigma1,1.0,1.0,,,0,0.0,1.0,1080000,2,2,90000,87.731,1025.9
bedding,2024_05_07_F6_F3,C1_sigma10,0.999994,0.999994,,,0,0.0,1.0,1080000,2,2,90000,86.832,1036.5
bedding,2024_05_07_F6_F3,C1_sigma2,1.0,1.0,,,0,0.0,1.0,1080000,2,2,90000,83.215,1081.5
bedding,2024_05_07_F6_F3,C1_sigma20,0.977665,0.977665,,,2,0.185,1.0,1080000,2,2,90000,85.916,1047.5
bedding,2024_05_07_F6_F3,C1_sigma3,1.0,1.0,,,0,0.0,1.0,1080000,2,2,90000,85.646,1050.8
bedding,2024_05_07_F6_F3,C1_sigma5,1.0,1.0,,,0,0.0,1.0,1080000,2,2,90000,84.389,1066.5
bedding,2024_05_07_F6_F3,C2_drop0.1,0.999994,0.999998,,,0,0.0,0.999993,972199,2,2,90000,76.829,1171.4
bedding,2024_05_07_F6_F3,C2_drop0.25,0.99952,0.999985,,,2,0.247,0.99907,809724,2,2,90000,76.675,1173.8
bedding,2024_05_07_F6_F3,C2_drop0.5,0.961753,0.977396,,,10,1.853,0.968494,539613,2,2,90000,66.784,1347.3
bedding,2024_05_07_F6_F3,C2b_nodedrop0.25,1.0,1.0,,,0,0.0,1.0,1080000,2,2,90000,79.594,1130.7
bedding,2024_05_07_F6_F3,C2b_nodedrop0.5,0.999985,0.999985,,,2,0.185,1.0,1080000,2,2,90000,70.02,1285.3
bedding,2024_05_07_F6_F3,C3_occl0.25,0.977487,0.977518,,,2,0.189,0.999938,1058241,2,2,90000,81.575,1103.3
bedding,2024_05_07_F6_F3,C3_occl0.5,0.999274,0.999957,,,12,1.158,0.998633,1036544,2,2,90000,83.529,1077.4
bedding,2024_05_07_F6_F3,C4_com_sigma0,0.999998,0.999998,,,0,0.0,1.0,1080000,2,2,90000,23.198,3879.6
bedding,2024_05_07_F6_F3,C4_com_sigma3,0.999959,0.999959,,,0,0.0,1.0,1080000,2,2,90000,23.634,3808.1
bedding,2024_05_07_F6_F3,C4u_comused_sigma0,0.999998,0.999998,0.999998,0.999989,0,0.0,1.0,1080000,2,2,90000,19.59,4594.2
bedding,2024_05_07_F6_F3,C4u_comused_sigma3,0.999956,0.999956,0.999956,0.999733,0,0.0,1.0,1080000,2,2,90000,18.3,4918.0
bedding,2024_05_07_F6_F3,C6_handlabels,0.505327,0.507645,0.877676,0.692308,16,4848.485,0.990909,330,2,2,24001,0.059,661.0
bedding,2024_05_07_F6_F3,C7_cams2,1.0,1.0,1.0,1.0,0,0.0,1.0,360000,2,2,90000,42.48,2118.6
bedding,2024_05_07_F6_F3,C7_cams3,1.0,1.0,1.0,1.0,0,0.0,1.0,540000,2,2,90000,57.669,1560.6
bedding,2024_05_07_F6_F3,C7_cams4,1.0,1.0,1.0,1.0,0,0.0,1.0,720000,2,2,90000,65.182,1380.7
bedding,2024_05_07_F6_F3,C7_cams5,1.0,1.0,1.0,1.0,0,0.0,1.0,900000,2,2,90000,72.129,1247.8
bedding,2024_05_07_F6_F3,C7b_cams2_sigma10,0.999556,0.999556,0.999556,0.999111,2,0.556,1.0,360000,2,2,90000,41.728,2156.8
bedding,2024_05_07_F6_F3,C7b_cams3_sigma10,1.0,1.0,1.0,1.0,0,0.0,1.0,540000,2,2,90000,58.197,1546.5
bedding,2024_05_07_F6_F3,C7b_cams4_sigma10,1.0,1.0,1.0,1.0,0,0.0,1.0,720000,2,2,90000,66.116,1361.2
bedding,2024_05_07_F6_F3,C7b_cams5_sigma10,0.999998,0.999998,0.999998,0.999989,0,0.0,1.0,900000,2,2,90000,64.628,1392.6
bedding,2024_05_07_F6_F3,C7c_cams2_sigma0,1.0,1.0,1.0,1.0,0,0.0,1.0,360000,2,2,90000,47.441,1897.1
bedding,2024_05_07_F6_F3,C7c_cams3_sigma0,1.0,1.0,1.0,1.0,0,0.0,1.0,540000,2,2,90000,67.71,1329.2
bedding,2024_05_07_F6_F3,C7c_cams4_sigma0,1.0,1.0,1.0,1.0,0,0.0,1.0,720000,2,2,90000,75.47,1192.5
bedding,2024_05_07_F6_F3,C7c_cams5_sigma0,1.0,1.0,1.0,1.0,0,0.0,1.0,900000,2,2,90000,83.037,1083.9
bedding,2024_05_07_F6_F3,C7d_cams2_drop25,0.856824,1.0,1.0,1.0,0,0.0,0.749512,269941,2,2,90000,39.905,2246.8
bedding,2024_05_07_F6_F3,C7d_cams3_drop25,0.967596,0.999989,0.999989,0.999954,3,0.74,0.937246,405230,2,2,90000,59.047,1523.8
bedding,2024_05_07_F6_F3,C7d_cams4_drop25,0.992161,0.999977,0.999977,0.999944,4,0.74,0.984488,540356,2,2,90000,71.146,1265.0
bedding,2024_05_07_F6_F3,C7d_cams5_drop25,0.998076,0.999985,0.999985,0.999933,4,0.592,0.996189,675233,2,2,90000,68.118,1321.2
bedding,2024_05_07_F6_F3,C7d_cams6_drop25,0.999498,0.999981,0.999983,0.999922,6,0.741,0.999033,809874,2,2,90000,80.222,1121.9
bedding,2024_05_07_F6_F3,C7e_cams2_s3drop25,0.857245,0.999719,0.999719,0.999383,48,17.777,0.750526,270016,2,2,90000,41.118,2179.7
bedding,2024_05_07_F6_F3,C7e_cams3_s3drop25,0.967469,0.999974,0.999976,0.999897,5,1.236,0.937035,404573,2,2,90000,55.66,1616.6
bedding,2024_05_07_F6_F3,C7e_cams4_s3drop25,0.992183,0.999966,0.999976,0.999877,6,1.112,0.984554,539624,2,2,90000,67.105,1341.2
bedding,2024_05_07_F6_F3,C7e_cams5_s3drop25,0.998061,0.999982,0.999982,0.999922,4,0.593,0.996166,674443,2,2,90000,70.07,1284.4
bedding,2024_05_07_F6_F3,C7f_cams2_s3drop10,0.926209,0.977827,0.999986,0.999965,4,1.235,0.899716,323920,2,2,90000,44.875,2005.4
bedding,2024_05_07_F6_F3,C7f_cams3_s3drop10,0.972801,0.977569,0.999994,0.999978,2,0.411,0.990293,486338,2,2,90000,61.546,1462.3
bedding,2024_05_07_F6_F3,C7f_cams4_s3drop10,0.99951,0.999995,0.999995,0.999989,0,0.0,0.999029,647949,2,2,90000,67.116,1341.0
bedding,2024_05_07_F6_F3,C7f_cams5_s3drop10,0.999931,0.999998,0.999998,0.999978,0,0.0,0.999867,809540,2,2,90000,74.205,1212.9
bedding,2024_05_07_F6_F3,C8_drop50_sigma0,0.984187,0.999908,0.999929,0.99973,13,2.408,0.969041,539771,2,2,90000,65.662,1370.3
soc1,2022_09_22_M3_M4,C1_sigma0,1.0,1.0,,,0,0.0,1.0,1068000,2,2,89000,82.921,1073.3
soc1,2022_09_22_M3_M4,C1_sigma1,1.0,1.0,,,0,0.0,1.0,1068000,2,2,89000,82.286,1081.6
soc1,2022_09_22_M3_M4,C1_sigma10,0.588491,0.588491,,,4,0.375,1.0,1068000,2,2,89000,81.682,1089.6
soc1,2022_09_22_M3_M4,C1_sigma2,1.0,1.0,,,0,0.0,1.0,1068000,2,2,89000,83.237,1069.2
soc1,2022_09_22_M3_M4,C1_sigma20,0.584837,0.584837,,,24,2.247,1.0,1068000,2,2,89000,84.496,1053.3
soc1,2022_09_22_M3_M4,C1_sigma3,1.0,1.0,,,0,0.0,1.0,1068000,2,2,89000,83.636,1064.1
soc1,2022_09_22_M3_M4,C1_sigma5,1.0,1.0,,,0,0.0,1.0,1068000,2,2,89000,82.269,1081.8
soc1,2022_09_22_M3_M4,C2_drop0.1,0.999985,0.99999,,,0,0.0,0.999991,961180,2,2,89000,81.086,1097.6
soc1,2022_09_22_M3_M4,C2_drop0.25,0.999471,0.999935,,,12,1.498,0.999073,801235,2,2,89000,75.239,1182.9
soc1,2022_09_22_M3_M4,C2_drop0.5,0.659461,0.670103,,,44,8.239,0.968734,534069,2,2,89000,65.146,1365.8
soc1,2022_09_22_M3_M4,C2b_nodedrop0.25,1.0,1.0,,,0,0.0,1.0,1068000,2,2,89000,74.283,1198.1
soc1,2022_09_22_M3_M4,C2b_nodedrop0.5,0.999081,0.999081,,,10,0.936,1.0,1068000,2,2,89000,72.095,1234.5
soc1,2022_09_22_M3_M4,C3_occl0.25,0.999904,0.999973,,,4,0.393,0.999862,1018708,2,2,89000,85.541,1040.4
soc1,2022_09_22_M3_M4,C3_occl0.5,0.613239,0.614242,,,62,6.398,0.99674,969081,2,2,89000,83.551,1065.2
soc1,2022_09_22_M3_M4,C4_com_sigma0,0.638398,0.638398,,,58,5.37,1.0,1080000,2,2,90000,22.155,4062.3
soc1,2022_09_22_M3_M4,C4_com_sigma3,0.668619,0.668619,,,64,5.926,1.0,1080000,2,2,90000,21.759,4136.2
soc1,2022_09_22_M3_M4,C4u_comused_sigma0,0.99997,0.99997,0.99997,0.999822,0,0.0,1.0,1080000,2,2,90000,18.433,4882.5
soc1,2022_09_22_M3_M4,C4u_comused_sigma3,0.999841,0.999841,0.999841,0.999044,0,0.0,1.0,1080000,2,2,90000,19.11,4709.6
soc1,2022_09_22_M3_M4,C7_cams2,1.0,1.0,1.0,1.0,0,0.0,1.0,356000,2,2,89000,40.868,2177.7
soc1,2022_09_22_M3_M4,C7_cams3,1.0,1.0,1.0,1.0,0,0.0,1.0,534000,2,2,89000,52.885,1682.9
soc1,2022_09_22_M3_M4,C7_cams4,1.0,1.0,1.0,1.0,0,0.0,1.0,712000,2,2,89000,63.071,1411.1
soc1,2022_09_22_M3_M4,C7_cams5,1.0,1.0,1.0,1.0,0,0.0,1.0,890000,2,2,89000,70.638,1259.9
soc1,2022_09_22_M3_M4,C7b_cams2_sigma10,0.584635,0.584635,0.999961,0.999921,10,2.809,1.0,356000,2,2,89000,41.194,2160.5
soc1,2022_09_22_M3_M4,C7b_cams3_sigma10,0.584633,0.584633,0.999966,0.999899,2,0.375,1.0,534000,2,2,89000,58.719,1515.7
soc1,2022_09_22_M3_M4,C7b_cams4_sigma10,0.58466,0.58466,0.999947,0.99982,6,0.843,1.0,712000,2,2,89000,64.832,1372.8
soc1,2022_09_22_M3_M4,C7b_cams5_sigma10,0.584593,0.584593,0.999955,0.999831,6,0.674,1.0,890000,2,2,89000,70.645,1259.8
soc1,2022_09_22_M3_M4,C7c_cams2_sigma0,1.0,1.0,1.0,1.0,0,0.0,1.0,356000,2,2,89000,47.343,1879.9
soc1,2022_09_22_M3_M4,C7c_cams3_sigma0,1.0,1.0,1.0,1.0,0,0.0,1.0,534000,2,2,89000,59.649,1492.1
soc1,2022_09_22_M3_M4,C7c_cams4_sigma0,1.0,1.0,1.0,1.0,0,0.0,1.0,712000,2,2,89000,67.243,1323.6
soc1,2022_09_22_M3_M4,C7c_cams5_sigma0,1.0,1.0,1.0,1.0,0,0.0,1.0,890000,2,2,89000,84.492,1053.4
soc1,2022_09_22_M3_M4,C7d_cams2_drop25,0.623235,0.72704,0.999686,0.999376,28,10.485,0.750122,267058,2,2,89000,40.764,2175.0
soc1,2022_09_22_M3_M4,C7d_cams3_drop25,0.927327,0.957947,0.999888,0.999539,31,7.738,0.938052,400607,2,2,89000,54.204,1641.4
soc1,2022_09_22_M3_M4,C7d_cams4_drop25,0.721396,0.727071,0.999933,0.999662,20,3.746,0.984508,533959,2,2,89000,67.094,1326.5
soc1,2022_09_22_M3_M4,C7d_cams5_drop25,0.893278,0.895047,0.999929,0.999618,10,1.498,0.996055,667454,2,2,89000,67.757,1313.5
soc1,2022_09_22_M3_M4,C7d_cams6_drop25,0.999462,0.99995,0.99995,0.999674,8,0.998,0.999023,801704,2,2,89000,79.602,1118.1
soc1,2022_09_22_M3_M4,C7e_cams2_s3drop25,0.431767,0.503653,0.999521,0.999112,52,19.466,0.750197,267135,2,2,89000,44.31,2001.1
soc1,2022_09_22_M3_M4,C7e_cams3_s3drop25,0.967505,0.999957,0.99996,0.999827,14,3.497,0.937133,400335,2,2,89000,56.765,1567.4
soc1,2022_09_22_M3_M4,C7e_cams4_s3drop25,0.992149,0.999954,0.999954,0.999752,10,1.873,0.98451,533879,2,2,89000,66.544,1337.5
soc1,2022_09_22_M3_M4,C7e_cams5_s3drop25,0.99797,0.999934,0.999937,0.999663,8,1.199,0.996081,666958,2,2,89000,69.457,1281.4
soc1,2022_09_22_M3_M4,C7f_cams2_s3drop10,0.947089,0.999983,0.99999,0.999965,8,2.498,0.899526,320282,2,2,89000,44.461,2001.5
soc1,2022_09_22_M3_M4,C7f_cams3_s3drop10,0.995047,0.999979,0.999979,0.999899,2,0.416,0.990184,480969,2,2,89000,56.87,1565.0
soc1,2022_09_22_M3_M4,C7f_cams4_s3drop10,0.99951,0.999983,0.999983,0.999888,0,0.0,0.999056,640723,2,2,89000,67.619,1316.2
soc1,2022_09_22_M3_M4,C7f_cams5_s3drop10,0.999931,0.999983,0.999983,0.999865,2,0.25,0.999898,800775,2,2,89000,76.278,1166.8
soc1,2022_09_22_M3_M4,C8_drop50_sigma0,0.574548,0.583943,0.999704,0.998772,56,10.499,0.968329,533397,2,2,89000,67.393,1320.2
soc1,2022_09_22_M5_M6,C1_sigma0,1.0,1.0,,,0,0.0,1.0,1068000,2,2,89000,91.638,971.2
soc1,2022_09_22_M5_M6,C1_sigma1,1.0,1.0,,,0,0.0,1.0,1068000,2,2,89000,84.116,1058.1
soc1,2022_09_22_M5_M6,C1_sigma10,0.999991,0.999991,,,0,0.0,1.0,1068000,2,2,89000,85.917,1035.9
soc1,2022_09_22_M5_M6,C1_sigma2,1.0,1.0,,,0,0.0,1.0,1068000,2,2,89000,87.495,1017.2
soc1,2022_09_22_M5_M6,C1_sigma20,0.999949,0.999949,,,8,0.749,1.0,1068000,2,2,89000,88.845,1001.7
soc1,2022_09_22_M5_M6,C1_sigma3,1.0,1.0,,,0,0.0,1.0,1068000,2,2,89000,88.813,1002.1
soc1,2022_09_22_M5_M6,C1_sigma5,1.0,1.0,,,0,0.0,1.0,1068000,2,2,89000,86.956,1023.5
soc1,2022_09_22_M5_M6,C2_drop0.1,0.999992,0.999996,,,0,0.0,0.999992,961196,2,2,89000,81.819,1087.8
soc1,2022_09_22_M5_M6,C2_drop0.25,0.500468,0.500707,,,7,0.873,0.999048,801651,2,2,89000,74.548,1193.9
soc1,2022_09_22_M5_M6,C2_drop0.5,0.984011,0.999834,,,23,4.308,0.968842,533833,2,2,89000,65.258,1363.5
soc1,2022_09_22_M5_M6,C2b_nodedrop0.25,0.999983,0.999983,,,2,0.187,1.0,1068000,2,2,89000,81.816,1087.8
soc1,2022_09_22_M5_M6,C2b_nodedrop0.5,0.501283,0.501283,,,12,1.124,1.0,1067999,2,2,89000,72.198,1232.7
soc1,2022_09_22_M5_M6,C3_occl0.25,0.504121,0.504152,,,8,0.777,0.999874,1030019,2,2,89000,85.169,1045.0
soc1,2022_09_22_M5_M6,C3_occl0.5,0.931669,0.932823,,,35,3.528,0.997528,992125,2,2,89000,75.856,1173.2
soc1,2022_09_22_M5_M6,C4_com_sigma0,0.729485,0.729485,,,14,1.296,1.0,1080000,2,2,90000,21.276,4230.1
soc1,2022_09_22_M5_M6,C4_com_sigma3,0.922546,0.922546,,,24,2.222,1.0,1080000,2,2,90000,22.297,4036.4
soc1,2022_09_22_M5_M6,C4u_comused_sigma0,0.999985,0.999985,0.999985,0.999911,0,0.0,1.0,1080000,2,2,90000,19.006,4735.3
soc1,2022_09_22_M5_M6,C4u_comused_sigma3,0.999887,0.999887,0.999887,0.999322,0,0.0,1.0,1080000,2,2,90000,19.204,4686.5
soc1,2022_09_22_M5_M6,C7_cams2,1.0,1.0,1.0,1.0,0,0.0,1.0,356000,2,2,89000,40.181,2215.0
soc1,2022_09_22_M5_M6,C7_cams3,1.0,1.0,1.0,1.0,0,0.0,1.0,534000,2,2,89000,52.026,1710.7
soc1,2022_09_22_M5_M6,C7_cams4,1.0,1.0,1.0,1.0,0,0.0,1.0,712000,2,2,89000,63.311,1405.8
soc1,2022_09_22_M5_M6,C7_cams5,1.0,1.0,1.0,1.0,0,0.0,1.0,890000,2,2,89000,70.919,1255.0
soc1,2022_09_22_M5_M6,C7b_cams2_sigma10,0.70864,0.70864,0.99936,0.998719,8,2.247,1.0,356000,2,2,89000,41.343,2152.7
soc1,2022_09_22_M5_M6,C7b_cams3_sigma10,0.56533,0.56533,0.999981,0.999944,2,0.375,1.0,534000,2,2,89000,56.435,1577.0
soc1,2022_09_22_M5_M6,C7b_cams4_sigma10,0.565362,0.565362,0.999975,0.999933,2,0.281,1.0,712000,2,2,89000,64.496,1379.9
soc1,2022_09_22_M5_M6,C7b_cams5_sigma10,0.999991,0.999991,0.999991,0.999966,0,0.0,1.0,890000,2,2,89000,71.64,1242.3
soc1,2022_09_22_M5_M6,C7c_cams2_sigma0,1.0,1.0,1.0,1.0,0,0.0,1.0,356000,2,2,89000,48.667,1828.8
soc1,2022_09_22_M5_M6,C7c_cams3_sigma0,1.0,1.0,1.0,1.0,0,0.0,1.0,534000,2,2,89000,58.62,1518.3
soc1,2022_09_22_M5_M6,C7c_cams4_sigma0,1.0,1.0,1.0,1.0,0,0.0,1.0,712000,2,2,89000,72.031,1235.6
soc1,2022_09_22_M5_M6,C7c_cams5_sigma0,1.0,1.0,1.0,1.0,0,0.0,1.0,890000,2,2,89000,82.276,1081.7
soc1,2022_09_22_M5_M6,C7d_cams2_drop25,0.42913,0.500744,0.99954,0.999068,56,20.976,0.749758,266974,2,2,89000,46.574,1903.9
soc1,2022_09_22_M5_M6,C7d_cams3_drop25,0.484205,0.500229,0.99987,0.999586,20,4.991,0.937923,400696,2,2,89000,54.212,1641.2
soc1,2022_09_22_M5_M6,C7d_cams4_drop25,0.497178,0.501134,0.99997,0.999865,4,0.749,0.984338,534399,2,2,89000,66.648,1335.4
soc1,2022_09_22_M5_M6,C7d_cams5_drop25,0.998042,0.999965,0.999967,0.999798,8,1.199,0.996161,667392,2,2,89000,69.302,1284.2
soc1,2022_09_22_M5_M6,C7d_cams6_drop25,0.999482,0.999958,0.999958,0.999742,8,0.999,0.99905,801058,2,2,89000,80.223,1109.4
soc1,2022_09_22_M5_M6,C7e_cams2_s3drop25,0.85678,0.998958,0.999935,0.999847,10,3.742,0.750813,267225,2,2,89000,42.672,2077.3
soc1,2022_09_22_M5_M6,C7e_cams3_s3drop25,0.967687,0.999936,0.999939,0.999804,16,3.992,0.937512,400783,2,2,89000,55.663,1598.5
soc1,2022_09_22_M5_M6,C7e_cams4_s3drop25,0.496726,0.500624,0.999973,0.999876,11,2.06,0.984546,533923,2,2,89000,66.883,1330.6
soc1,2022_09_22_M5_M6,C7e_cams5_s3drop25,0.998004,0.999974,0.999974,0.999843,4,0.599,0.996066,667597,2,2,89000,71.943,1237.1
soc1,2022_09_22_M5_M6,C7f_cams2_s3drop10,0.947406,0.99999,0.999997,0.999988,4,1.248,0.900085,320483,2,2,89000,44.505,1999.6
soc1,2022_09_22_M5_M6,C7f_cams3_s3drop10,0.994884,0.999975,0.999975,0.999899,2,0.416,0.98987,480657,2,2,89000,58.025,1533.8
soc1,2022_09_22_M5_M6,C7f_cams4_s3drop10,0.999528,0.999992,0.999992,0.999944,0,0.0,0.999072,641304,2,2,89000,65.882,1350.9
soc1,2022_09_22_M5_M6,C7f_cams5_s3drop10,0.999945,0.999988,0.999988,0.999899,0,0.0,0.999915,801191,2,2,89000,76.624,1161.5
soc1,2022_09_22_M5_M6,C8_drop50_sigma0,0.920403,0.935275,0.999843,0.99934,37,6.93,0.968695,533947,2,2,89000,69.399,1282.1
soc1,2022_09_23_M1_M6,C1_sigma0,1.0,1.0,,,0,0.0,1.0,1068000,2,2,89000,85.039,1046.6
soc1,2022_09_23_M1_M6,C1_sigma1,0.999998,0.999998,,,0,0.0,1.0,1068000,2,2,89000,84.618,1051.8
soc1,2022_09_23_M1_M6,C1_sigma10,0.999991,0.999991,,,0,0.0,1.0,1068000,2,2,89000,83.853,1061.4
soc1,2022_09_23_M1_M6,C1_sigma2,0.999998,0.999998,,,0,0.0,1.0,1068000,2,2,89000,84.314,1055.6
soc1,2022_09_23_M1_M6,C1_sigma20,0.999897,0.999897,,,6,0.562,1.0,1068000,2,2,89000,84.324,1055.5
soc1,2022_09_23_M1_M6,C1_sigma3,0.999998,0.999998,,,0,0.0,1.0,1068000,2,2,89000,83.391,1067.3
soc1,2022_09_23_M1_M6,C1_sigma5,0.999996,0.999996,,,0,0.0,1.0,1068000,2,2,89000,82.913,1073.4
soc1,2022_09_23_M1_M6,C2_drop0.1,0.99999,0.999996,,,0,0.0,0.999989,960817,2,2,89000,80.611,1104.1
soc1,2022_09_23_M1_M6,C2_drop0.25,0.589284,0.589589,,,4,0.5,0.998966,800403,2,2,89000,73.196,1215.9
soc1,2022_09_23_M1_M6,C2_drop0.5,0.524579,0.533087,,,26,4.868,0.968582,534082,2,2,89000,62.277,1428.7
soc1,2022_09_23_M1_M6,C2b_nodedrop0.25,0.589487,0.589487,,,2,0.187,1.0,1068000,2,2,89000,81.762,1088.5
soc1,2022_09_23_M1_M6,C2b_nodedrop0.5,0.589597,0.589597,,,4,0.375,1.0,1068000,2,2,89000,68.344,1302.2
soc1,2022_09_23_M1_M6,C3_occl0.25,0.999958,0.999986,,,0,0.0,0.999945,1052785,2,2,89000,83.676,1063.6
soc1,2022_09_23_M1_M6,C3_occl0.5,0.885702,0.886085,,,24,2.313,0.999136,1037721,2,2,89000,84.021,1059.2
soc1,2022_09_23_M1_M6,C4_com_sigma0,0.752381,0.752381,,,44,4.074,1.0,1080000,2,2,90000,24.224,3715.3
soc1,2022_09_23_M1_M6,C4_com_sigma3,0.795915,0.795915,,,60,5.556,1.0,1080000,2,2,90000,24.472,3677.7
soc1,2022_09_23_M1_M6,C4u_comused_sigma0,0.999987,0.999987,0.999987,0.999922,0,0.0,1.0,1080000,2,2,90000,18.506,4863.3
soc1,2022_09_23_M1_M6,C4u_comused_sigma3,0.999935,0.999935,0.999935,0.999611,0,0.0,1.0,1080000,2,2,90000,18.61,4836.1
soc1,2022_09_23_M1_M6,C7_cams2,1.0,1.0,1.0,1.0,0,0.0,1.0,356000,2,2,89000,42.162,2110.9
soc1,2022_09_23_M1_M6,C7_cams3,1.0,1.0,1.0,1.0,0,0.0,1.0,534000,2,2,89000,56.654,1570.9
soc1,2022_09_23_M1_M6,C7_cams4,1.0,1.0,1.0,1.0,0,0.0,1.0,712000,2,2,89000,63.387,1404.1
soc1,2022_09_23_M1_M6,C7_cams5,1.0,1.0,1.0,1.0,0,0.0,1.0,890000,2,2,89000,71.389,1246.7
soc1,2022_09_23_M1_M6,C7b_cams2_sigma10,0.99909,0.99909,0.99909,0.99818,2,0.562,1.0,356000,2,2,89000,41.724,2133.1
soc1,2022_09_23_M1_M6,C7b_cams3_sigma10,0.999985,0.999985,0.999985,0.999955,0,0.0,1.0,534000,2,2,89000,52.888,1682.8
soc1,2022_09_23_M1_M6,C7b_cams4_sigma10,0.999994,0.999994,0.999994,0.999978,0,0.0,1.0,712000,2,2,89000,62.743,1418.5
soc1,2022_09_23_M1_M6,C7b_cams5_sigma10,0.999996,0.999996,0.999996,0.999978,0,0.0,1.0,890000,2,2,89000,71.533,1244.2
soc1,2022_09_23_M1_M6,C7c_cams2_sigma0,1.0,1.0,1.0,1.0,0,0.0,1.0,356000,2,2,89000,50.998,1745.2
soc1,2022_09_23_M1_M6,C7c_cams3_sigma0,1.0,1.0,1.0,1.0,0,0.0,1.0,534000,2,2,89000,61.641,1443.8
soc1,2022_09_23_M1_M6,C7c_cams4_sigma0,1.0,1.0,1.0,1.0,0,0.0,1.0,712000,2,2,89000,74.225,1199.1
soc1,2022_09_23_M1_M6,C7c_cams5_sigma0,1.0,1.0,1.0,1.0,0,0.0,1.0,890000,2,2,89000,82.106,1084.0
soc1,2022_09_23_M1_M6,C7d_cams2_drop25,0.724629,0.845073,0.999731,0.999445,26,9.722,0.750509,267437,2,2,89000,43.451,2040.1
soc1,2022_09_23_M1_M6,C7d_cams3_drop25,0.514012,0.531042,0.999936,0.99977,24,5.989,0.937853,400711,2,2,89000,56.723,1568.6
soc1,2022_09_23_M1_M6,C7d_cams4_drop25,0.992134,0.999977,0.999985,0.999921,2,0.374,0.984434,534448,2,2,89000,66.608,1336.1
soc1,2022_09_23_M1_M6,C7d_cams5_drop25,0.87582,0.877598,0.999974,0.999888,5,0.75,0.995957,666792,2,2,89000,72.911,1220.7
soc1,2022_09_23_M1_M6,C7d_cams6_drop25,0.877206,0.877635,0.999978,0.999865,4,0.499,0.999022,801667,2,2,89000,78.649,1131.6
soc1,2022_09_23_M1_M6,C7e_cams2_s3drop25,0.856854,0.99997,0.99998,0.999945,6,2.247,0.749598,267082,2,2,89000,40.965,2164.6
soc1,2022_09_23_M1_M6,C7e_cams3_s3drop25,0.848788,0.877061,0.999843,0.999493,31,7.747,0.93754,400130,2,2,89000,56.786,1566.8
soc1,2022_09_23_M1_M6,C7e_cams4_s3drop25,0.992023,0.999973,0.999973,0.999887,2,0.374,0.984225,534519,2,2,89000,63.562,1400.1
soc1,2022_09_23_M1_M6,C7e_cams5_s3drop25,0.997968,0.99998,0.999982,0.999888,5,0.75,0.995984,667056,2,2,89000,68.172,1305.5
soc1,2022_09_23_M1_M6,C7f_cams2_s3drop10,0.947557,1.0,1.0,1.0,0,0.0,0.90034,320521,2,2,89000,44.54,1998.0
soc1,2022_09_23_M1_M6,C7f_cams3_s3drop10,0.994976,0.999996,0.999996,0.999978,2,0.416,0.990011,480640,2,2,89000,59.839,1487.3
soc1,2022_09_23_M1_M6,C7f_cams4_s3drop10,0.999498,0.999994,0.999994,0.999955,0,0.0,0.999009,640709,2,2,89000,67.308,1322.3
soc1,2022_09_23_M1_M6,C7f_cams5_s3drop10,0.99994,0.999998,0.999998,0.999978,0,0.0,0.999885,800675,2,2,89000,76.7,1160.4
soc1,2022_09_23_M1_M6,C8_drop50_sigma0,0.86335,0.877361,0.999841,0.999351,35,6.559,0.968564,533658,2,2,89000,66.156,1344.9
soc1,2022_09_23_M3_M2,C1_sigma0,0.999991,0.999991,,,2,0.187,1.0,1068000,2,2,89000,81.638,1090.2
soc1,2022_09_23_M3_M2,C1_sigma1,0.999993,0.999993,,,2,0.187,1.0,1068000,2,2,89000,84.313,1055.6
soc1,2022_09_23_M3_M2,C1_sigma10,0.875667,0.875667,,,16,1.498,1.0,1068000,2,2,89000,83.405,1067.1
soc1,2022_09_23_M3_M2,C1_sigma2,0.999991,0.999991,,,2,0.187,1.0,1068000,2,2,89000,81.829,1087.6
soc1,2022_09_23_M3_M2,C1_sigma20,0.999753,0.999753,,,38,3.558,1.0,1068000,2,2,89000,83.334,1068.0
soc1,2022_09_23_M3_M2,C1_sigma3,0.999998,0.999998,,,0,0.0,1.0,1068000,2,2,89000,82.944,1073.0
soc1,2022_09_23_M3_M2,C1_sigma5,0.999993,0.999993,,,2,0.187,1.0,1068000,2,2,89000,83.143,1070.4
soc1,2022_09_23_M3_M2,C2_drop0.1,0.999985,0.99999,,,0,0.0,0.999992,961103,2,2,89000,77.377,1150.2
soc1,2022_09_23_M3_M2,C2_drop0.25,0.999426,0.99992,,,15,1.872,0.999013,801328,2,2,89000,66.792,1332.5
soc1,2022_09_23_M3_M2,C2_drop0.5,0.983823,0.999754,,,21,3.933,0.968629,533940,2,2,89000,58.988,1508.4
soc1,2022_09_23_M3_M2,C2b_nodedrop0.25,0.999931,0.999931,,,8,0.749,1.0,1068000,2,2,89000,83.994,1059.6
soc1,2022_09_23_M3_M2,C2b_nodedrop0.5,0.875753,0.875753,,,26,2.434,1.0,1068000,2,2,89000,68.327,1302.6
soc1,2022_09_23_M3_M2,C3_occl0.25,0.999937,0.999967,,,4,0.383,0.99994,1043509,2,2,89000,85.748,1037.9
soc1,2022_09_23_M3_M2,C3_occl0.5,0.999148,0.999892,,,22,2.159,0.998514,1018812,2,2,89000,84.644,1051.4
soc1,2022_09_23_M3_M2,C4_com_sigma0,0.847102,0.847102,,,22,2.037,1.0,1080000,2,2,90000,23.351,3854.2
soc1,2022_09_23_M3_M2,C4_com_sigma3,0.751491,0.751491,,,22,2.037,1.0,1080000,2,2,90000,23.5,3829.8
soc1,2022_09_23_M3_M2,C4u_comused_sigma0,0.99998,0.99998,0.99998,0.999878,0,0.0,1.0,1080000,2,2,90000,18.137,4962.2
soc1,2022_09_23_M3_M2,C4u_comused_sigma3,0.999922,0.999922,0.999922,0.999533,0,0.0,1.0,1080000,2,2,90000,18.191,4947.5
soc1,2022_09_23_M3_M2,C7_cams2,1.0,1.0,1.0,1.0,0,0.0,1.0,356000,2,2,89000,43.325,2054.2
soc1,2022_09_23_M3_M2,C7_cams3,0.875959,0.875959,0.999993,0.999978,2,0.375,1.0,534000,2,2,89000,52.131,1707.2
soc1,2022_09_23_M3_M2,C7_cams4,0.875958,0.875958,0.999992,0.999978,2,0.281,1.0,712000,2,2,89000,64.365,1382.7
soc1,2022_09_23_M3_M2,C7_cams5,0.875962,0.875962,0.999996,0.999989,2,0.225,1.0,890000,2,2,89000,71.817,1239.3
soc1,2022_09_23_M3_M2,C7b_cams2_sigma10,0.875758,0.875758,0.999927,0.999854,24,6.742,1.0,356000,2,2,89000,42.264,2105.8
soc1,2022_09_23_M3_M2,C7b_cams3_sigma10,0.875667,0.875667,0.999899,0.999697,14,2.622,1.0,534000,2,2,89000,52.986,1679.7
soc1,2022_09_23_M3_M2,C7b_cams4_sigma10,0.875688,0.875688,0.99989,0.99964,18,2.528,1.0,712000,2,2,89000,64.243,1385.4
soc1,2022_09_23_M3_M2,C7b_cams5_sigma10,0.999816,0.999816,0.999885,0.999629,24,2.697,1.0,890000,2,2,89000,70.774,1257.5
soc1,2022_09_23_M3_M2,C7c_cams2_sigma0,0.875966,0.875966,1.0,1.0,2,0.562,1.0,356000,2,2,89000,47.563,1871.2
soc1,2022_09_23_M3_M2,C7c_cams3_sigma0,0.875963,0.875963,0.999996,0.999989,2,0.375,1.0,534000,2,2,89000,61.126,1456.0
soc1,2022_09_23_M3_M2,C7c_cams4_sigma0,0.875963,0.875963,0.999997,0.999989,2,0.281,1.0,712000,2,2,89000,72.185,1232.9
soc1,2022_09_23_M3_M2,C7c_cams5_sigma0,0.87596,0.87596,0.999993,0.999978,2,0.225,1.0,890000,2,2,89000,73.792,1206.1
soc1,2022_09_23_M3_M2,C7d_cams2_drop25,0.750513,0.875852,0.99997,0.999917,12,4.496,0.74962,266914,2,2,89000,43.961,2016.7
soc1,2022_09_23_M3_M2,C7d_cams3_drop25,0.967694,0.999944,0.999952,0.999839,16,3.994,0.937512,400576,2,2,89000,56.133,1585.1
soc1,2022_09_23_M3_M2,C7d_cams4_drop25,0.868821,0.87576,0.999979,0.999887,6,1.122,0.984277,534565,2,2,89000,68.16,1305.7
soc1,2022_09_23_M3_M2,C7d_cams5_drop25,0.997194,0.999057,0.999348,0.998269,87,13.014,0.996277,668532,2,2,89000,73.925,1203.9
soc1,2022_09_23_M3_M2,C7d_cams6_drop25,0.999486,0.999978,0.999978,0.999888,4,0.499,0.999017,800887,2,2,89000,79.82,1115.0
soc1,2022_09_23_M3_M2,C7e_cams2_s3drop25,0.750197,0.874991,0.999067,0.998126,86,32.181,0.750358,267235,2,2,89000,45.129,1964.1
soc1,2022_09_23_M3_M2,C7e_cams3_s3drop25,0.847952,0.876171,0.999952,0.999804,12,2.995,0.937594,400668,2,2,89000,55.597,1600.5
soc1,2022_09_23_M3_M2,C7e_cams4_s3drop25,0.869155,0.876132,0.99997,0.999865,6,1.124,0.9842,533659,2,2,89000,61.298,1451.9
soc1,2022_09_23_M3_M2,C7e_cams5_s3drop25,0.99799,0.999961,0.999968,0.999888,7,1.05,0.996066,666730,2,2,89000,67.551,1317.5
soc1,2022_09_23_M3_M2,C7f_cams2_s3drop10,0.946689,0.999924,0.999937,0.999872,6,1.875,0.898905,320045,2,2,89000,44.879,1982.9
soc1,2022_09_23_M3_M2,C7f_cams3_s3drop10,0.892037,0.896459,0.999954,0.999798,12,2.497,0.990184,480528,2,2,89000,60.436,1472.6
soc1,2022_09_23_M3_M2,C7f_cams4_s3drop10,0.896053,0.896494,0.999953,0.999787,8,1.248,0.999015,640857,2,2,89000,68.936,1291.1
soc1,2022_09_23_M3_M2,C7f_cams5_s3drop10,0.999925,0.99998,0.999984,0.999899,4,0.499,0.99989,801008,2,2,89000,75.261,1182.6
soc1,2022_09_23_M3_M2,C8_drop50_sigma0,0.983964,0.999844,0.999876,0.999511,18,3.368,0.968732,534444,2,2,89000,69.173,1286.3
soc1,2022_09_23_M5_M4,C1_sigma0,0.648182,0.648182,,,2,0.187,1.0,1068000,2,2,89000,90.357,985.0
soc1,2022_09_23_M5_M4,C1_sigma1,0.64818,0.64818,,,2,0.187,1.0,1068000,2,2,89000,92.947,957.5
soc1,2022_09_23_M5_M4,C1_sigma10,0.999712,0.999712,,,4,0.375,1.0,1068000,2,2,89000,89.337,996.2
soc1,2022_09_23_M5_M4,C1_sigma2,0.999717,0.999717,,,4,0.375,1.0,1068000,2,2,89000,89.316,996.5
soc1,2022_09_23_M5_M4,C1_sigma20,0.648199,0.648199,,,2,0.187,1.0,1068000,2,2,89000,90.453,983.9
soc1,2022_09_23_M5_M4,C1_sigma3,0.648185,0.648185,,,2,0.187,1.0,1068000,2,2,89000,87.884,1012.7
soc1,2022_09_23_M5_M4,C1_sigma5,0.999721,0.999721,,,4,0.375,1.0,1068000,2,2,89000,88.59,1004.6
soc1,2022_09_23_M5_M4,C2_drop0.1,0.999714,0.999719,,,4,0.416,0.999991,961149,2,2,89000,80.94,1099.6
soc1,2022_09_23_M5_M4,C2_drop0.25,0.999216,0.999704,,,4,0.499,0.999025,800954,2,2,89000,78.461,1134.3
soc1,2022_09_23_M5_M4,C2_drop0.5,0.516041,0.524355,,,15,2.809,0.968785,533998,2,2,89000,62.155,1431.5
soc1,2022_09_23_M5_M4,C2b_nodedrop0.25,0.999725,0.999725,,,4,0.375,1.0,1068000,2,2,89000,76.103,1169.5
soc1,2022_09_23_M5_M4,C2b_nodedrop0.5,0.999704,0.999704,,,4,0.375,1.0,1068000,2,2,89000,73.697,1207.6
soc1,2022_09_23_M5_M4,C3_occl0.25,0.999705,0.999774,,,4,0.39,0.999862,1025708,2,2,89000,85.555,1040.3
soc1,2022_09_23_M5_M4,C3_occl0.5,0.998483,0.999825,,,10,1.017,0.997319,983352,2,2,89000,79.912,1113.7
soc1,2022_09_23_M5_M4,C4_com_sigma0,0.51595,0.51595,,,12,1.111,1.0,1080000,2,2,90000,23.806,3780.6
soc1,2022_09_23_M5_M4,C4_com_sigma3,0.853472,0.853472,,,6,0.556,1.0,1080000,2,2,90000,23.207,3878.1
soc1,2022_09_23_M5_M4,C4u_comused_sigma0,0.652069,0.652069,0.99995,0.9998,2,0.185,1.0,1080000,2,2,90000,18.905,4760.6
soc1,2022_09_23_M5_M4,C4u_comused_sigma3,0.999561,0.999561,0.999817,0.998944,4,0.37,1.0,1080000,2,2,90000,18.776,4793.4
soc1,2022_09_23_M5_M4,C7_cams2,0.999708,0.999708,1.0,1.0,4,1.124,1.0,356000,2,2,89000,41.02,2169.7
soc1,2022_09_23_M5_M4,C7_cams3,0.999712,0.999712,0.999996,0.999989,4,0.749,1.0,534000,2,2,89000,56.032,1588.4
soc1,2022_09_23_M5_M4,C7_cams4,0.999719,0.999719,0.999994,0.999978,4,0.562,1.0,712000,2,2,89000,64.018,1390.2
soc1,2022_09_23_M5_M4,C7_cams5,0.999715,0.999715,0.999996,0.999989,4,0.449,1.0,890000,2,2,89000,70.807,1256.9
soc1,2022_09_23_M5_M4,C7b_cams2_sigma10,0.999708,0.999708,1.0,1.0,4,1.124,1.0,356000,2,2,89000,41.314,2154.2
soc1,2022_09_23_M5_M4,C7b_cams3_sigma10,0.999708,0.999708,1.0,1.0,4,0.749,1.0,534000,2,2,89000,56.011,1589.0
soc1,2022_09_23_M5_M4,C7b_cams4_sigma10,0.999716,0.999716,0.999992,0.999978,4,0.562,1.0,712000,2,2,89000,63.353,1404.8
soc1,2022_09_23_M5_M4,C7b_cams5_sigma10,0.999712,0.999712,0.999991,0.999966,4,0.449,1.0,890000,2,2,89000,71.627,1242.5
soc1,2022_09_23_M5_M4,C7c_cams2_sigma0,0.999854,0.999854,0.999854,0.999708,2,0.562,1.0,356000,2,2,89000,47.387,1878.2
soc1,2022_09_23_M5_M4,C7c_cams3_sigma0,0.648184,0.648184,0.999996,0.999989,2,0.375,1.0,534000,2,2,89000,65.5,1358.8
soc1,2022_09_23_M5_M4,C7c_cams4_sigma0,0.648188,0.648188,0.999992,0.999978,4,0.562,1.0,712000,2,2,89000,67.621,1316.2
soc1,2022_09_23_M5_M4,C7c_cams5_sigma0,0.648182,0.648182,0.999998,0.999989,2,0.225,1.0,890000,2,2,89000,82.369,1080.5
soc1,2022_09_23_M5_M4,C7d_cams2_drop25,0.857314,0.999731,0.99997,0.999931,8,2.992,0.750615,267394,2,2,89000,41.253,2149.3
soc1,2022_09_23_M5_M4,C7d_cams3_drop25,0.96766,0.999702,0.999992,0.999965,6,1.496,0.937888,401048,2,2,89000,54.896,1620.7
soc1,2022_09_23_M5_M4,C7d_cams4_drop25,0.991797,0.999716,0.99999,0.999944,4,0.75,0.984282,533665,2,2,89000,66.772,1332.9
soc1,2022_09_23_M5_M4,C7d_cams5_drop25,0.99771,0.999722,0.999982,0.99991,6,0.899,0.995984,667586,2,2,89000,72.491,1227.7
soc1,2022_09_23_M5_M4,C7d_cams6_drop25,0.999253,0.999713,0.999965,0.999809,4,0.499,0.99908,801877,2,2,89000,80.365,1107.4
soc1,2022_09_23_M5_M4,C7e_cams2_s3drop25,0.449158,0.524946,0.999915,0.999819,14,5.254,0.747685,266468,2,2,89000,41.541,2134.0
soc1,2022_09_23_M5_M4,C7e_cams3_s3drop25,0.967399,0.999718,0.999984,0.999931,10,2.496,0.937369,400713,2,2,89000,56.182,1583.7
soc1,2022_09_23_M5_M4,C7e_cams4_s3drop25,0.991851,0.999692,0.999979,0.99991,6,1.124,0.984437,533821,2,2,89000,66.884,1330.6
soc1,2022_09_23_M5_M4,C7e_cams5_s3drop25,0.997738,0.999731,0.99998,0.99991,10,1.499,0.996021,667004,2,2,89000,73.394,1212.6
soc1,2022_09_23_M5_M4,C7f_cams2_s3drop10,0.947046,0.999691,0.99999,0.999977,6,1.873,0.899947,320419,2,2,89000,46.907,1897.2
soc1,2022_09_23_M5_M4,C7f_cams3_s3drop10,0.994765,0.999704,0.999981,0.999921,6,1.248,0.990168,480800,2,2,89000,59.634,1492.4
soc1,2022_09_23_M5_M4,C7f_cams4_s3drop10,0.999196,0.9997,0.999995,0.999966,4,0.625,0.998991,640507,2,2,89000,66.262,1343.2
soc1,2022_09_23_M5_M4,C7f_cams5_s3drop10,0.999645,0.999697,0.999989,0.999944,4,0.499,0.999896,801062,2,2,89000,70.639,1259.9
soc1,2022_09_23_M5_M4,C8_drop50_sigma0,0.983608,0.999619,0.999917,0.99959,26,4.874,0.968472,533431,2,2,89000,68.638,1296.4
soc1,2022_09_24_M2_M4,C1_sigma0,1.0,1.0,,,0,0.0,1.0,1068000,2,2,89000,86.218,1032.3
soc1,2022_09_24_M2_M4,C1_sigma1,1.0,1.0,,,0,0.0,1.0,1068000,2,2,89000,85.799,1037.3
soc1,2022_09_24_M2_M4,C1_sigma10,0.999996,0.999996,,,0,0.0,1.0,1068000,2,2,89000,86.93,1023.8
soc1,2022_09_24_M2_M4,C1_sigma2,1.0,1.0,,,0,0.0,1.0,1068000,2,2,89000,86.05,1034.3
soc1,2022_09_24_M2_M4,C1_sigma20,0.999899,0.999899,,,8,0.749,1.0,1068000,2,2,89000,85.199,1044.6
soc1,2022_09_24_M2_M4,C1_sigma3,1.0,1.0,,,0,0.0,1.0,1068000,2,2,89000,90.361,984.9
soc1,2022_09_24_M2_M4,C1_sigma5,1.0,1.0,,,0,0.0,1.0,1068000,2,2,89000,84.795,1049.6
soc1,2022_09_24_M2_M4,C2_drop0.1,0.999989,0.999992,,,0,0.0,0.999994,960601,2,2,89000,81.141,1096.9
soc1,2022_09_24_M2_M4,C2_drop0.25,0.999424,0.999954,,,6,0.749,0.998941,800570,2,2,89000,78.155,1138.8
soc1,2022_09_24_M2_M4,C2_drop0.5,0.98385,0.999717,,,56,10.498,0.968752,533444,2,2,89000,64.636,1376.6
soc1,2022_09_24_M2_M4,C2b_nodedrop0.25,0.561659,0.561659,,,2,0.187,1.0,1068000,2,2,89000,81.819,1087.8
soc1,2022_09_24_M2_M4,C2b_nodedrop0.5,0.561684,0.561684,,,4,0.375,1.0,1068000,2,2,89000,67.056,1327.2
soc1,2022_09_24_M2_M4,C3_occl0.25,0.99992,0.999971,,,4,0.39,0.999899,1024464,2,2,89000,84.938,1047.8
soc1,2022_09_24_M2_M4,C3_occl0.5,0.998485,0.999899,,,32,3.264,0.997177,980452,2,2,89000,82.056,1084.6
soc1,2022_09_24_M2_M4,C4_com_sigma0,0.595,0.595,,,40,3.704,1.0,1080000,2,2,90000,21.969,4096.7
soc1,2022_09_24_M2_M4,C4_com_sigma3,0.856802,0.856802,,,62,5.741,1.0,1080000,2,2,90000,23.717,3794.7
soc1,2022_09_24_M2_M4,C4u_comused_sigma0,0.999946,0.999946,0.999946,0.999678,0,0.0,1.0,1080000,2,2,90000,19.297,4663.9
soc1,2022_09_24_M2_M4,C4u_comused_sigma3,0.999759,0.999759,0.999759,0.998556,0,0.0,1.0,1080000,2,2,90000,18.211,4942.1
soc1,2022_09_24_M2_M4,C7_cams2,1.0,1.0,1.0,1.0,0,0.0,1.0,356000,2,2,89000,41.882,2125.0
soc1,2022_09_24_M2_M4,C7_cams3,1.0,1.0,1.0,1.0,0,0.0,1.0,534000,2,2,89000,54.808,1623.9
soc1,2022_09_24_M2_M4,C7_cams4,1.0,1.0,1.0,1.0,0,0.0,1.0,712000,2,2,89000,63.265,1406.8
soc1,2022_09_24_M2_M4,C7_cams5,1.0,1.0,1.0,1.0,0,0.0,1.0,890000,2,2,89000,74.477,1195.0
soc1,2022_09_24_M2_M4,C7b_cams2_sigma10,0.997404,0.997404,0.99973,0.999461,8,2.247,1.0,356000,2,2,89000,41.622,2138.3
soc1,2022_09_24_M2_M4,C7b_cams3_sigma10,0.944929,0.944929,0.999989,0.999966,2,0.375,1.0,534000,2,2,89000,55.55,1602.2
soc1,2022_09_24_M2_M4,C7b_cams4_sigma10,1.0,1.0,1.0,1.0,0,0.0,1.0,712000,2,2,89000,64.462,1380.7
soc1,2022_09_24_M2_M4,C7b_cams5_sigma10,0.999991,0.999991,0.999991,0.999966,0,0.0,1.0,890000,2,2,89000,72.723,1223.8
soc1,2022_09_24_M2_M4,C7c_cams2_sigma0,1.0,1.0,1.0,1.0,0,0.0,1.0,356000,2,2,89000,46.952,1895.6
soc1,2022_09_24_M2_M4,C7c_cams3_sigma0,1.0,1.0,1.0,1.0,0,0.0,1.0,534000,2,2,89000,60.718,1465.8
soc1,2022_09_24_M2_M4,C7c_cams4_sigma0,1.0,1.0,1.0,1.0,0,0.0,1.0,712000,2,2,89000,73.463,1211.5
soc1,2022_09_24_M2_M4,C7c_cams5_sigma0,1.0,1.0,1.0,1.0,0,0.0,1.0,890000,2,2,89000,81.33,1094.3
soc1,2022_09_24_M2_M4,C7d_cams2_drop25,0.769477,0.897582,0.999086,0.998178,100,37.468,0.750207,266897,2,2,89000,42.352,2093.6
soc1,2022_09_24_M2_M4,C7d_cams3_drop25,0.967133,0.999939,0.999944,0.999769,16,3.998,0.936468,400162,2,2,89000,55.213,1611.6
soc1,2022_09_24_M2_M4,C7d_cams4_drop25,0.992155,0.999945,0.999949,0.999718,12,2.246,0.98454,534285,2,2,89000,66.983,1328.6
soc1,2022_09_24_M2_M4,C7d_cams5_drop25,0.997981,0.999961,0.999961,0.999764,6,0.898,0.996048,667971,2,2,89000,74.456,1195.3
soc1,2022_09_24_M2_M4,C7d_cams6_drop25,0.999446,0.99996,0.99996,0.999753,6,0.75,0.998973,800453,2,2,89000,80.974,1099.1
soc1,2022_09_24_M2_M4,C7e_cams2_s3drop25,0.528705,0.616685,0.997493,0.994701,325,121.797,0.750293,266837,2,2,89000,41.581,2132.3
soc1,2022_09_24_M2_M4,C7e_cams3_s3drop25,0.967501,0.999928,0.999941,0.999793,16,3.997,0.937179,400314,2,2,89000,55.06,1616.1
soc1,2022_09_24_M2_M4,C7e_cams4_s3drop25,0.991922,0.999844,0.999846,0.999313,32,5.996,0.984278,533726,2,2,89000,65.961,1349.3
soc1,2022_09_24_M2_M4,C7e_cams5_s3drop25,0.997982,0.999943,0.999944,0.999697,6,0.899,0.996085,667437,2,2,89000,73.415,1212.3
soc1,2022_09_24_M2_M4,C7f_cams2_s3drop10,0.947149,0.99999,0.99999,0.999965,6,1.873,0.899623,320421,2,2,89000,44.526,1998.7
soc1,2022_09_24_M2_M4,C7f_cams3_s3drop10,0.994903,0.999987,0.999987,0.999933,0,0.0,0.989883,480498,2,2,89000,58.77,1514.4
soc1,2022_09_24_M2_M4,C7f_cams4_s3drop10,0.999521,0.999995,0.999995,0.999966,0,0.0,0.999051,640960,2,2,89000,66.973,1328.9
soc1,2022_09_24_M2_M4,C7f_cams5_s3drop10,0.999942,0.999991,0.999991,0.999921,0,0.0,0.999901,801047,2,2,89000,76.618,1161.6
soc1,2022_09_24_M2_M4,C8_drop50_sigma0,0.548735,0.557541,0.999817,0.999284,36,6.737,0.968899,534332,2,2,89000,66.797,1332.1
soc1,2022_09_24_M3_M6,C1_sigma0,1.0,1.0,,,0,0.0,1.0,1068000,2,2,89000,81.927,1086.3
soc1,2022_09_24_M3_M6,C1_sigma1,1.0,1.0,,,0,0.0,1.0,1068000,2,2,89000,85.778,1037.6
soc1,2022_09_24_M3_M6,C1_sigma10,1.0,1.0,,,0,0.0,1.0,1068000,2,2,89000,84.537,1052.8
soc1,2022_09_24_M3_M6,C1_sigma2,1.0,1.0,,,0,0.0,1.0,1068000,2,2,89000,84.959,1047.6
soc1,2022_09_24_M3_M6,C1_sigma20,1.0,1.0,,,0,0.0,1.0,1068000,2,2,89000,85.99,1035.0
soc1,2022_09_24_M3_M6,C1_sigma3,1.0,1.0,,,0,0.0,1.0,1068000,2,2,89000,82.415,1079.9
soc1,2022_09_24_M3_M6,C1_sigma5,1.0,1.0,,,0,0.0,1.0,1068000,2,2,89000,84.175,1057.3
soc1,2022_09_24_M3_M6,C2_drop0.1,0.999994,0.999998,,,0,0.0,0.999992,961142,2,2,89000,81.332,1094.3
soc1,2022_09_24_M3_M6,C2_drop0.25,0.999494,0.999992,,,0,0.0,0.999003,800770,2,2,89000,76.432,1164.4
soc1,2022_09_24_M3_M6,C2_drop0.5,0.983883,0.999959,,,5,0.939,0.968356,532606,2,2,89000,61.179,1454.3
soc1,2022_09_24_M3_M6,C2b_nodedrop0.25,1.0,1.0,,,0,0.0,1.0,1068000,2,2,89000,81.394,1093.4
soc1,2022_09_24_M3_M6,C2b_nodedrop0.5,1.0,1.0,,,0,0.0,1.0,1068000,2,2,89000,72.618,1225.6
soc1,2022_09_24_M3_M6,C3_occl0.25,0.999957,0.999994,,,2,0.192,0.999926,1044230,2,2,89000,84.315,1055.6
soc1,2022_09_24_M3_M6,C3_occl0.5,0.99925,0.999988,,,2,0.196,0.998524,1019805,2,2,89000,81.78,1088.2
soc1,2022_09_24_M3_M6,C4_com_sigma0,0.999787,0.999787,,,4,0.37,1.0,1080000,2,2,90000,23.075,3900.3
soc1,2022_09_24_M3_M6,C4_com_sigma3,0.627087,0.627087,,,6,0.556,1.0,1080000,2,2,90000,22.416,4015.0
soc1,2022_09_24_M3_M6,C4u_comused_sigma0,0.999987,0.999987,0.999987,0.999922,0,0.0,1.0,1080000,2,2,90000,19.254,4674.4
soc1,2022_09_24_M3_M6,C4u_comused_sigma3,0.999946,0.999946,0.999946,0.999678,0,0.0,1.0,1080000,2,2,90000,18.674,4819.5
soc1,2022_09_24_M3_M6,C7_cams2,1.0,1.0,1.0,1.0,0,0.0,1.0,356000,2,2,89000,42.405,2098.8
soc1,2022_09_24_M3_M6,C7_cams3,1.0,1.0,1.0,1.0,0,0.0,1.0,534000,2,2,89000,52.492,1695.5
soc1,2022_09_24_M3_M6,C7_cams4,1.0,1.0,1.0,1.0,0,0.0,1.0,712000,2,2,89000,62.539,1423.1
soc1,2022_09_24_M3_M6,C7_cams5,1.0,1.0,1.0,1.0,0,0.0,1.0,890000,2,2,89000,72.025,1235.7
soc1,2022_09_24_M3_M6,C7b_cams2_sigma10,1.0,1.0,1.0,1.0,0,0.0,1.0,356000,2,2,89000,41.617,2138.5
soc1,2022_09_24_M3_M6,C7b_cams3_sigma10,1.0,1.0,1.0,1.0,0,0.0,1.0,534000,2,2,89000,57.58,1545.7
soc1,2022_09_24_M3_M6,C7b_cams4_sigma10,1.0,1.0,1.0,1.0,0,0.0,1.0,712000,2,2,89000,63.588,1399.6
soc1,2022_09_24_M3_M6,C7b_cams5_sigma10,1.0,1.0,1.0,1.0,0,0.0,1.0,890000,2,2,89000,70.989,1253.7
soc1,2022_09_24_M3_M6,C7c_cams2_sigma0,1.0,1.0,1.0,1.0,0,0.0,1.0,356000,2,2,89000,48.666,1828.8
soc1,2022_09_24_M3_M6,C7c_cams3_sigma0,1.0,1.0,1.0,1.0,0,0.0,1.0,534000,2,2,89000,65.272,1363.5
soc1,2022_09_24_M3_M6,C7c_cams4_sigma0,1.0,1.0,1.0,1.0,0,0.0,1.0,712000,2,2,89000,66.927,1329.8
soc1,2022_09_24_M3_M6,C7c_cams5_sigma0,1.0,1.0,1.0,1.0,0,0.0,1.0,890000,2,2,89000,83.099,1071.0
soc1,2022_09_24_M3_M6,C7d_cams2_drop25,0.85621,0.999885,0.999895,0.999791,6,2.251,0.748723,266531,2,2,89000,42.236,2098.3
soc1,2022_09_24_M3_M6,C7d_cams3_drop25,0.967944,0.999997,0.999997,0.999988,0,0.0,0.937884,401104,2,2,89000,55.177,1612.7
soc1,2022_09_24_M3_M6,C7d_cams4_drop25,0.992186,0.999994,0.999994,0.999977,2,0.374,0.984505,534430,2,2,89000,67.282,1322.7
soc1,2022_09_24_M3_M6,C7d_cams5_drop25,0.997997,0.999994,0.999994,0.999966,2,0.3,0.996013,666976,2,2,89000,69.123,1287.6
soc1,2022_09_24_M3_M6,C7d_cams6_drop25,0.999493,0.999995,0.999995,0.999966,0,0.0,0.998996,800916,2,2,89000,81.557,1091.3
soc1,2022_09_24_M3_M6,C7e_cams2_s3drop25,0.855394,0.998356,0.998356,0.996716,207,77.543,0.749479,266948,2,2,89000,40.929,2165.8
soc1,2022_09_24_M3_M6,C7e_cams3_s3drop25,0.967108,0.999995,0.999995,0.999977,0,0.0,0.93632,400064,2,2,89000,57.169,1556.5
soc1,2022_09_24_M3_M6,C7e_cams4_s3drop25,0.99218,0.999994,0.999994,0.999966,0,0.0,0.984492,533971,2,2,89000,67.531,1317.9
soc1,2022_09_24_M3_M6,C7e_cams5_s3drop25,0.998032,0.999997,0.999997,0.999989,0,0.0,0.996079,667609,2,2,89000,68.138,1306.2
soc1,2022_09_24_M3_M6,C7f_cams2_s3drop10,0.94729,1.0,1.0,1.0,0,0.0,0.899858,320526,2,2,89000,45.701,1947.3
soc1,2022_09_24_M3_M6,C7f_cams3_s3drop10,0.994901,1.0,1.0,1.0,0,0.0,0.989853,480548,2,2,89000,60.683,1466.6
soc1,2022_09_24_M3_M6,C7f_cams4_s3drop10,0.999526,0.999998,0.999998,0.999989,0,0.0,0.999056,640596,2,2,89000,68.555,1298.2
soc1,2022_09_24_M3_M6,C7f_cams5_s3drop10,0.999941,0.999998,0.999998,0.999989,0,0.0,0.999886,800892,2,2,89000,73.836,1205.4
soc1,2022_09_24_M3_M6,C8_drop50_sigma0,0.983962,0.999965,0.999973,0.999875,6,1.124,0.968497,534005,2,2,89000,69.488,1280.5
soc1,2022_09_24_M5_M1,C1_sigma0,1.0,1.0,,,0,0.0,1.0,1068000,2,2,89000,84.084,1058.5
soc1,2022_09_24_M5_M1,C1_sigma1,1.0,1.0,,,0,0.0,1.0,1068000,2,2,89000,84.315,1055.6
soc1,2022_09_24_M5_M1,C1_sigma10,1.0,1.0,,,0,0.0,1.0,1068000,2,2,89000,85.733,1038.1
soc1,2022_09_24_M5_M1,C1_sigma2,1.0,1.0,,,0,0.0,1.0,1068000,2,2,89000,83.228,1069.4
soc1,2022_09_24_M5_M1,C1_sigma20,1.0,1.0,,,0,0.0,1.0,1068000,2,2,89000,86.585,1027.9
soc1,2022_09_24_M5_M1,C1_sigma3,1.0,1.0,,,0,0.0,1.0,1068000,2,2,89000,81.598,1090.7
soc1,2022_09_24_M5_M1,C1_sigma5,1.0,1.0,,,0,0.0,1.0,1068000,2,2,89000,87.169,1021.0
soc1,2022_09_24_M5_M1,C2_drop0.1,0.999992,0.999999,,,0,0.0,0.999985,961043,2,2,89000,83.71,1063.2
soc1,2022_09_24_M5_M1,C2_drop0.25,0.999551,0.999985,,,1,0.125,0.999133,801551,2,2,89000,76.536,1162.9
soc1,2022_09_24_M5_M1,C2_drop0.5,0.984337,0.99995,,,9,1.682,0.969252,535060,2,2,89000,64.461,1380.1
soc1,2022_09_24_M5_M1,C2b_nodedrop0.25,1.0,1.0,,,0,0.0,1.0,1068000,2,2,89000,81.221,1095.8
soc1,2022_09_24_M5_M1,C2b_nodedrop0.5,0.999998,0.999998,,,0,0.0,1.0,1068000,2,2,89000,72.741,1223.5
soc1,2022_09_24_M5_M1,C3_occl0.25,0.999885,0.999993,,,0,0.0,0.999783,997454,2,2,89000,83.345,1067.9
soc1,2022_09_24_M5_M1,C3_occl0.5,0.997659,0.999987,,,6,0.647,0.995355,927801,2,2,89000,73.348,1213.3
soc1,2022_09_24_M5_M1,C4_com_sigma0,0.821817,0.821817,,,6,0.556,1.0,1080000,2,2,90000,22.754,3955.3
soc1,2022_09_24_M5_M1,C4_com_sigma3,0.821613,0.821613,,,8,0.741,1.0,1080000,2,2,90000,23.165,3885.2
soc1,2022_09_24_M5_M1,C4u_comused_sigma0,0.999974,0.999974,0.999974,0.999844,0,0.0,1.0,1080000,2,2,90000,19.307,4661.5
soc1,2022_09_24_M5_M1,C4u_comused_sigma3,0.999889,0.999889,0.999889,0.999333,0,0.0,1.0,1080000,2,2,90000,18.023,4993.6
soc1,2022_09_24_M5_M1,C7_cams2,1.0,1.0,1.0,1.0,0,0.0,1.0,356000,2,2,89000,41.713,2133.6
soc1,2022_09_24_M5_M1,C7_cams3,1.0,1.0,1.0,1.0,0,0.0,1.0,534000,2,2,89000,52.09,1708.6
soc1,2022_09_24_M5_M1,C7_cams4,1.0,1.0,1.0,1.0,0,0.0,1.0,712000,2,2,89000,62.787,1417.5
soc1,2022_09_24_M5_M1,C7_cams5,1.0,1.0,1.0,1.0,0,0.0,1.0,890000,2,2,89000,69.416,1282.1
soc1,2022_09_24_M5_M1,C7b_cams2_sigma10,1.0,1.0,1.0,1.0,0,0.0,1.0,356000,2,2,89000,41.49,2145.1
soc1,2022_09_24_M5_M1,C7b_cams3_sigma10,1.0,1.0,1.0,1.0,0,0.0,1.0,534000,2,2,89000,56.814,1566.5
soc1,2022_09_24_M5_M1,C7b_cams4_sigma10,1.0,1.0,1.0,1.0,0,0.0,1.0,712000,2,2,89000,62.975,1413.3
soc1,2022_09_24_M5_M1,C7b_cams5_sigma10,1.0,1.0,1.0,1.0,0,0.0,1.0,890000,2,2,89000,72.747,1223.4
soc1,2022_09_24_M5_M1,C7c_cams2_sigma0,1.0,1.0,1.0,1.0,0,0.0,1.0,356000,2,2,89000,48.46,1836.6
soc1,2022_09_24_M5_M1,C7c_cams3_sigma0,1.0,1.0,1.0,1.0,0,0.0,1.0,534000,2,2,89000,64.165,1387.0
soc1,2022_09_24_M5_M1,C7c_cams4_sigma0,1.0,1.0,1.0,1.0,0,0.0,1.0,712000,2,2,89000,68.521,1298.9
soc1,2022_09_24_M5_M1,C7c_cams5_sigma0,1.0,1.0,1.0,1.0,0,0.0,1.0,890000,2,2,89000,83.641,1064.1
soc1,2022_09_24_M5_M1,C7d_cams2_drop25,0.856454,0.99999,0.99999,0.999972,3,1.123,0.748959,267040,2,2,89000,42.95,2064.8
soc1,2022_09_24_M5_M1,C7d_cams3_drop25,0.967669,0.999989,0.999989,0.999954,0,0.0,0.937383,400256,2,2,89000,57.086,1558.6
soc1,2022_09_24_M5_M1,C7d_cams4_drop25,0.992262,0.999994,0.999994,0.999977,2,0.374,0.984654,534291,2,2,89000,62.343,1427.6
soc1,2022_09_24_M5_M1,C7d_cams5_drop25,0.998034,0.999992,0.999992,0.999955,1,0.15,0.996091,667128,2,2,89000,67.688,1314.9
soc1,2022_09_24_M5_M1,C7d_cams6_drop25,0.999501,0.999996,0.999996,0.999978,0,0.0,0.99901,800843,2,2,89000,81.93,1086.3
soc1,2022_09_24_M5_M1,C7e_cams2_s3drop25,0.857368,1.0,1.0,1.0,0,0.0,0.750345,267277,2,2,89000,42.191,2101.6
soc1,2022_09_24_M5_M1,C7e_cams3_s3drop25,0.967262,0.999992,0.999992,0.999977,2,0.5,0.936615,400046,2,2,89000,55.863,1592.7
soc1,2022_09_24_M5_M1,C7e_cams4_s3drop25,0.992013,0.999994,0.999994,0.999966,1,0.187,0.984163,534003,2,2,89000,62.963,1413.5
soc1,2022_09_24_M5_M1,C7e_cams5_s3drop25,0.998053,0.999991,0.999991,0.999944,2,0.3,0.996131,667079,2,2,89000,70.578,1261.0
soc1,2022_09_24_M5_M1,C7f_cams2_s3drop10,0.947288,0.999997,0.999997,0.999988,2,0.624,0.899861,320505,2,2,89000,43.658,2038.3
soc1,2022_09_24_M5_M1,C7f_cams3_s3drop10,0.994924,0.999994,0.999994,0.999978,0,0.0,0.989911,481221,2,2,89000,56.957,1562.6
soc1,2022_09_24_M5_M1,C7f_cams4_s3drop10,0.999514,0.999997,0.999997,0.999978,0,0.0,0.999035,641615,2,2,89000,62.488,1424.3
soc1,2022_09_24_M5_M1,C7f_cams5_s3drop10,0.99994,0.999996,0.999996,0.999978,0,0.0,0.999888,801232,2,2,89000,75.607,1177.1
soc1,2022_09_24_M5_M1,C8_drop50_sigma0,0.983999,0.999944,0.999963,0.999852,9,1.687,0.968609,533362,2,2,89000,66.078,1346.4
soc1,2022_09_25_M1_M4,C1_sigma0,1.0,1.0,,,0,0.0,1.0,1068000,2,2,89000,83.143,1070.4
soc1,2022_09_25_M1_M4,C1_sigma1,1.0,1.0,,,0,0.0,1.0,1068000,2,2,89000,81.801,1088.0
soc1,2022_09_25_M1_M4,C1_sigma10,1.0,1.0,,,0,0.0,1.0,1068000,2,2,89000,82.119,1083.8
soc1,2022_09_25_M1_M4,C1_sigma2,1.0,1.0,,,0,0.0,1.0,1068000,2,2,89000,81.184,1096.3
soc1,2022_09_25_M1_M4,C1_sigma20,1.0,1.0,,,0,0.0,1.0,1068000,2,2,89000,84.279,1056.0
soc1,2022_09_25_M1_M4,C1_sigma3,1.0,1.0,,,0,0.0,1.0,1068000,2,2,89000,81.383,1093.6
soc1,2022_09_25_M1_M4,C1_sigma5,1.0,1.0,,,0,0.0,1.0,1068000,2,2,89000,85.701,1038.5
soc1,2022_09_25_M1_M4,C2_drop0.1,0.999995,0.999999,,,0,0.0,0.999993,961128,2,2,89000,79.144,1124.5
soc1,2022_09_25_M1_M4,C2_drop0.25,0.861751,0.862146,,,5,0.624,0.999085,801049,2,2,89000,76.752,1159.6
soc1,2022_09_25_M1_M4,C2_drop0.5,0.848004,0.861897,,,12,2.251,0.968272,533058,2,2,89000,63.612,1398.8
soc1,2022_09_25_M1_M4,C2b_nodedrop0.25,0.999998,0.999998,,,0,0.0,1.0,1068000,2,2,89000,81.548,1091.4
soc1,2022_09_25_M1_M4,C2b_nodedrop0.5,0.999994,0.999994,,,0,0.0,1.0,1068000,2,2,89000,70.577,1261.0
soc1,2022_09_25_M1_M4,C3_occl0.25,0.999927,0.999998,,,0,0.0,0.999857,1016432,2,2,89000,83.235,1069.3
soc1,2022_09_25_M1_M4,C3_occl0.5,0.998312,0.999982,,,10,1.036,0.996664,965054,2,2,89000,81.155,1096.6
soc1,2022_09_25_M1_M4,C4_com_sigma0,0.559526,0.559526,,,4,0.37,1.0,1080000,2,2,90000,23.03,3907.9
soc1,2022_09_25_M1_M4,C4_com_sigma3,0.5595,0.5595,,,4,0.37,1.0,1080000,2,2,90000,22.268,4041.7
soc1,2022_09_25_M1_M4,C4u_comused_sigma0,0.99998,0.99998,0.99998,0.999878,0,0.0,1.0,1080000,2,2,90000,18.609,4836.4
soc1,2022_09_25_M1_M4,C4u_comused_sigma3,0.999763,0.999763,0.999763,0.998578,0,0.0,1.0,1080000,2,2,90000,18.725,4806.4
soc1,2022_09_25_M1_M4,C7_cams2,1.0,1.0,1.0,1.0,0,0.0,1.0,356000,2,2,89000,42.516,2093.3
soc1,2022_09_25_M1_M4,C7_cams3,1.0,1.0,1.0,1.0,0,0.0,1.0,534000,2,2,89000,57.141,1557.6
soc1,2022_09_25_M1_M4,C7_cams4,1.0,1.0,1.0,1.0,0,0.0,1.0,712000,2,2,89000,64.073,1389.0
soc1,2022_09_25_M1_M4,C7_cams5,1.0,1.0,1.0,1.0,0,0.0,1.0,890000,2,2,89000,72.238,1232.0
soc1,2022_09_25_M1_M4,C7b_cams2_sigma10,1.0,1.0,1.0,1.0,0,0.0,1.0,356000,2,2,89000,41.779,2130.3
soc1,2022_09_25_M1_M4,C7b_cams3_sigma10,1.0,1.0,1.0,1.0,0,0.0,1.0,534000,2,2,89000,51.945,1713.4
soc1,2022_09_25_M1_M4,C7b_cams4_sigma10,1.0,1.0,1.0,1.0,0,0.0,1.0,712000,2,2,89000,63.708,1397.0
soc1,2022_09_25_M1_M4,C7b_cams5_sigma10,1.0,1.0,1.0,1.0,0,0.0,1.0,890000,2,2,89000,72.576,1226.3
soc1,2022_09_25_M1_M4,C7c_cams2_sigma0,1.0,1.0,1.0,1.0,0,0.0,1.0,356000,2,2,89000,49.695,1790.9
soc1,2022_09_25_M1_M4,C7c_cams3_sigma0,1.0,1.0,1.0,1.0,0,0.0,1.0,534000,2,2,89000,63.57,1400.0
soc1,2022_09_25_M1_M4,C7c_cams4_sigma0,1.0,1.0,1.0,1.0,0,0.0,1.0,712000,2,2,89000,72.332,1230.4
soc1,2022_09_25_M1_M4,C7c_cams5_sigma0,1.0,1.0,1.0,1.0,0,0.0,1.0,890000,2,2,89000,75.689,1175.9
soc1,2022_09_25_M1_M4,C7d_cams2_drop25,0.856324,0.998833,0.998833,0.997526,179,66.992,0.750278,267197,2,2,89000,42.573,2082.2
soc1,2022_09_25_M1_M4,C7d_cams3_drop25,0.968101,0.999995,0.999995,0.999977,2,0.499,0.938184,400590,2,2,89000,58.442,1522.5
soc1,2022_09_25_M1_M4,C7d_cams4_drop25,0.855316,0.8621,0.99999,0.999955,2,0.375,0.984386,533994,2,2,89000,66.671,1334.9
soc1,2022_09_25_M1_M4,C7d_cams5_drop25,0.998075,0.999994,0.999994,0.999955,0,0.0,0.996169,667400,2,2,89000,76.199,1168.0
soc1,2022_09_25_M1_M4,C7d_cams6_drop25,0.999509,0.999995,0.999995,0.999966,0,0.0,0.999029,801075,2,2,89000,82.545,1078.2
soc1,2022_09_25_M1_M4,C7e_cams2_s3drop25,0.856369,0.99999,0.99999,0.999972,4,1.501,0.748829,266571,2,2,89000,42.17,2101.3
soc1,2022_09_25_M1_M4,C7e_cams3_s3drop25,0.83272,0.860475,0.998445,0.995694,235,58.658,0.937505,400626,2,2,89000,57.283,1553.3
soc1,2022_09_25_M1_M4,C7e_cams4_s3drop25,0.992157,0.999994,0.999994,0.999966,2,0.375,0.984448,533875,2,2,89000,68.017,1308.5
soc1,2022_09_25_M1_M4,C7e_cams5_s3drop25,0.997919,0.999997,0.999997,0.999989,0,0.0,0.995852,667340,2,2,89000,69.367,1283.0
soc1,2022_09_25_M1_M4,C7f_cams2_s3drop10,0.947738,1.0,1.0,1.0,0,0.0,0.900666,320516,2,2,89000,43.078,2065.7
soc1,2022_09_25_M1_M4,C7f_cams3_s3drop10,0.9949,1.0,1.0,1.0,0,0.0,0.989851,480244,2,2,89000,60.166,1479.2
soc1,2022_09_25_M1_M4,C7f_cams4_s3drop10,0.999507,1.0,1.0,1.0,0,0.0,0.999014,640776,2,2,89000,66.936,1329.6
soc1,2022_09_25_M1_M4,C7f_cams5_s3drop10,0.999939,0.999998,0.999998,0.999978,0,0.0,0.999884,801484,2,2,89000,76.085,1169.7
soc1,2022_09_25_M1_M4,C8_drop50_sigma0,0.849401,0.86309,0.99994,0.999773,9,1.686,0.968775,533827,2,2,89000,64.211,1385.9
soc1,2022_09_25_M5_M3,C1_sigma0,1.0,1.0,,,0,0.0,1.0,1068000,2,2,89000,84.167,1057.4
soc1,2022_09_25_M5_M3,C1_sigma1,0.999998,0.999998,,,0,0.0,1.0,1068000,2,2,89000,85.622,1039.5
soc1,2022_09_25_M5_M3,C1_sigma10,0.748442,0.748442,,,24,2.247,1.0,1068000,2,2,89000,82.8,1074.9
soc1,2022_09_25_M5_M3,C1_sigma2,0.999998,0.999998,,,0,0.0,1.0,1068000,2,2,89000,81.817,1087.8
soc1,2022_09_25_M5_M3,C1_sigma20,0.719624,0.719624,,,150,14.045,1.0,1068000,2,2,89000,86.112,1033.5
soc1,2022_09_25_M5_M3,C1_sigma3,0.999996,0.999996,,,0,0.0,1.0,1068000,2,2,89000,74.925,1187.9
soc1,2022_09_25_M5_M3,C1_sigma5,0.999976,0.999976,,,0,0.0,1.0,1068000,2,2,89000,86.061,1034.2
soc1,2022_09_25_M5_M3,C2_drop0.1,0.999964,0.999971,,,0,0.0,0.999985,961097,2,2,89000,81.011,1098.6
soc1,2022_09_25_M5_M3,C2_drop0.25,0.730822,0.731176,,,24,2.995,0.999032,801270,2,2,89000,72.711,1224.0
soc1,2022_09_25_M5_M3,C2_drop0.5,0.934522,0.949609,,,118,22.072,0.968721,534616,2,2,89000,59.957,1484.1
soc1,2022_09_25_M5_M3,C2b_nodedrop0.25,0.982429,0.982429,,,8,0.749,1.0,1068000,2,2,89000,75.918,1172.3
soc1,2022_09_25_M5_M3,C2b_nodedrop0.5,0.599966,0.599966,,,104,9.738,1.0,1068000,2,2,89000,68.829,1293.1
soc1,2022_09_25_M5_M3,C3_occl0.25,0.999817,0.999894,,,20,1.962,0.999845,1019307,2,2,89000,82.764,1075.3
soc1,2022_09_25_M5_M3,C3_occl0.5,0.880063,0.881478,,,94,9.68,0.996794,971043,2,2,89000,78.867,1128.5
soc1,2022_09_25_M5_M3,C4_com_sigma0,0.768296,0.768296,,,46,4.259,1.0,1080000,2,2,90000,22.484,4002.8
soc1,2022_09_25_M5_M3,C4_com_sigma3,0.803211,0.803211,,,54,5.0,1.0,1080000,2,2,90000,23.841,3775.0
soc1,2022_09_25_M5_M3,C4u_comused_sigma0,0.999978,0.999978,0.999978,0.999867,0,0.0,1.0,1080000,2,2,90000,18.515,4860.9
soc1,2022_09_25_M5_M3,C4u_comused_sigma3,0.999839,0.999839,0.999839,0.999033,0,0.0,1.0,1080000,2,2,90000,18.574,4845.5
soc1,2022_09_25_M5_M3,C7_cams2,0.999994,0.999994,0.999994,0.999989,2,0.562,1.0,356000,2,2,89000,41.041,2168.6
soc1,2022_09_25_M5_M3,C7_cams3,1.0,1.0,1.0,1.0,0,0.0,1.0,534000,2,2,89000,53.363,1667.8
soc1,2022_09_25_M5_M3,C7_cams4,1.0,1.0,1.0,1.0,0,0.0,1.0,712000,2,2,89000,64.153,1387.3
soc1,2022_09_25_M5_M3,C7_cams5,0.999998,0.999998,0.999998,0.999989,0,0.0,1.0,890000,2,2,89000,72.159,1233.4
soc1,2022_09_25_M5_M3,C7b_cams2_sigma10,0.530753,0.530753,0.998865,0.99773,76,21.348,1.0,356000,2,2,89000,41.553,2141.8
soc1,2022_09_25_M5_M3,C7b_cams3_sigma10,0.825682,0.825682,0.98767,0.963011,68,12.734,1.0,534000,2,2,89000,52.819,1685.0
soc1,2022_09_25_M5_M3,C7b_cams4_sigma10,0.748379,0.748379,0.99943,0.998438,50,7.022,1.0,712000,2,2,89000,63.41,1403.6
soc1,2022_09_25_M5_M3,C7b_cams5_sigma10,0.999254,0.999254,0.999674,0.998787,44,4.944,1.0,890000,2,2,89000,71.787,1239.8
soc1,2022_09_25_M5_M3,C7c_cams2_sigma0,1.0,1.0,1.0,1.0,0,0.0,1.0,356000,2,2,89000,47.461,1875.2
soc1,2022_09_25_M5_M3,C7c_cams3_sigma0,1.0,1.0,1.0,1.0,0,0.0,1.0,534000,2,2,89000,67.772,1313.2
soc1,2022_09_25_M5_M3,C7c_cams4_sigma0,1.0,1.0,1.0,1.0,0,0.0,1.0,712000,2,2,89000,69.533,1280.0
soc1,2022_09_25_M5_M3,C7c_cams5_sigma0,1.0,1.0,1.0,1.0,0,0.0,1.0,890000,2,2,89000,83.195,1069.8
soc1,2022_09_25_M5_M3,C7d_cams2_drop25,0.478454,0.557782,0.998419,0.996747,174,65.179,0.750975,266957,2,2,89000,40.977,2162.7
soc1,2022_09_25_M5_M3,C7d_cams3_drop25,0.68772,0.710307,0.99975,0.999114,68,16.968,0.938362,400759,2,2,89000,57.304,1552.7
soc1,2022_09_25_M5_M3,C7d_cams4_drop25,0.959396,0.967021,0.999867,0.999369,32,5.995,0.984353,533774,2,2,89000,71.438,1245.8
soc1,2022_09_25_M5_M3,C7d_cams5_drop25,0.523778,0.524836,0.999825,0.999168,38,5.694,0.995977,667378,2,2,89000,68.855,1292.6
soc1,2022_09_25_M5_M3,C7d_cams6_drop25,0.763858,0.764218,0.999859,0.999236,20,2.496,0.999057,801285,2,2,89000,75.053,1185.8
soc1,2022_09_25_M5_M3,C7e_cams2_s3drop25,0.483863,0.565554,0.998719,0.997271,170,63.83,0.747574,266331,2,2,89000,44.971,1971.3
soc1,2022_09_25_M5_M3,C7e_cams3_s3drop25,0.534082,0.55189,0.999712,0.999102,62,15.488,0.937483,400309,2,2,89000,56.409,1577.3
soc1,2022_09_25_M5_M3,C7e_cams4_s3drop25,0.725341,0.731144,0.999812,0.999099,45,8.433,0.984253,533609,2,2,89000,62.207,1430.7
soc1,2022_09_25_M5_M3,C7e_cams5_s3drop25,0.762307,0.763801,0.999851,0.999225,28,4.198,0.996094,666973,2,2,89000,73.464,1211.5
soc1,2022_09_25_M5_M3,C7f_cams2_s3drop10,0.715016,0.754305,0.999495,0.998998,48,14.967,0.900984,320707,2,2,89000,47.152,1887.4
soc1,2022_09_25_M5_M3,C7f_cams3_s3drop10,0.904446,0.90903,0.999876,0.999573,16,3.328,0.989964,480753,2,2,89000,60.766,1464.6
soc1,2022_09_25_M5_M3,C7f_cams4_s3drop10,0.514939,0.5152,0.999931,0.99964,6,0.937,0.99899,640601,2,2,89000,61.933,1437.0
soc1,2022_09_25_M5_M3,C7f_cams5_s3drop10,0.999926,0.999974,0.999974,0.999809,4,0.499,0.999905,801157,2,2,89000,75.044,1186.0
soc1,2022_09_25_M5_M3,C8_drop50_sigma0,0.59072,0.600174,0.999439,0.997874,101,18.874,0.968982,535114,2,2,89000,68.137,1305.9
soc1,2022_09_25_M6_M2,C1_sigma0,1.0,1.0,,,0,0.0,1.0,1068000,2,2,89000,82.426,1079.8
soc1,2022_09_25_M6_M2,C1_sigma1,1.0,1.0,,,0,0.0,1.0,1068000,2,2,89000,81.037,1098.3
soc1,2022_09_25_M6_M2,C1_sigma10,1.0,1.0,,,0,0.0,1.0,1068000,2,2,89000,85.288,1043.5
soc1,2022_09_25_M6_M2,C1_sigma2,1.0,1.0,,,0,0.0,1.0,1068000,2,2,89000,83.689,1063.5
soc1,2022_09_25_M6_M2,C1_sigma20,1.0,1.0,,,0,0.0,1.0,1068000,2,2,89000,83.552,1065.2
soc1,2022_09_25_M6_M2,C1_sigma3,1.0,1.0,,,0,0.0,1.0,1068000,2,2,89000,82.321,1081.1
soc1,2022_09_25_M6_M2,C1_sigma5,1.0,1.0,,,0,0.0,1.0,1068000,2,2,89000,82.084,1084.3
soc1,2022_09_25_M6_M2,C2_drop0.1,0.999992,0.999996,,,0,0.0,0.999992,961300,2,2,89000,80.518,1105.3
soc1,2022_09_25_M6_M2,C2_drop0.25,0.94319,0.94367,,,6,0.749,0.998982,801476,2,2,89000,74.299,1197.9
soc1,2022_09_25_M6_M2,C2_drop0.5,0.984028,0.999847,,,24,4.49,0.968849,534551,2,2,89000,61.987,1435.3
soc1,2022_09_25_M6_M2,C2b_nodedrop0.25,1.0,1.0,,,0,0.0,1.0,1068000,2,2,89000,75.074,1185.5
soc1,2022_09_25_M6_M2,C2b_nodedrop0.5,0.999996,0.999996,,,0,0.0,1.0,1068000,2,2,89000,75.017,1186.4
soc1,2022_09_25_M6_M2,C3_occl0.25,0.999968,0.99999,,,2,0.191,0.999954,1046947,2,2,89000,83.847,1061.5
soc1,2022_09_25_M6_M2,C3_occl0.5,0.999329,0.999965,,,18,1.754,0.998729,1026214,2,2,89000,81.973,1085.7
soc1,2022_09_25_M6_M2,C4_com_sigma0,0.863978,0.863978,,,6,0.556,1.0,1080000,2,2,90000,24.006,3749.1
soc1,2022_09_25_M6_M2,C4_com_sigma3,0.833372,0.833372,,,6,0.556,1.0,1080000,2,2,90000,23.427,3841.7
soc1,2022_09_25_M6_M2,C4u_comused_sigma0,0.999987,0.999987,0.999987,0.999922,0,0.0,1.0,1080000,2,2,90000,18.51,4862.2
soc1,2022_09_25_M6_M2,C4u_comused_sigma3,0.999924,0.999924,0.999924,0.999544,0,0.0,1.0,1080000,2,2,90000,20.229,4449.1
soc1,2022_09_25_M6_M2,C7_cams2,1.0,1.0,1.0,1.0,0,0.0,1.0,356000,2,2,89000,40.849,2178.8
soc1,2022_09_25_M6_M2,C7_cams3,1.0,1.0,1.0,1.0,0,0.0,1.0,534000,2,2,89000,52.688,1689.2
soc1,2022_09_25_M6_M2,C7_cams4,1.0,1.0,1.0,1.0,0,0.0,1.0,712000,2,2,89000,58.94,1510.0
soc1,2022_09_25_M6_M2,C7_cams5,1.0,1.0,1.0,1.0,0,0.0,1.0,890000,2,2,89000,64.954,1370.2
soc1,2022_09_25_M6_M2,C7b_cams2_sigma10,1.0,1.0,1.0,1.0,0,0.0,1.0,356000,2,2,89000,41.548,2142.1
soc1,2022_09_25_M6_M2,C7b_cams3_sigma10,1.0,1.0,1.0,1.0,0,0.0,1.0,534000,2,2,89000,56.518,1574.7
soc1,2022_09_25_M6_M2,C7b_cams4_sigma10,1.0,1.0,1.0,1.0,0,0.0,1.0,712000,2,2,89000,60.715,1465.9
soc1,2022_09_25_M6_M2,C7b_cams5_sigma10,1.0,1.0,1.0,1.0,0,0.0,1.0,890000,2,2,89000,73.182,1216.1
soc1,2022_09_25_M6_M2,C7c_cams2_sigma0,1.0,1.0,1.0,1.0,0,0.0,1.0,356000,2,2,89000,47.936,1856.6
soc1,2022_09_25_M6_M2,C7c_cams3_sigma0,1.0,1.0,1.0,1.0,0,0.0,1.0,534000,2,2,89000,67.255,1323.3
soc1,2022_09_25_M6_M2,C7c_cams4_sigma0,1.0,1.0,1.0,1.0,0,0.0,1.0,712000,2,2,89000,67.815,1312.4
soc1,2022_09_25_M6_M2,C7c_cams5_sigma0,1.0,1.0,1.0,1.0,0,0.0,1.0,890000,2,2,89000,77.921,1142.2
soc1,2022_09_25_M6_M2,C7d_cams2_drop25,0.479681,0.559431,0.998204,0.996435,225,84.251,0.750463,267059,2,2,89000,42.764,2073.3
soc1,2022_09_25_M6_M2,C7d_cams3_drop25,0.91399,0.944629,0.999424,0.99848,104,26.003,0.937167,399949,2,2,89000,59.619,1492.5
soc1,2022_09_25_M6_M2,C7d_cams4_drop25,0.98901,0.997011,0.997662,0.994626,376,70.447,0.984078,533738,2,2,89000,69.494,1280.7
soc1,2022_09_25_M6_M2,C7d_cams5_drop25,0.99795,0.999965,0.99997,0.99982,6,0.899,0.995977,667150,2,2,89000,75.866,1173.1
soc1,2022_09_25_M6_M2,C7d_cams6_drop25,0.999486,0.999971,0.999971,0.999787,4,0.5,0.99903,800710,2,2,89000,81.474,1092.4
soc1,2022_09_25_M6_M2,C7e_cams2_s3drop25,0.85806,0.999607,0.999736,0.999514,40,14.972,0.751924,267168,2,2,89000,44.604,1987.3
soc1,2022_09_25_M6_M2,C7e_cams3_s3drop25,0.967877,0.999963,0.999965,0.999873,8,1.998,0.937822,400444,2,2,89000,56.888,1564.2
soc1,2022_09_25_M6_M2,C7e_cams4_s3drop25,0.605292,0.610077,0.999766,0.999302,52,9.731,0.984435,534357,2,2,89000,65.493,1358.9
soc1,2022_09_25_M6_M2,C7e_cams5_s3drop25,0.608327,0.609545,0.999685,0.999067,44,6.595,0.996012,667193,2,2,89000,71.752,1240.4
soc1,2022_09_25_M6_M2,C7f_cams2_s3drop10,0.578165,0.610176,0.99999,0.999965,6,1.873,0.900309,320419,2,2,89000,43.324,2054.0
soc1,2022_09_25_M6_M2,C7f_cams3_s3drop10,0.994968,0.999994,0.999994,0.999966,0,0.0,0.99,480789,2,2,89000,57.505,1547.7
soc1,2022_09_25_M6_M2,C7f_cams4_s3drop10,0.999516,0.999995,0.999995,0.999966,0,0.0,0.999042,641022,2,2,89000,63.03,1412.0
soc1,2022_09_25_M6_M2,C7f_cams5_s3drop10,0.999944,0.999996,0.999996,0.999966,0,0.0,0.999895,800633,2,2,89000,74.73,1191.0
soc1,2022_09_25_M6_M2,C8_drop50_sigma0,0.928935,0.94363,0.999865,0.999386,21,3.926,0.969331,534875,2,2,89000,69.059,1288.5
soc1,2022_09_26_M1_M3,C1_sigma0,1.0,1.0,,,0,0.0,1.0,1068000,2,2,89000,83.577,1064.9
soc1,2022_09_26_M1_M3,C1_sigma1,1.0,1.0,,,0,0.0,1.0,1068000,2,2,89000,85.821,1037.0
soc1,2022_09_26_M1_M3,C1_sigma10,1.0,1.0,,,0,0.0,1.0,1068000,2,2,89000,88.846,1001.7
soc1,2022_09_26_M1_M3,C1_sigma2,1.0,1.0,,,0,0.0,1.0,1068000,2,2,89000,83.954,1060.1
soc1,2022_09_26_M1_M3,C1_sigma20,0.816594,0.816594,,,12,1.124,1.0,1068000,2,2,89000,83.468,1066.3
soc1,2022_09_26_M1_M3,C1_sigma3,1.0,1.0,,,0,0.0,1.0,1068000,2,2,89000,84.193,1057.1
soc1,2022_09_26_M1_M3,C1_sigma5,1.0,1.0,,,0,0.0,1.0,1068000,2,2,89000,83.951,1060.1
soc1,2022_09_26_M1_M3,C2_drop0.1,0.999985,0.999992,,,0,0.0,0.999986,960918,2,2,89000,77.824,1143.6
soc1,2022_09_26_M1_M3,C2_drop0.25,0.999467,0.999973,,,6,0.749,0.998989,801306,2,2,89000,76.976,1156.2
soc1,2022_09_26_M1_M3,C2_drop0.5,0.74637,0.758384,,,51,9.556,0.968812,533670,2,2,89000,59.52,1495.0
soc1,2022_09_26_M1_M3,C2b_nodedrop0.25,0.999994,0.999994,,,0,0.0,1.0,1068000,2,2,89000,82.668,1076.6
soc1,2022_09_26_M1_M3,C2b_nodedrop0.5,0.999949,0.999949,,,2,0.187,1.0,1068000,2,2,89000,68.071,1307.5
soc1,2022_09_26_M1_M3,C3_occl0.25,0.999927,0.999982,,,4,0.388,0.999891,1030084,2,2,89000,86.456,1029.4
soc1,2022_09_26_M1_M3,C3_occl0.5,0.883356,0.884413,,,36,3.628,0.997613,992297,2,2,89000,82.374,1080.4
soc1,2022_09_26_M1_M3,C4_com_sigma0,0.999837,0.999837,,,2,0.185,1.0,1080000,2,2,90000,22.789,3949.3
soc1,2022_09_26_M1_M3,C4_com_sigma3,0.85373,0.85373,,,12,1.111,1.0,1080000,2,2,90000,22.965,3919.0
soc1,2022_09_26_M1_M3,C4u_comused_sigma0,0.999985,0.999985,0.999985,0.999911,0,0.0,1.0,1080000,2,2,90000,18.048,4986.7
soc1,2022_09_26_M1_M3,C4u_comused_sigma3,0.999922,0.999922,0.999922,0.999533,0,0.0,1.0,1080000,2,2,90000,18.818,4782.7
soc1,2022_09_26_M1_M3,C7_cams2,1.0,1.0,1.0,1.0,0,0.0,1.0,356000,2,2,89000,41.997,2119.2
soc1,2022_09_26_M1_M3,C7_cams3,1.0,1.0,1.0,1.0,0,0.0,1.0,534000,2,2,89000,56.549,1573.9
soc1,2022_09_26_M1_M3,C7_cams4,1.0,1.0,1.0,1.0,0,0.0,1.0,712000,2,2,89000,60.826,1463.2
soc1,2022_09_26_M1_M3,C7_cams5,1.0,1.0,1.0,1.0,0,0.0,1.0,890000,2,2,89000,70.448,1263.3
soc1,2022_09_26_M1_M3,C7b_cams2_sigma10,1.0,1.0,1.0,1.0,0,0.0,1.0,356000,2,2,89000,41.697,2134.4
soc1,2022_09_26_M1_M3,C7b_cams3_sigma10,1.0,1.0,1.0,1.0,0,0.0,1.0,534000,2,2,89000,57.56,1546.2
soc1,2022_09_26_M1_M3,C7b_cams4_sigma10,1.0,1.0,1.0,1.0,0,0.0,1.0,712000,2,2,89000,62.746,1418.4
soc1,2022_09_26_M1_M3,C7b_cams5_sigma10,1.0,1.0,1.0,1.0,0,0.0,1.0,890000,2,2,89000,69.984,1271.7
soc1,2022_09_26_M1_M3,C7c_cams2_sigma0,1.0,1.0,1.0,1.0,0,0.0,1.0,356000,2,2,89000,49.712,1790.3
soc1,2022_09_26_M1_M3,C7c_cams3_sigma0,1.0,1.0,1.0,1.0,0,0.0,1.0,534000,2,2,89000,60.486,1471.4
soc1,2022_09_26_M1_M3,C7c_cams4_sigma0,1.0,1.0,1.0,1.0,0,0.0,1.0,712000,2,2,89000,73.195,1215.9
soc1,2022_09_26_M1_M3,C7c_cams5_sigma0,1.0,1.0,1.0,1.0,0,0.0,1.0,890000,2,2,89000,81.472,1092.4
soc1,2022_09_26_M1_M3,C7d_cams2_drop25,0.798405,0.931076,0.988993,0.977644,1368,512.296,0.750559,267033,2,2,89000,42.006,2109.6
soc1,2022_09_26_M1_M3,C7d_cams3_drop25,0.96787,0.999968,0.999971,0.999873,10,2.497,0.937798,400536,2,2,89000,58.131,1530.6
soc1,2022_09_26_M1_M3,C7d_cams4_drop25,0.939056,0.94649,0.999909,0.999707,22,4.117,0.984414,534398,2,2,89000,61.23,1453.5
soc1,2022_09_26_M1_M3,C7d_cams5_drop25,0.997992,0.999964,0.999964,0.999809,6,0.899,0.996064,667172,2,2,89000,75.821,1173.8
soc1,2022_09_26_M1_M3,C7d_cams6_drop25,0.999494,0.999969,0.999969,0.999809,3,0.374,0.999052,801400,2,2,89000,75.053,1185.8
soc1,2022_09_26_M1_M3,C7e_cams2_s3drop25,0.703103,0.820802,0.99998,0.999944,6,2.246,0.749176,267187,2,2,89000,44.336,2000
soc1,2022_09_26_M1_M3,C7e_cams3_s3drop25,0.96766,0.999965,0.999965,0.999862,10,2.497,0.93741,400429,2,2,89000,56.762,1567.5
soc1,2022_09_26_M1_M3,C7e_cams4_s3drop25,0.99196,0.999956,0.99996,0.999808,9,1.685,0.984134,534158,2,2,89000,67.396,1320.5
soc1,2022_09_26_M1_M3,C7e_cams5_s3drop25,0.998039,0.999971,0.999976,0.999854,4,0.599,0.996142,667887,2,2,89000,70.432,1263.6
soc1,2022_09_26_M1_M3,C7f_cams2_s3drop10,0.850061,0.89726,1.0,1.0,2,0.624,0.900051,320424,2,2,89000,46.225,1925.2
soc1,2022_09_26_M1_M3,C7f_cams3_s3drop10,0.994925,0.999992,0.999992,0.999966,2,0.416,0.989917,480423,2,2,89000,60.324,1475.4
soc1,2022_09_26_M1_M3,C7f_cams4_s3drop10,0.999476,0.999997,0.999997,0.999978,0,0.0,0.998959,640715,2,2,89000,68.517,1298.9
soc1,2022_09_26_M1_M3,C7f_cams5_s3drop10,0.999945,0.999991,0.999991,0.999944,2,0.25,0.999908,800675,2,2,89000,75.784,1174.4
soc1,2022_09_26_M1_M3,C8_drop50_sigma0,0.931302,0.946197,0.999843,0.999352,35,6.555,0.969004,533936,2,2,89000,65.054,1367.7
soc1,2022_09_26_M5_M2,C1_sigma0,0.999998,0.999998,,,0,0.0,1.0,1068000,2,2,89000,84.992,1047.2
soc1,2022_09_26_M5_M2,C1_sigma1,0.999998,0.999998,,,0,0.0,1.0,1068000,2,2,89000,82.455,1079.4
soc1,2022_09_26_M5_M2,C1_sigma10,0.778875,0.778875,,,16,1.498,1.0,1068000,2,2,89000,83.261,1068.9
soc1,2022_09_26_M5_M2,C1_sigma2,0.779022,0.779022,,,2,0.187,1.0,1068000,2,2,89000,83.385,1067.3
soc1,2022_09_26_M5_M2,C1_sigma20,0.999393,0.999393,,,50,4.682,1.0,1068000,2,2,89000,85.234,1044.2
soc1,2022_09_26_M5_M2,C1_sigma3,0.779022,0.779022,,,2,0.187,1.0,1068000,2,2,89000,81.131,1097.0
soc1,2022_09_26_M5_M2,C1_sigma5,0.779017,0.779017,,,2,0.187,1.0,1068000,2,2,89000,84.59,1052.1
soc1,2022_09_26_M5_M2,C2_drop0.1,0.999964,0.99997,,,2,0.208,0.999989,961100,2,2,89000,81.081,1097.7
soc1,2022_09_26_M5_M2,C2_drop0.25,0.999424,0.999899,,,12,1.498,0.999051,800850,2,2,89000,76.71,1160.2
soc1,2022_09_26_M5_M2,C2_drop0.5,0.672327,0.683392,,,46,8.634,0.968134,532792,2,2,89000,67.481,1318.5
soc1,2022_09_26_M5_M2,C2b_nodedrop0.25,0.779021,0.779021,,,2,0.187,1.0,1068000,2,2,89000,79.187,1123.9
soc1,2022_09_26_M5_M2,C2b_nodedrop0.5,0.778556,0.778556,,,28,2.622,1.0,1068000,2,2,89000,72.548,1226.8
soc1,2022_09_26_M5_M2,C3_occl0.25,0.588631,0.588692,,,6,0.597,0.999794,1004948,2,2,89000,86.895,1024.2
soc1,2022_09_26_M5_M2,C3_occl0.5,0.719431,0.720942,,,32,3.398,0.995816,941833,2,2,89000,83.95,1060.1
soc1,2022_09_26_M5_M2,C4_com_sigma0,0.607591,0.607591,,,34,3.148,1.0,1080000,2,2,90000,23.733,3792.2
soc1,2022_09_26_M5_M2,C4_com_sigma3,0.577826,0.577826,,,36,3.333,1.0,1080000,2,2,90000,23.245,3871.8
soc1,2022_09_26_M5_M2,C4u_comused_sigma0,0.999974,0.999974,0.999974,0.999844,0,0.0,1.0,1080000,2,2,90000,18.745,4801.3
soc1,2022_09_26_M5_M2,C4u_comused_sigma3,0.999861,0.999861,0.999861,0.999167,0,0.0,1.0,1080000,2,2,90000,18.399,4891.6
soc1,2022_09_26_M5_M2,C7_cams2,1.0,1.0,1.0,1.0,0,0.0,1.0,356000,2,2,89000,41.629,2137.9
soc1,2022_09_26_M5_M2,C7_cams3,0.999989,0.999989,0.999989,0.999966,0,0.0,1.0,534000,2,2,89000,54.562,1631.2
soc1,2022_09_26_M5_M2,C7_cams4,0.779006,0.779006,0.999994,0.999989,2,0.281,1.0,712000,2,2,89000,64.536,1379.1
soc1,2022_09_26_M5_M2,C7_cams5,0.779013,0.779013,0.999989,0.999966,2,0.225,1.0,890000,2,2,89000,73.046,1218.4
soc1,2022_09_26_M5_M2,C7b_cams2_sigma10,0.999747,0.999747,0.999826,0.999652,32,8.989,1.0,356000,2,2,89000,42.343,2101.9
soc1,2022_09_26_M5_M2,C7b_cams3_sigma10,0.58888,0.58888,0.999858,0.999573,32,5.993,1.0,534000,2,2,89000,56.949,1562.8
soc1,2022_09_26_M5_M2,C7b_cams4_sigma10,0.778559,0.778559,0.999857,0.999562,22,3.09,1.0,712000,2,2,89000,59.092,1506.1
soc1,2022_09_26_M5_M2,C7b_cams5_sigma10,0.5886,0.5886,0.999885,0.999562,12,1.348,1.0,890000,2,2,89000,70.912,1255.1
soc1,2022_09_26_M5_M2,C7c_cams2_sigma0,1.0,1.0,1.0,1.0,0,0.0,1.0,356000,2,2,89000,49.72,1790.0
soc1,2022_09_26_M5_M2,C7c_cams3_sigma0,0.779026,0.779026,0.999985,0.999955,2,0.375,1.0,534000,2,2,89000,61.721,1442.0
soc1,2022_09_26_M5_M2,C7c_cams4_sigma0,0.999997,0.999997,0.999997,0.999989,0,0.0,1.0,712000,2,2,89000,72.397,1229.3
soc1,2022_09_26_M5_M2,C7c_cams5_sigma0,0.999998,0.999998,0.999998,0.999989,0,0.0,1.0,890000,2,2,89000,83.426,1066.8
soc1,2022_09_26_M5_M2,C7d_cams2_drop25,0.574533,0.669698,0.997754,0.995717,274,102.741,0.751157,266690,2,2,89000,43.524,2036.0
soc1,2022_09_26_M5_M2,C7d_cams3_drop25,0.771356,0.797058,0.999915,0.999724,24,5.999,0.937522,400063,2,2,89000,55.86,1592.9
soc1,2022_09_26_M5_M2,C7d_cams4_drop25,0.665309,0.670677,0.999713,0.999178,57,10.676,0.984117,533913,2,2,89000,67.613,1316.3
soc1,2022_09_26_M5_M2,C7d_cams5_drop25,0.997927,0.999932,0.99995,0.999741,9,1.35,0.995998,666891,2,2,89000,69.134,1287.4
soc1,2022_09_26_M5_M2,C7d_cams6_drop25,0.999432,0.999939,0.999959,0.999742,4,0.499,0.998987,801287,2,2,89000,82.184,1082.9
soc1,2022_09_26_M5_M2,C7e_cams2_s3drop25,0.809426,0.9453,0.99996,0.999903,14,5.251,0.748655,266606,2,2,89000,41.455,2138.7
soc1,2022_09_26_M5_M2,C7e_cams3_s3drop25,0.746059,0.771042,0.996176,0.989103,622,155.339,0.937233,400415,2,2,89000,58.538,1520.0
soc1,2022_09_26_M5_M2,C7e_cams4_s3drop25,0.772928,0.778931,0.999894,0.999549,19,3.553,0.984705,534812,2,2,89000,64.646,1376.7
soc1,2022_09_26_M5_M2,C7e_cams5_s3drop25,0.943692,0.945535,0.999944,0.99973,6,0.898,0.99611,667939,2,2,89000,69.479,1281.0
soc1,2022_09_26_M5_M2,C7f_cams2_s3drop10,0.774613,0.817644,0.999851,0.999685,28,8.74,0.900007,320353,2,2,89000,44.623,1994.4
soc1,2022_09_26_M5_M2,C7f_cams3_s3drop10,0.774934,0.778895,0.999977,0.99991,6,1.249,0.989881,480404,2,2,89000,60.415,1473.1
soc1,2022_09_26_M5_M2,C7f_cams4_s3drop10,0.778839,0.77922,0.999977,0.99991,4,0.624,0.999023,640703,2,2,89000,69.163,1286.8
soc1,2022_09_26_M5_M2,C7f_cams5_s3drop10,0.778838,0.778876,0.999979,0.999888,2,0.25,0.999903,800962,2,2,89000,75.799,1174.2
soc1,2022_09_26_M5_M2,C8_drop50_sigma0,0.797673,0.81033,0.999765,0.999079,42,7.84,0.969242,535699,2,2,89000,64.245,1385.0
soc1,2022_09_26_M6_M4,C1_sigma0,1.0,1.0,,,0,0.0,1.0,1068000,2,2,89000,88.833,1001.9
soc1,2022_09_26_M6_M4,C1_sigma1,1.0,1.0,,,0,0.0,1.0,1068000,2,2,89000,88.362,1007.2
soc1,2022_09_26_M6_M4,C1_sigma10,0.999998,0.999998,,,0,0.0,1.0,1068000,2,2,89000,85.341,1042.9
soc1,2022_09_26_M6_M4,C1_sigma2,1.0,1.0,,,0,0.0,1.0,1068000,2,2,89000,86.069,1034.1
soc1,2022_09_26_M6_M4,C1_sigma20,0.999753,0.999753,,,14,1.311,1.0,1068000,2,2,89000,85.95,1035.5
soc1,2022_09_26_M6_M4,C1_sigma3,1.0,1.0,,,0,0.0,1.0,1068000,2,2,89000,85.185,1044.8
soc1,2022_09_26_M6_M4,C1_sigma5,1.0,1.0,,,0,0.0,1.0,1068000,2,2,89000,84.637,1051.5
soc1,2022_09_26_M6_M4,C2_drop0.1,0.999984,0.999989,,,2,0.208,0.999992,961035,2,2,89000,81.076,1097.7
soc1,2022_09_26_M6_M4,C2_drop0.25,0.999484,0.999966,,,4,0.499,0.999037,801533,2,2,89000,76.019,1170.8
soc1,2022_09_26_M6_M4,C2_drop0.5,0.85397,0.867567,,,34,6.365,0.96914,534211,2,2,89000,60.948,1459.8
soc1,2022_09_26_M6_M4,C2b_nodedrop0.25,1.0,1.0,,,0,0.0,1.0,1068000,2,2,89000,77.981,1141.3
soc1,2022_09_26_M6_M4,C2b_nodedrop0.5,0.999491,0.999491,,,4,0.375,1.0,1068000,2,2,89000,68.888,1292.0
soc1,2022_09_26_M6_M4,C3_occl0.25,0.999894,0.999969,,,8,0.784,0.99985,1020375,2,2,89000,83.768,1062.5
soc1,2022_09_26_M6_M4,C3_occl0.5,0.998403,0.999927,,,22,2.26,0.996957,973323,2,2,89000,80.673,1103.1
soc1,2022_09_26_M6_M4,C4_com_sigma0,0.89202,0.89202,,,6,0.556,1.0,1080000,2,2,90000,23.121,3892.6
soc1,2022_09_26_M6_M4,C4_com_sigma3,0.891904,0.891904,,,4,0.37,1.0,1080000,2,2,90000,24.061,3740.5
soc1,2022_09_26_M6_M4,C4u_comused_sigma0,0.999972,0.999972,0.999972,0.999833,0,0.0,1.0,1080000,2,2,90000,18.097,4973.2
soc1,2022_09_26_M6_M4,C4u_comused_sigma3,0.999765,0.999765,0.999765,0.998589,0,0.0,1.0,1080000,2,2,90000,20.023,4494.8
soc1,2022_09_26_M6_M4,C7_cams2,1.0,1.0,1.0,1.0,0,0.0,1.0,356000,2,2,89000,41.074,2166.8
soc1,2022_09_26_M6_M4,C7_cams3,1.0,1.0,1.0,1.0,0,0.0,1.0,534000,2,2,89000,52.944,1681.0
soc1,2022_09_26_M6_M4,C7_cams4,1.0,1.0,1.0,1.0,0,0.0,1.0,712000,2,2,89000,63.121,1410.0
soc1,2022_09_26_M6_M4,C7_cams5,1.0,1.0,1.0,1.0,0,0.0,1.0,890000,2,2,89000,70.977,1253.9
soc1,2022_09_26_M6_M4,C7b_cams2_sigma10,0.999966,0.999966,0.999966,0.999933,2,0.562,1.0,356000,2,2,89000,41.485,2145.4
soc1,2022_09_26_M6_M4,C7b_cams3_sigma10,0.999996,0.999996,0.999996,0.999989,0,0.0,1.0,534000,2,2,89000,55.43,1605.6
soc1,2022_09_26_M6_M4,C7b_cams4_sigma10,1.0,1.0,1.0,1.0,0,0.0,1.0,712000,2,2,89000,62.65,1420.6
soc1,2022_09_26_M6_M4,C7b_cams5_sigma10,0.999996,0.999996,0.999996,0.999978,0,0.0,1.0,890000,2,2,89000,71.614,1242.8
soc1,2022_09_26_M6_M4,C7c_cams2_sigma0,1.0,1.0,1.0,1.0,0,0.0,1.0,356000,2,2,89000,50.373,1766.8
soc1,2022_09_26_M6_M4,C7c_cams3_sigma0,1.0,1.0,1.0,1.0,0,0.0,1.0,534000,2,2,89000,63.737,1396.4
soc1,2022_09_26_M6_M4,C7c_cams4_sigma0,1.0,1.0,1.0,1.0,0,0.0,1.0,712000,2,2,89000,74.856,1188.9
soc1,2022_09_26_M6_M4,C7c_cams5_sigma0,1.0,1.0,1.0,1.0,0,0.0,1.0,890000,2,2,89000,84.222,1056.7
soc1,2022_09_26_M6_M4,C7d_cams2_drop25,0.622041,0.72582,0.999235,0.998473,107,40.091,0.749811,266894,2,2,89000,44.454,1994.1
soc1,2022_09_26_M6_M4,C7d_cams3_drop25,0.967945,0.999851,0.999851,0.999585,23,5.74,0.938153,400730,2,2,89000,58.726,1515.3
soc1,2022_09_26_M6_M4,C7d_cams4_drop25,0.992079,0.999951,0.999954,0.999775,11,2.06,0.984379,533945,2,2,89000,63.971,1391.2
soc1,2022_09_26_M6_M4,C7d_cams5_drop25,0.99793,0.999953,0.999958,0.999753,5,0.75,0.995962,667099,2,2,89000,68.246,1304.1
soc1,2022_09_26_M6_M4,C7d_cams6_drop25,0.999459,0.999968,0.999971,0.999798,4,0.499,0.998983,801644,2,2,89000,79.643,1117.5
soc1,2022_09_26_M6_M4,C7e_cams2_s3drop25,0.857318,0.999975,0.999975,0.999931,8,2.994,0.750301,267186,2,2,89000,42.024,2110.0
soc1,2022_09_26_M6_M4,C7e_cams3_s3drop25,0.96793,0.999957,0.999957,0.999816,13,3.243,0.93793,400916,2,2,89000,53.983,1648.2
soc1,2022_09_26_M6_M4,C7e_cams4_s3drop25,0.860465,0.867304,0.99996,0.999808,6,1.123,0.984353,534086,2,2,89000,68.821,1293.2
soc1,2022_09_26_M6_M4,C7e_cams5_s3drop25,0.997951,0.999955,0.999955,0.999753,8,1.199,0.996001,667367,2,2,89000,75.924,1172.2
soc1,2022_09_26_M6_M4,C7f_cams2_s3drop10,0.947428,0.99999,0.99999,0.999965,4,1.248,0.900125,320402,2,2,89000,44.169,2014.7
soc1,2022_09_26_M6_M4,C7f_cams3_s3drop10,0.995163,0.999998,0.999998,0.999989,2,0.416,0.990376,480876,2,2,89000,55.64,1599.6
soc1,2022_09_26_M6_M4,C7f_cams4_s3drop10,0.999442,0.999989,0.999989,0.999933,2,0.312,0.998906,640644,2,2,89000,66.835,1331.6
soc1,2022_09_26_M6_M4,C7f_cams5_s3drop10,0.999939,0.999986,0.999989,0.999899,2,0.25,0.999905,800617,2,2,89000,75.516,1178.6
soc1,2022_09_26_M6_M4,C8_drop50_sigma0,0.853968,0.867563,0.999859,0.99942,34,6.359,0.969143,534717,2,2,89000,70.033,1270.7
soc3,2022_10_04_M1_M2,C1_sigma0,1.0,1.0,,,0,0.0,1.0,1068000,2,2,89000,85.773,1037.6
soc3,2022_10_04_M1_M2,C1_sigma1,1.0,1.0,,,0,0.0,1.0,1068000,2,2,89000,84.643,1051.5
soc3,2022_10_04_M1_M2,C1_sigma10,1.0,1.0,,,0,0.0,1.0,1068000,2,2,89000,88.403,1006.8
soc3,2022_10_04_M1_M2,C1_sigma2,1.0,1.0,,,0,0.0,1.0,1068000,2,2,89000,84.809,1049.4
soc3,2022_10_04_M1_M2,C1_sigma20,1.0,1.0,,,0,0.0,1.0,1068000,2,2,89000,84.793,1049.6
soc3,2022_10_04_M1_M2,C1_sigma3,1.0,1.0,,,0,0.0,1.0,1068000,2,2,89000,85.429,1041.8
soc3,2022_10_04_M1_M2,C1_sigma5,1.0,1.0,,,0,0.0,1.0,1068000,2,2,89000,85.469,1041.3
soc3,2022_10_04_M1_M2,C2_drop0.1,0.999994,0.999999,,,0,0.0,0.99999,960885,2,2,89000,73.186,1216.1
soc3,2022_10_04_M1_M2,C2_drop0.25,0.999502,0.999993,,,2,0.25,0.99902,801161,2,2,89000,75.657,1176.4
soc3,2022_10_04_M1_M2,C2_drop0.5,0.983947,0.999899,,,12,2.249,0.968592,533529,2,2,89000,61.032,1457.9
soc3,2022_10_04_M1_M2,C2b_nodedrop0.25,0.999998,0.999998,,,0,0.0,1.0,1068000,2,2,89000,84.302,1055.7
soc3,2022_10_04_M1_M2,C2b_nodedrop0.5,0.999996,0.999996,,,0,0.0,1.0,1068000,2,2,89000,68.82,1293.2
soc3,2022_10_04_M1_M2,C3_occl0.25,0.999981,0.999997,,,0,0.0,0.999967,1052341,2,2,89000,86.576,1028.0
soc3,2022_10_04_M1_M2,C3_occl0.5,0.999501,0.999985,,,4,0.386,0.999034,1037101,2,2,89000,83.247,1069.1
soc3,2022_10_04_M1_M2,C4_com_sigma0,0.999957,0.999957,,,0,0.0,1.0,1080000,2,2,90000,23.7,3797.5
soc3,2022_10_04_M1_M2,C4_com_sigma3,0.999907,0.999907,,,0,0.0,1.0,1080000,2,2,90000,24.613,3656.6
soc3,2022_10_04_M1_M2,C4u_comused_sigma0,0.999993,0.999993,0.999993,0.999956,0,0.0,1.0,1080000,2,2,90000,17.973,5007.5
soc3,2022_10_04_M1_M2,C4u_comused_sigma3,0.999944,0.999944,0.999944,0.999667,0,0.0,1.0,1080000,2,2,90000,18.076,4979.0
soc3,2022_10_04_M1_M2,C7_cams2,1.0,1.0,1.0,1.0,0,0.0,1.0,356000,2,2,89000,42.399,2099.1
soc3,2022_10_04_M1_M2,C7_cams3,1.0,1.0,1.0,1.0,0,0.0,1.0,534000,2,2,89000,57.407,1550.3
soc3,2022_10_04_M1_M2,C7_cams4,1.0,1.0,1.0,1.0,0,0.0,1.0,712000,2,2,89000,65.027,1368.7
soc3,2022_10_04_M1_M2,C7_cams5,1.0,1.0,1.0,1.0,0,0.0,1.0,890000,2,2,89000,65.191,1365.2
soc3,2022_10_04_M1_M2,C7b_cams2_sigma10,1.0,1.0,1.0,1.0,0,0.0,1.0,356000,2,2,89000,42.511,2093.6
soc3,2022_10_04_M1_M2,C7b_cams3_sigma10,1.0,1.0,1.0,1.0,0,0.0,1.0,534000,2,2,89000,57.241,1554.8
soc3,2022_10_04_M1_M2,C7b_cams4_sigma10,1.0,1.0,1.0,1.0,0,0.0,1.0,712000,2,2,89000,62.383,1426.7
soc3,2022_10_04_M1_M2,C7b_cams5_sigma10,1.0,1.0,1.0,1.0,0,0.0,1.0,890000,2,2,89000,72.349,1230.1
soc3,2022_10_04_M1_M2,C7c_cams2_sigma0,1.0,1.0,1.0,1.0,0,0.0,1.0,356000,2,2,89000,47.258,1883.3
soc3,2022_10_04_M1_M2,C7c_cams3_sigma0,1.0,1.0,1.0,1.0,0,0.0,1.0,534000,2,2,89000,66.894,1330.5
soc3,2022_10_04_M1_M2,C7c_cams4_sigma0,1.0,1.0,1.0,1.0,0,0.0,1.0,712000,2,2,89000,73.808,1205.8
soc3,2022_10_04_M1_M2,C7c_cams5_sigma0,1.0,1.0,1.0,1.0,0,0.0,1.0,890000,2,2,89000,74.347,1197.1
soc3,2022_10_04_M1_M2,C7d_cams2_drop25,0.857142,1.0,1.0,1.0,0,0.0,0.749998,266886,2,2,89000,40.393,2194.9
soc3,2022_10_04_M1_M2,C7d_cams3_drop25,0.894135,0.923912,0.999886,0.999689,25,6.241,0.937555,400606,2,2,89000,55.337,1608.0
soc3,2022_10_04_M1_M2,C7d_cams4_drop25,0.992102,0.999994,0.999994,0.999966,2,0.374,0.984339,534331,2,2,89000,68.732,1294.8
soc3,2022_10_04_M1_M2,C7d_cams5_drop25,0.998034,0.999998,0.999998,0.999989,0,0.0,0.996078,667556,2,2,89000,74.32,1197.5
soc3,2022_10_04_M1_M2,C7d_cams6_drop25,0.999512,0.999991,0.999991,0.999955,2,0.25,0.999042,800757,2,2,89000,78.167,1138.6
soc3,2022_10_04_M1_M2,C7e_cams2_s3drop25,0.857191,0.999995,0.999995,0.999986,2,0.749,0.75008,267158,2,2,89000,43.332,2045.8
soc3,2022_10_04_M1_M2,C7e_cams3_s3drop25,0.96767,0.999995,0.999997,0.999988,2,0.499,0.937375,400430,2,2,89000,59.02,1507.7
soc3,2022_10_04_M1_M2,C7e_cams4_s3drop25,0.992031,0.999998,0.999998,0.999989,0,0.0,0.984192,533847,2,2,89000,69.541,1279.8
soc3,2022_10_04_M1_M2,C7e_cams5_s3drop25,0.998009,0.999992,0.999992,0.999944,2,0.3,0.996041,667631,2,2,89000,73.289,1214.4
soc3,2022_10_04_M1_M2,C7f_cams2_s3drop10,0.944271,0.997115,0.997115,0.994097,290,90.545,0.899342,320281,2,2,89000,44.804,1986.3
soc3,2022_10_04_M1_M2,C7f_cams3_s3drop10,0.994969,0.999994,0.999994,0.999966,2,0.416,0.990001,480756,2,2,89000,60.979,1459.5
soc3,2022_10_04_M1_M2,C7f_cams4_s3drop10,0.999521,1.0,1.0,1.0,0,0.0,0.999043,640469,2,2,89000,66.53,1337.7
soc3,2022_10_04_M1_M2,C7f_cams5_s3drop10,0.999954,0.999998,0.999998,0.999978,0,0.0,0.999914,800384,2,2,89000,69.711,1276.7
soc3,2022_10_04_M1_M2,C8_drop50_sigma0,0.984075,0.999919,0.999934,0.999727,11,2.063,0.968804,533215,2,2,89000,61.698,1442.0
soc3,2022_10_04_M3_M4,C1_sigma0,0.972423,0.972423,,,2,0.187,1.0,1068000,2,2,89000,86.717,1026.3
soc3,2022_10_04_M3_M4,C1_sigma1,0.972419,0.972419,,,2,0.187,1.0,1068000,2,2,89000,85.71,1038.4
soc3,2022_10_04_M3_M4,C1_sigma10,0.999326,0.999326,,,42,3.933,1.0,1068000,2,2,89000,85.582,1039.9
soc3,2022_10_04_M3_M4,C1_sigma2,0.972416,0.972416,,,2,0.187,1.0,1068000,2,2,89000,84.489,1053.4
soc3,2022_10_04_M3_M4,C1_sigma20,0.971691,0.971691,,,92,8.614,1.0,1068000,2,2,89000,84.027,1059.2
soc3,2022_10_04_M3_M4,C1_sigma3,0.972418,0.972418,,,2,0.187,1.0,1068000,2,2,89000,83.669,1063.7
soc3,2022_10_04_M3_M4,C1_sigma5,0.972112,0.972112,,,8,0.749,1.0,1068000,2,2,89000,82.414,1079.9
soc3,2022_10_04_M3_M4,C2_drop0.1,0.972381,0.972387,,,2,0.208,0.999986,961158,2,2,89000,79.101,1125.1
soc3,2022_10_04_M3_M4,C2_drop0.25,0.7006,0.700924,,,32,3.992,0.999078,801548,2,2,89000,75.137,1184.5
soc3,2022_10_04_M3_M4,C2_drop0.5,0.951475,0.966921,,,92,17.243,0.968554,533546,2,2,89000,63.116,1409.6
soc3,2022_10_04_M3_M4,C2b_nodedrop0.25,0.972268,0.972268,,,10,0.936,1.0,1068000,2,2,89000,77.259,1152.0
soc3,2022_10_04_M3_M4,C2b_nodedrop0.5,0.634412,0.634412,,,66,6.18,1.0,1068000,2,2,89000,73.1,1217.5
soc3,2022_10_04_M3_M4,C3_occl0.25,0.971993,0.972057,,,16,1.564,0.99987,1022698,2,2,89000,85.482,1041.2
soc3,2022_10_04_M3_M4,C3_occl0.5,0.802108,0.803277,,,67,6.856,0.997093,977304,2,2,89000,81.088,1097.5
soc3,2022_10_04_M3_M4,C4_com_sigma0,0.534113,0.534113,,,50,4.63,1.0,1080000,2,2,90000,22.641,3975.1
soc3,2022_10_04_M3_M4,C4_com_sigma3,0.512404,0.512404,,,48,4.444,1.0,1080000,2,2,90000,23.346,3855.1
soc3,2022_10_04_M3_M4,C4u_comused_sigma0,0.999974,0.999974,0.999974,0.999844,0,0.0,1.0,1080000,2,2,90000,19.575,4597.7
soc3,2022_10_04_M3_M4,C4u_comused_sigma3,0.972394,0.972394,0.999861,0.999244,2,0.185,1.0,1080000,2,2,90000,18.254,4930.4
soc3,2022_10_04_M3_M4,C7_cams2,0.701438,0.701438,0.999528,0.999056,8,2.247,1.0,356000,2,2,89000,41.941,2122.0
soc3,2022_10_04_M3_M4,C7_cams3,0.999592,0.999592,0.999978,0.999933,8,1.498,1.0,534000,2,2,89000,57.134,1557.7
soc3,2022_10_04_M3_M4,C7_cams4,0.972416,0.972416,0.999989,0.999955,2,0.281,1.0,712000,2,2,89000,63.65,1398.3
soc3,2022_10_04_M3_M4,C7_cams5,0.999816,0.999816,0.999982,0.999921,4,0.449,1.0,890000,2,2,89000,63.588,1399.6
soc3,2022_10_04_M3_M4,C7b_cams2_sigma10,0.915326,0.915326,0.999697,0.999393,44,12.36,1.0,356000,2,2,89000,42.078,2115.1
soc3,2022_10_04_M3_M4,C7b_cams3_sigma10,0.951161,0.951161,0.999723,0.999169,48,8.989,1.0,534000,2,2,89000,55.023,1617.5
soc3,2022_10_04_M3_M4,C7b_cams4_sigma10,0.999455,0.999455,0.999725,0.999202,50,7.022,1.0,712000,2,2,89000,64.755,1374.4
soc3,2022_10_04_M3_M4,C7b_cams5_sigma10,0.99947,0.99947,0.999769,0.999169,32,3.596,1.0,890000,2,2,89000,71.844,1238.8
soc3,2022_10_04_M3_M4,C7c_cams2_sigma0,0.971781,0.971781,0.999354,0.998708,2,0.562,1.0,356000,2,2,89000,46.627,1908.8
soc3,2022_10_04_M3_M4,C7c_cams3_sigma0,0.972427,0.972427,1.0,1.0,2,0.375,1.0,534000,2,2,89000,66.35,1341.4
soc3,2022_10_04_M3_M4,C7c_cams4_sigma0,0.972421,0.972421,0.999994,0.999978,2,0.281,1.0,712000,2,2,89000,74.281,1198.2
soc3,2022_10_04_M3_M4,C7c_cams5_sigma0,0.972422,0.972422,0.999996,0.999978,2,0.225,1.0,890000,2,2,89000,85.21,1044.5
soc3,2022_10_04_M3_M4,C7d_cams2_drop25,0.833407,0.972127,0.999865,0.999708,30,11.229,0.750244,267177,2,2,89000,40.502,2189.5
soc3,2022_10_04_M3_M4,C7d_cams3_drop25,0.939214,0.970411,0.999832,0.999447,36,8.98,0.937705,400896,2,2,89000,53.978,1648.6
soc3,2022_10_04_M3_M4,C7d_cams4_drop25,0.956744,0.964341,0.999876,0.999414,32,5.996,0.984367,533686,2,2,89000,63.464,1402.4
soc3,2022_10_04_M3_M4,C7d_cams5_drop25,0.699773,0.701177,0.999844,0.999202,24,3.597,0.996002,667310,2,2,89000,70.613,1260.4
soc3,2022_10_04_M3_M4,C7d_cams6_drop25,0.971794,0.972274,0.99984,0.999157,20,2.496,0.999014,801324,2,2,89000,79.487,1119.7
soc3,2022_10_04_M3_M4,C7e_cams2_s3drop25,0.781685,0.911203,0.998291,0.99657,216,80.847,0.751099,267171,2,2,89000,41.768,2122.9
soc3,2022_10_04_M3_M4,C7e_cams3_s3drop25,0.545164,0.563358,0.999768,0.999194,73,18.219,0.937432,400684,2,2,89000,53.948,1649.3
soc3,2022_10_04_M3_M4,C7e_cams4_s3drop25,0.878313,0.885272,0.999863,0.999403,22,4.117,0.984401,534398,2,2,89000,66.591,1336.5
soc3,2022_10_04_M3_M4,C7e_cams5_s3drop25,0.726918,0.728362,0.999862,0.999314,28,4.197,0.996044,667074,2,2,89000,72.143,1233.7
soc3,2022_10_04_M3_M4,C7f_cams2_s3drop10,0.664743,0.701916,0.998903,0.997864,108,33.734,0.899407,320151,2,2,89000,44.897,1982.0
soc3,2022_10_04_M3_M4,C7f_cams3_s3drop10,0.993389,0.998361,0.998531,0.995547,132,27.467,0.990089,480575,2,2,89000,61.219,1453.8
soc3,2022_10_04_M3_M4,C7f_cams4_s3drop10,0.999148,0.999627,0.999925,0.999663,18,2.808,0.999042,640958,2,2,89000,63.127,1409.9
soc3,2022_10_04_M3_M4,C7f_cams5_s3drop10,0.97235,0.972399,0.999944,0.999685,6,0.749,0.999898,801550,2,2,89000,76.333,1165.9
soc3,2022_10_04_M3_M4,C8_drop50_sigma0,0.930361,0.94536,0.999355,0.99776,118,22.092,0.968764,534122,2,2,89000,63.987,1390.7
soc3,2022_10_04_M5_M6,C1_sigma0,1.0,1.0,,,0,0.0,1.0,1068000,2,2,89000,86.025,1034.6
soc3,2022_10_04_M5_M6,C1_sigma1,1.0,1.0,,,0,0.0,1.0,1068000,2,2,89000,83.073,1071.3
soc3,2022_10_04_M5_M6,C1_sigma10,0.999998,0.999998,,,0,0.0,1.0,1068000,2,2,89000,83.615,1064.4
soc3,2022_10_04_M5_M6,C1_sigma2,1.0,1.0,,,0,0.0,1.0,1068000,2,2,89000,85.833,1036.9
soc3,2022_10_04_M5_M6,C1_sigma20,0.901835,0.901835,,,4,0.375,1.0,1068000,2,2,89000,84.555,1052.6
soc3,2022_10_04_M5_M6,C1_sigma3,1.0,1.0,,,0,0.0,1.0,1068000,2,2,89000,84.334,1055.3
soc3,2022_10_04_M5_M6,C1_sigma5,1.0,1.0,,,0,0.0,1.0,1068000,2,2,89000,82.963,1072.8
soc3,2022_10_04_M5_M6,C2_drop0.1,0.999998,1.0,,,0,0.0,0.999996,961199,2,2,89000,80.073,1111.5
soc3,2022_10_04_M5_M6,C2_drop0.25,0.999494,0.999986,,,0,0.0,0.999015,801245,2,2,89000,71.675,1241.7
soc3,2022_10_04_M5_M6,C2_drop0.5,0.984235,0.999925,,,14,2.622,0.969103,533898,2,2,89000,62.338,1427.4
soc3,2022_10_04_M5_M6,C2b_nodedrop0.25,1.0,1.0,,,0,0.0,1.0,1068000,2,2,89000,71.967,1236.7
soc3,2022_10_04_M5_M6,C2b_nodedrop0.5,0.999989,0.999989,,,0,0.0,1.0,1068000,2,2,89000,70.35,1265.1
soc3,2022_10_04_M5_M6,C3_occl0.25,0.999923,0.999997,0.999997,0.999966,0,0.0,0.999851,1020156,2,2,89000,78.315,1136.4
soc3,2022_10_04_M5_M6,C3_occl0.5,0.934969,0.93642,0.999963,0.999707,14,1.439,0.996906,972625,2,2,89000,76.352,1165.6
soc3,2022_10_04_M5_M6,C4_com_sigma0,0.99973,0.99973,,,2,0.185,1.0,1080000,2,2,90000,21.032,4279.2
soc3,2022_10_04_M5_M6,C4_com_sigma3,0.999394,0.999394,,,4,0.37,1.0,1080000,2,2,90000,22.515,3997.3
soc3,2022_10_04_M5_M6,C4u_comused_sigma0,0.99998,0.99998,0.99998,0.999878,0,0.0,1.0,1080000,2,2,90000,18.898,4762.4
soc3,2022_10_04_M5_M6,C4u_comused_sigma3,0.99968,0.99968,0.99968,0.998078,0,0.0,1.0,1080000,2,2,90000,18.93,4754.4
soc3,2022_10_04_M5_M6,C7_cams2,1.0,1.0,1.0,1.0,0,0.0,1.0,356000,2,2,89000,41.913,2123.4
soc3,2022_10_04_M5_M6,C7_cams3,1.0,1.0,1.0,1.0,0,0.0,1.0,534000,2,2,89000,51.543,1726.7
soc3,2022_10_04_M5_M6,C7_cams4,1.0,1.0,1.0,1.0,0,0.0,1.0,712000,2,2,89000,58.285,1527.0
soc3,2022_10_04_M5_M6,C7_cams5,1.0,1.0,1.0,1.0,0,0.0,1.0,890000,2,2,89000,71.091,1251.9
soc3,2022_10_04_M5_M6,C7b_cams2_sigma10,0.997815,0.997815,0.997815,0.995629,2,0.562,1.0,356000,2,2,89000,41.583,2140.3
soc3,2022_10_04_M5_M6,C7b_cams3_sigma10,0.999996,0.999996,0.999996,0.999989,0,0.0,1.0,534000,2,2,89000,56.72,1569.1
soc3,2022_10_04_M5_M6,C7b_cams4_sigma10,1.0,1.0,1.0,1.0,0,0.0,1.0,712000,2,2,89000,62.425,1425.7
soc3,2022_10_04_M5_M6,C7b_cams5_sigma10,0.999998,0.999998,0.999998,0.999989,0,0.0,1.0,890000,2,2,89000,71.317,1247.9
soc3,2022_10_04_M5_M6,C7c_cams2_sigma0,1.0,1.0,1.0,1.0,0,0.0,1.0,356000,2,2,89000,48.869,1821.2
soc3,2022_10_04_M5_M6,C7c_cams3_sigma0,1.0,1.0,1.0,1.0,0,0.0,1.0,534000,2,2,89000,64.588,1378.0
soc3,2022_10_04_M5_M6,C7c_cams4_sigma0,1.0,1.0,1.0,1.0,0,0.0,1.0,712000,2,2,89000,73.554,1210.0
soc3,2022_10_04_M5_M6,C7c_cams5_sigma0,1.0,1.0,1.0,1.0,0,0.0,1.0,890000,2,2,89000,82.013,1085.2
soc3,2022_10_04_M5_M6,C7d_cams2_drop25,0.857529,0.99999,0.99999,0.999972,3,1.122,0.750605,267291,2,2,89000,43.878,2020.3
soc3,2022_10_04_M5_M6,C7d_cams3_drop25,0.967561,0.999995,0.999995,0.999977,0,0.0,0.937171,400147,2,2,89000,53.93,1649.9
soc3,2022_10_04_M5_M6,C7d_cams4_drop25,0.99218,0.999994,0.999994,0.999966,1,0.187,0.984493,534610,2,2,89000,65.002,1369.2
soc3,2022_10_04_M5_M6,C7d_cams5_drop25,0.998006,0.999989,0.999989,0.999921,1,0.15,0.996041,667375,2,2,89000,69.382,1282.8
soc3,2022_10_04_M5_M6,C7d_cams6_drop25,0.999493,0.999984,0.999984,0.999899,2,0.25,0.999018,800790,2,2,89000,79.862,1114.4
soc3,2022_10_04_M5_M6,C7e_cams2_s3drop25,0.532633,0.621184,0.99983,0.999653,14,5.239,0.750466,267250,2,2,89000,44.221,2005.3
soc3,2022_10_04_M5_M6,C7e_cams3_s3drop25,0.967481,0.999984,0.999987,0.999942,4,0.999,0.93704,400222,2,2,89000,58.382,1524.2
soc3,2022_10_04_M5_M6,C7e_cams4_s3drop25,0.992029,0.999998,0.999998,0.999989,0,0.0,0.984188,533977,2,2,89000,68.182,1305.3
soc3,2022_10_04_M5_M6,C7e_cams5_s3drop25,0.998037,0.999982,0.999982,0.999921,3,0.45,0.996117,667087,2,2,89000,73.653,1208.4
soc3,2022_10_04_M5_M6,C7f_cams2_s3drop10,0.947505,0.999889,0.999889,0.999767,12,3.743,0.900436,320627,2,2,89000,44.676,1991.8
soc3,2022_10_04_M5_M6,C7f_cams3_s3drop10,0.994969,0.999998,0.999998,0.999989,0,0.0,0.989992,480530,2,2,89000,56.491,1575.5
soc3,2022_10_04_M5_M6,C7f_cams4_s3drop10,0.999506,1.0,1.0,1.0,0,0.0,0.999013,641151,2,2,89000,67.076,1326.9
soc3,2022_10_04_M5_M6,C7f_cams5_s3drop10,0.999943,0.999998,0.999998,0.999978,0,0.0,0.999891,800748,2,2,89000,74.422,1195.9
soc3,2022_10_04_M5_M6,C8_drop50_sigma0,0.98389,0.99995,0.99995,0.999784,10,1.875,0.968386,533411,2,2,89000,70.181,1267.8
soc3,2022_10_05_M1_M6,C1_sigma0,1.0,1.0,1.0,1.0,0,0.0,1.0,1068000,2,2,89000,84.236,1056.6
soc3,2022_10_05_M1_M6,C1_sigma1,1.0,1.0,1.0,1.0,0,0.0,1.0,1068000,2,2,89000,80.422,1106.7
soc3,2022_10_05_M1_M6,C1_sigma10,1.0,1.0,1.0,1.0,0,0.0,1.0,1068000,2,2,89000,79.495,1119.6
soc3,2022_10_05_M1_M6,C1_sigma2,1.0,1.0,1.0,1.0,0,0.0,1.0,1068000,2,2,89000,80.234,1109.3
soc3,2022_10_05_M1_M6,C1_sigma20,0.999993,0.999993,0.999993,0.999955,0,0.0,1.0,1068000,2,2,89000,77.867,1143.0
soc3,2022_10_05_M1_M6,C1_sigma3,1.0,1.0,1.0,1.0,0,0.0,1.0,1068000,2,2,89000,78.596,1132.4
soc3,2022_10_05_M1_M6,C1_sigma5,1.0,1.0,1.0,1.0,0,0.0,1.0,1068000,2,2,89000,80.357,1107.6
soc3,2022_10_05_M1_M6,C2_drop0.1,0.999994,0.999999,0.999999,0.999989,0,0.0,0.999991,961481,2,2,89000,75.014,1186.4
soc3,2022_10_05_M1_M6,C2_drop0.25,0.999486,0.99997,0.999975,0.999831,4,0.499,0.999032,801593,2,2,89000,70.423,1263.8
soc3,2022_10_05_M1_M6,C2_drop0.5,0.605763,0.615459,0.999952,0.999807,10,1.872,0.96898,534308,2,2,89000,59.421,1497.5
soc3,2022_10_05_M1_M6,C2b_nodedrop0.25,0.999998,0.999998,0.999998,0.999989,0,0.0,1.0,1068000,2,2,89000,81.935,1086.2
soc3,2022_10_05_M1_M6,C2b_nodedrop0.5,1.0,1.0,1.0,1.0,0,0.0,1.0,1068000,2,2,89000,66.27,1343.0
soc3,2022_10_05_M1_M6,C3_occl0.25,0.999934,0.999997,0.999997,0.999978,0,0.0,0.999874,1028208,2,2,89000,83.618,1064.4
soc3,2022_10_05_M1_M6,C3_occl0.5,0.998725,0.999978,0.999981,0.999854,8,0.809,0.997497,988922,2,2,89000,83.823,1061.7
soc3,2022_10_05_M1_M6,C4_com_sigma0,0.999854,0.999854,0.999854,0.999211,4,0.37,1.0,1080000,2,2,90000,21.007,4284.3
soc3,2022_10_05_M1_M6,C4_com_sigma3,0.999778,0.999778,0.999781,0.998767,4,0.37,1.0,1080000,2,2,90000,21.126,4260.2
soc3,2022_10_05_M1_M6,C4u_comused_sigma0,0.999996,0.999996,0.999996,0.999978,0,0.0,1.0,1080000,2,2,90000,19.102,4711.5
soc3,2022_10_05_M1_M6,C4u_comused_sigma3,0.999952,0.999952,0.999952,0.999711,0,0.0,1.0,1080000,2,2,90000,19.318,4658.9
soc3,2022_10_05_M1_M6,C7_cams2,1.0,1.0,1.0,1.0,0,0.0,1.0,356000,2,2,89000,42.523,2093.0
soc3,2022_10_05_M1_M6,C7_cams3,1.0,1.0,1.0,1.0,0,0.0,1.0,534000,2,2,89000,57.874,1537.8
soc3,2022_10_05_M1_M6,C7_cams4,1.0,1.0,1.0,1.0,0,0.0,1.0,712000,2,2,89000,63.236,1407.4
soc3,2022_10_05_M1_M6,C7_cams5,1.0,1.0,1.0,1.0,0,0.0,1.0,890000,2,2,89000,72.384,1229.6
soc3,2022_10_05_M1_M6,C7b_cams2_sigma10,0.999354,0.999354,0.999354,0.998708,2,0.562,1.0,356000,2,2,89000,41.548,2142.1
soc3,2022_10_05_M1_M6,C7b_cams3_sigma10,1.0,1.0,1.0,1.0,0,0.0,1.0,534000,2,2,89000,55.918,1591.6
soc3,2022_10_05_M1_M6,C7b_cams4_sigma10,1.0,1.0,1.0,1.0,0,0.0,1.0,712000,2,2,89000,61.942,1436.8
soc3,2022_10_05_M1_M6,C7b_cams5_sigma10,1.0,1.0,1.0,1.0,0,0.0,1.0,890000,2,2,89000,73.417,1212.3
soc3,2022_10_05_M1_M6,C7c_cams2_sigma0,1.0,1.0,1.0,1.0,0,0.0,1.0,356000,2,2,89000,49.796,1787.3
soc3,2022_10_05_M1_M6,C7c_cams3_sigma0,1.0,1.0,1.0,1.0,0,0.0,1.0,534000,2,2,89000,64.7,1375.6
soc3,2022_10_05_M1_M6,C7c_cams4_sigma0,1.0,1.0,1.0,1.0,0,0.0,1.0,712000,2,2,89000,73.233,1215.3
soc3,2022_10_05_M1_M6,C7c_cams5_sigma0,1.0,1.0,1.0,1.0,0,0.0,1.0,890000,2,2,89000,82.748,1075.6
soc3,2022_10_05_M1_M6,C7d_cams2_drop25,0.856777,0.999985,0.999985,0.999958,4,1.499,0.74946,266848,2,2,89000,42.788,2072.1
soc3,2022_10_05_M1_M6,C7d_cams3_drop25,0.967839,0.999968,0.999976,0.999908,6,1.497,0.937741,400761,2,2,89000,57.418,1549.5
soc3,2022_10_05_M1_M6,C7d_cams4_drop25,0.991968,0.999853,0.999871,0.999651,30,5.62,0.984351,533767,2,2,89000,65.408,1360.6
soc3,2022_10_05_M1_M6,C7d_cams5_drop25,0.998038,0.999992,0.999992,0.999944,0,0.0,0.996099,667552,2,2,89000,75.906,1172.5
soc3,2022_10_05_M1_M6,C7d_cams6_drop25,0.999492,0.999985,0.999985,0.99991,2,0.25,0.999015,799890,2,2,89000,80.255,1109.0
soc3,2022_10_05_M1_M6,C7e_cams2_s3drop25,0.58018,0.676715,0.999965,0.999903,11,4.117,0.750313,267166,2,2,89000,43.015,2061.5
soc3,2022_10_05_M1_M6,C7e_cams3_s3drop25,0.968147,0.999987,0.999989,0.999954,4,0.998,0.938285,400876,2,2,89000,59.472,1496.1
soc3,2022_10_05_M1_M6,C7e_cams4_s3drop25,0.992136,0.999989,0.999989,0.999944,4,0.749,0.984416,534346,2,2,89000,67.562,1317.3
soc3,2022_10_05_M1_M6,C7e_cams5_s3drop25,0.997958,0.999991,0.999991,0.999944,0,0.0,0.995943,667240,2,2,89000,68.142,1306.1
soc3,2022_10_05_M1_M6,C7f_cams2_s3drop10,0.947757,0.999997,0.999997,0.999988,2,0.624,0.900708,320621,2,2,89000,44.464,2001.3
soc3,2022_10_05_M1_M6,C7f_cams3_s3drop10,0.995014,1.0,1.0,1.0,0,0.0,0.990077,480812,2,2,89000,60.921,1460.9
soc3,2022_10_05_M1_M6,C7f_cams4_s3drop10,0.999538,0.999995,0.999995,0.999966,0,0.0,0.999087,640529,2,2,89000,67.682,1315.0
soc3,2022_10_05_M1_M6,C7f_cams5_s3drop10,0.999946,0.999996,0.999996,0.999966,0,0.0,0.999899,801884,2,2,89000,73.629,1208.8
soc3,2022_10_05_M1_M6,C8_drop50_sigma0,0.983814,0.999901,0.999911,0.99967,18,3.375,0.968331,533327,2,2,89000,65.699,1354.4
soc3,2022_10_05_M3_M2,C1_sigma0,1.0,1.0,1.0,1.0,0,0.0,1.0,1068000,2,2,89000,75.689,1175.9
soc3,2022_10_05_M3_M2,C1_sigma1,1.0,1.0,1.0,1.0,0,0.0,1.0,1068000,2,2,89000,86.371,1030.4
soc3,2022_10_05_M3_M2,C1_sigma10,1.0,1.0,1.0,1.0,0,0.0,1.0,1068000,2,2,89000,84.822,1049.3
soc3,2022_10_05_M3_M2,C1_sigma2,1.0,1.0,1.0,1.0,0,0.0,1.0,1068000,2,2,89000,86.22,1032.2
soc3,2022_10_05_M3_M2,C1_sigma20,0.999993,0.999993,0.999993,0.999955,0,0.0,1.0,1068000,2,2,89000,87.538,1016.7
soc3,2022_10_05_M3_M2,C1_sigma3,1.0,1.0,1.0,1.0,0,0.0,1.0,1068000,2,2,89000,84.819,1049.3
soc3,2022_10_05_M3_M2,C1_sigma5,1.0,1.0,1.0,1.0,0,0.0,1.0,1068000,2,2,89000,90.11,987.7
soc3,2022_10_05_M3_M2,C2_drop0.1,0.999983,0.999992,0.999992,0.99991,0,0.0,0.999982,961047,2,2,89000,79.078,1125.5
soc3,2022_10_05_M3_M2,C2_drop0.25,0.999456,0.999965,0.999966,0.999843,4,0.5,0.998983,800703,2,2,89000,72.729,1223.7
soc3,2022_10_05_M3_M2,C2_drop0.5,0.952001,0.967064,0.999766,0.999113,29,5.433,0.969326,533774,2,2,89000,64.566,1378.0
soc3,2022_10_05_M3_M2,C2b_nodedrop0.25,1.0,1.0,1.0,1.0,0,0.0,1.0,1068000,2,2,89000,82.007,1085.3
soc3,2022_10_05_M3_M2,C2b_nodedrop0.5,0.538533,0.538533,0.999979,0.99991,2,0.187,1.0,1067999,2,2,89000,68.389,1301.4
soc3,2022_10_05_M3_M2,C3_occl0.25,0.999927,0.999967,0.999968,0.99973,10,0.959,0.999919,1042596,2,2,89000,87.811,1013.5
soc3,2022_10_05_M3_M2,C3_occl0.5,0.999141,0.999922,0.999932,0.999404,30,2.949,0.998438,1017217,2,2,89000,86.313,1031.1
soc3,2022_10_05_M3_M2,C4_com_sigma0,0.999887,0.999887,0.999887,0.999333,0,0.0,1.0,1080000,2,2,90000,23.363,3852.2
soc3,2022_10_05_M3_M2,C4_com_sigma3,0.999843,0.999843,0.999843,0.999067,0,0.0,1.0,1080000,2,2,90000,22.678,3968.6
soc3,2022_10_05_M3_M2,C4u_comused_sigma0,0.999994,0.999994,0.999994,0.999967,0,0.0,1.0,1080000,2,2,90000,19.244,4676.8
soc3,2022_10_05_M3_M2,C4u_comused_sigma3,0.99997,0.99997,0.99997,0.999822,0,0.0,1.0,1080000,2,2,90000,18.626,4832.0
soc3,2022_10_05_M3_M2,C7_cams2,1.0,1.0,1.0,1.0,0,0.0,1.0,356000,2,2,89000,43.281,2056.3
soc3,2022_10_05_M3_M2,C7_cams3,1.0,1.0,1.0,1.0,0,0.0,1.0,534000,2,2,89000,57.033,1560.5
soc3,2022_10_05_M3_M2,C7_cams4,1.0,1.0,1.0,1.0,0,0.0,1.0,712000,2,2,89000,64.217,1385.9
soc3,2022_10_05_M3_M2,C7_cams5,1.0,1.0,1.0,1.0,0,0.0,1.0,890000,2,2,89000,70.365,1264.8
soc3,2022_10_05_M3_M2,C7b_cams2_sigma10,1.0,1.0,1.0,1.0,0,0.0,1.0,356000,2,2,89000,41.428,2148.3
soc3,2022_10_05_M3_M2,C7b_cams3_sigma10,1.0,1.0,1.0,1.0,0,0.0,1.0,534000,2,2,89000,53.905,1651.1
soc3,2022_10_05_M3_M2,C7b_cams4_sigma10,1.0,1.0,1.0,1.0,0,0.0,1.0,712000,2,2,89000,59.377,1498.9
soc3,2022_10_05_M3_M2,C7b_cams5_sigma10,1.0,1.0,1.0,1.0,0,0.0,1.0,890000,2,2,89000,71.847,1238.7
soc3,2022_10_05_M3_M2,C7c_cams2_sigma0,1.0,1.0,1.0,1.0,0,0.0,1.0,356000,2,2,89000,49.431,1800.5
soc3,2022_10_05_M3_M2,C7c_cams3_sigma0,1.0,1.0,1.0,1.0,0,0.0,1.0,534000,2,2,89000,60.466,1471.9
soc3,2022_10_05_M3_M2,C7c_cams4_sigma0,1.0,1.0,1.0,1.0,0,0.0,1.0,712000,2,2,89000,69.424,1282.0
soc3,2022_10_05_M3_M2,C7c_cams5_sigma0,1.0,1.0,1.0,1.0,0,0.0,1.0,890000,2,2,89000,81.933,1086.3
soc3,2022_10_05_M3_M2,C7d_cams2_drop25,0.856649,0.999925,0.999925,0.999819,15,5.623,0.749342,266770,2,2,89000,42.375,2091.8
soc3,2022_10_05_M3_M2,C7d_cams3_drop25,0.967522,0.999973,0.999976,0.999896,6,1.499,0.937136,400134,2,2,89000,56.923,1563.1
soc3,2022_10_05_M3_M2,C7d_cams4_drop25,0.992048,0.999971,0.999975,0.999876,2,0.375,0.984276,533018,2,2,89000,67.774,1313.2
soc3,2022_10_05_M3_M2,C7d_cams5_drop25,0.998011,0.999968,0.99997,0.999798,14,2.096,0.996092,667861,2,2,89000,73.306,1214.1
soc3,2022_10_05_M3_M2,C7d_cams6_drop25,0.99944,0.999981,0.999981,0.999854,0,0.0,0.998919,801066,2,2,89000,77.456,1149.0
soc3,2022_10_05_M3_M2,C7e_cams2_s3drop25,0.856992,0.99987,0.9999,0.99975,21,7.871,0.749939,266819,2,2,89000,42.307,2095.1
soc3,2022_10_05_M3_M2,C7e_cams3_s3drop25,0.967912,0.999995,0.999997,0.999988,1,0.249,0.937829,400994,2,2,89000,57.915,1536.3
soc3,2022_10_05_M3_M2,C7e_cams4_s3drop25,0.992204,0.999968,0.999968,0.999865,6,1.123,0.984592,534322,2,2,89000,68.112,1306.6
soc3,2022_10_05_M3_M2,C7e_cams5_s3drop25,0.997973,0.999967,0.999967,0.999809,6,0.899,0.99602,667328,2,2,89000,68.28,1303.5
soc3,2022_10_05_M3_M2,C7f_cams2_s3drop10,0.947256,1.0,1.0,1.0,0,0.0,0.899797,320370,2,2,89000,43.116,2063.8
soc3,2022_10_05_M3_M2,C7f_cams3_s3drop10,0.99498,0.999996,0.999996,0.999978,0,0.0,0.990018,480969,2,2,89000,56.551,1573.8
soc3,2022_10_05_M3_M2,C7f_cams4_s3drop10,0.999474,0.999997,0.999997,0.999978,0,0.0,0.998956,640609,2,2,89000,68.529,1298.7
soc3,2022_10_05_M3_M2,C7f_cams5_s3drop10,0.999946,0.999993,0.999993,0.999955,2,0.25,0.999906,801124,2,2,89000,75.72,1175.4
soc3,2022_10_05_M3_M2,C8_drop50_sigma0,0.984214,0.999842,0.99985,0.999295,32,5.981,0.96922,535015,2,2,89000,66.768,1332.6
soc3,2022_10_05_M5_M4,C1_sigma0,1.0,1.0,1.0,1.0,0,0.0,1.0,1068000,2,2,89000,91.792,969.6
soc3,2022_10_05_M5_M4,C1_sigma1,1.0,1.0,1.0,1.0,0,0.0,1.0,1068000,2,2,89000,87.454,1017.7
soc3,2022_10_05_M5_M4,C1_sigma10,0.895266,0.895266,0.999955,0.999843,4,0.375,1.0,1068000,2,2,89000,88.058,1010.7
soc3,2022_10_05_M5_M4,C1_sigma2,0.999996,0.999996,0.999996,0.999978,0,0.0,1.0,1068000,2,2,89000,88.159,1009.5
soc3,2022_10_05_M5_M4,C1_sigma20,0.893577,0.893577,0.99985,0.999517,28,2.622,1.0,1068000,2,2,89000,88.522,1005.4
soc3,2022_10_05_M5_M4,C1_sigma3,0.999996,0.999996,0.999996,0.999978,0,0.0,1.0,1068000,2,2,89000,88.044,1010.9
soc3,2022_10_05_M5_M4,C1_sigma5,0.999998,0.999998,0.999998,0.999989,0,0.0,1.0,1068000,2,2,89000,90.653,981.8
soc3,2022_10_05_M5_M4,C2_drop0.1,0.999976,0.99998,0.99998,0.99991,0,0.0,0.999991,960482,2,2,89000,82.466,1079.2
soc3,2022_10_05_M5_M4,C2_drop0.25,0.895045,0.895479,0.999973,0.999843,2,0.25,0.999031,801468,2,2,89000,73.816,1205.7
soc3,2022_10_05_M5_M4,C2_drop0.5,0.983751,0.999772,0.999874,0.999534,14,2.624,0.968457,533522,2,2,89000,66.268,1342.7
soc3,2022_10_05_M5_M4,C2b_nodedrop0.25,0.999989,0.999989,0.999989,0.999966,0,0.0,1.0,1068000,2,2,89000,78.911,1127.9
soc3,2022_10_05_M5_M4,C2b_nodedrop0.5,0.998101,0.998101,0.999869,0.999584,18,1.685,1.0,1068000,2,2,89000,68.414,1300.9
soc3,2022_10_05_M5_M4,C3_occl0.25,0.894729,0.894834,0.999976,0.999865,6,0.608,0.999766,986813,2,2,89000,81.754,1088.6
soc3,2022_10_05_M5_M4,C3_occl0.5,0.891916,0.894428,0.999933,0.999549,20,2.209,0.994397,905437,2,2,89000,79.055,1125.7
soc3,2022_10_05_M5_M4,C4_com_sigma0,0.999904,0.999904,0.999904,0.999422,0,0.0,1.0,1080000,2,2,90000,21.867,4115.8
soc3,2022_10_05_M5_M4,C4_com_sigma3,0.999809,0.999809,0.999809,0.998867,0,0.0,1.0,1080000,2,2,90000,22.474,4004.6
soc3,2022_10_05_M5_M4,C4u_comused_sigma0,0.999993,0.999993,0.999993,0.999956,0,0.0,1.0,1080000,2,2,90000,18.885,4765.7
soc3,2022_10_05_M5_M4,C4u_comused_sigma3,0.999933,0.999933,0.999933,0.9996,0,0.0,1.0,1080000,2,2,90000,18.442,4880.2
soc3,2022_10_05_M5_M4,C7_cams2,1.0,1.0,1.0,1.0,0,0.0,1.0,356000,2,2,89000,42.163,2110.9
soc3,2022_10_05_M5_M4,C7_cams3,0.999629,0.999629,0.999629,0.998888,0,0.0,1.0,534000,2,2,89000,51.467,1729.3
soc3,2022_10_05_M5_M4,C7_cams4,1.0,1.0,1.0,1.0,0,0.0,1.0,712000,2,2,89000,64.077,1389.0
soc3,2022_10_05_M5_M4,C7_cams5,0.999998,0.999998,0.999998,0.999989,0,0.0,1.0,890000,2,2,89000,67.393,1320.6
soc3,2022_10_05_M5_M4,C7b_cams2_sigma10,0.893596,0.893596,0.999944,0.999888,12,3.371,1.0,356000,2,2,89000,41.775,2130.5
soc3,2022_10_05_M5_M4,C7b_cams3_sigma10,0.999839,0.999839,0.999933,0.999798,12,2.247,1.0,534000,2,2,89000,53.049,1677.7
soc3,2022_10_05_M5_M4,C7b_cams4_sigma10,0.998014,0.998014,0.999935,0.999798,6,0.843,1.0,712000,2,2,89000,64.378,1382.5
soc3,2022_10_05_M5_M4,C7b_cams5_sigma10,0.998319,0.998319,0.999948,0.999787,4,0.449,1.0,890000,2,2,89000,73.937,1203.7
soc3,2022_10_05_M5_M4,C7c_cams2_sigma0,1.0,1.0,1.0,1.0,0,0.0,1.0,356000,2,2,89000,47.306,1881.4
soc3,2022_10_05_M5_M4,C7c_cams3_sigma0,1.0,1.0,1.0,1.0,0,0.0,1.0,534000,2,2,89000,62.823,1416.7
soc3,2022_10_05_M5_M4,C7c_cams4_sigma0,1.0,1.0,1.0,1.0,0,0.0,1.0,712000,2,2,89000,70.585,1260.9
soc3,2022_10_05_M5_M4,C7c_cams5_sigma0,1.0,1.0,1.0,1.0,0,0.0,1.0,890000,2,2,89000,71.983,1236.4
soc3,2022_10_05_M5_M4,C7d_cams2_drop25,0.857824,0.999995,0.999995,0.999986,2,0.748,0.75105,267234,2,2,89000,40.828,2171.3
soc3,2022_10_05_M5_M4,C7d_cams3_drop25,0.967567,0.999627,0.999627,0.998987,68,16.974,0.937849,400603,2,2,89000,56.466,1575.8
soc3,2022_10_05_M5_M4,C7d_cams4_drop25,0.991739,0.999724,0.999724,0.998941,36,6.744,0.984153,533790,2,2,89000,62.047,1434.4
soc3,2022_10_05_M5_M4,C7d_cams5_drop25,0.893654,0.895367,0.999932,0.999786,14,2.095,0.996182,668228,2,2,89000,68.341,1302.3
soc3,2022_10_05_M5_M4,C7d_cams6_drop25,0.999526,0.999991,0.999991,0.999944,0,0.0,0.99907,800004,2,2,89000,73.069,1218.0
soc3,2022_10_05_M5_M4,C7e_cams2_s3drop25,0.808217,0.943367,0.999375,0.998833,70,26.223,0.749378,266944,2,2,89000,42.895,2067.4
soc3,2022_10_05_M5_M4,C7e_cams3_s3drop25,0.967909,0.999949,0.999952,0.999839,10,2.495,0.937905,400852,2,2,89000,53.759,1655.2
soc3,2022_10_05_M5_M4,C7e_cams4_s3drop25,0.992197,0.999981,0.999981,0.99991,0,0.0,0.984551,533695,2,2,89000,67.469,1319.1
soc3,2022_10_05_M5_M4,C7e_cams5_s3drop25,0.893334,0.895102,0.999971,0.999888,4,0.599,0.996056,667290,2,2,89000,70.123,1269.2
soc3,2022_10_05_M5_M4,C7f_cams2_s3drop10,0.9473,1.0,1.0,1.0,0,0.0,0.899876,320433,2,2,89000,44.092,2018.3
soc3,2022_10_05_M5_M4,C7f_cams3_s3drop10,0.891015,0.895505,0.999649,0.998921,38,7.906,0.990024,480635,2,2,89000,61.43,1448.8
soc3,2022_10_05_M5_M4,C7f_cams4_s3drop10,0.894578,0.895003,0.999994,0.999955,2,0.312,0.999053,640699,2,2,89000,67.645,1315.7
soc3,2022_10_05_M5_M4,C7f_cams5_s3drop10,0.895216,0.895261,0.999978,0.99991,4,0.499,0.999899,800985,2,2,89000,77.385,1150.1
soc3,2022_10_05_M5_M4,C8_drop50_sigma0,0.880788,0.895149,0.999909,0.999636,14,2.625,0.968421,533426,2,2,89000,63.642,1398.1
soc3,2022_10_06_M2_M4,C1_sigma0,1.0,1.0,1.0,1.0,0,0.0,1.0,1068000,2,2,89000,80.743,1102.3
soc3,2022_10_06_M2_M4,C1_sigma1,1.0,1.0,1.0,1.0,0,0.0,1.0,1068000,2,2,89000,81.115,1097.2
soc3,2022_10_06_M2_M4,C1_sigma10,0.999753,0.999753,0.999824,0.999483,36,3.371,1.0,1068000,2,2,89000,83.132,1070.6
soc3,2022_10_06_M2_M4,C1_sigma2,1.0,1.0,1.0,1.0,0,0.0,1.0,1068000,2,2,89000,83.038,1071.8
soc3,2022_10_06_M2_M4,C1_sigma20,0.999406,0.999406,0.999534,0.998236,54,5.056,1.0,1068000,2,2,89000,83.268,1068.8
soc3,2022_10_06_M2_M4,C1_sigma3,0.999987,0.999987,0.999987,0.999933,0,0.0,1.0,1068000,2,2,89000,80.543,1105.0
soc3,2022_10_06_M2_M4,C1_sigma5,0.888708,0.888708,0.999918,0.999674,8,0.749,1.0,1068000,2,2,89000,81.554,1091.3
soc3,2022_10_06_M2_M4,C2_drop0.1,0.999958,0.999963,0.999963,0.999764,0,0.0,0.999991,961149,2,2,89000,78.285,1136.9
soc3,2022_10_06_M2_M4,C2_drop0.25,0.888305,0.888716,0.999885,0.99936,16,1.998,0.999075,800966,2,2,89000,68.431,1300.6
soc3,2022_10_06_M2_M4,C2_drop0.5,0.981505,0.997394,0.999476,0.997918,95,17.803,0.968638,533610,2,2,89000,63.7,1396.8
soc3,2022_10_06_M2_M4,C2b_nodedrop0.25,0.999961,0.999961,0.999961,0.999787,0,0.0,1.0,1068000,2,2,89000,84.129,1057.9
soc3,2022_10_06_M2_M4,C2b_nodedrop0.5,0.999594,0.999594,0.999728,0.999022,38,3.558,1.0,1068000,2,2,89000,73.89,1204.5
soc3,2022_10_06_M2_M4,C3_occl0.25,0.999751,0.999885,0.999885,0.999169,20,2.038,0.999732,981289,2,2,89000,78.875,1128.4
soc3,2022_10_06_M2_M4,C3_occl0.5,0.876008,0.878708,0.999713,0.998162,78,8.727,0.993873,893813,2,2,89000,75.45,1179.6
soc3,2022_10_06_M2_M4,C4_com_sigma0,0.815635,0.815635,0.999609,0.997767,8,0.741,1.0,1080000,2,2,90000,21.479,4190.1
soc3,2022_10_06_M2_M4,C4_com_sigma3,0.934276,0.934276,0.99885,0.993367,16,1.481,1.0,1080000,2,2,90000,22.284,4038.8
soc3,2022_10_06_M2_M4,C4u_comused_sigma0,0.999969,0.999969,0.999969,0.999811,0,0.0,1.0,1080000,2,2,90000,18.57,4846.5
soc3,2022_10_06_M2_M4,C4u_comused_sigma3,0.999231,0.999231,0.999231,0.995389,0,0.0,1.0,1080000,2,2,90000,19.617,4587.9
soc3,2022_10_06_M2_M4,C7_cams2,0.888618,0.888618,0.999978,0.999955,4,1.124,1.0,356000,2,2,89000,41.783,2130.1
soc3,2022_10_06_M2_M4,C7_cams3,0.888659,0.888659,0.999944,0.999831,2,0.375,1.0,534000,2,2,89000,57.371,1551.3
soc3,2022_10_06_M2_M4,C7_cams4,0.888629,0.888629,0.999966,0.999876,2,0.281,1.0,712000,2,2,89000,62.826,1416.6
soc3,2022_10_06_M2_M4,C7_cams5,0.999987,0.999987,0.999987,0.999944,0,0.0,1.0,890000,2,2,89000,71.076,1252.2
soc3,2022_10_06_M2_M4,C7b_cams2_sigma10,0.964989,0.964989,0.999854,0.999708,32,8.989,1.0,356000,2,2,89000,41.702,2134.2
soc3,2022_10_06_M2_M4,C7b_cams3_sigma10,0.888599,0.888599,0.999843,0.999528,34,6.367,1.0,534000,2,2,89000,53.492,1663.8
soc3,2022_10_06_M2_M4,C7b_cams4_sigma10,0.888565,0.888565,0.999823,0.999461,38,5.337,1.0,712000,2,2,89000,64.587,1378.0
soc3,2022_10_06_M2_M4,C7b_cams5_sigma10,0.888629,0.888629,0.999845,0.999449,34,3.82,1.0,890000,2,2,89000,73.232,1215.3
soc3,2022_10_06_M2_M4,C7c_cams2_sigma0,1.0,1.0,1.0,1.0,0,0.0,1.0,356000,2,2,89000,41.933,2122.4
soc3,2022_10_06_M2_M4,C7c_cams3_sigma0,1.0,1.0,1.0,1.0,0,0.0,1.0,534000,2,2,89000,58.393,1524.2
soc3,2022_10_06_M2_M4,C7c_cams4_sigma0,1.0,1.0,1.0,1.0,0,0.0,1.0,712000,2,2,89000,65.498,1358.8
soc3,2022_10_06_M2_M4,C7c_cams5_sigma0,1.0,1.0,1.0,1.0,0,0.0,1.0,890000,2,2,89000,72.892,1221.0
soc3,2022_10_06_M2_M4,C7d_cams2_drop25,0.76281,0.889536,0.998459,0.996836,189,70.759,0.750604,267105,2,2,89000,37.57,2360.6
soc3,2022_10_06_M2_M4,C7d_cams3_drop25,0.968076,0.999936,0.999947,0.99977,16,3.991,0.938243,400945,2,2,89000,49.058,1813.8
soc3,2022_10_06_M2_M4,C7d_cams4_drop25,0.992053,0.999926,0.999928,0.999628,18,3.369,0.984377,534327,2,2,89000,59.625,1492.6
soc3,2022_10_06_M2_M4,C7d_cams5_drop25,0.997912,0.999887,0.999901,0.999416,16,2.397,0.996058,667618,2,2,89000,61.598,1444.9
soc3,2022_10_06_M2_M4,C7d_cams6_drop25,0.999413,0.999925,0.999925,0.999562,14,1.749,0.998977,800233,2,2,89000,64.408,1381.8
soc3,2022_10_06_M2_M4,C7e_cams2_s3drop25,0.645879,0.753499,0.99984,0.999596,34,12.748,0.750045,266704,2,2,89000,40.361,2196.2
soc3,2022_10_06_M2_M4,C7e_cams3_s3drop25,0.966471,0.998592,0.99922,0.997766,130,32.449,0.937673,400626,2,2,89000,56.507,1574.7
soc3,2022_10_06_M2_M4,C7e_cams4_s3drop25,0.991847,0.999715,0.999836,0.999313,38,7.114,0.984384,534179,2,2,89000,66.943,1329.5
soc3,2022_10_06_M2_M4,C7e_cams5_s3drop25,0.886744,0.888524,0.999857,0.999359,28,4.193,0.996,667748,2,2,89000,75.654,1176.4
soc3,2022_10_06_M2_M4,C7f_cams2_s3drop10,0.944102,0.996614,0.996621,0.993283,316,98.651,0.899894,320322,2,2,89000,44.575,1996.5
soc3,2022_10_06_M2_M4,C7f_cams3_s3drop10,0.884002,0.888509,0.999907,0.999674,14,2.915,0.989907,480356,2,2,89000,60.648,1467.5
soc3,2022_10_06_M2_M4,C7f_cams4_s3drop10,0.999465,0.999967,0.999967,0.999865,2,0.312,0.998997,640918,2,2,89000,67.097,1326.4
soc3,2022_10_06_M2_M4,C7f_cams5_s3drop10,0.999894,0.999955,0.999955,0.999753,0,0.0,0.999878,801210,2,2,89000,76.149,1168.8
soc3,2022_10_06_M2_M4,C8_drop50_sigma0,0.810497,0.823632,0.999582,0.998318,83,15.54,0.968605,534100,2,2,89000,67.722,1314.0
soc3,2022_10_06_M3_M6,C1_sigma0,1.0,1.0,1.0,1.0,0,0.0,1.0,1068000,2,2,89000,81.709,1089.2
soc3,2022_10_06_M3_M6,C1_sigma1,0.999983,0.999983,0.999983,0.999955,2,0.187,1.0,1068000,2,2,89000,82.724,1075.9
soc3,2022_10_06_M3_M6,C1_sigma10,0.947801,0.947801,0.998629,0.995921,266,24.906,1.0,1068000,2,2,89000,81.397,1093.4
soc3,2022_10_06_M3_M6,C1_sigma2,0.99988,0.99988,0.999884,0.999618,8,0.749,1.0,1068000,2,2,89000,83.615,1064.4
soc3,2022_10_06_M3_M6,C1_sigma20,0.972552,0.972552,0.998129,0.994382,352,32.959,1.0,1068000,2,2,89000,85.975,1035.2
soc3,2022_10_06_M3_M6,C1_sigma3,0.501993,0.501993,0.999772,0.999225,38,3.558,1.0,1068000,2,2,89000,81.84,1087.5
soc3,2022_10_06_M3_M6,C1_sigma5,0.973657,0.973657,0.999328,0.997618,92,8.614,1.0,1068000,2,2,89000,85.035,1046.6
soc3,2022_10_06_M3_M6,C2_drop0.1,0.999321,0.999328,0.999706,0.998708,42,4.37,0.999985,961096,2,2,89000,77.762,1144.5
soc3,2022_10_06_M3_M6,C2_drop0.25,0.882068,0.882515,0.999545,0.99791,72,8.986,0.998987,801254,2,2,89000,76.228,1167.5
soc3,2022_10_06_M3_M6,C2_drop0.5,0.579299,0.58867,0.998638,0.99527,238,44.602,0.968659,533611,2,2,89000,59.715,1489.9
soc3,2022_10_06_M3_M6,C2b_nodedrop0.25,0.973702,0.973702,0.99938,0.997933,66,6.18,1.0,1068000,2,2,89000,74.139,1200.4
soc3,2022_10_06_M3_M6,C2b_nodedrop0.5,0.547981,0.547981,0.99833,0.994944,282,26.405,1.0,1067999,2,2,89000,66.063,1347.2
soc3,2022_10_06_M3_M6,C3_occl0.25,0.57203,0.57206,0.999648,0.998034,74,7.158,0.999896,1033770,2,2,89000,82.108,1083.9
soc3,2022_10_06_M3_M6,C3_occl0.5,0.773659,0.774526,0.999406,0.996129,146,14.608,0.997763,999451,2,2,89000,81.223,1095.7
soc3,2022_10_06_M3_M6,C4_com_sigma0,0.594904,0.594904,0.999559,0.997856,56,5.185,1.0,1080000,2,2,90000,22.735,3958.7
soc3,2022_10_06_M3_M6,C4_com_sigma3,0.866413,0.866413,0.999061,0.995444,106,9.815,1.0,1080000,2,2,90000,22.262,4042.8
soc3,2022_10_06_M3_M6,C4u_comused_sigma0,0.999959,0.999959,0.999959,0.999756,0,0.0,1.0,1080000,2,2,90000,19.231,4679.9
soc3,2022_10_06_M3_M6,C4u_comused_sigma3,0.882502,0.882502,0.999469,0.997522,32,2.963,1.0,1080000,2,2,90000,19.3,4663.2
soc3,2022_10_06_M3_M6,C7_cams2,0.995618,0.995618,0.997247,0.994494,64,17.978,1.0,356000,2,2,89000,40.476,2198.8
soc3,2022_10_06_M3_M6,C7_cams3,0.501176,0.501176,0.997258,0.991775,58,10.861,1.0,534000,2,2,89000,57.74,1541.4
soc3,2022_10_06_M3_M6,C7_cams4,0.500604,0.500604,0.999683,0.999022,42,5.899,1.0,712000,2,2,89000,63.362,1404.6
soc3,2022_10_06_M3_M6,C7_cams5,0.502074,0.502074,0.999766,0.999124,22,2.472,1.0,890000,2,2,89000,72.273,1231.4
soc3,2022_10_06_M3_M6,C7b_cams2_sigma10,0.972584,0.972584,0.995438,0.990876,252,70.787,1.0,356000,2,2,89000,41.22,2159.1
soc3,2022_10_06_M3_M6,C7b_cams3_sigma10,0.92473,0.92473,0.998682,0.996045,316,59.176,1.0,534000,2,2,89000,56.639,1571.4
soc3,2022_10_06_M3_M6,C7b_cams4_sigma10,0.945846,0.945846,0.998643,0.996101,274,38.483,1.0,712000,2,2,89000,63.227,1407.6
soc3,2022_10_06_M3_M6,C7b_cams5_sigma10,0.994989,0.994989,0.997409,0.992719,284,31.91,1.0,890000,2,2,89000,71.81,1239.4
soc3,2022_10_06_M3_M6,C7c_cams2_sigma0,1.0,1.0,1.0,1.0,0,0.0,1.0,356000,2,2,89000,42.394,2099.4
soc3,2022_10_06_M3_M6,C7c_cams3_sigma0,1.0,1.0,1.0,1.0,0,0.0,1.0,534000,2,2,89000,53.764,1655.4
soc3,2022_10_06_M3_M6,C7c_cams4_sigma0,1.0,1.0,1.0,1.0,0,0.0,1.0,712000,2,2,89000,63.776,1395.5
soc3,2022_10_06_M3_M6,C7c_cams5_sigma0,1.0,1.0,1.0,1.0,0,0.0,1.0,890000,2,2,89000,71.924,1237.4
soc3,2022_10_06_M3_M6,C7d_cams2_drop25,0.666901,0.778435,0.998034,0.996014,221,82.848,0.749352,266753,2,2,89000,37.086,2390.9
soc3,2022_10_06_M3_M6,C7d_cams3_drop25,0.967522,0.99967,0.999689,0.998963,72,17.964,0.937687,400799,2,2,89000,49.977,1780.5
soc3,2022_10_06_M3_M6,C7d_cams4_drop25,0.968837,0.976495,0.999793,0.999088,52,9.744,0.984437,533637,2,2,89000,59.172,1504.1
soc3,2022_10_06_M3_M6,C7d_cams5_drop25,0.973014,0.974894,0.999253,0.997494,98,14.68,0.996152,667580,2,2,89000,65.34,1362.1
soc3,2022_10_06_M3_M6,C7d_cams6_drop25,0.593307,0.59359,0.999798,0.998865,26,3.244,0.999044,801537,2,2,89000,68.795,1293.7
soc3,2022_10_06_M3_M6,C7e_cams2_s3drop25,0.457338,0.533995,0.99159,0.983409,1006,376.717,0.748933,267044,2,2,89000,41.456,2138.8
soc3,2022_10_06_M3_M6,C7e_cams3_s3drop25,0.965194,0.997735,0.999426,0.998156,150,37.486,0.936831,400149,2,2,89000,53.727,1656.1
soc3,2022_10_06_M3_M6,C7e_cams4_s3drop25,0.895403,0.902556,0.999313,0.997646,140,26.22,0.984275,533938,2,2,89000,69.776,1275.5
soc3,2022_10_06_M3_M6,C7e_cams5_s3drop25,0.566524,0.567666,0.999526,0.997977,78,11.698,0.995985,666786,2,2,89000,73.338,1213.6
soc3,2022_10_06_M3_M6,C7f_cams2_s3drop10,0.924609,0.975709,0.99965,0.999208,96,29.95,0.900468,320529,2,2,89000,43.986,2023.2
soc3,2022_10_06_M3_M6,C7f_cams3_s3drop10,0.966649,0.971544,0.997772,0.993366,216,44.946,0.989972,480578,2,2,89000,55.616,1600.3
soc3,2022_10_06_M3_M6,C7f_cams4_s3drop10,0.522289,0.522537,0.99958,0.998551,64,9.98,0.99905,641260,2,2,89000,65.644,1355.8
soc3,2022_10_06_M3_M6,C7f_cams5_s3drop10,0.500551,0.500576,0.99838,0.995449,144,17.986,0.999899,800634,2,2,89000,73.397,1212.6
soc3,2022_10_06_M3_M6,C8_drop50_sigma0,0.863192,0.877049,0.999068,0.996543,164,30.676,0.968892,534617,2,2,89000,65.165,1365.4
soc3,2022_10_06_M5_M1,C1_sigma0,1.0,1.0,1.0,1.0,0,0.0,1.0,1068000,2,2,89000,83.397,1067.2
soc3,2022_10_06_M5_M1,C1_sigma1,1.0,1.0,1.0,1.0,0,0.0,1.0,1068000,2,2,89000,82.958,1072.8
soc3,2022_10_06_M5_M1,C1_sigma10,0.867169,0.867169,0.999865,0.999551,20,1.873,1.0,1068000,2,2,89000,83.426,1066.8
soc3,2022_10_06_M5_M1,C1_sigma2,1.0,1.0,1.0,1.0,0,0.0,1.0,1068000,2,2,89000,84.729,1050.4
soc3,2022_10_06_M5_M1,C1_sigma20,0.867174,0.867174,0.999792,0.999382,48,4.494,1.0,1068000,2,2,89000,83.392,1067.2
soc3,2022_10_06_M5_M1,C1_sigma3,1.0,1.0,1.0,1.0,0,0.0,1.0,1068000,2,2,89000,82.351,1080.7
soc3,2022_10_06_M5_M1,C1_sigma5,0.999993,0.999993,0.999993,0.999955,0,0.0,1.0,1068000,2,2,89000,83.733,1062.9
soc3,2022_10_06_M5_M1,C2_drop0.1,0.999989,0.999994,0.999994,0.999933,0,0.0,0.99999,961283,2,2,89000,78.126,1139.2
soc3,2022_10_06_M5_M1,C2_drop0.25,0.999484,0.999983,0.999983,0.999888,2,0.25,0.999004,800879,2,2,89000,70.578,1261.0
soc3,2022_10_06_M5_M1,C2_drop0.5,0.98383,0.999861,0.99988,0.999545,23,4.313,0.968439,533261,2,2,89000,56.946,1562.7
soc3,2022_10_06_M5_M1,C2b_nodedrop0.25,1.0,1.0,1.0,1.0,0,0.0,1.0,1068000,2,2,89000,77.345,1150.7
soc3,2022_10_06_M5_M1,C2b_nodedrop0.5,0.999747,0.999747,0.999796,0.999416,38,3.558,1.0,1068000,2,2,89000,67.099,1326.4
soc3,2022_10_06_M5_M1,C3_occl0.25,0.999887,0.999985,0.999985,0.999899,2,0.2,0.999803,1002115,2,2,89000,77.866,1143.0
soc3,2022_10_06_M5_M1,C3_occl0.5,0.790394,0.792115,0.999952,0.999617,20,2.136,0.995662,936547,2,2,89000,77.013,1155.5
soc3,2022_10_06_M5_M1,C4_com_sigma0,0.999872,0.999872,0.999872,0.999289,2,0.185,1.0,1080000,2,2,90000,23.476,3833.7
soc3,2022_10_06_M5_M1,C4_com_sigma3,0.999637,0.999637,0.999637,0.997944,6,0.556,1.0,1080000,2,2,90000,23.96,3756.3
soc3,2022_10_06_M5_M1,C4u_comused_sigma0,0.999991,0.999991,0.999991,0.999944,0,0.0,1.0,1080000,2,2,90000,19.09,4714.5
soc3,2022_10_06_M5_M1,C4u_comused_sigma3,0.999819,0.999819,0.999819,0.998911,0,0.0,1.0,1080000,2,2,90000,19.102,4711.5
soc3,2022_10_06_M5_M1,C7_cams2,1.0,1.0,1.0,1.0,0,0.0,1.0,356000,2,2,89000,42.134,2112.3
soc3,2022_10_06_M5_M1,C7_cams3,1.0,1.0,1.0,1.0,0,0.0,1.0,534000,2,2,89000,53.442,1665.4
soc3,2022_10_06_M5_M1,C7_cams4,1.0,1.0,1.0,1.0,0,0.0,1.0,712000,2,2,89000,64.617,1377.3
soc3,2022_10_06_M5_M1,C7_cams5,1.0,1.0,1.0,1.0,0,0.0,1.0,890000,2,2,89000,71.393,1246.6
soc3,2022_10_06_M5_M1,C7b_cams2_sigma10,0.867174,0.867174,0.999837,0.999674,20,5.618,1.0,356000,2,2,89000,41.622,2138.3
soc3,2022_10_06_M5_M1,C7b_cams3_sigma10,0.867127,0.867127,0.999869,0.999607,46,8.614,1.0,534000,2,2,89000,57.068,1559.5
soc3,2022_10_06_M5_M1,C7b_cams4_sigma10,0.999781,0.999781,0.99986,0.999584,20,2.809,1.0,712000,2,2,89000,58.844,1512.5
soc3,2022_10_06_M5_M1,C7b_cams5_sigma10,0.867231,0.867231,0.999867,0.999573,22,2.472,1.0,890000,2,2,89000,70.991,1253.7
soc3,2022_10_06_M5_M1,C7c_cams2_sigma0,1.0,1.0,1.0,1.0,0,0.0,1.0,356000,2,2,89000,43.138,2063.1
soc3,2022_10_06_M5_M1,C7c_cams3_sigma0,1.0,1.0,1.0,1.0,0,0.0,1.0,534000,2,2,89000,58.279,1527.1
soc3,2022_10_06_M5_M1,C7c_cams4_sigma0,1.0,1.0,1.0,1.0,0,0.0,1.0,712000,2,2,89000,65.713,1354.4
soc3,2022_10_06_M5_M1,C7c_cams5_sigma0,1.0,1.0,1.0,1.0,0,0.0,1.0,890000,2,2,89000,70.687,1259.1
soc3,2022_10_06_M5_M1,C7d_cams2_drop25,0.465151,0.542176,0.999985,0.999958,7,2.617,0.751211,267464,2,2,89000,39.242,2258.2
soc3,2022_10_06_M5_M1,C7d_cams3_drop25,0.96796,0.999973,0.999976,0.999896,7,1.748,0.937958,400425,2,2,89000,49.222,1807.6
soc3,2022_10_06_M5_M1,C7d_cams4_drop25,0.992087,0.999983,0.999983,0.99991,4,0.749,0.984332,533961,2,2,89000,60.393,1473.7
soc3,2022_10_06_M5_M1,C7d_cams5_drop25,0.997968,0.999977,0.999977,0.999888,6,0.899,0.995989,667474,2,2,89000,63.873,1393.4
soc3,2022_10_06_M5_M1,C7d_cams6_drop25,0.999501,0.999966,0.999966,0.999753,6,0.749,0.999069,801322,2,2,89000,70.073,1270.1
soc3,2022_10_06_M5_M1,C7e_cams2_s3drop25,0.790081,0.922667,0.999034,0.998053,96,35.984,0.748712,266786,2,2,89000,41.536,2134.3
soc3,2022_10_06_M5_M1,C7e_cams3_s3drop25,0.967848,0.999984,0.999984,0.999931,4,0.998,0.937728,400713,2,2,89000,58.219,1528.4
soc3,2022_10_06_M5_M1,C7e_cams4_s3drop25,0.992038,0.99996,0.999968,0.999808,10,1.873,0.98428,533917,2,2,89000,62.588,1422.0
soc3,2022_10_06_M5_M1,C7e_cams5_s3drop25,0.998022,0.99997,0.999973,0.999831,4,0.599,0.996112,667763,2,2,89000,67.174,1324.9
soc3,2022_10_06_M5_M1,C7f_cams2_s3drop10,0.94762,0.999997,0.999997,0.999988,2,0.624,0.900461,320467,2,2,89000,43.646,2039.0
soc3,2022_10_06_M5_M1,C7f_cams3_s3drop10,0.995028,0.999992,0.999996,0.999978,2,0.416,0.990121,480404,2,2,89000,59.389,1498.6
soc3,2022_10_06_M5_M1,C7f_cams4_s3drop10,0.999485,0.999994,0.999994,0.999966,0,0.0,0.998984,640752,2,2,89000,66.802,1332.3
soc3,2022_10_06_M5_M1,C7f_cams5_s3drop10,0.999945,0.999995,0.999995,0.999955,0,0.0,0.9999,800695,2,2,89000,69.268,1284.9
soc3,2022_10_06_M5_M1,C8_drop50_sigma0,0.772326,0.784843,0.999925,0.999647,18,3.367,0.968604,534591,2,2,89000,67.557,1317.1
soc3,2022_10_07_M1_M4,C1_sigma0,1.0,1.0,1.0,1.0,0,0.0,1.0,1068000,2,2,89000,82.087,1084.2
soc3,2022_10_07_M1_M4,C1_sigma1,1.0,1.0,1.0,1.0,0,0.0,1.0,1068000,2,2,89000,79.521,1119.2
soc3,2022_10_07_M1_M4,C1_sigma10,1.0,1.0,1.0,1.0,0,0.0,1.0,1068000,2,2,89000,78.773,1129.8
soc3,2022_10_07_M1_M4,C1_sigma2,1.0,1.0,1.0,1.0,0,0.0,1.0,1068000,2,2,89000,81.921,1086.4
soc3,2022_10_07_M1_M4,C1_sigma20,0.999987,0.999987,0.999987,0.999921,0,0.0,1.0,1068000,2,2,89000,81.001,1098.8
soc3,2022_10_07_M1_M4,C1_sigma3,1.0,1.0,1.0,1.0,0,0.0,1.0,1068000,2,2,89000,83.195,1069.8
soc3,2022_10_07_M1_M4,C1_sigma5,1.0,1.0,1.0,1.0,0,0.0,1.0,1068000,2,2,89000,80.274,1108.7
soc3,2022_10_07_M1_M4,C2_drop0.1,0.999992,0.999998,0.999998,0.999978,0,0.0,0.999988,961136,2,2,89000,79.888,1114.1
soc3,2022_10_07_M1_M4,C2_drop0.25,0.99949,0.99999,0.99999,0.99991,0,0.0,0.999,801354,2,2,89000,73.808,1205.8
soc3,2022_10_07_M1_M4,C2_drop0.5,0.965879,0.981434,0.999919,0.99967,11,2.058,0.968797,534438,2,2,89000,62.957,1413.3
soc3,2022_10_07_M1_M4,C2b_nodedrop0.25,1.0,1.0,1.0,1.0,0,0.0,1.0,1068000,2,2,89000,71.934,1237.2
soc3,2022_10_07_M1_M4,C2b_nodedrop0.5,1.0,1.0,1.0,1.0,0,0.0,1.0,1068000,2,2,89000,69.9,1273.2
soc3,2022_10_07_M1_M4,C3_occl0.25,0.999901,0.999978,0.999978,0.999854,2,0.197,0.999845,1017478,2,2,89000,78.785,1129.7
soc3,2022_10_07_M1_M4,C3_occl0.5,0.998317,0.99995,0.999955,0.999617,24,2.481,0.996738,967210,2,2,89000,75.067,1185.6
soc3,2022_10_07_M1_M4,C4_com_sigma0,0.999804,0.999804,0.999804,0.998822,0,0.0,1.0,1080000,2,2,90000,22.442,4010.3
soc3,2022_10_07_M1_M4,C4_com_sigma3,0.99973,0.99973,0.99973,0.998422,0,0.0,1.0,1080000,2,2,90000,22.356,4025.8
soc3,2022_10_07_M1_M4,C4u_comused_sigma0,0.999976,0.999976,0.999976,0.999856,0,0.0,1.0,1080000,2,2,90000,19.187,4690.7
soc3,2022_10_07_M1_M4,C4u_comused_sigma3,0.99987,0.99987,0.99987,0.999222,0,0.0,1.0,1080000,2,2,90000,19.614,4588.6
soc3,2022_10_07_M1_M4,C7_cams2,1.0,1.0,1.0,1.0,0,0.0,1.0,356000,2,2,89000,43.543,2044.0
soc3,2022_10_07_M1_M4,C7_cams3,1.0,1.0,1.0,1.0,0,0.0,1.0,534000,2,2,89000,57.224,1555.3
soc3,2022_10_07_M1_M4,C7_cams4,1.0,1.0,1.0,1.0,0,0.0,1.0,712000,2,2,89000,63.81,1394.8
soc3,2022_10_07_M1_M4,C7_cams5,1.0,1.0,1.0,1.0,0,0.0,1.0,890000,2,2,89000,66.222,1344.0
soc3,2022_10_07_M1_M4,C7b_cams2_sigma10,0.981146,0.981146,0.999629,0.999258,2,0.562,1.0,356000,2,2,89000,41.754,2131.5
soc3,2022_10_07_M1_M4,C7b_cams3_sigma10,1.0,1.0,1.0,1.0,0,0.0,1.0,534000,2,2,89000,57.375,1551.2
soc3,2022_10_07_M1_M4,C7b_cams4_sigma10,1.0,1.0,1.0,1.0,0,0.0,1.0,712000,2,2,89000,65.477,1359.3
soc3,2022_10_07_M1_M4,C7b_cams5_sigma10,1.0,1.0,1.0,1.0,0,0.0,1.0,890000,2,2,89000,71.754,1240.3
soc3,2022_10_07_M1_M4,C7c_cams2_sigma0,1.0,1.0,1.0,1.0,0,0.0,1.0,356000,2,2,89000,41.338,2153.0
soc3,2022_10_07_M1_M4,C7c_cams3_sigma0,1.0,1.0,1.0,1.0,0,0.0,1.0,534000,2,2,89000,53.601,1660.4
soc3,2022_10_07_M1_M4,C7c_cams4_sigma0,1.0,1.0,1.0,1.0,0,0.0,1.0,712000,2,2,89000,63.505,1401.5
soc3,2022_10_07_M1_M4,C7c_cams5_sigma0,1.0,1.0,1.0,1.0,0,0.0,1.0,890000,2,2,89000,72.794,1222.6
soc3,2022_10_07_M1_M4,C7d_cams2_drop25,0.826501,0.964983,0.999995,0.999986,4,1.499,0.749005,266850,2,2,89000,37.305,2376.4
soc3,2022_10_07_M1_M4,C7d_cams3_drop25,0.967587,0.999979,0.999981,0.999919,4,0.999,0.937247,400491,2,2,89000,49.134,1810.8
soc3,2022_10_07_M1_M4,C7d_cams4_drop25,0.991934,0.99999,0.99999,0.999955,4,0.749,0.984015,533820,2,2,89000,58.361,1525.0
soc3,2022_10_07_M1_M4,C7d_cams5_drop25,0.998024,0.999982,0.999983,0.999899,2,0.3,0.996092,666907,2,2,89000,62.97,1413.4
soc3,2022_10_07_M1_M4,C7d_cams6_drop25,0.999499,0.999988,0.999988,0.999921,0,0.0,0.999024,801460,2,2,89000,63.285,1406.3
soc3,2022_10_07_M1_M4,C7e_cams2_s3drop25,0.840792,0.981269,0.99997,0.999917,10,3.748,0.749539,266820,2,2,89000,40.497,2189.0
soc3,2022_10_07_M1_M4,C7e_cams3_s3drop25,0.967444,0.999771,0.999888,0.999654,29,7.238,0.937358,400655,2,2,89000,55.367,1607.1
soc3,2022_10_07_M1_M4,C7e_cams4_s3drop25,0.991996,0.999985,0.999985,0.999921,4,0.749,0.984149,534166,2,2,89000,67.418,1320.1
soc3,2022_10_07_M1_M4,C7e_cams5_s3drop25,0.997967,0.999982,0.999982,0.999888,2,0.3,0.995979,666709,2,2,89000,73.366,1213.1
soc3,2022_10_07_M1_M4,C7f_cams2_s3drop10,0.947174,0.999709,0.999709,0.999406,36,11.238,0.900148,320334,2,2,89000,43.559,2043.0
soc3,2022_10_07_M1_M4,C7f_cams3_s3drop10,0.994889,0.999994,0.999994,0.999966,0,0.0,0.989842,480294,2,2,89000,61.836,1439.3
soc3,2022_10_07_M1_M4,C7f_cams4_s3drop10,0.955095,0.955584,0.999845,0.999652,14,2.186,0.998977,640427,2,2,89000,68.604,1297.3
soc3,2022_10_07_M1_M4,C7f_cams5_s3drop10,0.999937,0.999994,0.999994,0.999955,2,0.25,0.999886,801438,2,2,89000,69.254,1285.1
soc3,2022_10_07_M1_M4,C8_drop50_sigma0,0.933041,0.94814,0.999899,0.999602,17,3.184,0.96865,533901,2,2,89000,69.907,1272.7
soc3,2022_10_07_M5_M3,C1_sigma0,1.0,1.0,1.0,1.0,0,0.0,1.0,1068000,2,2,89000,81.726,1089.0
soc3,2022_10_07_M5_M3,C1_sigma1,1.0,1.0,1.0,1.0,0,0.0,1.0,1068000,2,2,89000,79.533,1119.0
soc3,2022_10_07_M5_M3,C1_sigma10,0.999998,0.999998,0.999998,0.999989,0,0.0,1.0,1068000,2,2,89000,82.335,1080.9
soc3,2022_10_07_M5_M3,C1_sigma2,1.0,1.0,1.0,1.0,0,0.0,1.0,1068000,2,2,89000,80.111,1111.0
soc3,2022_10_07_M5_M3,C1_sigma20,0.999966,0.999966,0.999966,0.999854,2,0.187,1.0,1068000,2,2,89000,82.357,1080.7
soc3,2022_10_07_M5_M3,C1_sigma3,1.0,1.0,1.0,1.0,0,0.0,1.0,1068000,2,2,89000,81.858,1087.2
soc3,2022_10_07_M5_M3,C1_sigma5,1.0,1.0,1.0,1.0,0,0.0,1.0,1068000,2,2,89000,79.004,1126.5
soc3,2022_10_07_M5_M3,C2_drop0.1,0.99999,0.999995,0.999995,0.999944,0,0.0,0.99999,960747,2,2,89000,76.905,1157.3
soc3,2022_10_07_M5_M3,C2_drop0.25,0.99949,0.999978,0.999978,0.999831,2,0.25,0.999026,800782,2,2,89000,70.631,1260.1
soc3,2022_10_07_M5_M3,C2_drop0.5,0.983704,0.999797,0.999828,0.999272,36,6.75,0.968319,533342,2,2,89000,60.222,1477.4
soc3,2022_10_07_M5_M3,C2b_nodedrop0.25,0.999996,0.999996,0.999996,0.999978,0,0.0,1.0,1068000,2,2,89000,78.497,1133.8
soc3,2022_10_07_M5_M3,C2b_nodedrop0.5,0.763551,0.763551,0.999978,0.999888,2,0.187,1.0,1068000,2,2,89000,66.204,1344.3
soc3,2022_10_07_M5_M3,C3_occl0.25,0.999894,0.999981,0.999981,0.999831,2,0.199,0.999825,1005895,2,2,89000,79.786,1115.5
soc3,2022_10_07_M5_M3,C3_occl0.5,0.997889,0.999936,0.999943,0.999606,18,1.907,0.995913,944014,2,2,89000,77.659,1145.9
soc3,2022_10_07_M5_M3,C4_com_sigma0,0.999654,0.999654,0.999754,0.9986,6,0.556,1.0,1080000,2,2,90000,22.713,3962.5
soc3,2022_10_07_M5_M3,C4_com_sigma3,0.992824,0.992824,0.999428,0.996656,6,0.556,1.0,1080000,2,2,90000,22.637,3975.8
soc3,2022_10_07_M5_M3,C4u_comused_sigma0,0.999978,0.999978,0.999978,0.999867,0,0.0,1.0,1080000,2,2,90000,18.075,4979.3
soc3,2022_10_07_M5_M3,C4u_comused_sigma3,0.999776,0.999776,0.999776,0.998656,0,0.0,1.0,1080000,2,2,90000,18.207,4943.2
soc3,2022_10_07_M5_M3,C7_cams2,1.0,1.0,1.0,1.0,0,0.0,1.0,356000,2,2,89000,42.569,2090.7
soc3,2022_10_07_M5_M3,C7_cams3,1.0,1.0,1.0,1.0,0,0.0,1.0,534000,2,2,89000,53.537,1662.4
soc3,2022_10_07_M5_M3,C7_cams4,1.0,1.0,1.0,1.0,0,0.0,1.0,712000,2,2,89000,60.15,1479.6
soc3,2022_10_07_M5_M3,C7_cams5,1.0,1.0,1.0,1.0,0,0.0,1.0,890000,2,2,89000,73.817,1205.7
soc3,2022_10_07_M5_M3,C7b_cams2_sigma10,0.641663,0.641663,0.999989,0.999978,2,0.562,1.0,356000,2,2,89000,42.337,2102.2
soc3,2022_10_07_M5_M3,C7b_cams3_sigma10,1.0,1.0,1.0,1.0,0,0.0,1.0,534000,2,2,89000,56.305,1580.7
soc3,2022_10_07_M5_M3,C7b_cams4_sigma10,0.999989,0.999989,0.999989,0.999966,2,0.281,1.0,712000,2,2,89000,63.207,1408.1
soc3,2022_10_07_M5_M3,C7b_cams5_sigma10,0.999998,0.999998,0.999998,0.999989,0,0.0,1.0,890000,2,2,89000,71.576,1243.4
soc3,2022_10_07_M5_M3,C7c_cams2_sigma0,1.0,1.0,1.0,1.0,0,0.0,1.0,356000,2,2,89000,42.575,2090.4
soc3,2022_10_07_M5_M3,C7c_cams3_sigma0,1.0,1.0,1.0,1.0,0,0.0,1.0,534000,2,2,89000,58.164,1530.2
soc3,2022_10_07_M5_M3,C7c_cams4_sigma0,1.0,1.0,1.0,1.0,0,0.0,1.0,712000,2,2,89000,63.931,1392.1
soc3,2022_10_07_M5_M3,C7c_cams5_sigma0,1.0,1.0,1.0,1.0,0,0.0,1.0,890000,2,2,89000,65.427,1360.3
soc3,2022_10_07_M5_M3,C7d_cams2_drop25,0.653693,0.762495,0.999885,0.999736,18,6.739,0.750252,267105,2,2,89000,36.336,2440.7
soc3,2022_10_07_M5_M3,C7d_cams3_drop25,0.96727,0.999987,0.999987,0.999942,6,1.5,0.936639,400059,2,2,89000,48.59,1831.1
soc3,2022_10_07_M5_M3,C7d_cams4_drop25,0.992132,0.999947,0.999951,0.999809,13,2.433,0.984491,534276,2,2,89000,54.081,1645.7
soc3,2022_10_07_M5_M3,C7d_cams5_drop25,0.998,0.999958,0.999959,0.999764,5,0.749,0.996091,667195,2,2,89000,61.909,1437.6
soc3,2022_10_07_M5_M3,C7d_cams6_drop25,0.999482,0.99997,0.99997,0.99982,4,0.499,0.999025,800972,2,2,89000,69.075,1288.5
soc3,2022_10_07_M5_M3,C7e_cams2_s3drop25,0.857214,0.999975,0.999975,0.99993,10,3.746,0.750141,266963,2,2,89000,41.816,2120.7
soc3,2022_10_07_M5_M3,C7e_cams3_s3drop25,0.967591,0.999888,0.999891,0.9997,20,4.993,0.93742,400574,2,2,89000,58.755,1514.4
soc3,2022_10_07_M5_M3,C7e_cams4_s3drop25,0.992142,0.999973,0.999973,0.999854,2,0.375,0.984458,533904,2,2,89000,61.896,1437.9
soc3,2022_10_07_M5_M3,C7e_cams5_s3drop25,0.762218,0.763728,0.999973,0.999854,8,1.199,0.996054,667290,2,2,89000,73.353,1213.3
soc3,2022_10_07_M5_M3,C7f_cams2_s3drop10,0.723116,0.763599,0.999948,0.999895,10,3.124,0.899307,320093,2,2,89000,46.36,1919.6
soc3,2022_10_07_M5_M3,C7f_cams3_s3drop10,0.994939,0.999996,0.999996,0.999978,0,0.0,0.989938,480599,2,2,89000,61.165,1455.1
soc3,2022_10_07_M5_M3,C7f_cams4_s3drop10,0.999467,0.999977,0.99998,0.999921,5,0.78,0.998982,640649,2,2,89000,66.737,1333.6
soc3,2022_10_07_M5_M3,C7f_cams5_s3drop10,0.999935,0.999994,0.999994,0.999955,2,0.25,0.999883,801376,2,2,89000,76.236,1167.4
soc3,2022_10_07_M5_M3,C8_drop50_sigma0,0.984233,0.999886,0.999905,0.999602,21,3.933,0.969172,533936,2,2,89000,68.114,1306.3
soc3,2022_10_07_M6_M2,C1_sigma0,1.0,1.0,1.0,1.0,0,0.0,1.0,1068000,2,2,89000,82.513,1078.6
soc3,2022_10_07_M6_M2,C1_sigma1,1.0,1.0,1.0,1.0,0,0.0,1.0,1068000,2,2,89000,83.855,1061.4
soc3,2022_10_07_M6_M2,C1_sigma10,0.999562,0.999562,0.99964,0.999191,14,1.311,1.0,1068000,2,2,89000,84.069,1058.7
soc3,2022_10_07_M6_M2,C1_sigma2,1.0,1.0,1.0,1.0,0,0.0,1.0,1068000,2,2,89000,81.459,1092.6
soc3,2022_10_07_M6_M2,C1_sigma20,0.791921,0.791921,0.999839,0.999483,14,1.311,1.0,1068000,2,2,89000,83.053,1071.6
soc3,2022_10_07_M6_M2,C1_sigma3,1.0,1.0,1.0,1.0,0,0.0,1.0,1068000,2,2,89000,82.439,1079.6
soc3,2022_10_07_M6_M2,C1_sigma5,0.999978,0.999978,0.999978,0.999899,0,0.0,1.0,1068000,2,2,89000,82.471,1079.2
soc3,2022_10_07_M6_M2,C2_drop0.1,0.999975,0.999979,0.999979,0.99982,0,0.0,0.999992,961206,2,2,89000,78.675,1131.2
soc3,2022_10_07_M6_M2,C2_drop0.25,0.724355,0.724702,0.999936,0.999584,10,1.249,0.999042,800759,2,2,89000,74.97,1187.1
soc3,2022_10_07_M6_M2,C2_drop0.5,0.899106,0.91374,0.999686,0.998817,58,10.874,0.968474,533404,2,2,89000,63.572,1399.5
soc3,2022_10_07_M6_M2,C2b_nodedrop0.25,0.524663,0.524663,0.999929,0.999787,4,0.375,1.0,1068000,2,2,89000,74.457,1195.3
soc3,2022_10_07_M6_M2,C2b_nodedrop0.5,0.791972,0.791972,0.999852,0.999528,24,2.247,1.0,1068000,2,2,89000,67.01,1328.2
soc3,2022_10_07_M6_M2,C3_occl0.25,0.999946,0.999971,0.999971,0.999787,8,0.764,0.999948,1046896,2,2,89000,82.343,1080.8
soc3,2022_10_07_M6_M2,C3_occl0.5,0.916985,0.917581,0.999877,0.999123,46,4.484,0.998702,1025913,2,2,89000,81.032,1098.3
soc3,2022_10_07_M6_M2,C4_com_sigma0,0.999789,0.999789,0.999811,0.9989,10,0.926,1.0,1080000,2,2,90000,22.657,3972.3
soc3,2022_10_07_M6_M2,C4_com_sigma3,0.922041,0.922041,0.999641,0.998033,18,1.667,1.0,1080000,2,2,90000,22.316,4033.0
soc3,2022_10_07_M6_M2,C4u_comused_sigma0,0.999974,0.999974,0.999974,0.999844,0,0.0,1.0,1080000,2,2,90000,18.765,4796.2
soc3,2022_10_07_M6_M2,C4u_comused_sigma3,0.999859,0.999859,0.999859,0.999156,0,0.0,1.0,1080000,2,2,90000,18.878,4767.5
soc3,2022_10_07_M6_M2,C7_cams2,0.732618,0.732618,0.999989,0.999978,2,0.562,1.0,356000,2,2,89000,41.214,2159.5
soc3,2022_10_07_M6_M2,C7_cams3,1.0,1.0,1.0,1.0,0,0.0,1.0,534000,2,2,89000,57.075,1559.4
soc3,2022_10_07_M6_M2,C7_cams4,0.999992,0.999992,0.999992,0.999978,2,0.281,1.0,712000,2,2,89000,61.947,1436.7
soc3,2022_10_07_M6_M2,C7_cams5,1.0,1.0,1.0,1.0,0,0.0,1.0,890000,2,2,89000,64.181,1386.7
soc3,2022_10_07_M6_M2,C7b_cams2_sigma10,0.921483,0.921483,0.999921,0.999843,20,5.618,1.0,356000,2,2,89000,40.334,2206.6
soc3,2022_10_07_M6_M2,C7b_cams3_sigma10,0.73097,0.73097,0.998243,0.99473,22,4.12,1.0,534000,2,2,89000,57.568,1546.0
soc3,2022_10_07_M6_M2,C7b_cams4_sigma10,0.732663,0.732663,0.999933,0.999787,10,1.404,1.0,712000,2,2,89000,63.278,1406.5
soc3,2022_10_07_M6_M2,C7b_cams5_sigma10,0.73267,0.73267,0.999924,0.999764,10,1.124,1.0,890000,2,2,89000,72.385,1229.5
soc3,2022_10_07_M6_M2,C7c_cams2_sigma0,1.0,1.0,1.0,1.0,0,0.0,1.0,356000,2,2,89000,41.6,2139.4
soc3,2022_10_07_M6_M2,C7c_cams3_sigma0,1.0,1.0,1.0,1.0,0,0.0,1.0,534000,2,2,89000,57.581,1545.6
soc3,2022_10_07_M6_M2,C7c_cams4_sigma0,1.0,1.0,1.0,1.0,0,0.0,1.0,712000,2,2,89000,63.636,1398.6
soc3,2022_10_07_M6_M2,C7c_cams5_sigma0,1.0,1.0,1.0,1.0,0,0.0,1.0,890000,2,2,89000,71.086,1252.0
soc3,2022_10_07_M6_M2,C7d_cams2_drop25,0.790143,0.921192,0.999467,0.998945,68,25.435,0.750915,267346,2,2,89000,38.466,2305.3
soc3,2022_10_07_M6_M2,C7d_cams3_drop25,0.702527,0.725715,0.999684,0.999091,51,12.712,0.938075,401209,2,2,89000,48.74,1825.6
soc3,2022_10_07_M6_M2,C7d_cams4_drop25,0.948085,0.955514,0.999821,0.999392,34,6.363,0.984569,534372,2,2,89000,57.968,1535.3
soc3,2022_10_07_M6_M2,C7d_cams5_drop25,0.940526,0.942351,0.999923,0.999595,10,1.498,0.996136,667373,2,2,89000,59.269,1501.6
soc3,2022_10_07_M6_M2,C7d_cams6_drop25,0.999451,0.999919,0.999919,0.999472,8,0.998,0.999064,801529,2,2,89000,69.234,1285.5
soc3,2022_10_07_M6_M2,C7e_cams2_s3drop25,0.50439,0.587654,0.999622,0.999168,64,23.934,0.751792,267401,2,2,89000,42.044,2109.1
soc3,2022_10_07_M6_M2,C7e_cams3_s3drop25,0.960971,0.993082,0.999477,0.998515,90,22.491,0.937356,400168,2,2,89000,55.597,1600.5
soc3,2022_10_07_M6_M2,C7e_cams4_s3drop25,0.890462,0.897425,0.999777,0.999347,38,7.116,0.984603,533983,2,2,89000,65.768,1353.2
soc3,2022_10_07_M6_M2,C7e_cams5_s3drop25,0.997973,0.999941,0.999941,0.999663,8,1.2,0.996072,666937,2,2,89000,77.212,1152.7
soc3,2022_10_07_M6_M2,C7f_cams2_s3drop10,0.768717,0.811313,0.999906,0.999813,10,3.121,0.900234,320441,2,2,89000,45.107,1972.8
soc3,2022_10_07_M6_M2,C7f_cams3_s3drop10,0.994858,0.999992,0.999994,0.999966,4,0.832,0.989785,480561,2,2,89000,59.982,1483.8
soc3,2022_10_07_M6_M2,C7f_cams4_s3drop10,0.999481,0.999983,0.999983,0.999888,2,0.312,0.998998,640524,2,2,89000,67.243,1323.6
soc3,2022_10_07_M6_M2,C7f_cams5_s3drop10,0.999934,0.999975,0.999975,0.999809,0,0.0,0.999919,801164,2,2,89000,72.797,1222.6
soc3,2022_10_07_M6_M2,C8_drop50_sigma0,0.733887,0.745849,0.99951,0.998192,85,15.947,0.968429,533029,2,2,89000,67.922,1310.1
soc3,2022_10_08_M1_M3,C1_sigma0,1.0,1.0,1.0,1.0,0,0.0,1.0,1068000,2,2,89000,84.426,1054.2
soc3,2022_10_08_M1_M3,C1_sigma1,1.0,1.0,1.0,1.0,0,0.0,1.0,1068000,2,2,89000,83.052,1071.6
soc3,2022_10_08_M1_M3,C1_sigma10,1.0,1.0,1.0,1.0,0,0.0,1.0,1068000,2,2,89000,84.639,1051.5
soc3,2022_10_08_M1_M3,C1_sigma2,1.0,1.0,1.0,1.0,0,0.0,1.0,1068000,2,2,89000,82.335,1080.9
soc3,2022_10_08_M1_M3,C1_sigma20,0.999998,0.999998,0.999998,0.999989,0,0.0,1.0,1068000,2,2,89000,83.418,1066.9
soc3,2022_10_08_M1_M3,C1_sigma3,1.0,1.0,1.0,1.0,0,0.0,1.0,1068000,2,2,89000,83.666,1063.8
soc3,2022_10_08_M1_M3,C1_sigma5,1.0,1.0,1.0,1.0,0,0.0,1.0,1068000,2,2,89000,82.743,1075.6
soc3,2022_10_08_M1_M3,C2_drop0.1,0.999993,0.999999,0.999999,0.999989,0,0.0,0.999988,961509,2,2,89000,77.383,1150.1
soc3,2022_10_08_M1_M3,C2_drop0.25,0.999535,0.999998,0.999998,0.999978,0,0.0,0.999075,801452,2,2,89000,73.203,1215.8
soc3,2022_10_08_M1_M3,C2_drop0.5,0.984194,0.999952,0.999954,0.999784,5,0.936,0.968972,534070,2,2,89000,62.218,1430.1
soc3,2022_10_08_M1_M3,C2b_nodedrop0.25,1.0,1.0,1.0,1.0,0,0.0,1.0,1068000,2,2,89000,74.843,1189.2
soc3,2022_10_08_M1_M3,C2b_nodedrop0.5,0.999998,0.999998,0.999998,0.999989,0,0.0,1.0,1068000,2,2,89000,70.704,1258.8
soc3,2022_10_08_M1_M3,C3_occl0.25,0.999926,0.999997,0.999997,0.999966,0,0.0,0.999858,1021377,2,2,89000,84.312,1055.6
soc3,2022_10_08_M1_M3,C3_occl0.5,0.964537,0.965993,0.999976,0.999797,12,1.232,0.996989,974124,2,2,89000,72.695,1224.3
soc3,2022_10_08_M1_M3,C4_com_sigma0,0.999817,0.999817,0.999817,0.9989,0,0.0,1.0,1080000,2,2,90000,22.301,4035.7
soc3,2022_10_08_M1_M3,C4_com_sigma3,0.999687,0.999687,0.999687,0.998122,0,0.0,1.0,1080000,2,2,90000,21.522,4181.8
soc3,2022_10_08_M1_M3,C4u_comused_sigma0,0.99997,0.99997,0.99997,0.999822,0,0.0,1.0,1080000,2,2,90000,17.948,5014.5
soc3,2022_10_08_M1_M3,C4u_comused_sigma3,0.99988,0.99988,0.99988,0.999278,0,0.0,1.0,1080000,2,2,90000,18.544,4853.3
soc3,2022_10_08_M1_M3,C7_cams2,1.0,1.0,1.0,1.0,0,0.0,1.0,356000,2,2,89000,41.377,2151.0
soc3,2022_10_08_M1_M3,C7_cams3,1.0,1.0,1.0,1.0,0,0.0,1.0,534000,2,2,89000,57.186,1556.3
soc3,2022_10_08_M1_M3,C7_cams4,1.0,1.0,1.0,1.0,0,0.0,1.0,712000,2,2,89000,62.827,1416.6
soc3,2022_10_08_M1_M3,C7_cams5,1.0,1.0,1.0,1.0,0,0.0,1.0,890000,2,2,89000,64.461,1380.7
soc3,2022_10_08_M1_M3,C7b_cams2_sigma10,0.999449,0.999449,0.999449,0.998899,2,0.562,1.0,356000,2,2,89000,41.812,2128.6
soc3,2022_10_08_M1_M3,C7b_cams3_sigma10,1.0,1.0,1.0,1.0,0,0.0,1.0,534000,2,2,89000,54.142,1643.8
soc3,2022_10_08_M1_M3,C7b_cams4_sigma10,1.0,1.0,1.0,1.0,0,0.0,1.0,712000,2,2,89000,58.984,1508.9
soc3,2022_10_08_M1_M3,C7b_cams5_sigma10,1.0,1.0,1.0,1.0,0,0.0,1.0,890000,2,2,89000,70.966,1254.1
soc3,2022_10_08_M1_M3,C7c_cams2_sigma0,1.0,1.0,1.0,1.0,0,0.0,1.0,356000,2,2,89000,41.638,2137.5
soc3,2022_10_08_M1_M3,C7c_cams3_sigma0,1.0,1.0,1.0,1.0,0,0.0,1.0,534000,2,2,89000,53.364,1667.8
soc3,2022_10_08_M1_M3,C7c_cams4_sigma0,1.0,1.0,1.0,1.0,0,0.0,1.0,712000,2,2,89000,64.34,1383.3
soc3,2022_10_08_M1_M3,C7c_cams5_sigma0,1.0,1.0,1.0,1.0,0,0.0,1.0,890000,2,2,89000,64.67,1376.2
soc3,2022_10_08_M1_M3,C7d_cams2_drop25,0.490529,0.572024,0.99994,0.999875,10,3.744,0.750596,267105,2,2,89000,36.088,2455.9
soc3,2022_10_08_M1_M3,C7d_cams3_drop25,0.967651,0.999995,0.999995,0.999977,2,0.5,0.93734,400223,2,2,89000,48.78,1824.1
soc3,2022_10_08_M1_M3,C7d_cams4_drop25,0.992103,0.999992,0.999992,0.999955,0,0.0,0.984344,533589,2,2,89000,54.59,1630.3
soc3,2022_10_08_M1_M3,C7d_cams5_drop25,0.998011,0.999997,0.999997,0.999978,0,0.0,0.996036,667814,2,2,89000,64.658,1376.5
soc3,2022_10_08_M1_M3,C7d_cams6_drop25,0.999516,0.999995,0.999995,0.999955,0,0.0,0.999043,800514,2,2,89000,63.607,1399.2
soc3,2022_10_08_M1_M3,C7e_cams2_s3drop25,0.857355,0.999925,0.999935,0.999861,10,3.747,0.750423,266876,2,2,89000,40.891,2167.0
soc3,2022_10_08_M1_M3,C7e_cams3_s3drop25,0.967298,0.999824,0.999824,0.999516,24,5.991,0.936987,400598,2,2,89000,57.319,1552.2
soc3,2022_10_08_M1_M3,C7e_cams4_s3drop25,0.992207,0.999996,0.999996,0.999977,0,0.0,0.984543,533987,2,2,89000,67.722,1314.2
soc3,2022_10_08_M1_M3,C7e_cams5_s3drop25,0.99796,0.999995,0.999995,0.999966,2,0.3,0.995936,667151,2,2,89000,67.681,1315.0
soc3,2022_10_08_M1_M3,C7f_cams2_s3drop10,0.947697,1.0,1.0,1.0,0,0.0,0.900593,320531,2,2,89000,46.662,1907.2
soc3,2022_10_08_M1_M3,C7f_cams3_s3drop10,0.994891,0.999998,0.999998,0.999989,0,0.0,0.989838,480532,2,2,89000,57.68,1543.0
soc3,2022_10_08_M1_M3,C7f_cams4_s3drop10,0.999485,0.999998,0.999998,0.999989,0,0.0,0.998974,641233,2,2,89000,65.809,1352.4
soc3,2022_10_08_M1_M3,C7f_cams5_s3drop10,0.999946,0.999995,0.999995,0.999978,2,0.25,0.999901,800842,2,2,89000,71.945,1237.1
soc3,2022_10_08_M1_M3,C8_drop50_sigma0,0.949403,0.964651,0.999965,0.999818,9,1.683,0.96888,534639,2,2,89000,69.174,1286.2
soc3,2022_10_08_M5_M2,C1_sigma0,1.0,1.0,1.0,1.0,0,0.0,1.0,1068000,2,2,89000,83.778,1062.3
soc3,2022_10_08_M5_M2,C1_sigma1,1.0,1.0,1.0,1.0,0,0.0,1.0,1068000,2,2,89000,79.693,1116.8
soc3,2022_10_08_M5_M2,C1_sigma10,0.999989,0.999989,0.999989,0.999944,0,0.0,1.0,1068000,2,2,89000,79.16,1124.3
soc3,2022_10_08_M5_M2,C1_sigma2,1.0,1.0,1.0,1.0,0,0.0,1.0,1068000,2,2,89000,83.142,1070.5
soc3,2022_10_08_M5_M2,C1_sigma20,0.999912,0.999912,0.999916,0.999753,10,0.936,1.0,1068000,2,2,89000,81.593,1090.8
soc3,2022_10_08_M5_M2,C1_sigma3,1.0,1.0,1.0,1.0,0,0.0,1.0,1068000,2,2,89000,81.886,1086.9
soc3,2022_10_08_M5_M2,C1_sigma5,1.0,1.0,1.0,1.0,0,0.0,1.0,1068000,2,2,89000,85.207,1044.5
soc3,2022_10_08_M5_M2,C2_drop0.1,0.999989,0.999995,0.999995,0.999944,0,0.0,0.999989,961136,2,2,89000,77.322,1151.0
soc3,2022_10_08_M5_M2,C2_drop0.25,0.999495,0.999971,0.999971,0.99982,4,0.5,0.999047,800722,2,2,89000,73.162,1216.5
soc3,2022_10_08_M5_M2,C2_drop0.5,0.983908,0.999787,0.999849,0.999283,36,6.747,0.968731,533604,2,2,89000,62.311,1427.9
soc3,2022_10_08_M5_M2,C2b_nodedrop0.25,0.999991,0.999991,0.999991,0.999966,0,0.0,1.0,1068000,2,2,89000,72.936,1220.2
soc3,2022_10_08_M5_M2,C2b_nodedrop0.5,0.668019,0.668019,0.999951,0.999831,8,0.749,1.0,1068000,2,2,89000,74.464,1195.2
soc3,2022_10_08_M5_M2,C3_occl0.25,0.999866,0.999991,0.999991,0.999944,0,0.0,0.999751,985002,2,2,89000,79.724,1116.4
soc3,2022_10_08_M5_M2,C3_occl0.5,0.997038,0.999953,0.999956,0.999605,20,2.219,0.994187,901416,2,2,89000,78.766,1129.9
soc3,2022_10_08_M5_M2,C4_com_sigma0,0.578844,0.578844,0.999641,0.997867,4,0.37,1.0,1080000,2,2,90000,22.146,4063.9
soc3,2022_10_08_M5_M2,C4_com_sigma3,0.511661,0.511661,0.998965,0.993856,10,0.926,1.0,1080000,2,2,90000,22.073,4077.4
soc3,2022_10_08_M5_M2,C4u_comused_sigma0,0.999978,0.999978,0.999978,0.999867,0,0.0,1.0,1080000,2,2,90000,18.498,4865.4
soc3,2022_10_08_M5_M2,C4u_comused_sigma3,0.999507,0.999507,0.999507,0.997044,0,0.0,1.0,1080000,2,2,90000,18.352,4904.1
soc3,2022_10_08_M5_M2,C7_cams2,1.0,1.0,1.0,1.0,0,0.0,1.0,356000,2,2,89000,40.741,2184.5
soc3,2022_10_08_M5_M2,C7_cams3,1.0,1.0,1.0,1.0,0,0.0,1.0,534000,2,2,89000,53.084,1676.6
soc3,2022_10_08_M5_M2,C7_cams4,1.0,1.0,1.0,1.0,0,0.0,1.0,712000,2,2,89000,63.726,1396.6
soc3,2022_10_08_M5_M2,C7_cams5,1.0,1.0,1.0,1.0,0,0.0,1.0,890000,2,2,89000,70.736,1258.2
soc3,2022_10_08_M5_M2,C7b_cams2_sigma10,0.999944,0.999944,0.999989,0.999978,6,1.685,1.0,356000,2,2,89000,41.883,2125.0
soc3,2022_10_08_M5_M2,C7b_cams3_sigma10,0.998551,0.998551,0.998607,0.99582,8,1.498,1.0,534000,2,2,89000,53.773,1655.1
soc3,2022_10_08_M5_M2,C7b_cams4_sigma10,0.999986,0.999986,0.999986,0.999944,0,0.0,1.0,712000,2,2,89000,64.358,1382.9
soc3,2022_10_08_M5_M2,C7b_cams5_sigma10,0.668094,0.668094,0.999966,0.999854,2,0.225,1.0,890000,2,2,89000,69.922,1272.8
soc3,2022_10_08_M5_M2,C7c_cams2_sigma0,1.0,1.0,1.0,1.0,0,0.0,1.0,356000,2,2,89000,42.106,2113.7
soc3,2022_10_08_M5_M2,C7c_cams3_sigma0,1.0,1.0,1.0,1.0,0,0.0,1.0,534000,2,2,89000,57.181,1556.5
soc3,2022_10_08_M5_M2,C7c_cams4_sigma0,1.0,1.0,1.0,1.0,0,0.0,1.0,712000,2,2,89000,64.188,1386.6
soc3,2022_10_08_M5_M2,C7c_cams5_sigma0,1.0,1.0,1.0,1.0,0,0.0,1.0,890000,2,2,89000,70.225,1267.4
soc3,2022_10_08_M5_M2,C7d_cams2_drop25,0.855511,0.998824,0.998844,0.997611,157,58.864,0.749044,266716,2,2,89000,35.733,2479.9
soc3,2022_10_08_M5_M2,C7d_cams3_drop25,0.967576,0.999963,0.999965,0.999862,10,2.496,0.937256,400582,2,2,89000,47.482,1873.8
soc3,2022_10_08_M5_M2,C7d_cams4_drop25,0.992031,0.999987,0.999989,0.999932,2,0.375,0.984214,533432,2,2,89000,57.679,1543.0
soc3,2022_10_08_M5_M2,C7d_cams5_drop25,0.998034,0.999995,0.999995,0.999966,0,0.0,0.996084,667552,2,2,89000,63.592,1399.5
soc3,2022_10_08_M5_M2,C7d_cams6_drop25,0.999488,0.999994,0.999994,0.999955,2,0.25,0.998989,800999,2,2,89000,67.872,1311.3
soc3,2022_10_08_M5_M2,C7e_cams2_s3drop25,0.856274,0.999136,0.999146,0.998276,134,50.204,0.749803,266910,2,2,89000,44.72,1982.0
soc3,2022_10_08_M5_M2,C7e_cams3_s3drop25,0.967569,0.999995,0.999995,0.999977,2,0.5,0.937185,400176,2,2,89000,55.609,1600.2
soc3,2022_10_08_M5_M2,C7e_cams4_s3drop25,0.992059,0.999987,0.999987,0.999932,2,0.374,0.984269,534217,2,2,89000,66.439,1339.6
soc3,2022_10_08_M5_M2,C7e_cams5_s3drop25,0.998032,0.999988,0.999988,0.999944,4,0.599,0.996095,667592,2,2,89000,67.722,1314.2
soc3,2022_10_08_M5_M2,C7f_cams2_s3drop10,0.947401,0.999997,0.999997,0.999988,2,0.624,0.900065,320299,2,2,89000,43.77,2033.1
soc3,2022_10_08_M5_M2,C7f_cams3_s3drop10,0.994855,1.0,1.0,1.0,0,0.0,0.989763,480307,2,2,89000,56.155,1584.9
soc3,2022_10_08_M5_M2,C7f_cams4_s3drop10,0.999482,0.999995,0.999995,0.999966,0,0.0,0.998975,640845,2,2,89000,63.184,1408.6
soc3,2022_10_08_M5_M2,C7f_cams5_s3drop10,0.99994,0.999996,0.999996,0.999966,0,0.0,0.999888,801185,2,2,89000,68.045,1308.0
soc3,2022_10_08_M5_M2,C8_drop50_sigma0,0.984016,0.999882,0.999894,0.999488,25,4.68,0.968759,534140,2,2,89000,65.495,1358.7
soc3,2022_10_08_M6_M4,C1_sigma0,1.0,1.0,1.0,1.0,0,0.0,1.0,1068000,2,2,89000,82.251,1082.1
soc3,2022_10_08_M6_M4,C1_sigma1,0.999983,0.999983,0.999983,0.999933,0,0.0,1.0,1068000,2,2,89000,85.893,1036.2
soc3,2022_10_08_M6_M4,C1_sigma10,0.97629,0.97629,0.999695,0.999011,48,4.494,1.0,1068000,2,2,89000,83.125,1070.7
soc3,2022_10_08_M6_M4,C1_sigma2,0.999916,0.999916,0.999938,0.999809,6,0.562,1.0,1068000,2,2,89000,84.699,1050.8
soc3,2022_10_08_M6_M4,C1_sigma20,0.994056,0.994056,0.999393,0.997865,112,10.487,1.0,1068000,2,2,89000,82.958,1072.8
soc3,2022_10_08_M6_M4,C1_sigma3,0.976474,0.976474,0.999893,0.999663,22,2.06,1.0,1068000,2,2,89000,82.065,1084.5
soc3,2022_10_08_M6_M4,C1_sigma5,0.976311,0.976311,0.999824,0.999461,34,3.184,1.0,1068000,2,2,89000,80.872,1100.5
soc3,2022_10_08_M6_M4,C2_drop0.1,0.999817,0.999824,0.999876,0.999494,20,2.08,0.999986,961564,2,2,89000,74.395,1196.3
soc3,2022_10_08_M6_M4,C2_drop0.25,0.97602,0.976476,0.999828,0.999202,26,3.245,0.999065,801222,2,2,89000,69.312,1284.0
soc3,2022_10_08_M6_M4,C2_drop0.5,0.957046,0.972373,0.999476,0.998102,83,15.537,0.968964,534192,2,2,89000,58.546,1519.8
soc3,2022_10_08_M6_M4,C2b_nodedrop0.25,0.999818,0.999818,0.999852,0.999551,26,2.434,1.0,1068000,2,2,89000,65.5,1358.8
soc3,2022_10_08_M6_M4,C2b_nodedrop0.5,0.999228,0.999228,0.999468,0.998337,84,7.865,1.0,1068000,2,2,89000,59.686,1491.1
soc3,2022_10_08_M6_M4,C3_occl0.25,0.977488,0.977549,0.999875,0.999281,30,2.918,0.999875,1028099,2,2,89000,75.027,1186.2
soc3,2022_10_08_M6_M4,C3_occl0.5,0.994369,0.995642,0.999784,0.998391,84,8.495,0.997445,988816,2,2,89000,71.173,1250.4
soc3,2022_10_08_M6_M4,C4_com_sigma0,0.976581,0.976581,0.999607,0.998044,44,4.074,1.0,1080000,2,2,90000,20.843,4318.0
soc3,2022_10_08_M6_M4,C4_com_sigma3,0.998969,0.998969,0.99932,0.996544,42,3.889,1.0,1080000,2,2,90000,19.756,4555.6
soc3,2022_10_08_M6_M4,C4u_comused_sigma0,0.99998,0.99998,0.99998,0.999878,0,0.0,1.0,1080000,2,2,90000,19.413,4636.1
soc3,2022_10_08_M6_M4,C4u_comused_sigma3,0.999752,0.999752,0.999752,0.998622,4,0.37,1.0,1080000,2,2,90000,18.649,4826.0
soc3,2022_10_08_M6_M4,C7_cams2,0.976365,0.976365,0.999893,0.999787,18,5.056,1.0,356000,2,2,89000,40.9,2176.0
soc3,2022_10_08_M6_M4,C7_cams3,0.976494,0.976494,0.999888,0.999663,18,3.371,1.0,534000,2,2,89000,54.326,1638.3
soc3,2022_10_08_M6_M4,C7_cams4,0.976402,0.976402,0.99993,0.999787,16,2.247,1.0,712000,2,2,89000,53.683,1657.9
soc3,2022_10_08_M6_M4,C7_cams5,0.999899,0.999899,0.999924,0.999708,16,1.798,1.0,890000,2,2,89000,63.12,1410.0
soc3,2022_10_08_M6_M4,C7b_cams2_sigma10,0.996567,0.996567,0.999388,0.998775,82,23.034,1.0,356000,2,2,89000,41.087,2166.1
soc3,2022_10_08_M6_M4,C7b_cams3_sigma10,0.999303,0.999303,0.999494,0.998483,56,10.487,1.0,534000,2,2,89000,48.721,1826.7
soc3,2022_10_08_M6_M4,C7b_cams4_sigma10,0.999098,0.999098,0.999643,0.998989,48,6.742,1.0,712000,2,2,89000,56.768,1567.8
soc3,2022_10_08_M6_M4,C7b_cams5_sigma10,0.974108,0.974108,0.999667,0.998888,54,6.067,1.0,890000,2,2,89000,62.624,1421.2
soc3,2022_10_08_M6_M4,C7c_cams2_sigma0,1.0,1.0,1.0,1.0,0,0.0,1.0,356000,2,2,89000,41.19,2160.7
soc3,2022_10_08_M6_M4,C7c_cams3_sigma0,1.0,1.0,1.0,1.0,0,0.0,1.0,534000,2,2,89000,50.21,1772.6
soc3,2022_10_08_M6_M4,C7c_cams4_sigma0,1.0,1.0,1.0,1.0,0,0.0,1.0,712000,2,2,89000,59.556,1494.4
soc3,2022_10_08_M6_M4,C7c_cams5_sigma0,1.0,1.0,1.0,1.0,0,0.0,1.0,890000,2,2,89000,64.267,1384.8
soc3,2022_10_08_M6_M4,C7d_cams2_drop25,0.848529,0.990922,0.999594,0.999138,54,20.245,0.748714,266732,2,2,89000,35.865,2471.5
soc3,2022_10_08_M6_M4,C7d_cams3_drop25,0.945245,0.976917,0.999814,0.999367,46,11.477,0.937195,400813,2,2,89000,46.325,1920.7
soc3,2022_10_08_M6_M4,C7d_cams4_drop25,0.99179,0.99962,0.999903,0.999583,21,3.93,0.984457,534383,2,2,89000,51.365,1732.7
soc3,2022_10_08_M6_M4,C7d_cams5_drop25,0.997877,0.999802,0.999889,0.999505,22,3.293,0.996157,668014,2,2,89000,55.476,1604.3
soc3,2022_10_08_M6_M4,C7d_cams6_drop25,0.999255,0.999735,0.999884,0.999348,18,2.246,0.999039,801378,2,2,89000,60.385,1473.9
soc3,2022_10_08_M6_M4,C7e_cams2_s3drop25,0.841084,0.981143,0.999501,0.999001,75,28.067,0.750163,267222,2,2,89000,39.979,2217.2
soc3,2022_10_08_M6_M4,C7e_cams3_s3drop25,0.944632,0.976369,0.999845,0.999482,28,6.999,0.937036,400037,2,2,89000,57.585,1545.2
soc3,2022_10_08_M6_M4,C7e_cams4_s3drop25,0.990398,0.998132,0.999783,0.999212,46,8.614,0.984622,534014,2,2,89000,60.173,1479.1
soc3,2022_10_08_M6_M4,C7e_cams5_s3drop25,0.997819,0.999779,0.999831,0.999359,24,3.597,0.996087,667191,2,2,89000,66.478,1338.8
soc3,2022_10_08_M6_M4,C7f_cams2_s3drop10,0.946902,0.999819,0.999889,0.999755,22,6.87,0.899466,320230,2,2,89000,40.787,2181.8
soc3,2022_10_08_M6_M4,C7f_cams3_s3drop10,0.994702,0.999857,0.999912,0.999663,28,5.832,0.989742,480103,2,2,89000,55.505,1603.5
soc3,2022_10_08_M6_M4,C7f_cams4_s3drop10,0.975952,0.976464,0.999892,0.999629,14,2.186,0.998953,640580,2,2,89000,61.276,1452.4
soc3,2022_10_08_M6_M4,C7f_cams5_s3drop10,0.999731,0.999782,0.999844,0.999461,34,4.244,0.999899,801200,2,2,89000,63.408,1403.6
soc3,2022_10_08_M6_M4,C8_drop50_sigma0,0.980102,0.996246,0.999509,0.99818,81,15.173,0.968107,533841,2,2,89000,57.795,1539.5
triads,2023_03_01_M12_M13_M14,C1_sigma0,0.792204,0.792204,,,2,0.185,1.0,1080000,3,3,60000,87.25,687.7
triads,2023_03_01_M12_M13_M14,C1_sigma1,0.792202,0.792202,,,2,0.185,1.0,1080000,3,3,60000,93.698,640.4
triads,2023_03_01_M12_M13_M14,C1_sigma10,0.793233,0.793233,,,8,0.741,1.0,1080000,3,3,60000,88.266,679.8
triads,2023_03_01_M12_M13_M14,C1_sigma2,0.792202,0.792202,,,2,0.185,1.0,1080000,3,3,60000,93.2,643.8
triads,2023_03_01_M12_M13_M14,C1_sigma20,0.899751,0.899751,,,32,2.963,1.0,1080000,3,3,60000,87.31,687.2
triads,2023_03_01_M12_M13_M14,C1_sigma3,0.792206,0.792206,,,2,0.185,1.0,1080000,3,3,60000,86.716,691.9
triads,2023_03_01_M12_M13_M14,C1_sigma5,0.792209,0.792209,,,4,0.37,1.0,1080000,3,3,60000,87.998,681.8
triads,2023_03_01_M12_M13_M14,C2_drop0.1,0.791993,0.791997,,,2,0.206,0.999989,971729,3,3,60000,82.808,724.6
triads,2023_03_01_M12_M13_M14,C2_drop0.25,0.79154,0.791916,,,8,0.988,0.99905,809760,3,3,60000,77.171,777.5
triads,2023_03_01_M12_M13_M14,C2_drop0.5,0.78049,0.793019,,,63,11.662,0.968893,540204,3,3,60000,64.158,935.2
triads,2023_03_01_M12_M13_M14,C2b_nodedrop0.25,0.99998,0.99998,,,4,0.37,1.0,1080000,3,3,60000,89.445,670.8
triads,2023_03_01_M12_M13_M14,C2b_nodedrop0.5,0.891589,0.891589,,,16,1.481,1.0,1080000,3,3,60000,74.407,806.4
triads,2023_03_01_M12_M13_M14,C3_occl0.25,0.791359,0.791388,,,10,0.952,0.999927,1049991,3,3,60000,96.717,620.4
triads,2023_03_01_M12_M13_M14,C3_occl0.5,0.602862,0.603414,,,64,6.276,0.998172,1019730,3,3,60000,86.528,693.4
triads,2023_03_01_M12_M13_M14,C4_com_sigma0,0.997928,0.997928,,,58,5.37,1.0,1080000,3,3,60000,27.684,2167.3
triads,2023_03_01_M12_M13_M14,C4_com_sigma3,0.722356,0.722356,,,84,7.778,1.0,1080000,3,3,60000,28.824,2081.6
triads,2023_03_01_M12_M13_M14,C4u_comused_sigma0,0.999972,0.999972,0.999972,0.99975,0,0.0,1.0,1080000,3,3,60000,24.345,2464.6
triads,2023_03_01_M12_M13_M14,C4u_comused_sigma3,0.792136,0.792136,0.999804,0.998267,2,0.185,1.0,1080000,3,3,60000,23.891,2511.4
triads,2023_03_01_M12_M13_M14,C7_cams2,0.999728,0.999728,0.999728,0.999183,2,0.556,1.0,360000,3,3,60000,43.634,1375.1
triads,2023_03_01_M12_M13_M14,C7_cams3,0.999907,0.999907,0.999996,0.999983,4,0.741,1.0,540000,3,3,60000,58.338,1028.5
triads,2023_03_01_M12_M13_M14,C7_cams4,0.7922,0.7922,1.0,1.0,2,0.278,1.0,720000,3,3,60000,66.991,895.6
triads,2023_03_01_M12_M13_M14,C7_cams5,0.792202,0.792202,0.999998,0.999983,2,0.222,1.0,900000,3,3,60000,79.771,752.2
triads,2023_03_01_M12_M13_M14,C7b_cams2_sigma10,0.792594,0.792594,0.99965,0.99895,12,3.333,1.0,360000,3,3,60000,41.339,1451.4
triads,2023_03_01_M12_M13_M14,C7b_cams3_sigma10,0.609969,0.609969,0.997274,0.987733,12,2.222,1.0,540000,3,3,60000,58.864,1019.3
triads,2023_03_01_M12_M13_M14,C7b_cams4_sigma10,0.999872,0.999872,0.999961,0.999783,6,0.833,1.0,720000,3,3,60000,68.494,876.0
triads,2023_03_01_M12_M13_M14,C7b_cams5_sigma10,0.999858,0.999858,0.999944,0.99965,8,0.889,1.0,900000,3,3,60000,79.417,755.5
triads,2023_03_01_M12_M13_M14,C7c_cams2_sigma0,0.7922,0.7922,1.0,1.0,2,0.556,1.0,360000,3,3,60000,44.301,1354.4
triads,2023_03_01_M12_M13_M14,C7c_cams3_sigma0,0.792204,0.792204,0.999996,0.999983,2,0.37,1.0,540000,3,3,60000,59.349,1011.0
triads,2023_03_01_M12_M13_M14,C7c_cams4_sigma0,0.7922,0.7922,1.0,1.0,2,0.278,1.0,720000,3,3,60000,69.512,863.2
triads,2023_03_01_M12_M13_M14,C7c_cams5_sigma0,0.792202,0.792202,0.999998,0.999983,2,0.222,1.0,900000,3,3,60000,80.299,747.2
triads,2023_03_01_M12_M13_M14,C7d_cams2_drop25,0.679983,0.793119,0.999739,0.999273,46,17.011,0.750323,270409,3,3,60000,36.941,1623.8
triads,2023_03_01_M12_M13_M14,C7d_cams3_drop25,0.768133,0.793677,0.998648,0.994478,213,52.634,0.937639,404679,3,3,60000,52.257,1148.2
triads,2023_03_01_M12_M13_M14,C7d_cams4_drop25,0.991477,0.999405,0.999555,0.998233,87,16.13,0.98426,539380,3,3,60000,60.436,992.8
triads,2023_03_01_M12_M13_M14,C7d_cams5_drop25,0.997841,0.999818,0.999909,0.999383,16,2.373,0.996052,674337,3,3,60000,68.688,873.5
triads,2023_03_01_M12_M13_M14,C7d_cams6_drop25,0.998942,0.999413,0.999941,0.999417,8,0.987,0.999058,810233,3,3,60000,74.323,807.3
triads,2023_03_01_M12_M13_M14,C7e_cams2_s3drop25,0.565429,0.659394,0.999946,0.9998,16,5.919,0.750543,270295,3,3,60000,42.592,1408.5
triads,2023_03_01_M12_M13_M14,C7e_cams3_s3drop25,0.767287,0.793124,0.999765,0.998946,47,11.614,0.936904,404683,3,3,60000,61.313,978.6
triads,2023_03_01_M12_M13_M14,C7e_cams4_s3drop25,0.785718,0.791988,0.999874,0.999367,30,5.557,0.984291,539877,3,3,60000,68.777,872.4
triads,2023_03_01_M12_M13_M14,C7e_cams5_s3drop25,0.996993,0.998996,0.99992,0.9994,16,2.371,0.995998,674961,3,3,60000,79.025,759.3
triads,2023_03_01_M12_M13_M14,C7f_cams2_s3drop10,0.947498,0.99989,0.999979,0.999899,10,3.085,0.900422,324199,3,3,60000,46.044,1303.1
triads,2023_03_01_M12_M13_M14,C7f_cams3_s3drop10,0.787807,0.79183,0.999508,0.9977,52,10.696,0.989891,486184,3,3,60000,62.213,964.4
triads,2023_03_01_M12_M13_M14,C7f_cams4_s3drop10,0.692598,0.692945,0.997551,0.993783,295,45.532,0.999,647896,3,3,60000,71.589,838.1
triads,2023_03_01_M12_M13_M14,C7f_cams5_s3drop10,0.792202,0.792236,0.999981,0.999783,2,0.247,0.999915,810263,3,3,60000,83.308,720.2
triads,2023_03_01_M12_M13_M14,C8_drop50_sigma0,0.696734,0.70801,0.999717,0.998181,78,14.437,0.968645,540267,3,3,60000,70.801,847.4
triads,2023_03_01_M15_M16_M14,C1_sigma0,1.0,1.0,,,0,0.0,1.0,1080000,3,3,60000,89.965,666.9
triads,2023_03_01_M15_M16_M14,C1_sigma1,1.0,1.0,,,0,0.0,1.0,1080000,3,3,60000,89.579,669.8
triads,2023_03_01_M15_M16_M14,C1_sigma10,0.999998,0.999998,,,0,0.0,1.0,1080000,3,3,60000,92.873,646.0
triads,2023_03_01_M15_M16_M14,C1_sigma2,1.0,1.0,,,0,0.0,1.0,1080000,3,3,60000,90.998,659.4
triads,2023_03_01_M15_M16_M14,C1_sigma20,0.999996,0.999996,,,0,0.0,1.0,1080000,3,3,60000,98.583,608.6
triads,2023_03_01_M15_M16_M14,C1_sigma3,1.0,1.0,,,0,0.0,1.0,1080000,3,3,60000,89.744,668.6
triads,2023_03_01_M15_M16_M14,C1_sigma5,1.0,1.0,,,0,0.0,1.0,1080000,3,3,60000,99.921,600.5
triads,2023_03_01_M15_M16_M14,C2_drop0.1,0.999992,0.999996,,,0,0.0,0.999992,972455,3,3,60000,87.033,689.4
triads,2023_03_01_M15_M16_M14,C2_drop0.25,0.999468,0.99999,,,0,0.0,0.998956,810702,3,3,60000,78.621,763.2
triads,2023_03_01_M15_M16_M14,C2_drop0.5,0.984077,0.999885,,,20,3.703,0.968873,540072,3,3,60000,62.783,955.7
triads,2023_03_01_M15_M16_M14,C2b_nodedrop0.25,1.0,1.0,,,0,0.0,1.0,1080000,3,3,60000,89.122,673.2
triads,2023_03_01_M15_M16_M14,C2b_nodedrop0.5,0.999998,0.999998,,,0,0.0,1.0,1080000,3,3,60000,78.035,768.9
triads,2023_03_01_M15_M16_M14,C3_occl0.25,0.999952,0.999997,,,0,0.0,0.999909,1048037,3,3,60000,90.839,660.5
triads,2023_03_01_M15_M16_M14,C3_occl0.5,0.998986,0.999989,,,2,0.197,0.997996,1015846,3,3,60000,94.56,634.5
triads,2023_03_01_M15_M16_M14,C4_com_sigma0,0.799418,0.799418,,,14,1.296,1.0,1080000,3,3,60000,30.404,1973.4
triads,2023_03_01_M15_M16_M14,C4_com_sigma3,0.613672,0.613672,,,12,1.111,1.0,1080000,3,3,60000,31.256,1919.6
triads,2023_03_01_M15_M16_M14,C4u_comused_sigma0,0.999991,0.999991,0.999991,0.999917,0,0.0,1.0,1080000,3,3,60000,25.35,2366.9
triads,2023_03_01_M15_M16_M14,C4u_comused_sigma3,0.999939,0.999939,0.999939,0.99945,0,0.0,1.0,1080000,3,3,60000,24.116,2488.0
triads,2023_03_01_M15_M16_M14,C7_cams2,1.0,1.0,1.0,1.0,0,0.0,1.0,360000,3,3,60000,42.89,1398.9
triads,2023_03_01_M15_M16_M14,C7_cams3,1.0,1.0,1.0,1.0,0,0.0,1.0,540000,3,3,60000,58.083,1033.0
triads,2023_03_01_M15_M16_M14,C7_cams4,1.0,1.0,1.0,1.0,0,0.0,1.0,720000,3,3,60000,70.204,854.7
triads,2023_03_01_M15_M16_M14,C7_cams5,1.0,1.0,1.0,1.0,0,0.0,1.0,900000,3,3,60000,78.415,765.2
triads,2023_03_01_M15_M16_M14,C7b_cams2_sigma10,1.0,1.0,1.0,1.0,0,0.0,1.0,360000,3,3,60000,43.384,1383.0
triads,2023_03_01_M15_M16_M14,C7b_cams3_sigma10,1.0,1.0,1.0,1.0,0,0.0,1.0,540000,3,3,60000,57.802,1038.0
triads,2023_03_01_M15_M16_M14,C7b_cams4_sigma10,1.0,1.0,1.0,1.0,0,0.0,1.0,720000,3,3,60000,68.391,877.3
triads,2023_03_01_M15_M16_M14,C7b_cams5_sigma10,1.0,1.0,1.0,1.0,0,0.0,1.0,900000,3,3,60000,79.194,757.6
triads,2023_03_01_M15_M16_M14,C7c_cams2_sigma0,1.0,1.0,1.0,1.0,0,0.0,1.0,360000,3,3,60000,44.063,1361.7
triads,2023_03_01_M15_M16_M14,C7c_cams3_sigma0,1.0,1.0,1.0,1.0,0,0.0,1.0,540000,3,3,60000,59.065,1015.8
triads,2023_03_01_M15_M16_M14,C7c_cams4_sigma0,1.0,1.0,1.0,1.0,0,0.0,1.0,720000,3,3,60000,70.476,851.4
triads,2023_03_01_M15_M16_M14,C7c_cams5_sigma0,1.0,1.0,1.0,1.0,0,0.0,1.0,900000,3,3,60000,79.154,758.0
triads,2023_03_01_M15_M16_M14,C7d_cams2_drop25,0.857687,0.999488,0.999488,0.998658,71,26.267,0.751507,270297,3,3,60000,35.926,1669.8
triads,2023_03_01_M15_M16_M14,C7d_cams3_drop25,0.96793,0.999997,0.999997,0.999983,2,0.494,0.937857,405020,3,3,60000,57.363,1046.0
triads,2023_03_01_M15_M16_M14,C7d_cams4_drop25,0.992002,0.999942,0.999942,0.99965,6,1.111,0.984245,540022,3,3,60000,63.728,941.5
triads,2023_03_01_M15_M16_M14,C7d_cams5_drop25,0.998121,0.99999,0.99999,0.9999,0,0.0,0.996269,674881,3,3,60000,71.641,837.5
triads,2023_03_01_M15_M16_M14,C7d_cams6_drop25,0.999511,0.99999,0.999993,0.999933,1,0.124,0.999043,809635,3,3,60000,76.59,783.4
triads,2023_03_01_M15_M16_M14,C7e_cams2_s3drop25,0.855798,0.999322,0.999362,0.998471,59,21.865,0.74883,269837,3,3,60000,42.009,1427.8
triads,2023_03_01_M15_M16_M14,C7e_cams3_s3drop25,0.967628,0.999992,0.999992,0.99995,3,0.741,0.937301,404932,3,3,60000,61.385,977.4
triads,2023_03_01_M15_M16_M14,C7e_cams4_s3drop25,0.991956,0.999976,0.999981,0.9999,3,0.556,0.984089,539569,3,3,60000,71.038,844.6
triads,2023_03_01_M15_M16_M14,C7e_cams5_s3drop25,0.998013,0.999987,0.999987,0.9999,2,0.296,0.996061,674979,3,3,60000,81.793,733.6
triads,2023_03_01_M15_M16_M14,C7f_cams2_s3drop10,0.946941,1.0,1.0,1.0,0,0.0,0.899228,323702,3,3,60000,45.616,1315.3
triads,2023_03_01_M15_M16_M14,C7f_cams3_s3drop10,0.994934,1.0,1.0,1.0,0,0.0,0.989918,485838,3,3,60000,61.727,972.0
triads,2023_03_01_M15_M16_M14,C7f_cams4_s3drop10,0.999522,0.999995,0.999995,0.999967,2,0.309,0.999054,647909,3,3,60000,72.381,828.9
triads,2023_03_01_M15_M16_M14,C7f_cams5_s3drop10,0.999949,0.999999,0.999999,0.999983,0,0.0,0.9999,809722,3,3,60000,81.025,740.5
triads,2023_03_01_M15_M16_M14,C8_drop50_sigma0,0.98415,0.999973,0.999973,0.999833,4,0.74,0.968846,540193,3,3,60000,71.295,841.6
triads,2023_03_01_M1_M2_M3,C1_sigma0,1.0,1.0,,,0,0.0,1.0,1080000,3,3,60000,95.898,625.7
triads,2023_03_01_M1_M2_M3,C1_sigma1,1.0,1.0,,,0,0.0,1.0,1080000,3,3,60000,99.407,603.6
triads,2023_03_01_M1_M2_M3,C1_sigma10,1.0,1.0,,,0,0.0,1.0,1080000,3,3,60000,92.365,649.6
triads,2023_03_01_M1_M2_M3,C1_sigma2,1.0,1.0,,,0,0.0,1.0,1080000,3,3,60000,96.014,624.9
triads,2023_03_01_M1_M2_M3,C1_sigma20,0.999996,0.999996,,,0,0.0,1.0,1080000,3,3,60000,91.212,657.8
triads,2023_03_01_M1_M2_M3,C1_sigma3,1.0,1.0,,,0,0.0,1.0,1080000,3,3,60000,74.754,802.6
triads,2023_03_01_M1_M2_M3,C1_sigma5,1.0,1.0,,,0,0.0,1.0,1080000,3,3,60000,94.592,634.3
triads,2023_03_01_M1_M2_M3,C2_drop0.1,0.99999,0.999995,,,0,0.0,0.99999,972321,3,3,60000,85.543,701.4
triads,2023_03_01_M1_M2_M3,C2_drop0.25,0.903679,0.904142,,,4,0.494,0.998977,809575,3,3,60000,77.043,778.8
triads,2023_03_01_M1_M2_M3,C2_drop0.5,0.874679,0.888726,,,35,6.479,0.968881,540183,3,3,60000,60.592,990.2
triads,2023_03_01_M1_M2_M3,C2b_nodedrop0.25,1.0,1.0,,,0,0.0,1.0,1080000,3,3,60000,88.781,675.8
triads,2023_03_01_M1_M2_M3,C2b_nodedrop0.5,0.999987,0.999987,,,0,0.0,1.0,1079999,3,3,60000,77.655,772.6
triads,2023_03_01_M1_M2_M3,C3_occl0.25,0.999944,0.999978,,,4,0.379,0.999931,1055349,3,3,60000,93.346,642.8
triads,2023_03_01_M1_M2_M3,C3_occl0.5,0.837215,0.837824,,,18,1.747,0.998546,1030451,3,3,60000,95.699,627.0
triads,2023_03_01_M1_M2_M3,C4_com_sigma0,0.836105,0.836105,,,10,0.926,1.0,1079992,3,3,60000,26.118,2297.3
triads,2023_03_01_M1_M2_M3,C4_com_sigma3,0.836077,0.836077,,,10,0.926,1.0,1079992,3,3,60000,29.099,2061.9
triads,2023_03_01_M1_M2_M3,C4u_comused_sigma0,0.999961,0.999961,0.999961,0.99965,0,0.0,1.0,1080000,3,3,60000,23.984,2501.7
triads,2023_03_01_M1_M2_M3,C4u_comused_sigma3,0.999869,0.999869,0.999869,0.998817,0,0.0,1.0,1080000,3,3,60000,24.091,2490.6
triads,2023_03_01_M1_M2_M3,C7_cams2,1.0,1.0,1.0,1.0,0,0.0,1.0,360000,3,3,60000,40.606,1477.6
triads,2023_03_01_M1_M2_M3,C7_cams3,1.0,1.0,1.0,1.0,0,0.0,1.0,540000,3,3,60000,58.59,1024.1
triads,2023_03_01_M1_M2_M3,C7_cams4,1.0,1.0,1.0,1.0,0,0.0,1.0,720000,3,3,60000,67.849,884.3
triads,2023_03_01_M1_M2_M3,C7_cams5,1.0,1.0,1.0,1.0,0,0.0,1.0,900000,3,3,60000,80.289,747.3
triads,2023_03_01_M1_M2_M3,C7b_cams2_sigma10,1.0,1.0,1.0,1.0,0,0.0,1.0,360000,3,3,60000,43.221,1388.2
triads,2023_03_01_M1_M2_M3,C7b_cams3_sigma10,1.0,1.0,1.0,1.0,0,0.0,1.0,540000,3,3,60000,58.551,1024.7
triads,2023_03_01_M1_M2_M3,C7b_cams4_sigma10,1.0,1.0,1.0,1.0,0,0.0,1.0,720000,3,3,60000,69.698,860.9
triads,2023_03_01_M1_M2_M3,C7b_cams5_sigma10,1.0,1.0,1.0,1.0,0,0.0,1.0,900000,3,3,60000,79.538,754.4
triads,2023_03_01_M1_M2_M3,C7c_cams2_sigma0,1.0,1.0,1.0,1.0,0,0.0,1.0,360000,3,3,60000,45.292,1324.7
triads,2023_03_01_M1_M2_M3,C7c_cams3_sigma0,1.0,1.0,1.0,1.0,0,0.0,1.0,540000,3,3,60000,60.831,986.3
triads,2023_03_01_M1_M2_M3,C7c_cams4_sigma0,1.0,1.0,1.0,1.0,0,0.0,1.0,720000,3,3,60000,69.665,861.3
triads,2023_03_01_M1_M2_M3,C7c_cams5_sigma0,1.0,1.0,1.0,1.0,0,0.0,1.0,900000,3,3,60000,79.212,757.5
triads,2023_03_01_M1_M2_M3,C7d_cams2_drop25,0.67987,0.793029,0.997711,0.994595,322,119.202,0.750254,270130,3,3,60000,37.787,1587.5
triads,2023_03_01_M1_M2_M3,C7d_cams3_drop25,0.967541,0.999958,0.999958,0.999783,5,1.234,0.937199,405232,3,3,60000,54.925,1092.4
triads,2023_03_01_M1_M2_M3,C7d_cams4_drop25,0.854912,0.86152,0.99994,0.999683,8,1.48,0.984778,540534,3,3,60000,61.925,968.9
triads,2023_03_01_M1_M2_M3,C7d_cams5_drop25,0.998001,0.999979,0.999979,0.999783,3,0.444,0.996051,675164,3,3,60000,71.235,842.3
triads,2023_03_01_M1_M2_M3,C7d_cams6_drop25,0.86105,0.861465,0.999964,0.999667,6,0.741,0.999036,809799,3,3,60000,77.593,773.3
triads,2023_03_01_M1_M2_M3,C7e_cams2_s3drop25,0.812923,0.948149,0.999951,0.999854,10,3.701,0.750363,270232,3,3,60000,51.281,1169.8
triads,2023_03_01_M1_M2_M3,C7e_cams3_s3drop25,0.51737,0.53466,0.999707,0.998662,69,17.053,0.937348,404617,3,3,60000,65.879,910.8
triads,2023_03_01_M1_M2_M3,C7e_cams4_s3drop25,0.992202,0.999989,0.999989,0.9999,0,0.0,0.984546,540390,3,3,60000,72.174,831.3
triads,2023_03_01_M1_M2_M3,C7e_cams5_s3drop25,0.998032,0.999963,0.999963,0.999667,4,0.593,0.996145,675016,3,3,60000,76.923,780.0
triads,2023_03_01_M1_M2_M3,C7f_cams2_s3drop10,0.946745,0.999993,0.999993,0.999966,2,0.618,0.898886,323596,3,3,60000,46.027,1303.6
triads,2023_03_01_M1_M2_M3,C7f_cams3_s3drop10,0.994901,0.999979,0.999981,0.999867,3,0.617,0.989896,485926,3,3,60000,57.825,1037.6
triads,2023_03_01_M1_M2_M3,C7f_cams4_s3drop10,0.999459,0.999991,0.999991,0.999933,1,0.154,0.998937,647981,3,3,60000,74.813,802.0
triads,2023_03_01_M1_M2_M3,C7f_cams5_s3drop10,0.999946,0.999991,0.999991,0.999917,0,0.0,0.999909,809824,3,3,60000,83.583,717.8
triads,2023_03_01_M1_M2_M3,C8_drop50_sigma0,0.890194,0.904469,0.999903,0.999366,25,4.62,0.968924,541183,3,3,60000,74.578,804.5
triads,2023_03_01_M4_M5_M6,C1_sigma0,1.0,1.0,,,0,0.0,1.0,1080000,3,3,60000,93.17,644.0
triads,2023_03_01_M4_M5_M6,C1_sigma1,1.0,1.0,,,0,0.0,1.0,1080000,3,3,60000,93.713,640.3
triads,2023_03_01_M4_M5_M6,C1_sigma10,1.0,1.0,,,0,0.0,1.0,1080000,3,3,60000,89.288,672.0
triads,2023_03_01_M4_M5_M6,C1_sigma2,1.0,1.0,,,0,0.0,1.0,1080000,3,3,60000,90.366,664.0
triads,2023_03_01_M4_M5_M6,C1_sigma20,0.999998,0.999998,,,0,0.0,1.0,1080000,3,3,60000,88.906,674.9
triads,2023_03_01_M4_M5_M6,C1_sigma3,1.0,1.0,,,0,0.0,1.0,1080000,3,3,60000,93.154,644.1
triads,2023_03_01_M4_M5_M6,C1_sigma5,1.0,1.0,,,0,0.0,1.0,1080000,3,3,60000,88.778,675.8
triads,2023_03_01_M4_M5_M6,C2_drop0.1,0.999995,1.0,,,0,0.0,0.999991,971978,3,3,60000,87.87,682.8
triads,2023_03_01_M4_M5_M6,C2_drop0.25,0.999527,0.999999,,,0,0.0,0.999057,809754,3,3,60000,76.015,789.3
triads,2023_03_01_M4_M5_M6,C2_drop0.5,0.983939,0.999931,,,6,1.113,0.968517,539180,3,3,60000,64.992,923.2
triads,2023_03_01_M4_M5_M6,C2b_nodedrop0.25,1.0,1.0,,,0,0.0,1.0,1080000,3,3,60000,87.037,689.4
triads,2023_03_01_M4_M5_M6,C2b_nodedrop0.5,1.0,1.0,,,0,0.0,1.0,1079999,3,3,60000,84.042,713.9
triads,2023_03_01_M4_M5_M6,C3_occl0.25,0.99997,1.0,,,0,0.0,0.99994,1054002,3,3,60000,91.285,657.3
triads,2023_03_01_M4_M5_M6,C3_occl0.5,0.99922,0.99998,,,9,0.875,0.998482,1028038,3,3,60000,90.131,665.7
triads,2023_03_01_M4_M5_M6,C4_com_sigma0,0.999565,0.999565,,,4,0.37,1.0,1080000,3,3,60000,30.697,1954.6
triads,2023_03_01_M4_M5_M6,C4_com_sigma3,0.999389,0.999389,,,4,0.37,1.0,1080000,3,3,60000,32.421,1850.7
triads,2023_03_01_M4_M5_M6,C4u_comused_sigma0,0.999987,0.999987,0.999987,0.999883,0,0.0,1.0,1080000,3,3,60000,24.609,2438.1
triads,2023_03_01_M4_M5_M6,C4u_comused_sigma3,0.999833,0.999833,0.999833,0.9985,0,0.0,1.0,1080000,3,3,60000,24.928,2406.9
triads,2023_03_01_M4_M5_M6,C7_cams2,1.0,1.0,1.0,1.0,0,0.0,1.0,360000,3,3,60000,44.998,1333.4
triads,2023_03_01_M4_M5_M6,C7_cams3,1.0,1.0,1.0,1.0,0,0.0,1.0,540000,3,3,60000,59.917,1001.4
triads,2023_03_01_M4_M5_M6,C7_cams4,1.0,1.0,1.0,1.0,0,0.0,1.0,720000,3,3,60000,68.467,876.3
triads,2023_03_01_M4_M5_M6,C7_cams5,1.0,1.0,1.0,1.0,0,0.0,1.0,900000,3,3,60000,79.593,753.8
triads,2023_03_01_M4_M5_M6,C7b_cams2_sigma10,1.0,1.0,1.0,1.0,0,0.0,1.0,360000,3,3,60000,49.223,1218.9
triads,2023_03_01_M4_M5_M6,C7b_cams3_sigma10,1.0,1.0,1.0,1.0,0,0.0,1.0,540000,3,3,60000,62.03,967.3
triads,2023_03_01_M4_M5_M6,C7b_cams4_sigma10,1.0,1.0,1.0,1.0,0,0.0,1.0,720000,3,3,60000,70.053,856.5
triads,2023_03_01_M4_M5_M6,C7b_cams5_sigma10,1.0,1.0,1.0,1.0,0,0.0,1.0,900000,3,3,60000,78.544,763.9
triads,2023_03_01_M4_M5_M6,C7c_cams2_sigma0,1.0,1.0,1.0,1.0,0,0.0,1.0,360000,3,3,60000,47.602,1260.5
triads,2023_03_01_M4_M5_M6,C7c_cams3_sigma0,1.0,1.0,1.0,1.0,0,0.0,1.0,540000,3,3,60000,61.867,969.8
triads,2023_03_01_M4_M5_M6,C7c_cams4_sigma0,1.0,1.0,1.0,1.0,0,0.0,1.0,720000,3,3,60000,71.214,842.5
triads,2023_03_01_M4_M5_M6,C7c_cams5_sigma0,1.0,1.0,1.0,1.0,0,0.0,1.0,900000,3,3,60000,80.528,745.1
triads,2023_03_01_M4_M5_M6,C7d_cams2_drop25,0.857501,1.0,1.0,1.0,0,0.0,0.750548,270445,3,3,60000,39.936,1502.0
triads,2023_03_01_M4_M5_M6,C7d_cams3_drop25,0.967992,0.999992,0.999992,0.99995,2,0.493,0.937985,405497,3,3,60000,51.644,1161.8
triads,2023_03_01_M4_M5_M6,C7d_cams4_drop25,0.992025,0.999998,0.999998,0.999983,1,0.185,0.98418,539964,3,3,60000,61.676,972.8
triads,2023_03_01_M4_M5_M6,C7d_cams5_drop25,0.998072,0.999997,0.999997,0.999967,0,0.0,0.996157,674992,3,3,60000,70.803,847.4
triads,2023_03_01_M4_M5_M6,C7d_cams6_drop25,0.999529,0.999999,0.999999,0.999983,0,0.0,0.999062,809912,3,3,60000,76.427,785.1
triads,2023_03_01_M4_M5_M6,C7e_cams2_s3drop25,0.856251,1.0,1.0,1.0,0,0.0,0.748635,269715,3,3,60000,43.074,1392.6
triads,2023_03_01_M4_M5_M6,C7e_cams3_s3drop25,0.967662,0.999997,0.999997,0.999983,1,0.247,0.937354,405057,3,3,60000,62.482,960.3
triads,2023_03_01_M4_M5_M6,C7e_cams4_s3drop25,0.992105,0.999991,0.999991,0.99995,2,0.37,0.984352,539934,3,3,60000,65.943,909.9
triads,2023_03_01_M4_M5_M6,C7e_cams5_s3drop25,0.998053,1.0,1.0,1.0,0,0.0,0.996114,674450,3,3,60000,81.942,732.2
triads,2023_03_01_M4_M5_M6,C7f_cams2_s3drop10,0.858327,0.906372,0.997961,0.994108,190,58.653,0.89932,323938,3,3,60000,53.789,1115.5
triads,2023_03_01_M4_M5_M6,C7f_cams3_s3drop10,0.995047,1.0,1.0,1.0,0,0.0,0.990143,486480,3,3,60000,70.258,854.0
triads,2023_03_01_M4_M5_M6,C7f_cams4_s3drop10,0.999523,0.999998,0.999998,0.999983,0,0.0,0.999049,647998,3,3,60000,77.475,774.4
triads,2023_03_01_M4_M5_M6,C7f_cams5_s3drop10,0.999949,0.999999,0.999999,0.999983,0,0.0,0.999901,810423,3,3,60000,85.073,705.3
triads,2023_03_01_M4_M5_M6,C8_drop50_sigma0,0.98424,0.999981,0.999981,0.999833,2,0.37,0.969005,540404,3,3,60000,74.767,802.5
triads,2023_03_01_M7_M8_M6,C1_sigma0,1.0,1.0,,,0,0.0,1.0,1080000,3,3,60000,93.639,640.8
triads,2023_03_01_M7_M8_M6,C1_sigma1,1.0,1.0,,,0,0.0,1.0,1080000,3,3,60000,90.6,662.3
triads,2023_03_01_M7_M8_M6,C1_sigma10,1.0,1.0,,,0,0.0,1.0,1080000,3,3,60000,95.885,625.7
triads,2023_03_01_M7_M8_M6,C1_sigma2,1.0,1.0,,,0,0.0,1.0,1080000,3,3,60000,90.58,662.4
triads,2023_03_01_M7_M8_M6,C1_sigma20,1.0,1.0,,,0,0.0,1.0,1080000,3,3,60000,94.508,634.9
triads,2023_03_01_M7_M8_M6,C1_sigma3,1.0,1.0,,,0,0.0,1.0,1080000,3,3,60000,91.608,655.0
triads,2023_03_01_M7_M8_M6,C1_sigma5,1.0,1.0,,,0,0.0,1.0,1080000,3,3,60000,92.459,648.9
triads,2023_03_01_M7_M8_M6,C2_drop0.1,0.999995,1.0,,,0,0.0,0.999991,972270,3,3,60000,86.911,690.4
triads,2023_03_01_M7_M8_M6,C2_drop0.25,0.999541,0.999999,,,0,0.0,0.999086,810423,3,3,60000,80.919,741.5
triads,2023_03_01_M7_M8_M6,C2_drop0.5,0.983943,0.999989,,,2,0.371,0.968416,539347,3,3,60000,67.3,891.5
triads,2023_03_01_M7_M8_M6,C2b_nodedrop0.25,1.0,1.0,,,0,0.0,1.0,1080000,3,3,60000,94.312,636.2
triads,2023_03_01_M7_M8_M6,C2b_nodedrop0.5,1.0,1.0,,,0,0.0,1.0,1080000,3,3,60000,82.767,724.9
triads,2023_03_01_M7_M8_M6,C3_occl0.25,0.999976,1.0,,,0,0.0,0.999951,1064175,3,3,60000,90.414,663.6
triads,2023_03_01_M7_M8_M6,C3_occl0.5,0.999533,0.999998,,,0,0.0,0.999071,1048304,3,3,60000,89.507,670.3
triads,2023_03_01_M7_M8_M6,C4_com_sigma0,0.999841,0.999841,,,0,0.0,1.0,1080000,3,3,60000,32.032,1873.1
triads,2023_03_01_M7_M8_M6,C4_com_sigma3,0.999717,0.999717,,,0,0.0,1.0,1080000,3,3,60000,30.513,1966.4
triads,2023_03_01_M7_M8_M6,C4u_comused_sigma0,0.999987,0.999987,0.999987,0.999883,0,0.0,1.0,1080000,3,3,60000,24.046,2495.2
triads,2023_03_01_M7_M8_M6,C4u_comused_sigma3,0.99987,0.99987,0.99987,0.998833,0,0.0,1.0,1080000,3,3,60000,25.575,2346.0
triads,2023_03_01_M7_M8_M6,C7_cams2,1.0,1.0,1.0,1.0,0,0.0,1.0,360000,3,3,60000,46.374,1293.8
triads,2023_03_01_M7_M8_M6,C7_cams3,1.0,1.0,1.0,1.0,0,0.0,1.0,540000,3,3,60000,62.211,964.5
triads,2023_03_01_M7_M8_M6,C7_cams4,1.0,1.0,1.0,1.0,0,0.0,1.0,720000,3,3,60000,73.417,817.2
triads,2023_03_01_M7_M8_M6,C7_cams5,1.0,1.0,1.0,1.0,0,0.0,1.0,900000,3,3,60000,80.091,749.1
triads,2023_03_01_M7_M8_M6,C7b_cams2_sigma10,1.0,1.0,1.0,1.0,0,0.0,1.0,360000,3,3,60000,46.131,1300.6
triads,2023_03_01_M7_M8_M6,C7b_cams3_sigma10,1.0,1.0,1.0,1.0,0,0.0,1.0,540000,3,3,60000,62.656,957.6
triads,2023_03_01_M7_M8_M6,C7b_cams4_sigma10,1.0,1.0,1.0,1.0,0,0.0,1.0,720000,3,3,60000,71.453,839.7
triads,2023_03_01_M7_M8_M6,C7b_cams5_sigma10,1.0,1.0,1.0,1.0,0,0.0,1.0,900000,3,3,60000,79.587,753.9
triads,2023_03_01_M7_M8_M6,C7c_cams2_sigma0,1.0,1.0,1.0,1.0,0,0.0,1.0,360000,3,3,60000,48.481,1237.6
triads,2023_03_01_M7_M8_M6,C7c_cams3_sigma0,1.0,1.0,1.0,1.0,0,0.0,1.0,540000,3,3,60000,62.501,960.0
triads,2023_03_01_M7_M8_M6,C7c_cams4_sigma0,1.0,1.0,1.0,1.0,0,0.0,1.0,720000,3,3,60000,70.62,849.6
triads,2023_03_01_M7_M8_M6,C7c_cams5_sigma0,1.0,1.0,1.0,1.0,0,0.0,1.0,900000,3,3,60000,80.337,746.9
triads,2023_03_01_M7_M8_M6,C7d_cams2_drop25,0.854847,0.997969,0.997969,0.995247,246,91.269,0.749148,269533,3,3,60000,39.197,1530.5
triads,2023_03_01_M7_M8_M6,C7d_cams3_drop25,0.967376,1.0,1.0,1.0,0,0.0,0.936814,404992,3,3,60000,55.408,1082.9
triads,2023_03_01_M7_M8_M6,C7d_cams4_drop25,0.992122,0.999998,0.999998,0.999983,0,0.0,0.98437,539042,3,3,60000,64.539,929.7
triads,2023_03_01_M7_M8_M6,C7d_cams5_drop25,0.998032,0.999997,0.999997,0.999967,0,0.0,0.996077,675298,3,3,60000,70.611,849.7
triads,2023_03_01_M7_M8_M6,C7d_cams6_drop25,0.999482,0.999999,0.999999,0.999983,0,0.0,0.998967,810522,3,3,60000,77.197,777.2
triads,2023_03_01_M7_M8_M6,C7e_cams2_s3drop25,0.85903,1.0,1.0,1.0,0,0.0,0.752894,270317,3,3,60000,49.099,1221.6
triads,2023_03_01_M7_M8_M6,C7e_cams3_s3drop25,0.810564,0.837821,0.999757,0.998929,56,13.836,0.936982,404742,3,3,60000,66.469,902.7
triads,2023_03_01_M7_M8_M6,C7e_cams4_s3drop25,0.992125,1.0,1.0,1.0,0,0.0,0.984373,540289,3,3,60000,72.418,828.5
triads,2023_03_01_M7_M8_M6,C7e_cams5_s3drop25,0.998052,0.999999,0.999999,0.999983,0,0.0,0.996114,675063,3,3,60000,81.424,736.9
triads,2023_03_01_M7_M8_M6,C7f_cams2_s3drop10,0.946724,0.999887,0.999887,0.999681,3,0.926,0.899031,323842,3,3,60000,48.651,1233.3
triads,2023_03_01_M7_M8_M6,C7f_cams3_s3drop10,0.995066,1.0,1.0,1.0,0,0.0,0.99018,485867,3,3,60000,65.815,911.6
triads,2023_03_01_M7_M8_M6,C7f_cams4_s3drop10,0.999509,1.0,1.0,1.0,0,0.0,0.999018,648394,3,3,60000,75.421,795.5
triads,2023_03_01_M7_M8_M6,C7f_cams5_s3drop10,0.999951,1.0,1.0,1.0,0,0.0,0.999903,810818,3,3,60000,85.183,704.4
triads,2023_03_01_M7_M8_M6,C8_drop50_sigma0,0.983974,0.999983,0.999987,0.999933,1,0.185,0.968485,539243,3,3,60000,74.815,802.0
triads,2023_03_15_M2_M3_M4,C1_sigma0,1.0,1.0,,,0,0.0,1.0,1080000,3,3,60000,90.54,662.7
triads,2023_03_15_M2_M3_M4,C1_sigma1,1.0,1.0,,,0,0.0,1.0,1080000,3,3,60000,91.386,656.6
triads,2023_03_15_M2_M3_M4,C1_sigma10,0.999998,0.999998,,,0,0.0,1.0,1080000,3,3,60000,92.026,652.0
triads,2023_03_15_M2_M3_M4,C1_sigma2,1.0,1.0,,,0,0.0,1.0,1080000,3,3,60000,91.228,657.7
triads,2023_03_15_M2_M3_M4,C1_sigma20,0.999996,0.999996,,,0,0.0,1.0,1080000,3,3,60000,94.404,635.6
triads,2023_03_15_M2_M3_M4,C1_sigma3,1.0,1.0,,,0,0.0,1.0,1080000,3,3,60000,92.558,648.2
triads,2023_03_15_M2_M3_M4,C1_sigma5,1.0,1.0,,,0,0.0,1.0,1080000,3,3,60000,91.095,658.7
triads,2023_03_15_M2_M3_M4,C2_drop0.1,0.999994,1.0,,,0,0.0,0.999989,971225,3,3,60000,90.892,660.1
triads,2023_03_15_M2_M3_M4,C2_drop0.25,0.999512,0.999999,,,0,0.0,0.999027,810186,3,3,60000,82.775,724.9
triads,2023_03_15_M2_M3_M4,C2_drop0.5,0.983928,0.999948,,,6,1.111,0.968463,539999,3,3,60000,67.335,891.1
triads,2023_03_15_M2_M3_M4,C2b_nodedrop0.25,1.0,1.0,,,0,0.0,1.0,1080000,3,3,60000,93.38,642.5
triads,2023_03_15_M2_M3_M4,C2b_nodedrop0.5,0.999996,0.999996,,,0,0.0,1.0,1080000,3,3,60000,81.323,737.8
triads,2023_03_15_M2_M3_M4,C3_occl0.25,0.999955,0.999996,,,0,0.0,0.999918,1050987,3,3,60000,94.965,631.8
triads,2023_03_15_M2_M3_M4,C3_occl0.5,0.999075,0.999982,,,6,0.587,0.998187,1021623,3,3,60000,94.321,636.1
triads,2023_03_15_M2_M3_M4,C4_com_sigma0,0.999555,0.999555,,,10,0.926,1.0,1079995,3,3,60000,29.125,2060.1
triads,2023_03_15_M2_M3_M4,C4_com_sigma3,0.626316,0.626316,,,14,1.296,1.0,1079995,3,3,60000,30.655,1957.3
triads,2023_03_15_M2_M3_M4,C4u_comused_sigma0,0.999974,0.999974,0.999974,0.999767,0,0.0,1.0,1080000,3,3,60000,23.875,2513.1
triads,2023_03_15_M2_M3_M4,C4u_comused_sigma3,0.999896,0.999896,0.999896,0.999067,0,0.0,1.0,1080000,3,3,60000,24.074,2492.3
triads,2023_03_15_M2_M3_M4,C7_cams2,1.0,1.0,1.0,1.0,0,0.0,1.0,360000,3,3,60000,46.392,1293.3
triads,2023_03_15_M2_M3_M4,C7_cams3,1.0,1.0,1.0,1.0,0,0.0,1.0,540000,3,3,60000,61.173,980.8
triads,2023_03_15_M2_M3_M4,C7_cams4,1.0,1.0,1.0,1.0,0,0.0,1.0,720000,3,3,60000,68.423,876.9
triads,2023_03_15_M2_M3_M4,C7_cams5,1.0,1.0,1.0,1.0,0,0.0,1.0,900000,3,3,60000,79.582,753.9
triads,2023_03_15_M2_M3_M4,C7b_cams2_sigma10,0.943867,0.943867,0.9998,0.9994,2,0.556,1.0,360000,3,3,60000,44.697,1342.4
triads,2023_03_15_M2_M3_M4,C7b_cams3_sigma10,1.0,1.0,1.0,1.0,0,0.0,1.0,540000,3,3,60000,62.345,962.4
triads,2023_03_15_M2_M3_M4,C7b_cams4_sigma10,0.999997,0.999997,0.999997,0.999983,0,0.0,1.0,720000,3,3,60000,69.948,857.8
triads,2023_03_15_M2_M3_M4,C7b_cams5_sigma10,0.999998,0.999998,0.999998,0.999983,0,0.0,1.0,900000,3,3,60000,81.058,740.2
triads,2023_03_15_M2_M3_M4,C7c_cams2_sigma0,1.0,1.0,1.0,1.0,0,0.0,1.0,360000,3,3,60000,46.356,1294.3
triads,2023_03_15_M2_M3_M4,C7c_cams3_sigma0,1.0,1.0,1.0,1.0,0,0.0,1.0,540000,3,3,60000,61.724,972.1
triads,2023_03_15_M2_M3_M4,C7c_cams4_sigma0,1.0,1.0,1.0,1.0,0,0.0,1.0,720000,3,3,60000,70.578,850.1
triads,2023_03_15_M2_M3_M4,C7c_cams5_sigma0,1.0,1.0,1.0,1.0,0,0.0,1.0,900000,3,3,60000,88.016,681.7
triads,2023_03_15_M2_M3_M4,C7d_cams2_drop25,0.85743,0.999995,0.999995,0.999982,2,0.74,0.750447,270111,3,3,60000,37.53,1598.6
triads,2023_03_15_M2_M3_M4,C7d_cams3_drop25,0.964475,0.996605,0.999004,0.995851,172,42.471,0.937535,404982,3,3,60000,53.692,1117.5
triads,2023_03_15_M2_M3_M4,C7d_cams4_drop25,0.992164,0.999996,0.999996,0.999967,0,0.0,0.984457,540580,3,3,60000,65.118,921.4
triads,2023_03_15_M2_M3_M4,C7d_cams5_drop25,0.942062,0.943957,0.999985,0.9999,4,0.593,0.995994,674933,3,3,60000,77.958,769.6
triads,2023_03_15_M2_M3_M4,C7d_cams6_drop25,0.999501,0.999998,0.999998,0.999967,0,0.0,0.999008,809824,3,3,60000,86.194,696.1
triads,2023_03_15_M2_M3_M4,C7e_cams2_s3drop25,0.809933,0.943902,0.99999,0.999964,4,1.48,0.751419,270206,3,3,60000,43.587,1376.3
triads,2023_03_15_M2_M3_M4,C7e_cams3_s3drop25,0.967562,0.999995,0.999995,0.999967,2,0.494,0.937172,404514,3,3,60000,64.31,933.0
triads,2023_03_15_M2_M3_M4,C7e_cams4_s3drop25,0.992212,0.999985,0.999987,0.999917,2,0.37,0.984574,540175,3,3,60000,74.66,803.6
triads,2023_03_15_M2_M3_M4,C7e_cams5_s3drop25,0.942226,0.944,0.999991,0.999933,2,0.296,0.996249,676142,3,3,60000,83.78,716.2
triads,2023_03_15_M2_M3_M4,C7f_cams2_s3drop10,0.947657,0.999822,0.999822,0.999497,12,3.701,0.900826,324227,3,3,60000,49.545,1211.0
triads,2023_03_15_M2_M3_M4,C7f_cams3_s3drop10,0.995036,1.0,1.0,1.0,0,0.0,0.99012,486153,3,3,60000,65.698,913.3
triads,2023_03_15_M2_M3_M4,C7f_cams4_s3drop10,0.99951,0.999998,0.999998,0.999983,0,0.0,0.999024,648370,3,3,60000,78.199,767.3
triads,2023_03_15_M2_M3_M4,C7f_cams5_s3drop10,0.999952,0.999999,0.999999,0.999983,0,0.0,0.999906,810445,3,3,60000,85.166,704.5
triads,2023_03_15_M2_M3_M4,C8_drop50_sigma0,0.682848,0.69401,0.999923,0.999599,11,2.043,0.968341,538484,3,3,60000,74.552,804.8
